file_name,openness,conscientiousness,extraversion,agreeableness,neuroticism,confidence_score,professionalism_score,communication_score,leadership_potential
--Ymqszjv54.001.mp4,0.7444444444444444,0.6504854368932039,0.5514018691588786,0.5274725274725275,0.5,0.5,0.5,0.5,0.5
--Ymqszjv54.003.mp4,0.4666666666666667,0.47572815533980584,0.39252336448598135,0.5164835164835165,0.42708333333333337,0.5,0.5,0.5,0.5
--Ymqszjv54.004.mp4,0.5444444444444444,0.36893203883495146,0.3177570093457944,0.5494505494505494,0.32291666666666663,0.5,0.5,0.5,0.5
--Ymqszjv54.005.mp4,0.34444444444444444,0.3203883495145631,0.29906542056074764,0.3736263736263736,0.29166666666666663,0.5,0.5,0.5,0.5
-2qsCrkXdWs.001.mp4,0.611111111111111,0.5728155339805825,0.47663551401869164,0.5934065934065933,0.6041666666666666,0.5,0.5,0.5,0.5
-55DRRMTppE.000.mp4,0.6,0.7184466019417477,0.5794392523364487,0.6483516483516484,0.65625,0.5,0.5,0.5,0.5
-55DRRMTppE.005.mp4,0.7333333333333333,0.7378640776699029,0.7383177570093458,0.7692307692307692,0.6875,0.5,0.5,0.5,0.5
-5riMLK-PgU.001.mp4,0.5555555555555556,0.30097087378640774,0.5046728971962617,0.5164835164835165,0.3333333333333333,0.5,0.5,0.5,0.5
-6otZ7M-Mro.000.mp4,0.7,0.7281553398058251,0.5514018691588786,0.6153846153846153,0.59375,0.5,0.5,0.5,0.5
-6otZ7M-Mro.001.mp4,0.7,0.6990291262135921,0.4672897196261683,0.7692307692307692,0.5729166666666666,0.5,0.5,0.5,0.5
-8asrRvfJWA.003.mp4,0.4777777777777778,0.4466019417475728,0.4485981308411215,0.4725274725274725,0.3645833333333333,0.5,0.5,0.5,0.5
-8asrRvfJWA.004.mp4,0.8666666666666667,0.7864077669902914,0.6728971962616823,0.6153846153846153,0.6458333333333333,0.5,0.5,0.5,0.5
-9BZ8A9U7TE.000.mp4,0.4777777777777778,0.3495145631067961,0.38317757009345793,0.4395604395604395,0.3125,0.5,0.5,0.5,0.5
-9BZ8A9U7TE.003.mp4,0.4666666666666667,0.27184466019417475,0.4299065420560748,0.5274725274725275,0.45833333333333337,0.5,0.5,0.5,0.5
-9BZ8A9U7TE.004.mp4,0.611111111111111,0.4174757281553398,0.5046728971962617,0.6043956043956044,0.59375,0.5,0.5,0.5,0.5
-agCXYgb7pI.004.mp4,0.4444444444444445,0.6407766990291262,0.4392523364485981,0.6043956043956044,0.5416666666666666,0.5,0.5,0.5,0.5
-AmMDnVl4s8.003.mp4,0.7888888888888888,0.7572815533980582,0.7663551401869159,0.824175824175824,0.84375,0.5,0.5,0.5,0.5
-aU2FN5pkWA.001.mp4,0.7333333333333333,0.6407766990291262,0.7850467289719627,0.7692307692307692,0.6979166666666666,0.5,0.5,0.5,0.5
-aU2FN5pkWA.004.mp4,0.5777777777777777,0.6310679611650486,0.5140186915887851,0.5934065934065933,0.4895833333333333,0.5,0.5,0.5,0.5
-awAu11kBZ0.000.mp4,0.5666666666666667,0.4174757281553398,0.4485981308411215,0.4615384615384615,0.4791666666666667,0.5,0.5,0.5,0.5
-c2HtptBFxY.002.mp4,0.43333333333333335,0.3495145631067961,0.6168224299065421,0.5274725274725275,0.5833333333333333,0.5,0.5,0.5,0.5
-C5M9g4Quzc.002.mp4,0.4888888888888889,0.47572815533980584,0.588785046728972,0.6153846153846153,0.5104166666666666,0.5,0.5,0.5,0.5
-c_tyGzShwk.004.mp4,0.7555555555555554,0.5533980582524272,0.7757009345794394,0.7032967032967032,0.7500000000000001,0.5,0.5,0.5,0.5
-DOqN0d8KHw.002.mp4,0.611111111111111,0.4368932038834952,0.4112149532710281,0.5714285714285714,0.4479166666666667,0.5,0.5,0.5,0.5
-DOqN0d8KHw.003.mp4,0.5333333333333333,0.4951456310679611,0.5514018691588786,0.6483516483516484,0.4479166666666667,0.5,0.5,0.5,0.5
-fqiCqZtgYs.001.mp4,0.41111111111111115,0.35922330097087385,0.30841121495327106,0.24175824175824176,0.42708333333333337,0.5,0.5,0.5,0.5
-fqiCqZtgYs.002.mp4,0.5777777777777777,0.3203883495145631,0.2710280373831776,0.2637362637362637,0.3333333333333333,0.5,0.5,0.5,0.5
-fqiCqZtgYs.003.mp4,0.4,0.22330097087378642,0.2336448598130841,0.29670329670329665,0.32291666666666663,0.5,0.5,0.5,0.5
-fXqnCljdm0.000.mp4,0.28888888888888886,0.12621359223300968,0.09345794392523363,0.2857142857142857,0.2708333333333333,0.5,0.5,0.5,0.5
-fXqnCljdm0.003.mp4,0.1888888888888889,0.04854368932038835,0.01869158878504674,0.15384615384615383,0.020833333333333325,0.5,0.5,0.5,0.5
-Gl98Jn45Fs.000.mp4,0.5222222222222223,0.6213592233009709,0.4485981308411215,0.5274725274725275,0.5208333333333334,0.5,0.5,0.5,0.5
-Gl98Jn45Fs.001.mp4,0.6666666666666666,0.6407766990291262,0.6542056074766356,0.6153846153846153,0.5729166666666666,0.5,0.5,0.5,0.5
-Gl98Jn45Fs.003.mp4,0.6555555555555556,0.5728155339805825,0.5327102803738318,0.5054945054945055,0.6770833333333334,0.5,0.5,0.5,0.5
-IK--4uz5ZY.000.mp4,0.5888888888888889,0.6796116504854369,0.5794392523364487,0.6043956043956044,0.5625,0.5,0.5,0.5,0.5
-IK--4uz5ZY.002.mp4,0.5666666666666667,0.6601941747572816,0.5420560747663552,0.5274725274725275,0.6354166666666666,0.5,0.5,0.5,0.5
-IK--4uz5ZY.003.mp4,0.7444444444444444,0.6601941747572816,0.6448598130841123,0.7032967032967032,0.6770833333333334,0.5,0.5,0.5,0.5
-IK--4uz5ZY.004.mp4,0.811111111111111,0.6893203883495147,0.7476635514018694,0.7472527472527474,0.6770833333333334,0.5,0.5,0.5,0.5
-mt-IKgGhuY.004.mp4,0.6666666666666666,0.4563106796116505,0.4485981308411215,0.7142857142857143,0.6875,0.5,0.5,0.5,0.5
-N6QKrbnaDs.005.mp4,0.5222222222222223,0.4563106796116505,0.48598130841121495,0.4285714285714285,0.45833333333333337,0.5,0.5,0.5,0.5
-NwfYYf5xLo.005.mp4,0.7444444444444444,0.6796116504854369,0.7009345794392524,0.7252747252747254,0.6979166666666666,0.5,0.5,0.5,0.5
-Osv5l1vrNU.001.mp4,0.5888888888888889,0.6310679611650486,0.37383177570093457,0.6483516483516484,0.5,0.5,0.5,0.5,0.5
-Osv5l1vrNU.004.mp4,0.7666666666666666,0.7669902912621359,0.6074766355140188,0.7582417582417583,0.7187499999999999,0.5,0.5,0.5,0.5
-OXMbG7ZwRk.000.mp4,0.7444444444444444,0.7281553398058251,0.5233644859813085,0.6153846153846153,0.5520833333333334,0.5,0.5,0.5,0.5
-OXMbG7ZwRk.003.mp4,0.8222222222222221,0.5922330097087379,0.47663551401869164,0.5054945054945055,0.53125,0.5,0.5,0.5,0.5
-OXMbG7ZwRk.004.mp4,0.6333333333333333,0.4660194174757281,0.38317757009345793,0.5384615384615384,0.40625000000000006,0.5,0.5,0.5,0.5
-OXMbG7ZwRk.005.mp4,0.5444444444444444,0.5048543689320388,0.3457943925233645,0.4615384615384615,0.3854166666666667,0.5,0.5,0.5,0.5
-R2SZu3SYgM.000.mp4,0.5777777777777777,0.1941747572815534,0.22429906542056074,0.1978021978021978,0.1666666666666666,0.5,0.5,0.5,0.5
-R2SZu3SYgM.004.mp4,0.5888888888888889,0.2912621359223301,0.33644859813084116,0.3736263736263736,0.42708333333333337,0.5,0.5,0.5,0.5
-RhPxhfpg4U.001.mp4,0.5111111111111111,0.7281553398058251,0.4112149532710281,0.6483516483516484,0.59375,0.5,0.5,0.5,0.5
-RhPxhfpg4U.003.mp4,0.5888888888888889,0.6990291262135921,0.48598130841121495,0.7472527472527474,0.6145833333333333,0.5,0.5,0.5,0.5
-RhPxhfpg4U.005.mp4,0.6333333333333333,0.6990291262135921,0.5981308411214954,0.7032967032967032,0.8229166666666667,0.5,0.5,0.5,0.5
-utrsarZeIY.001.mp4,0.6222222222222222,0.5728155339805825,0.5046728971962617,0.5824175824175825,0.45833333333333337,0.5,0.5,0.5,0.5
-utrsarZeIY.004.mp4,0.41111111111111115,0.4368932038834952,0.5233644859813085,0.5164835164835165,0.3333333333333333,0.5,0.5,0.5,0.5
-VTqcHNgH7M.002.mp4,0.5555555555555556,0.6213592233009709,0.5233644859813085,0.6043956043956044,0.6458333333333333,0.5,0.5,0.5,0.5
-VTqcHNgH7M.003.mp4,0.6222222222222222,0.5922330097087379,0.4485981308411215,0.5604395604395604,0.6770833333333334,0.5,0.5,0.5,0.5
-VTqcHNgH7M.004.mp4,0.5,0.6116504854368932,0.4205607476635514,0.4285714285714285,0.53125,0.5,0.5,0.5,0.5
-Wqk9eex6bQ.002.mp4,0.4444444444444445,0.5728155339805825,0.4112149532710281,0.4945054945054945,0.4375,0.5,0.5,0.5,0.5
-Wqk9eex6bQ.003.mp4,0.5222222222222223,0.5533980582524272,0.5046728971962617,0.3846153846153846,0.40625000000000006,0.5,0.5,0.5,0.5
-Wqk9eex6bQ.004.mp4,0.4,0.6310679611650486,0.2897196261682243,0.4395604395604395,0.3125,0.5,0.5,0.5,0.5
-Wqk9eex6bQ.005.mp4,0.4444444444444445,0.6019417475728155,0.37383177570093457,0.4945054945054945,0.46875,0.5,0.5,0.5,0.5
-zNyDPzId4E.001.mp4,0.5222222222222223,0.2912621359223301,0.2897196261682243,0.4615384615384615,0.42708333333333337,0.5,0.5,0.5,0.5
-zNyDPzId4E.003.mp4,0.6666666666666666,0.3980582524271845,0.48598130841121495,0.5164835164835165,0.53125,0.5,0.5,0.5,0.5
01qN-BqJXRM.005.mp4,0.5222222222222223,0.35922330097087385,0.4299065420560748,0.4175824175824176,0.4895833333333333,0.5,0.5,0.5,0.5
04oq2yrBwMg.001.mp4,0.5111111111111111,0.2912621359223301,0.4112149532710281,0.4175824175824176,0.4166666666666667,0.5,0.5,0.5,0.5
04oq2yrBwMg.004.mp4,0.3666666666666667,0.3300970873786408,0.22429906542056074,0.31868131868131866,0.3333333333333333,0.5,0.5,0.5,0.5
05l5bteT_qA.000.mp4,0.6666666666666666,0.6213592233009709,0.6168224299065421,0.5714285714285714,0.6354166666666666,0.5,0.5,0.5,0.5
05l5bteT_qA.001.mp4,0.7555555555555554,0.5048543689320388,0.6448598130841123,0.5714285714285714,0.59375,0.5,0.5,0.5,0.5
0_xOGmydDN0.001.mp4,0.6222222222222222,0.6504854368932039,0.48598130841121495,0.6153846153846153,0.5833333333333333,0.5,0.5,0.5,0.5
0_xOGmydDN0.002.mp4,0.5333333333333333,0.42718446601941745,0.4672897196261683,0.3956043956043956,0.39583333333333337,0.5,0.5,0.5,0.5
0_xOGmydDN0.003.mp4,0.6333333333333333,0.47572815533980584,0.5140186915887851,0.5054945054945055,0.5416666666666666,0.5,0.5,0.5,0.5
0_xOGmydDN0.004.mp4,0.6555555555555556,0.5242718446601942,0.48598130841121495,0.6153846153846153,0.5729166666666666,0.5,0.5,0.5,0.5
0axZSeaUbfs.002.mp4,0.41111111111111115,0.2912621359223301,0.37383177570093457,0.3956043956043956,0.37499999999999994,0.5,0.5,0.5,0.5
0axZSeaUbfs.004.mp4,0.4888888888888889,0.3786407766990291,0.35514018691588783,0.5824175824175825,0.3333333333333333,0.5,0.5,0.5,0.5
0axZSeaUbfs.005.mp4,0.4,0.4174757281553398,0.3457943925233645,0.4505494505494505,0.4166666666666667,0.5,0.5,0.5,0.5
0C6i34q2-f8.000.mp4,0.45555555555555555,0.4077669902912622,0.36448598130841126,0.4395604395604395,0.34374999999999994,0.5,0.5,0.5,0.5
0C6i34q2-f8.001.mp4,0.34444444444444444,0.3495145631067961,0.37383177570093457,0.4175824175824176,0.3333333333333333,0.5,0.5,0.5,0.5
0C6i34q2-f8.003.mp4,0.6444444444444444,0.4660194174757281,0.5046728971962617,0.5164835164835165,0.4895833333333333,0.5,0.5,0.5,0.5
0D7W2pR4RpQ.004.mp4,0.6666666666666666,0.5048543689320388,0.5420560747663552,0.5384615384615384,0.4375,0.5,0.5,0.5,0.5
0dIqLMMn4jY.000.mp4,0.34444444444444444,0.15533980582524273,0.35514018691588783,0.30769230769230765,0.18749999999999997,0.5,0.5,0.5,0.5
0fMw9o1v2tY.001.mp4,0.4777777777777778,0.36893203883495146,0.3457943925233645,0.3846153846153846,0.40625000000000006,0.5,0.5,0.5,0.5
0fMw9o1v2tY.002.mp4,0.3555555555555556,0.3300970873786408,0.28037383177570097,0.3516483516483516,0.3333333333333333,0.5,0.5,0.5,0.5
0fMw9o1v2tY.003.mp4,0.3777777777777778,0.2912621359223301,0.22429906542056074,0.4615384615384615,0.3645833333333333,0.5,0.5,0.5,0.5
0FVu7VKIg2s.000.mp4,0.5,0.4174757281553398,0.39252336448598135,0.4835164835164835,0.4895833333333333,0.5,0.5,0.5,0.5
0G9vplL8ae8.001.mp4,0.4777777777777778,0.35922330097087385,0.4018691588785047,0.31868131868131866,0.40625000000000006,0.5,0.5,0.5,0.5
0G9vplL8ae8.003.mp4,0.5777777777777777,0.4077669902912622,0.4018691588785047,0.5164835164835165,0.46875,0.5,0.5,0.5,0.5
0gv5Z0qt2jc.000.mp4,0.3111111111111111,0.2912621359223301,0.14953271028037385,0.25274725274725274,0.2604166666666667,0.5,0.5,0.5,0.5
0gv5Z0qt2jc.001.mp4,0.2777777777777778,0.23300970873786406,0.18691588785046728,0.13186813186813184,0.19791666666666666,0.5,0.5,0.5,0.5
0gv5Z0qt2jc.002.mp4,0.2,0.3300970873786408,0.16822429906542055,0.2857142857142857,0.25,0.5,0.5,0.5,0.5
0gv5Z0qt2jc.003.mp4,0.34444444444444444,0.24271844660194175,0.20560747663551404,0.23076923076923075,0.25,0.5,0.5,0.5,0.5
0gv5Z0qt2jc.004.mp4,0.15555555555555559,0.2524271844660194,0.18691588785046728,0.1978021978021978,0.22916666666666663,0.5,0.5,0.5,0.5
0gv5Z0qt2jc.005.mp4,0.3666666666666667,0.31067961165048547,0.22429906542056074,0.16483516483516483,0.28125,0.5,0.5,0.5,0.5
0hWbtuRVUgM.001.mp4,0.711111111111111,0.6019417475728155,0.5420560747663552,0.7472527472527474,0.6145833333333333,0.5,0.5,0.5,0.5
0hWbtuRVUgM.005.mp4,0.5333333333333333,0.7766990291262136,0.588785046728972,0.5934065934065933,0.7083333333333334,0.5,0.5,0.5,0.5
0iQIfGnKflc.001.mp4,0.41111111111111115,0.5145631067961165,0.4299065420560748,0.4615384615384615,0.6458333333333333,0.5,0.5,0.5,0.5
0iQIfGnKflc.002.mp4,0.6555555555555556,0.6116504854368932,0.4299065420560748,0.5824175824175825,0.5729166666666666,0.5,0.5,0.5,0.5
0iXXdsO95O0.000.mp4,0.5333333333333333,0.6116504854368932,0.5607476635514019,0.7472527472527474,0.5416666666666666,0.5,0.5,0.5,0.5
0kg6pmbSN6A.000.mp4,0.26666666666666666,0.2815533980582524,0.24299065420560748,0.3516483516483516,0.19791666666666666,0.5,0.5,0.5,0.5
0kg6pmbSN6A.001.mp4,0.41111111111111115,0.1941747572815534,0.22429906542056074,0.3736263736263736,0.25,0.5,0.5,0.5,0.5
0kg6pmbSN6A.002.mp4,0.4222222222222222,0.3495145631067961,0.38317757009345793,0.4285714285714285,0.3020833333333333,0.5,0.5,0.5,0.5
0kg6pmbSN6A.005.mp4,0.5444444444444444,0.4174757281553398,0.39252336448598135,0.4725274725274725,0.37499999999999994,0.5,0.5,0.5,0.5
0LqfKzp11kg.000.mp4,0.7222222222222221,0.24271844660194175,0.4672897196261683,0.5824175824175825,0.5208333333333334,0.5,0.5,0.5,0.5
0MB91ku0eEw.003.mp4,0.5222222222222223,0.5728155339805825,0.5981308411214954,0.8021978021978021,0.5520833333333334,0.5,0.5,0.5,0.5
0mym1CooiTE.000.mp4,0.6,0.6796116504854369,0.5233644859813085,0.7252747252747254,0.5208333333333334,0.5,0.5,0.5,0.5
0mym1CooiTE.001.mp4,0.711111111111111,0.6990291262135921,0.5046728971962617,0.6923076923076923,0.6875,0.5,0.5,0.5,0.5
0mym1CooiTE.003.mp4,0.7888888888888888,0.6019417475728155,0.7196261682242993,0.6263736263736264,0.6979166666666666,0.5,0.5,0.5,0.5
0mym1CooiTE.004.mp4,0.6,0.5922330097087379,0.6448598130841123,0.6593406593406592,0.6770833333333334,0.5,0.5,0.5,0.5
0n2vWTs6XwA.001.mp4,0.34444444444444444,0.42718446601941745,0.2897196261682243,0.4175824175824176,0.3645833333333333,0.5,0.5,0.5,0.5
0ObEtA6Q8vU.002.mp4,0.7777777777777777,0.6116504854368932,0.6822429906542057,0.7802197802197802,0.7083333333333334,0.5,0.5,0.5,0.5
0ObEtA6Q8vU.003.mp4,0.611111111111111,0.6504854368932039,0.5794392523364487,0.5604395604395604,0.6354166666666666,0.5,0.5,0.5,0.5
0ObEtA6Q8vU.005.mp4,0.6222222222222222,0.5922330097087379,0.5046728971962617,0.7032967032967032,0.5208333333333334,0.5,0.5,0.5,0.5
0QTR0WiJSNk.001.mp4,0.5444444444444444,0.6116504854368932,0.5327102803738318,0.6373626373626373,0.6041666666666666,0.5,0.5,0.5,0.5
0RLFM1ehSFM.000.mp4,0.5888888888888889,0.6116504854368932,0.4953271028037384,0.7032967032967032,0.7916666666666667,0.5,0.5,0.5,0.5
0tse0Fsy_rg.001.mp4,0.3555555555555556,0.2621359223300971,0.3177570093457944,0.32967032967032966,0.4375,0.5,0.5,0.5,0.5
0tse0Fsy_rg.002.mp4,0.4222222222222222,0.30097087378640774,0.3271028037383178,0.4175824175824176,0.2604166666666667,0.5,0.5,0.5,0.5
0tse0Fsy_rg.004.mp4,0.3777777777777778,0.27184466019417475,0.29906542056074764,0.29670329670329665,0.2604166666666667,0.5,0.5,0.5,0.5
0u56Q_QmxIM.002.mp4,0.5666666666666667,0.8252427184466018,0.33644859813084116,0.5604395604395604,0.53125,0.5,0.5,0.5,0.5
0u56Q_QmxIM.004.mp4,0.4777777777777778,0.7378640776699029,0.3457943925233645,0.6483516483516484,0.5208333333333334,0.5,0.5,0.5,0.5
0uCqd5hZcyI.000.mp4,0.5444444444444444,0.4174757281553398,0.5327102803738318,0.3736263736263736,0.5520833333333334,0.5,0.5,0.5,0.5
0uCqd5hZcyI.005.mp4,0.6888888888888889,0.6601941747572816,0.4485981308411215,0.4505494505494505,0.5729166666666666,0.5,0.5,0.5,0.5
0VnZngec8sc.001.mp4,0.811111111111111,0.5145631067961165,0.5514018691588786,0.7252747252747254,0.6770833333333334,0.5,0.5,0.5,0.5
0VnZngec8sc.003.mp4,0.7,0.6116504854368932,0.6168224299065421,0.6923076923076923,0.6875,0.5,0.5,0.5,0.5
0VnZngec8sc.004.mp4,0.6444444444444444,0.5242718446601942,0.4485981308411215,0.5384615384615384,0.4895833333333333,0.5,0.5,0.5,0.5
0Wr69VD_oXI.004.mp4,0.6777777777777777,0.5728155339805825,0.5794392523364487,0.6923076923076923,0.6145833333333333,0.5,0.5,0.5,0.5
0zJcYnsh55g.003.mp4,0.6333333333333333,0.5048543689320388,0.5607476635514019,0.6593406593406592,0.5729166666666666,0.5,0.5,0.5,0.5
0ZK5jQAvhFo.004.mp4,0.45555555555555555,0.4077669902912622,0.5514018691588786,0.6263736263736264,0.5208333333333334,0.5,0.5,0.5,0.5
1-GgVRmAEoo.002.mp4,0.711111111111111,0.6893203883495147,0.6822429906542057,0.7582417582417583,0.7291666666666667,0.5,0.5,0.5,0.5
1-GgVRmAEoo.003.mp4,0.6777777777777777,0.7087378640776699,0.5981308411214954,0.6043956043956044,0.4479166666666667,0.5,0.5,0.5,0.5
1-GgVRmAEoo.004.mp4,0.5777777777777777,0.7378640776699029,0.6074766355140188,0.6813186813186812,0.7083333333333334,0.5,0.5,0.5,0.5
117jrwvl2Nc.000.mp4,0.7777777777777777,0.6213592233009709,0.7383177570093458,0.6593406593406592,0.8229166666666667,0.5,0.5,0.5,0.5
117jrwvl2Nc.004.mp4,0.7555555555555554,0.6407766990291262,0.6448598130841123,0.6703296703296703,0.8020833333333334,0.5,0.5,0.5,0.5
12Ezy1y1cWY.001.mp4,0.34444444444444444,0.35922330097087385,0.20560747663551404,0.3956043956043956,0.3645833333333333,0.5,0.5,0.5,0.5
12Ezy1y1cWY.005.mp4,0.5555555555555556,0.4174757281553398,0.3177570093457944,0.5604395604395604,0.29166666666666663,0.5,0.5,0.5,0.5
12Hbl_oZF9c.001.mp4,0.5555555555555556,0.5728155339805825,0.4953271028037384,0.5494505494505494,0.6041666666666666,0.5,0.5,0.5,0.5
12Hbl_oZF9c.003.mp4,0.7777777777777777,0.6019417475728155,0.5327102803738318,0.4725274725274725,0.65625,0.5,0.5,0.5,0.5
12lqQE6oPNE.001.mp4,0.5888888888888889,0.42718446601941745,0.5327102803738318,0.3626373626373627,0.5416666666666666,0.5,0.5,0.5,0.5
13kjwEtSyXc.000.mp4,0.5,0.4854368932038835,0.4205607476635514,0.4835164835164835,0.5104166666666666,0.5,0.5,0.5,0.5
13kjwEtSyXc.002.mp4,0.45555555555555555,0.5048543689320388,0.24299065420560748,0.4615384615384615,0.37499999999999994,0.5,0.5,0.5,0.5
13kjwEtSyXc.004.mp4,0.5777777777777777,0.5339805825242718,0.47663551401869164,0.5164835164835165,0.6145833333333333,0.5,0.5,0.5,0.5
13KtmgntgQw.002.mp4,0.7333333333333333,0.7572815533980582,0.5233644859813085,0.6483516483516484,0.5625,0.5,0.5,0.5,0.5
13XlKeC_p3U.000.mp4,0.8333333333333333,0.8058252427184466,0.5607476635514019,0.7802197802197802,0.7708333333333334,0.5,0.5,0.5,0.5
13XlKeC_p3U.001.mp4,0.7777777777777777,0.7669902912621359,0.6355140186915887,0.824175824175824,0.8541666666666667,0.5,0.5,0.5,0.5
15yOT2ZolPE.002.mp4,0.611111111111111,0.4174757281553398,0.4205607476635514,0.3846153846153846,0.59375,0.5,0.5,0.5,0.5
176vWywoq9E.000.mp4,0.5888888888888889,0.2621359223300971,0.39252336448598135,0.5494505494505494,0.5625,0.5,0.5,0.5,0.5
176vWywoq9E.001.mp4,0.5555555555555556,0.4466019417475728,0.5700934579439253,0.6703296703296703,0.5520833333333334,0.5,0.5,0.5,0.5
176vWywoq9E.002.mp4,0.38888888888888895,0.31067961165048547,0.3457943925233645,0.4285714285714285,0.3645833333333333,0.5,0.5,0.5,0.5
176vWywoq9E.004.mp4,0.6333333333333333,0.36893203883495146,0.5607476635514019,0.6373626373626373,0.6354166666666666,0.5,0.5,0.5,0.5
184MlJCcboQ.000.mp4,0.6333333333333333,0.5631067961165048,0.6261682242990655,0.4835164835164835,0.5104166666666666,0.5,0.5,0.5,0.5
186c7kCyCHQ.005.mp4,0.4888888888888889,0.47572815533980584,0.5140186915887851,0.6043956043956044,0.40625000000000006,0.5,0.5,0.5,0.5
19cplBTXyoY.002.mp4,0.9555555555555556,0.4951456310679611,0.6355140186915887,0.7472527472527474,0.6875,0.5,0.5,0.5,0.5
19pTUX8KfYM.000.mp4,0.5555555555555556,0.6019417475728155,0.4112149532710281,0.5604395604395604,0.59375,0.5,0.5,0.5,0.5
1AMp8Y_0UGc.000.mp4,0.6777777777777777,0.47572815533980584,0.5607476635514019,0.6263736263736264,0.6354166666666666,0.5,0.5,0.5,0.5
1AMp8Y_0UGc.002.mp4,0.7333333333333333,0.42718446601941745,0.6448598130841123,0.6153846153846153,0.5104166666666666,0.5,0.5,0.5,0.5
1AMp8Y_0UGc.004.mp4,0.4666666666666667,0.3883495145631068,0.4953271028037384,0.5054945054945055,0.45833333333333337,0.5,0.5,0.5,0.5
1cqwKxx6GF8.001.mp4,0.5222222222222223,0.4077669902912622,0.3457943925233645,0.5494505494505494,0.3645833333333333,0.5,0.5,0.5,0.5
1cqwKxx6GF8.004.mp4,0.5222222222222223,0.4174757281553398,0.5233644859813085,0.5494505494505494,0.5104166666666666,0.5,0.5,0.5,0.5
1cqwKxx6GF8.005.mp4,0.5888888888888889,0.47572815533980584,0.4112149532710281,0.6483516483516484,0.4479166666666667,0.5,0.5,0.5,0.5
1CYzbX8AaP8.001.mp4,0.5666666666666667,0.3883495145631068,0.3177570093457944,0.6263736263736264,0.5416666666666666,0.5,0.5,0.5,0.5
1CYzbX8AaP8.003.mp4,0.43333333333333335,0.3203883495145631,0.37383177570093457,0.5384615384615384,0.4895833333333333,0.5,0.5,0.5,0.5
1DCnIad1Y0w.002.mp4,0.2777777777777778,0.31067961165048547,0.14953271028037385,0.3626373626373627,0.19791666666666666,0.5,0.5,0.5,0.5
1dOaM7zWPo8.000.mp4,0.5333333333333333,0.36893203883495146,0.4672897196261683,0.4835164835164835,0.5833333333333333,0.5,0.5,0.5,0.5
1eOvtoZCie8.000.mp4,0.7333333333333333,0.4660194174757281,0.6168224299065421,0.7582417582417583,0.65625,0.5,0.5,0.5,0.5
1eOvtoZCie8.002.mp4,0.6555555555555556,0.5922330097087379,0.5981308411214954,0.6703296703296703,0.5729166666666666,0.5,0.5,0.5,0.5
1eOvtoZCie8.004.mp4,0.6666666666666666,0.5339805825242718,0.4953271028037384,0.5934065934065933,0.5625,0.5,0.5,0.5,0.5
1eOvtoZCie8.005.mp4,0.7666666666666666,0.5728155339805825,0.6355140186915887,0.6153846153846153,0.6145833333333333,0.5,0.5,0.5,0.5
1fsFL_qNYlQ.001.mp4,0.5666666666666667,0.6504854368932039,0.5233644859813085,0.5494505494505494,0.4791666666666667,0.5,0.5,0.5,0.5
1fsFL_qNYlQ.005.mp4,0.7444444444444444,0.6504854368932039,0.588785046728972,0.6703296703296703,0.7708333333333334,0.5,0.5,0.5,0.5
1Gn4GX8miWQ.000.mp4,0.5666666666666667,0.6407766990291262,0.4299065420560748,0.5164835164835165,0.5520833333333334,0.5,0.5,0.5,0.5
1Gn4GX8miWQ.001.mp4,0.5222222222222223,0.6213592233009709,0.4392523364485981,0.5274725274725275,0.6354166666666666,0.5,0.5,0.5,0.5
1Gn4GX8miWQ.002.mp4,0.45555555555555555,0.6796116504854369,0.5514018691588786,0.6373626373626373,0.6875,0.5,0.5,0.5,0.5
1Gn4GX8miWQ.003.mp4,0.711111111111111,0.7572815533980582,0.663551401869159,0.6263736263736264,0.65625,0.5,0.5,0.5,0.5
1Gn4GX8miWQ.004.mp4,0.6444444444444444,0.7087378640776699,0.4299065420560748,0.6263736263736264,0.6770833333333334,0.5,0.5,0.5,0.5
1Gn4GX8miWQ.005.mp4,0.6222222222222222,0.7184466019417477,0.4205607476635514,0.6923076923076923,0.5416666666666666,0.5,0.5,0.5,0.5
1hpZ2ecWqtI.002.mp4,0.5555555555555556,0.4660194174757281,0.5700934579439253,0.4725274725274725,0.45833333333333337,0.5,0.5,0.5,0.5
1hpZ2ecWqtI.003.mp4,0.5444444444444444,0.5145631067961165,0.588785046728972,0.6923076923076923,0.6770833333333334,0.5,0.5,0.5,0.5
1hpZ2ecWqtI.005.mp4,0.5222222222222223,0.3786407766990291,0.6448598130841123,0.5494505494505494,0.4791666666666667,0.5,0.5,0.5,0.5
1izSTcQI7H4.000.mp4,0.5333333333333333,0.6019417475728155,0.4392523364485981,0.6703296703296703,0.5208333333333334,0.5,0.5,0.5,0.5
1izSTcQI7H4.004.mp4,0.43333333333333335,0.24271844660194175,0.2336448598130841,0.6483516483516484,0.40625000000000006,0.5,0.5,0.5,0.5
1jC4vsQsjwM.002.mp4,0.5555555555555556,0.6310679611650486,0.5420560747663552,0.6813186813186812,0.65625,0.5,0.5,0.5,0.5
1jC4vsQsjwM.004.mp4,0.6222222222222222,0.47572815533980584,0.588785046728972,0.6153846153846153,0.625,0.5,0.5,0.5,0.5
1jC4vsQsjwM.005.mp4,0.45555555555555555,0.4854368932038835,0.5327102803738318,0.5274725274725275,0.4791666666666667,0.5,0.5,0.5,0.5
1Kb5d-w3YJ8.002.mp4,0.45555555555555555,0.4077669902912622,0.3271028037383178,0.4065934065934066,0.2604166666666667,0.5,0.5,0.5,0.5
1Lv72Si4GnY.001.mp4,0.4666666666666667,0.18446601941747573,0.5233644859813085,0.4395604395604395,0.39583333333333337,0.5,0.5,0.5,0.5
1m67onLoRwY.000.mp4,0.5444444444444444,0.4466019417475728,0.4205607476635514,0.4175824175824176,0.46875,0.5,0.5,0.5,0.5
1m67onLoRwY.003.mp4,0.4666666666666667,0.3495145631067961,0.22429906542056074,0.4065934065934066,0.2708333333333333,0.5,0.5,0.5,0.5
1mdMhaq5p4w.001.mp4,0.6222222222222222,0.4174757281553398,0.48598130841121495,0.5384615384615384,0.5520833333333334,0.5,0.5,0.5,0.5
1mdMhaq5p4w.002.mp4,0.711111111111111,0.5339805825242718,0.5607476635514019,0.4725274725274725,0.6875,0.5,0.5,0.5,0.5
1mdMhaq5p4w.004.mp4,0.6666666666666666,0.4563106796116505,0.5420560747663552,0.5714285714285714,0.6041666666666666,0.5,0.5,0.5,0.5
1mdMhaq5p4w.005.mp4,0.611111111111111,0.36893203883495146,0.47663551401869164,0.5824175824175825,0.5625,0.5,0.5,0.5,0.5
1mfrM-FT-5E.000.mp4,0.3777777777777778,0.23300970873786406,0.3271028037383178,0.3516483516483516,0.22916666666666663,0.5,0.5,0.5,0.5
1mHjMNZZvFo.000.mp4,0.6333333333333333,0.7766990291262136,0.6355140186915887,0.6703296703296703,0.6875,0.5,0.5,0.5,0.5
1mHjMNZZvFo.003.mp4,0.6555555555555556,0.8349514563106796,0.6448598130841123,0.5824175824175825,0.6458333333333333,0.5,0.5,0.5,0.5
1mHjMNZZvFo.004.mp4,0.6555555555555556,0.8446601941747574,0.588785046728972,0.6043956043956044,0.8125000000000001,0.5,0.5,0.5,0.5
1mHjMNZZvFo.005.mp4,0.711111111111111,0.8155339805825244,0.7196261682242993,0.824175824175824,0.84375,0.5,0.5,0.5,0.5
1mODTfLRGdI.000.mp4,0.4444444444444445,0.30097087378640774,0.5140186915887851,0.5054945054945055,0.40625000000000006,0.5,0.5,0.5,0.5
1mODTfLRGdI.001.mp4,0.4222222222222222,0.17475728155339804,0.6168224299065421,0.24175824175824176,0.5416666666666666,0.5,0.5,0.5,0.5
1mODTfLRGdI.003.mp4,0.7999999999999999,0.42718446601941745,0.6261682242990655,0.6923076923076923,0.6458333333333333,0.5,0.5,0.5,0.5
1mReUxIEuw0.000.mp4,0.611111111111111,0.36893203883495146,0.691588785046729,0.5934065934065933,0.46875,0.5,0.5,0.5,0.5
1mReUxIEuw0.005.mp4,0.4222222222222222,0.3495145631067961,0.3457943925233645,0.4285714285714285,0.37499999999999994,0.5,0.5,0.5,0.5
1OGu_7IljCo.004.mp4,0.5555555555555556,0.23300970873786406,0.4953271028037384,0.4065934065934066,0.3125,0.5,0.5,0.5,0.5
1pm5uoU85FI.000.mp4,0.4666666666666667,0.5339805825242718,0.4953271028037384,0.7582417582417583,0.4895833333333333,0.5,0.5,0.5,0.5
1pm5uoU85FI.001.mp4,0.3555555555555556,0.5728155339805825,0.2897196261682243,0.4945054945054945,0.40625000000000006,0.5,0.5,0.5,0.5
1pm5uoU85FI.003.mp4,0.5666666666666667,0.6699029126213591,0.4392523364485981,0.4835164835164835,0.4895833333333333,0.5,0.5,0.5,0.5
1q-N_zbsAg0.000.mp4,0.4888888888888889,0.3883495145631068,0.4392523364485981,0.5274725274725275,0.4166666666666667,0.5,0.5,0.5,0.5
1q-N_zbsAg0.001.mp4,0.3777777777777778,0.36893203883495146,0.48598130841121495,0.4175824175824176,0.45833333333333337,0.5,0.5,0.5,0.5
1q-N_zbsAg0.003.mp4,0.4888888888888889,0.4174757281553398,0.5420560747663552,0.6043956043956044,0.39583333333333337,0.5,0.5,0.5,0.5
1q-N_zbsAg0.004.mp4,0.4444444444444445,0.4563106796116505,0.5233644859813085,0.4285714285714285,0.53125,0.5,0.5,0.5,0.5
1RMdiCbNNh4.003.mp4,0.5333333333333333,0.21359223300970873,0.18691588785046728,0.0,0.2708333333333333,0.5,0.5,0.5,0.5
1RMdiCbNNh4.005.mp4,0.4444444444444445,0.2621359223300971,0.1588785046728972,0.17582417582417584,0.21874999999999997,0.5,0.5,0.5,0.5
1S0SxmfbOus.002.mp4,0.6444444444444444,0.3495145631067961,0.5981308411214954,0.6153846153846153,0.42708333333333337,0.5,0.5,0.5,0.5
1sjXuXtx9-E.000.mp4,0.7555555555555554,0.5048543689320388,0.5420560747663552,0.6483516483516484,0.6458333333333333,0.5,0.5,0.5,0.5
1tPH6PNeOSk.002.mp4,0.711111111111111,0.6116504854368932,0.7570093457943926,0.6043956043956044,0.6354166666666666,0.5,0.5,0.5,0.5
1tPH6PNeOSk.004.mp4,0.7999999999999999,0.6019417475728155,0.7102803738317757,0.7802197802197802,0.6666666666666667,0.5,0.5,0.5,0.5
1UaqZEUUk9I.000.mp4,0.6333333333333333,0.6893203883495147,0.5514018691588786,0.7912087912087912,0.6458333333333333,0.5,0.5,0.5,0.5
1UaqZEUUk9I.002.mp4,0.7333333333333333,0.7961165048543688,0.6074766355140188,0.7802197802197802,0.8229166666666667,0.5,0.5,0.5,0.5
1uCO2d0pFg0.000.mp4,0.7777777777777777,0.7184466019417477,0.4485981308411215,0.7032967032967032,0.6354166666666666,0.5,0.5,0.5,0.5
1W7XLdNpEgc.001.mp4,0.5777777777777777,0.4951456310679611,0.4579439252336449,0.5494505494505494,0.37499999999999994,0.5,0.5,0.5,0.5
1W7XLdNpEgc.005.mp4,0.6222222222222222,0.47572815533980584,0.6074766355140188,0.5604395604395604,0.4791666666666667,0.5,0.5,0.5,0.5
1Wh2mIFrGvk.001.mp4,0.611111111111111,0.5048543689320388,0.37383177570093457,0.5494505494505494,0.5104166666666666,0.5,0.5,0.5,0.5
1wWMWbl6ILg.004.mp4,0.5666666666666667,0.3883495145631068,0.6168224299065421,0.6263736263736264,0.53125,0.5,0.5,0.5,0.5
1XqMZQu_pP4.002.mp4,0.4444444444444445,0.4951456310679611,0.33644859813084116,0.5714285714285714,0.45833333333333337,0.5,0.5,0.5,0.5
1yIGI42lzak.001.mp4,0.5444444444444444,0.5242718446601942,0.2710280373831776,0.5054945054945055,0.42708333333333337,0.5,0.5,0.5,0.5
1yIGI42lzak.002.mp4,0.4222222222222222,0.4854368932038835,0.4112149532710281,0.4395604395604395,0.34374999999999994,0.5,0.5,0.5,0.5
1yIGI42lzak.003.mp4,0.5333333333333333,0.42718446601941745,0.48598130841121495,0.4615384615384615,0.46875,0.5,0.5,0.5,0.5
1yIGI42lzak.005.mp4,0.4888888888888889,0.3786407766990291,0.35514018691588783,0.4945054945054945,0.2604166666666667,0.5,0.5,0.5,0.5
1yjRBwUiYxs.005.mp4,0.5666666666666667,0.7766990291262136,0.4392523364485981,0.6153846153846153,0.6770833333333334,0.5,0.5,0.5,0.5
1YsZ4GPpyBA.004.mp4,0.6777777777777777,0.5825242718446602,0.47663551401869164,0.5494505494505494,0.6770833333333334,0.5,0.5,0.5,0.5
1YsZ4GPpyBA.005.mp4,0.7,0.6699029126213591,0.37383177570093457,0.5384615384615384,0.5208333333333334,0.5,0.5,0.5,0.5
1ZqHFoxLz54.000.mp4,0.7333333333333333,0.6213592233009709,0.7850467289719627,0.857142857142857,0.625,0.5,0.5,0.5,0.5
2-LDYe7OXZU.000.mp4,0.4777777777777778,0.47572815533980584,0.5233644859813085,0.4615384615384615,0.28125,0.5,0.5,0.5,0.5
2-LDYe7OXZU.001.mp4,0.4777777777777778,0.42718446601941745,0.38317757009345793,0.4615384615384615,0.4166666666666667,0.5,0.5,0.5,0.5
2-LDYe7OXZU.003.mp4,0.34444444444444444,0.5339805825242718,0.4112149532710281,0.5604395604395604,0.3333333333333333,0.5,0.5,0.5,0.5
2-LDYe7OXZU.005.mp4,0.6777777777777777,0.6601941747572816,0.5327102803738318,0.6263736263736264,0.5833333333333333,0.5,0.5,0.5,0.5
26ZnknvfdNM.001.mp4,0.34444444444444444,0.4077669902912622,0.26168224299065423,0.31868131868131866,0.42708333333333337,0.5,0.5,0.5,0.5
26ZnknvfdNM.002.mp4,0.5333333333333333,0.3786407766990291,0.39252336448598135,0.4065934065934066,0.46875,0.5,0.5,0.5,0.5
26ZnknvfdNM.003.mp4,0.4666666666666667,0.47572815533980584,0.38317757009345793,0.5164835164835165,0.5104166666666666,0.5,0.5,0.5,0.5
26ZnknvfdNM.004.mp4,0.5777777777777777,0.5242718446601942,0.4392523364485981,0.6263736263736264,0.5208333333333334,0.5,0.5,0.5,0.5
29UCGJldICw.005.mp4,0.5888888888888889,0.4660194174757281,0.30841121495327106,0.4395604395604395,0.4375,0.5,0.5,0.5,0.5
2_OOIcYfLV0.003.mp4,0.6222222222222222,0.3300970873786408,0.4953271028037384,0.32967032967032966,0.3333333333333333,0.5,0.5,0.5,0.5
2AV8m02PjdU.000.mp4,0.5444444444444444,0.3883495145631068,0.4112149532710281,0.5714285714285714,0.4791666666666667,0.5,0.5,0.5,0.5
2AV8m02PjdU.002.mp4,0.5333333333333333,0.42718446601941745,0.4579439252336449,0.4395604395604395,0.4166666666666667,0.5,0.5,0.5,0.5
2AV8m02PjdU.003.mp4,0.5888888888888889,0.3883495145631068,0.3457943925233645,0.4615384615384615,0.2395833333333333,0.5,0.5,0.5,0.5
2AYq7CdNXNo.000.mp4,0.5666666666666667,0.6310679611650486,0.588785046728972,0.4835164835164835,0.6666666666666667,0.5,0.5,0.5,0.5
2AYq7CdNXNo.001.mp4,0.6888888888888889,0.7475728155339806,0.6448598130841123,0.7582417582417583,0.7500000000000001,0.5,0.5,0.5,0.5
2AYq7CdNXNo.003.mp4,0.611111111111111,0.5728155339805825,0.5981308411214954,0.6813186813186812,0.53125,0.5,0.5,0.5,0.5
2AYq7CdNXNo.004.mp4,0.7222222222222221,0.8252427184466018,0.6355140186915887,0.6263736263736264,0.7083333333333334,0.5,0.5,0.5,0.5
2bAsXLQjlt8.001.mp4,0.7999999999999999,0.6601941747572816,0.8317757009345795,0.7582417582417583,0.6979166666666666,0.5,0.5,0.5,0.5
2bAsXLQjlt8.002.mp4,0.7444444444444444,0.5825242718446602,0.7196261682242993,0.6373626373626373,0.6770833333333334,0.5,0.5,0.5,0.5
2bAsXLQjlt8.004.mp4,0.7444444444444444,0.5728155339805825,0.48598130841121495,0.5494505494505494,0.5625,0.5,0.5,0.5,0.5
2bAsXLQjlt8.005.mp4,0.7777777777777777,0.6116504854368932,0.7476635514018694,0.6153846153846153,0.7500000000000001,0.5,0.5,0.5,0.5
2ceHmUmguzk.000.mp4,0.5222222222222223,0.5922330097087379,0.4112149532710281,0.6263736263736264,0.5520833333333334,0.5,0.5,0.5,0.5
2ceHmUmguzk.001.mp4,0.6,0.5339805825242718,0.4018691588785047,0.3736263736263736,0.46875,0.5,0.5,0.5,0.5
2ceHmUmguzk.002.mp4,0.7444444444444444,0.7669902912621359,0.7102803738317757,0.7472527472527474,0.8229166666666667,0.5,0.5,0.5,0.5
2ceHmUmguzk.005.mp4,0.6333333333333333,0.5533980582524272,0.5327102803738318,0.6813186813186812,0.625,0.5,0.5,0.5,0.5
2d6btbaNdfo.004.mp4,0.41111111111111115,0.6990291262135921,0.3457943925233645,0.6043956043956044,0.4791666666666667,0.5,0.5,0.5,0.5
2DZb5yIc6Fg.001.mp4,0.16666666666666669,0.22330097087378642,0.08411214953271029,0.29670329670329665,0.0833333333333333,0.5,0.5,0.5,0.5
2DZb5yIc6Fg.002.mp4,0.1777777777777778,0.2815533980582524,0.17757009345794392,0.30769230769230765,0.18749999999999997,0.5,0.5,0.5,0.5
2DZb5yIc6Fg.003.mp4,0.13333333333333336,0.13592233009708737,0.046728971962616814,0.1978021978021978,0.1145833333333333,0.5,0.5,0.5,0.5
2f7rLXwzP3s.000.mp4,0.7,0.5631067961165048,0.663551401869159,0.5054945054945055,0.6458333333333333,0.5,0.5,0.5,0.5
2f7rLXwzP3s.002.mp4,0.7,0.6893203883495147,0.6448598130841123,0.5934065934065933,0.7083333333333334,0.5,0.5,0.5,0.5
2Fgn78rYjPM.005.mp4,0.5555555555555556,0.3495145631067961,0.5607476635514019,0.5164835164835165,0.39583333333333337,0.5,0.5,0.5,0.5
2fzLibPAtvI.004.mp4,0.6222222222222222,0.6213592233009709,0.4485981308411215,0.5934065934065933,0.5520833333333334,0.5,0.5,0.5,0.5
2fzLibPAtvI.005.mp4,0.611111111111111,0.4174757281553398,0.48598130841121495,0.4285714285714285,0.46875,0.5,0.5,0.5,0.5
2GHz8LYflE0.000.mp4,0.4,0.42718446601941745,0.4018691588785047,0.3736263736263736,0.3645833333333333,0.5,0.5,0.5,0.5
2HE6cw3HFPk.001.mp4,0.6,0.6601941747572816,0.5700934579439253,0.7692307692307692,0.6145833333333333,0.5,0.5,0.5,0.5
2HE6cw3HFPk.003.mp4,0.6222222222222222,0.5436893203883495,0.5046728971962617,0.6813186813186812,0.5729166666666666,0.5,0.5,0.5,0.5
2hhqEWiv4eI.000.mp4,0.4888888888888889,0.3203883495145631,0.28037383177570097,0.4725274725274725,0.4375,0.5,0.5,0.5,0.5
2hhqEWiv4eI.001.mp4,0.4,0.3883495145631068,0.3457943925233645,0.3736263736263736,0.4479166666666667,0.5,0.5,0.5,0.5
2hhqEWiv4eI.002.mp4,0.25555555555555554,0.3300970873786408,0.47663551401869164,0.4175824175824176,0.3854166666666667,0.5,0.5,0.5,0.5
2hhqEWiv4eI.004.mp4,0.5,0.2815533980582524,0.4579439252336449,0.4725274725274725,0.5729166666666666,0.5,0.5,0.5,0.5
2IwWILRuuNU.003.mp4,0.6222222222222222,0.6796116504854369,0.5607476635514019,0.5274725274725275,0.4791666666666667,0.5,0.5,0.5,0.5
2IwWILRuuNU.004.mp4,0.7,0.6310679611650486,0.6355140186915887,0.7912087912087912,0.6145833333333333,0.5,0.5,0.5,0.5
2IwWILRuuNU.005.mp4,0.6777777777777777,0.5922330097087379,0.6074766355140188,0.5494505494505494,0.6875,0.5,0.5,0.5,0.5
2kqPuht5jTg.002.mp4,0.6666666666666666,0.7281553398058251,0.7663551401869159,0.813186813186813,0.7604166666666666,0.5,0.5,0.5,0.5
2kqPuht5jTg.004.mp4,0.7,0.6601941747572816,0.5140186915887851,0.6263736263736264,0.7500000000000001,0.5,0.5,0.5,0.5
2kqPuht5jTg.005.mp4,0.6555555555555556,0.7766990291262136,0.5140186915887851,0.7912087912087912,0.7395833333333333,0.5,0.5,0.5,0.5
2KSBoJZMcMU.003.mp4,0.6777777777777777,0.5922330097087379,0.4953271028037384,0.5604395604395604,0.42708333333333337,0.5,0.5,0.5,0.5
2KSBoJZMcMU.004.mp4,0.6555555555555556,0.5145631067961165,0.4299065420560748,0.4285714285714285,0.45833333333333337,0.5,0.5,0.5,0.5
2KSBoJZMcMU.005.mp4,0.7333333333333333,0.5145631067961165,0.5046728971962617,0.5384615384615384,0.4895833333333333,0.5,0.5,0.5,0.5
2Lgd2Ye-1L8.000.mp4,0.5111111111111111,0.6504854368932039,0.47663551401869164,0.5164835164835165,0.5,0.5,0.5,0.5,0.5
2mfmw63l88g.001.mp4,0.26666666666666666,0.4660194174757281,0.2897196261682243,0.4395604395604395,0.21874999999999997,0.5,0.5,0.5,0.5
2mfmw63l88g.003.mp4,0.2,0.22330097087378642,0.2336448598130841,0.29670329670329665,0.20833333333333331,0.5,0.5,0.5,0.5
2mfmw63l88g.004.mp4,0.3666666666666667,0.4854368932038835,0.2710280373831776,0.4175824175824176,0.2708333333333333,0.5,0.5,0.5,0.5
2mfmw63l88g.005.mp4,0.28888888888888886,0.31067961165048547,0.12149532710280371,0.2747252747252747,0.2395833333333333,0.5,0.5,0.5,0.5
2mgj9ncREyA.000.mp4,0.7222222222222221,0.47572815533980584,0.5700934579439253,0.6373626373626373,0.7187499999999999,0.5,0.5,0.5,0.5
2mgj9ncREyA.005.mp4,0.6,0.5339805825242718,0.5140186915887851,0.5714285714285714,0.59375,0.5,0.5,0.5,0.5
2NNYN1ZCJhw.003.mp4,0.6777777777777777,0.6601941747572816,0.5140186915887851,0.6593406593406592,0.6770833333333334,0.5,0.5,0.5,0.5
2OAA4slRc5M.004.mp4,0.5666666666666667,0.5339805825242718,0.38317757009345793,0.4505494505494505,0.32291666666666663,0.5,0.5,0.5,0.5
2oEUp9sGRGk.000.mp4,0.7555555555555554,0.8834951456310681,0.691588785046729,0.835164835164835,0.7500000000000001,0.5,0.5,0.5,0.5
2oEUp9sGRGk.001.mp4,0.5444444444444444,0.8252427184466018,0.4672897196261683,0.6923076923076923,0.6354166666666666,0.5,0.5,0.5,0.5
2oiXF5_gTyk.001.mp4,0.5333333333333333,0.5145631067961165,0.5233644859813085,0.6703296703296703,0.65625,0.5,0.5,0.5,0.5
2oiXF5_gTyk.002.mp4,0.5666666666666667,0.4466019417475728,0.6261682242990655,0.5824175824175825,0.6875,0.5,0.5,0.5,0.5
2oiXF5_gTyk.003.mp4,0.7,0.5436893203883495,0.6168224299065421,0.6703296703296703,0.7187499999999999,0.5,0.5,0.5,0.5
2P1FbMJLUAs.000.mp4,0.6444444444444444,0.3495145631067961,0.5233644859813085,0.4615384615384615,0.5,0.5,0.5,0.5,0.5
2P1FbMJLUAs.003.mp4,0.6,0.3786407766990291,0.48598130841121495,0.4945054945054945,0.5,0.5,0.5,0.5,0.5
2P1FbMJLUAs.005.mp4,0.45555555555555555,0.4466019417475728,0.5140186915887851,0.6153846153846153,0.5729166666666666,0.5,0.5,0.5,0.5
2pNKs0i3YkY.002.mp4,0.6444444444444444,0.4563106796116505,0.588785046728972,0.5824175824175825,0.4791666666666667,0.5,0.5,0.5,0.5
2PSGksTyrnI.001.mp4,0.4666666666666667,0.4466019417475728,0.2897196261682243,0.3626373626373627,0.42708333333333337,0.5,0.5,0.5,0.5
2PSGksTyrnI.003.mp4,0.4444444444444445,0.3300970873786408,0.29906542056074764,0.4725274725274725,0.45833333333333337,0.5,0.5,0.5,0.5
2PSGksTyrnI.004.mp4,0.41111111111111115,0.4077669902912622,0.38317757009345793,0.32967032967032966,0.35416666666666663,0.5,0.5,0.5,0.5
2PSGksTyrnI.005.mp4,0.5777777777777777,0.4951456310679611,0.4579439252336449,0.4505494505494505,0.5833333333333333,0.5,0.5,0.5,0.5
2q7ZwMoPvok.000.mp4,0.2777777777777778,0.17475728155339804,0.16822429906542055,0.2747252747252747,0.13541666666666663,0.5,0.5,0.5,0.5
2q8orkMs2Jg.000.mp4,0.6555555555555556,0.47572815533980584,0.5981308411214954,0.5934065934065933,0.7916666666666667,0.5,0.5,0.5,0.5
2q8orkMs2Jg.003.mp4,0.8222222222222221,0.5242718446601942,0.7289719626168225,0.5824175824175825,0.7604166666666666,0.5,0.5,0.5,0.5
2q8orkMs2Jg.005.mp4,0.5777777777777777,0.5728155339805825,0.7383177570093458,0.5274725274725275,0.7187499999999999,0.5,0.5,0.5,0.5
2r5NVi3SZ2I.000.mp4,0.7888888888888888,0.6893203883495147,0.7850467289719627,0.6263736263736264,0.7187499999999999,0.5,0.5,0.5,0.5
2RQGNwx_nlI.000.mp4,0.6888888888888889,0.6116504854368932,0.6355140186915887,0.6153846153846153,0.6458333333333333,0.5,0.5,0.5,0.5
2rV3Ibtdnvs.000.mp4,0.6444444444444444,0.5242718446601942,0.5607476635514019,0.6263736263736264,0.6145833333333333,0.5,0.5,0.5,0.5
2SzC9dm4Yy4.002.mp4,0.43333333333333335,0.35922330097087385,0.4299065420560748,0.5384615384615384,0.40625000000000006,0.5,0.5,0.5,0.5
2T3oK1Gse2g.000.mp4,0.5666666666666667,0.5339805825242718,0.5700934579439253,0.5714285714285714,0.35416666666666663,0.5,0.5,0.5,0.5
2T3oK1Gse2g.002.mp4,0.7,0.4951456310679611,0.7009345794392524,0.6373626373626373,0.37499999999999994,0.5,0.5,0.5,0.5
2TbU3Eg2i4A.003.mp4,0.5444444444444444,0.17475728155339804,0.2897196261682243,0.21978021978021975,0.3020833333333333,0.5,0.5,0.5,0.5
2TbU3Eg2i4A.004.mp4,0.41111111111111115,0.2621359223300971,0.2897196261682243,0.2857142857142857,0.22916666666666663,0.5,0.5,0.5,0.5
2TbU3Eg2i4A.005.mp4,0.3666666666666667,0.13592233009708737,0.22429906542056074,0.3956043956043956,0.29166666666666663,0.5,0.5,0.5,0.5
2TMl5EMrdVI.002.mp4,0.4666666666666667,0.3883495145631068,0.36448598130841126,0.5384615384615384,0.37499999999999994,0.5,0.5,0.5,0.5
2TMl5EMrdVI.003.mp4,0.38888888888888895,0.42718446601941745,0.22429906542056074,0.5384615384615384,0.2708333333333333,0.5,0.5,0.5,0.5
2TMl5EMrdVI.004.mp4,0.25555555555555554,0.6116504854368932,0.14018691588785046,0.4615384615384615,0.2708333333333333,0.5,0.5,0.5,0.5
2TMl5EMrdVI.005.mp4,0.32222222222222224,0.5631067961165048,0.35514018691588783,0.4725274725274725,0.3125,0.5,0.5,0.5,0.5
2TXrDZgbDHE.001.mp4,0.5555555555555556,0.3203883495145631,0.4112149532710281,0.4395604395604395,0.32291666666666663,0.5,0.5,0.5,0.5
2TXrDZgbDHE.005.mp4,0.25555555555555554,0.17475728155339804,0.10280373831775697,0.1978021978021978,0.2395833333333333,0.5,0.5,0.5,0.5
2uAJJH7B5aw.000.mp4,0.6555555555555556,0.6213592233009709,0.6168224299065421,0.5384615384615384,0.59375,0.5,0.5,0.5,0.5
2uAJJH7B5aw.001.mp4,0.711111111111111,0.6990291262135921,0.5140186915887851,0.6263736263736264,0.6354166666666666,0.5,0.5,0.5,0.5
2uAJJH7B5aw.003.mp4,0.6888888888888889,0.7184466019417477,0.5327102803738318,0.5824175824175825,0.65625,0.5,0.5,0.5,0.5
2UqnC_rFcRQ.001.mp4,0.7777777777777777,0.5242718446601942,0.6448598130841123,0.6153846153846153,0.59375,0.5,0.5,0.5,0.5
2UqnC_rFcRQ.002.mp4,0.28888888888888886,0.4174757281553398,0.4299065420560748,0.4065934065934066,0.34374999999999994,0.5,0.5,0.5,0.5
2UqnC_rFcRQ.003.mp4,0.7555555555555554,0.6407766990291262,0.663551401869159,0.835164835164835,0.5833333333333333,0.5,0.5,0.5,0.5
2WuhWF4fAOQ.001.mp4,0.33333333333333337,0.30097087378640774,0.4018691588785047,0.3626373626373627,0.25,0.5,0.5,0.5,0.5
2WuhWF4fAOQ.002.mp4,0.3666666666666667,0.33980582524271846,0.33644859813084116,0.3516483516483516,0.28125,0.5,0.5,0.5,0.5
2WuhWF4fAOQ.003.mp4,0.41111111111111115,0.4077669902912622,0.29906542056074764,0.3626373626373627,0.4479166666666667,0.5,0.5,0.5,0.5
2WuhWF4fAOQ.004.mp4,0.4,0.36893203883495146,0.4485981308411215,0.5494505494505494,0.40625000000000006,0.5,0.5,0.5,0.5
2x8GZaBY6TM.001.mp4,0.3,0.2621359223300971,0.09345794392523363,0.29670329670329665,0.20833333333333331,0.5,0.5,0.5,0.5
2x8GZaBY6TM.002.mp4,0.33333333333333337,0.14563106796116504,0.3271028037383178,0.3406593406593406,0.28125,0.5,0.5,0.5,0.5
2x8GZaBY6TM.003.mp4,0.43333333333333335,0.24271844660194175,0.3271028037383178,0.2087912087912088,0.32291666666666663,0.5,0.5,0.5,0.5
2yUnXroXyeI.003.mp4,0.6777777777777777,0.5631067961165048,0.4205607476635514,0.4615384615384615,0.4791666666666667,0.5,0.5,0.5,0.5
300gK3CnzW0.000.mp4,0.15555555555555559,0.31067961165048547,0.17757009345794392,0.3516483516483516,0.21874999999999997,0.5,0.5,0.5,0.5
300gK3CnzW0.002.mp4,0.5222222222222223,0.4951456310679611,0.4112149532710281,0.5164835164835165,0.5208333333333334,0.5,0.5,0.5,0.5
300gK3CnzW0.004.mp4,0.4666666666666667,0.5631067961165048,0.4112149532710281,0.5714285714285714,0.5416666666666666,0.5,0.5,0.5,0.5
32XmVytuwQc.001.mp4,0.4777777777777778,0.22330097087378642,0.4112149532710281,0.4175824175824176,0.37499999999999994,0.5,0.5,0.5,0.5
35-2f1y0guA.000.mp4,0.7444444444444444,0.7378640776699029,0.6542056074766356,0.5604395604395604,0.6666666666666667,0.5,0.5,0.5,0.5
36NZ0sHWQFg.001.mp4,0.38888888888888895,0.22330097087378642,0.19626168224299068,0.3846153846153846,0.2395833333333333,0.5,0.5,0.5,0.5
36sZ__mv_KY.003.mp4,0.4666666666666667,0.4951456310679611,0.29906542056074764,0.5164835164835165,0.35416666666666663,0.5,0.5,0.5,0.5
38fE5B4ghw0.000.mp4,0.6777777777777777,0.4854368932038835,0.4579439252336449,0.4395604395604395,0.5208333333333334,0.5,0.5,0.5,0.5
38fE5B4ghw0.002.mp4,0.5888888888888889,0.3786407766990291,0.5140186915887851,0.5934065934065933,0.5520833333333334,0.5,0.5,0.5,0.5
38fE5B4ghw0.003.mp4,0.7555555555555554,0.5825242718446602,0.663551401869159,0.5714285714285714,0.7916666666666667,0.5,0.5,0.5,0.5
38fE5B4ghw0.004.mp4,0.6666666666666666,0.3883495145631068,0.6448598130841123,0.5714285714285714,0.6666666666666667,0.5,0.5,0.5,0.5
38fE5B4ghw0.005.mp4,0.7555555555555554,0.4951456310679611,0.6074766355140188,0.6373626373626373,0.59375,0.5,0.5,0.5,0.5
39BJkEXJpgc.001.mp4,0.33333333333333337,0.7087378640776699,0.33644859813084116,0.4835164835164835,0.4479166666666667,0.5,0.5,0.5,0.5
39BJkEXJpgc.003.mp4,0.3,0.7475728155339806,0.20560747663551404,0.4505494505494505,0.37499999999999994,0.5,0.5,0.5,0.5
39BJkEXJpgc.005.mp4,0.4777777777777778,0.7669902912621359,0.47663551401869164,0.7032967032967032,0.59375,0.5,0.5,0.5,0.5
39o1zJFeM7E.001.mp4,0.5111111111111111,0.5533980582524272,0.5140186915887851,0.3956043956043956,0.4895833333333333,0.5,0.5,0.5,0.5
39o1zJFeM7E.002.mp4,0.5,0.4563106796116505,0.4205607476635514,0.4945054945054945,0.45833333333333337,0.5,0.5,0.5,0.5
39o1zJFeM7E.003.mp4,0.888888888888889,0.6990291262135921,0.6822429906542057,0.7032967032967032,0.7395833333333333,0.5,0.5,0.5,0.5
39o1zJFeM7E.004.mp4,0.43333333333333335,0.27184466019417475,0.4112149532710281,0.4285714285714285,0.3645833333333333,0.5,0.5,0.5,0.5
3AyjQQYmqU4.000.mp4,0.5555555555555556,0.6407766990291262,0.4205607476635514,0.6153846153846153,0.625,0.5,0.5,0.5,0.5
3AyjQQYmqU4.001.mp4,0.5666666666666667,0.6504854368932039,0.48598130841121495,0.6043956043956044,0.5520833333333334,0.5,0.5,0.5,0.5
3AyjQQYmqU4.003.mp4,0.5888888888888889,0.6699029126213591,0.4112149532710281,0.5384615384615384,0.4166666666666667,0.5,0.5,0.5,0.5
3b9fhd-EDaY.001.mp4,0.711111111111111,0.5145631067961165,0.6074766355140188,0.7032967032967032,0.6666666666666667,0.5,0.5,0.5,0.5
3ccY8jYkI5o.000.mp4,0.7333333333333333,0.7087378640776699,0.8037383177570094,0.5714285714285714,0.8333333333333334,0.5,0.5,0.5,0.5
3ccY8jYkI5o.002.mp4,0.7999999999999999,0.6699029126213591,0.7570093457943926,0.7472527472527474,0.7916666666666667,0.5,0.5,0.5,0.5
3ccY8jYkI5o.004.mp4,0.7222222222222221,0.6796116504854369,0.8317757009345795,0.824175824175824,0.9375,0.5,0.5,0.5,0.5
3ccY8jYkI5o.005.mp4,0.7777777777777777,0.7378640776699029,0.6542056074766356,0.6153846153846153,0.7604166666666666,0.5,0.5,0.5,0.5
3df_Uk9EmwU.000.mp4,0.3,0.33980582524271846,0.4672897196261683,0.5274725274725275,0.4479166666666667,0.5,0.5,0.5,0.5
3df_Uk9EmwU.001.mp4,0.5555555555555556,0.5728155339805825,0.47663551401869164,0.5274725274725275,0.42708333333333337,0.5,0.5,0.5,0.5
3df_Uk9EmwU.004.mp4,0.7333333333333333,0.5242718446601942,0.6261682242990655,0.6813186813186812,0.59375,0.5,0.5,0.5,0.5
3df_Uk9EmwU.005.mp4,0.6222222222222222,0.5339805825242718,0.6261682242990655,0.6153846153846153,0.6666666666666667,0.5,0.5,0.5,0.5
3DURnr95fMg.000.mp4,0.5777777777777777,0.27184466019417475,0.3177570093457944,0.4175824175824176,0.28125,0.5,0.5,0.5,0.5
3DURnr95fMg.002.mp4,0.6,0.4660194174757281,0.30841121495327106,0.4945054945054945,0.42708333333333337,0.5,0.5,0.5,0.5
3DURnr95fMg.004.mp4,0.5222222222222223,0.3883495145631068,0.35514018691588783,0.4835164835164835,0.3333333333333333,0.5,0.5,0.5,0.5
3g6Ab-BIbR4.001.mp4,0.7,0.3786407766990291,0.6448598130841123,0.6153846153846153,0.40625000000000006,0.5,0.5,0.5,0.5
3gKpBq-1yG4.000.mp4,0.3111111111111111,0.35922330097087385,0.38317757009345793,0.5384615384615384,0.3854166666666667,0.5,0.5,0.5,0.5
3gKpBq-1yG4.001.mp4,0.38888888888888895,0.2912621359223301,0.37383177570093457,0.5274725274725275,0.32291666666666663,0.5,0.5,0.5,0.5
3gKpBq-1yG4.002.mp4,0.38888888888888895,0.3495145631067961,0.29906542056074764,0.3516483516483516,0.20833333333333331,0.5,0.5,0.5,0.5
3gKpBq-1yG4.003.mp4,0.5222222222222223,0.3786407766990291,0.37383177570093457,0.5494505494505494,0.40625000000000006,0.5,0.5,0.5,0.5
3gKpBq-1yG4.004.mp4,0.4666666666666667,0.5631067961165048,0.5700934579439253,0.6483516483516484,0.45833333333333337,0.5,0.5,0.5,0.5
3gKpBq-1yG4.005.mp4,0.5,0.3786407766990291,0.4205607476635514,0.5934065934065933,0.40625000000000006,0.5,0.5,0.5,0.5
3gmc2kLV4Bo.002.mp4,0.711111111111111,0.6893203883495147,0.6448598130841123,0.7142857142857143,0.7708333333333334,0.5,0.5,0.5,0.5
3GylAjrajHs.003.mp4,0.5666666666666667,0.33980582524271846,0.39252336448598135,0.5164835164835165,0.3854166666666667,0.5,0.5,0.5,0.5
3GylAjrajHs.004.mp4,0.5555555555555556,0.4563106796116505,0.2897196261682243,0.5054945054945055,0.42708333333333337,0.5,0.5,0.5,0.5
3HA2W1s4oP8.000.mp4,0.5444444444444444,0.5048543689320388,0.4953271028037384,0.4835164835164835,0.5729166666666666,0.5,0.5,0.5,0.5
3HA2W1s4oP8.001.mp4,0.38888888888888895,0.42718446601941745,0.4018691588785047,0.5384615384615384,0.5104166666666666,0.5,0.5,0.5,0.5
3HA2W1s4oP8.002.mp4,0.6333333333333333,0.3883495145631068,0.47663551401869164,0.6263736263736264,0.4479166666666667,0.5,0.5,0.5,0.5
3HA2W1s4oP8.003.mp4,0.5444444444444444,0.5145631067961165,0.4205607476635514,0.5714285714285714,0.5104166666666666,0.5,0.5,0.5,0.5
3hKgh9AB3tk.001.mp4,0.5444444444444444,0.23300970873786406,0.4018691588785047,0.5164835164835165,0.34374999999999994,0.5,0.5,0.5,0.5
3hKgh9AB3tk.002.mp4,0.4777777777777778,0.4466019417475728,0.2897196261682243,0.5714285714285714,0.42708333333333337,0.5,0.5,0.5,0.5
3hKgh9AB3tk.005.mp4,0.33333333333333337,0.3883495145631068,0.35514018691588783,0.4725274725274725,0.4166666666666667,0.5,0.5,0.5,0.5
3J7Cl3FXs1o.001.mp4,0.6444444444444444,0.6116504854368932,0.588785046728972,0.7802197802197802,0.5729166666666666,0.5,0.5,0.5,0.5
3J7Cl3FXs1o.004.mp4,0.5555555555555556,0.6796116504854369,0.4205607476635514,0.7362637362637363,0.5833333333333333,0.5,0.5,0.5,0.5
3JAFkk42zPs.004.mp4,0.4666666666666667,0.15533980582524273,0.13084112149532712,0.24175824175824176,0.2604166666666667,0.5,0.5,0.5,0.5
3JAFkk42zPs.005.mp4,0.4666666666666667,0.18446601941747573,0.24299065420560748,0.23076923076923075,0.25,0.5,0.5,0.5,0.5
3JzvXA-Zfbs.000.mp4,0.4777777777777778,0.5048543689320388,0.4392523364485981,0.5604395604395604,0.4375,0.5,0.5,0.5,0.5
3JzvXA-Zfbs.001.mp4,0.5111111111111111,0.42718446601941745,0.37383177570093457,0.4505494505494505,0.40625000000000006,0.5,0.5,0.5,0.5
3JzvXA-Zfbs.002.mp4,0.33333333333333337,0.3300970873786408,0.30841121495327106,0.4615384615384615,0.2708333333333333,0.5,0.5,0.5,0.5
3JzvXA-Zfbs.003.mp4,0.3666666666666667,0.2912621359223301,0.29906542056074764,0.3846153846153846,0.3645833333333333,0.5,0.5,0.5,0.5
3K16KyiAZHw.004.mp4,0.6555555555555556,0.5048543689320388,0.4205607476635514,0.6813186813186812,0.5520833333333334,0.5,0.5,0.5,0.5
3LAaFUSGvsU.001.mp4,0.5222222222222223,0.6796116504854369,0.3457943925233645,0.4725274725274725,0.4791666666666667,0.5,0.5,0.5,0.5
3LAaFUSGvsU.003.mp4,0.5666666666666667,0.6990291262135921,0.38317757009345793,0.6043956043956044,0.5416666666666666,0.5,0.5,0.5,0.5
3LAaFUSGvsU.004.mp4,0.5888888888888889,0.8640776699029126,0.48598130841121495,0.5164835164835165,0.7395833333333333,0.5,0.5,0.5,0.5
3lV-sr3NOUo.003.mp4,0.6,0.4368932038834952,0.5514018691588786,0.4615384615384615,0.45833333333333337,0.5,0.5,0.5,0.5
3lV-sr3NOUo.004.mp4,0.3555555555555556,0.24271844660194175,0.24299065420560748,0.4615384615384615,0.29166666666666663,0.5,0.5,0.5,0.5
3nxH1f6IQjQ.000.mp4,0.6777777777777777,0.5533980582524272,0.5327102803738318,0.6263736263736264,0.5208333333333334,0.5,0.5,0.5,0.5
3OoQBXWTGfE.000.mp4,0.38888888888888895,0.22330097087378642,0.14953271028037385,0.30769230769230765,0.28125,0.5,0.5,0.5,0.5
3OoQBXWTGfE.001.mp4,0.4666666666666667,0.14563106796116504,0.046728971962616814,0.30769230769230765,0.32291666666666663,0.5,0.5,0.5,0.5
3OoQBXWTGfE.002.mp4,0.4,0.2524271844660194,0.16822429906542055,0.31868131868131866,0.3333333333333333,0.5,0.5,0.5,0.5
3OoQBXWTGfE.004.mp4,0.4,0.10679611650485439,0.14018691588785046,0.31868131868131866,0.28125,0.5,0.5,0.5,0.5
3orJLMVqWYw.000.mp4,0.5666666666666667,0.4466019417475728,0.6168224299065421,0.7362637362637363,0.5208333333333334,0.5,0.5,0.5,0.5
3orJLMVqWYw.004.mp4,0.4444444444444445,0.4174757281553398,0.48598130841121495,0.5934065934065933,0.45833333333333337,0.5,0.5,0.5,0.5
3P_D_bd-_NM.000.mp4,0.5888888888888889,0.47572815533980584,0.6542056074766356,0.7802197802197802,0.4375,0.5,0.5,0.5,0.5
3P_D_bd-_NM.001.mp4,0.5222222222222223,0.47572815533980584,0.5981308411214954,0.6373626373626373,0.5833333333333333,0.5,0.5,0.5,0.5
3P_D_bd-_NM.003.mp4,0.34444444444444444,0.2815533980582524,0.24299065420560748,0.3736263736263736,0.37499999999999994,0.5,0.5,0.5,0.5
3P_D_bd-_NM.005.mp4,0.6,0.4563106796116505,0.5700934579439253,0.6593406593406592,0.5,0.5,0.5,0.5,0.5
3pJZOCtAzYE.001.mp4,0.711111111111111,0.6893203883495147,0.691588785046729,0.6703296703296703,0.59375,0.5,0.5,0.5,0.5
3Q3SB1dVAng.000.mp4,0.5,0.5339805825242718,0.47663551401869164,0.6153846153846153,0.37499999999999994,0.5,0.5,0.5,0.5
3Q3SB1dVAng.001.mp4,0.5444444444444444,0.6019417475728155,0.48598130841121495,0.4725274725274725,0.40625000000000006,0.5,0.5,0.5,0.5
3Q3SB1dVAng.002.mp4,0.4888888888888889,0.5922330097087379,0.5046728971962617,0.6153846153846153,0.4166666666666667,0.5,0.5,0.5,0.5
3Q3SB1dVAng.003.mp4,0.6222222222222222,0.6699029126213591,0.5233644859813085,0.6043956043956044,0.5,0.5,0.5,0.5,0.5
3Q3SB1dVAng.005.mp4,0.5777777777777777,0.5631067961165048,0.47663551401869164,0.5604395604395604,0.5520833333333334,0.5,0.5,0.5,0.5
3R2LrAKCWr8.001.mp4,0.5555555555555556,0.5048543689320388,0.38317757009345793,0.6593406593406592,0.5833333333333333,0.5,0.5,0.5,0.5
3R2LrAKCWr8.002.mp4,0.4,0.5922330097087379,0.4018691588785047,0.5054945054945055,0.5208333333333334,0.5,0.5,0.5,0.5
3RhBqNzCMG8.001.mp4,0.6666666666666666,0.8446601941747574,0.5046728971962617,0.5054945054945055,0.6354166666666666,0.5,0.5,0.5,0.5
3S72dDIm1fM.000.mp4,0.6888888888888889,0.6796116504854369,0.37383177570093457,0.7142857142857143,0.6145833333333333,0.5,0.5,0.5,0.5
3S72dDIm1fM.001.mp4,0.6333333333333333,0.6796116504854369,0.588785046728972,0.7582417582417583,0.7500000000000001,0.5,0.5,0.5,0.5
3S8QUGYVf_w.000.mp4,0.7555555555555554,0.5728155339805825,0.5140186915887851,0.6043956043956044,0.6354166666666666,0.5,0.5,0.5,0.5
3S8QUGYVf_w.001.mp4,0.7666666666666666,0.7281553398058251,0.5700934579439253,0.5274725274725275,0.5833333333333333,0.5,0.5,0.5,0.5
3S8QUGYVf_w.003.mp4,0.9777777777777777,0.7572815533980582,0.7476635514018694,0.7912087912087912,0.7083333333333334,0.5,0.5,0.5,0.5
3S8QUGYVf_w.004.mp4,0.7222222222222221,0.8543689320388351,0.7102803738317757,0.835164835164835,0.6458333333333333,0.5,0.5,0.5,0.5
3Sj-GZ3YXWs.000.mp4,0.6222222222222222,0.4077669902912622,0.4485981308411215,0.5164835164835165,0.5520833333333334,0.5,0.5,0.5,0.5
3Sj-GZ3YXWs.001.mp4,0.5444444444444444,0.3495145631067961,0.4672897196261683,0.4835164835164835,0.59375,0.5,0.5,0.5,0.5
3Sj-GZ3YXWs.002.mp4,0.5111111111111111,0.5048543689320388,0.4112149532710281,0.6043956043956044,0.59375,0.5,0.5,0.5,0.5
3Sj-GZ3YXWs.004.mp4,0.5222222222222223,0.4077669902912622,0.4392523364485981,0.4175824175824176,0.4791666666666667,0.5,0.5,0.5,0.5
3Sj-GZ3YXWs.005.mp4,0.7222222222222221,0.47572815533980584,0.4205607476635514,0.6263736263736264,0.5520833333333334,0.5,0.5,0.5,0.5
3taD1fEPfC8.001.mp4,0.4666666666666667,0.4563106796116505,0.37383177570093457,0.4615384615384615,0.40625000000000006,0.5,0.5,0.5,0.5
3taD1fEPfC8.002.mp4,0.43333333333333335,0.47572815533980584,0.37383177570093457,0.3406593406593406,0.53125,0.5,0.5,0.5,0.5
3taD1fEPfC8.003.mp4,0.5333333333333333,0.3203883495145631,0.29906542056074764,0.25274725274725274,0.40625000000000006,0.5,0.5,0.5,0.5
3taD1fEPfC8.004.mp4,0.611111111111111,0.5436893203883495,0.4392523364485981,0.5494505494505494,0.5625,0.5,0.5,0.5,0.5
3tPq9fNOXZQ.001.mp4,0.5555555555555556,0.3495145631067961,0.5514018691588786,0.5054945054945055,0.46875,0.5,0.5,0.5,0.5
3tPq9fNOXZQ.002.mp4,0.5444444444444444,0.5533980582524272,0.5420560747663552,0.5054945054945055,0.4166666666666667,0.5,0.5,0.5,0.5
3tPq9fNOXZQ.003.mp4,0.4777777777777778,0.5631067961165048,0.2897196261682243,0.4615384615384615,0.45833333333333337,0.5,0.5,0.5,0.5
3tPq9fNOXZQ.005.mp4,0.3777777777777778,0.3203883495145631,0.33644859813084116,0.4285714285714285,0.3020833333333333,0.5,0.5,0.5,0.5
3Vr5-zedeWk.000.mp4,0.34444444444444444,0.5631067961165048,0.2149532710280374,0.30769230769230765,0.4895833333333333,0.5,0.5,0.5,0.5
3Vr5-zedeWk.002.mp4,0.33333333333333337,0.4466019417475728,0.08411214953271029,0.29670329670329665,0.42708333333333337,0.5,0.5,0.5,0.5
3Vr5-zedeWk.003.mp4,0.23333333333333334,0.5631067961165048,0.12149532710280371,0.10989010989010992,0.35416666666666663,0.5,0.5,0.5,0.5
3Vr5-zedeWk.004.mp4,0.45555555555555555,0.6310679611650486,0.26168224299065423,0.4945054945054945,0.5520833333333334,0.5,0.5,0.5,0.5
3Vr5-zedeWk.005.mp4,0.3777777777777778,0.4660194174757281,0.2897196261682243,0.3956043956043956,0.39583333333333337,0.5,0.5,0.5,0.5
3VTL2kFt17M.000.mp4,0.7333333333333333,0.5242718446601942,0.5981308411214954,0.6373626373626373,0.6979166666666666,0.5,0.5,0.5,0.5
3VTL2kFt17M.002.mp4,0.5222222222222223,0.5922330097087379,0.4485981308411215,0.6043956043956044,0.40625000000000006,0.5,0.5,0.5,0.5
3VTL2kFt17M.004.mp4,0.6666666666666666,0.36893203883495146,0.37383177570093457,0.5824175824175825,0.6041666666666666,0.5,0.5,0.5,0.5
3VTL2kFt17M.005.mp4,0.7555555555555554,0.3786407766990291,0.6355140186915887,0.7582417582417583,0.5416666666666666,0.5,0.5,0.5,0.5
3VyriB3isO8.001.mp4,0.5666666666666667,0.4466019417475728,0.6355140186915887,0.5274725274725275,0.46875,0.5,0.5,0.5,0.5
3VyriB3isO8.004.mp4,0.45555555555555555,0.4368932038834952,0.4672897196261683,0.4175824175824176,0.4479166666666667,0.5,0.5,0.5,0.5
3wgZrRMosvY.002.mp4,0.7222222222222221,0.5242718446601942,0.663551401869159,0.6373626373626373,0.625,0.5,0.5,0.5,0.5
3wgZrRMosvY.003.mp4,0.6666666666666666,0.5048543689320388,0.6448598130841123,0.5604395604395604,0.5208333333333334,0.5,0.5,0.5,0.5
3WmWJ1lNy-U.000.mp4,0.4777777777777778,0.4466019417475728,0.3457943925233645,0.4945054945054945,0.4166666666666667,0.5,0.5,0.5,0.5
3WmWJ1lNy-U.001.mp4,0.43333333333333335,0.3980582524271845,0.4485981308411215,0.4615384615384615,0.37499999999999994,0.5,0.5,0.5,0.5
3WoXkI06zGk.001.mp4,0.5222222222222223,0.42718446601941745,0.28037383177570097,0.4725274725274725,0.3020833333333333,0.5,0.5,0.5,0.5
3WoXkI06zGk.002.mp4,0.5444444444444444,0.3203883495145631,0.13084112149532712,0.32967032967032966,0.2708333333333333,0.5,0.5,0.5,0.5
3WoXkI06zGk.003.mp4,0.4666666666666667,0.31067961165048547,0.4018691588785047,0.3736263736263736,0.4166666666666667,0.5,0.5,0.5,0.5
3WPXm_5f4Lw.002.mp4,0.4777777777777778,0.3883495145631068,0.3177570093457944,0.4065934065934066,0.42708333333333337,0.5,0.5,0.5,0.5
3wRj39GKLJ0.001.mp4,0.6555555555555556,0.2621359223300971,0.5140186915887851,0.6373626373626373,0.59375,0.5,0.5,0.5,0.5
3y3au0hVfm8.001.mp4,0.6888888888888889,0.47572815533980584,0.6074766355140188,0.5714285714285714,0.5208333333333334,0.5,0.5,0.5,0.5
3ySH8eJQRCI.001.mp4,0.4666666666666667,0.6213592233009709,0.48598130841121495,0.7252747252747254,0.45833333333333337,0.5,0.5,0.5,0.5
3ySH8eJQRCI.002.mp4,0.5888888888888889,0.36893203883495146,0.4299065420560748,0.6923076923076923,0.5208333333333334,0.5,0.5,0.5,0.5
3ySH8eJQRCI.003.mp4,0.5444444444444444,0.4368932038834952,0.3457943925233645,0.6263736263736264,0.4791666666666667,0.5,0.5,0.5,0.5
3ySH8eJQRCI.004.mp4,0.6444444444444444,0.4660194174757281,0.48598130841121495,0.7142857142857143,0.4895833333333333,0.5,0.5,0.5,0.5
3ySH8eJQRCI.005.mp4,0.6,0.33980582524271846,0.5607476635514019,0.6043956043956044,0.5729166666666666,0.5,0.5,0.5,0.5
3yU-7AXnFCM.002.mp4,0.32222222222222224,0.22330097087378642,0.22429906542056074,0.2857142857142857,0.22916666666666663,0.5,0.5,0.5,0.5
3yU-7AXnFCM.003.mp4,0.5555555555555556,0.2912621359223301,0.5233644859813085,0.4725274725274725,0.5104166666666666,0.5,0.5,0.5,0.5
3zAyM2edy1g.000.mp4,0.5,0.5631067961165048,0.3177570093457944,0.5714285714285714,0.42708333333333337,0.5,0.5,0.5,0.5
3zAyM2edy1g.001.mp4,0.2777777777777778,0.3203883495145631,0.2897196261682243,0.30769230769230765,0.21874999999999997,0.5,0.5,0.5,0.5
3zAyM2edy1g.004.mp4,0.11111111111111116,0.35922330097087385,0.037383177570093414,0.23076923076923075,0.1666666666666666,0.5,0.5,0.5,0.5
3ZwXifihvtA.000.mp4,0.4666666666666667,0.3203883495145631,0.30841121495327106,0.4615384615384615,0.40625000000000006,0.5,0.5,0.5,0.5
40rn4A64Bdk.001.mp4,0.4222222222222222,0.2912621359223301,0.4205607476635514,0.3846153846153846,0.37499999999999994,0.5,0.5,0.5,0.5
40rn4A64Bdk.003.mp4,0.5888888888888889,0.3786407766990291,0.5233644859813085,0.5384615384615384,0.6041666666666666,0.5,0.5,0.5,0.5
41NNb7cucVo.000.mp4,0.7222222222222221,0.5145631067961165,0.7570093457943926,0.5934065934065933,0.5833333333333333,0.5,0.5,0.5,0.5
41NNb7cucVo.001.mp4,0.5444444444444444,0.36893203883495146,0.5233644859813085,0.6923076923076923,0.4895833333333333,0.5,0.5,0.5,0.5
41NNb7cucVo.002.mp4,0.711111111111111,0.5339805825242718,0.5140186915887851,0.7252747252747254,0.625,0.5,0.5,0.5,0.5
41NNb7cucVo.003.mp4,0.5888888888888889,0.4466019417475728,0.5700934579439253,0.5714285714285714,0.6041666666666666,0.5,0.5,0.5,0.5
43tayteIFRk.005.mp4,0.611111111111111,0.5825242718446602,0.4018691588785047,0.6813186813186812,0.5625,0.5,0.5,0.5,0.5
44rxmXiga90.001.mp4,0.3777777777777778,0.3883495145631068,0.4579439252336449,0.6153846153846153,0.46875,0.5,0.5,0.5,0.5
44rxmXiga90.002.mp4,0.6555555555555556,0.4660194174757281,0.588785046728972,0.6923076923076923,0.6458333333333333,0.5,0.5,0.5,0.5
44rxmXiga90.003.mp4,0.4666666666666667,0.6019417475728155,0.5046728971962617,0.5824175824175825,0.5208333333333334,0.5,0.5,0.5,0.5
44rxmXiga90.004.mp4,0.6222222222222222,0.5048543689320388,0.37383177570093457,0.6593406593406592,0.40625000000000006,0.5,0.5,0.5,0.5
44rxmXiga90.005.mp4,0.6,0.4951456310679611,0.48598130841121495,0.6043956043956044,0.7187499999999999,0.5,0.5,0.5,0.5
45SH4ohAH3M.000.mp4,0.3555555555555556,0.21359223300970873,0.3177570093457944,0.5604395604395604,0.2708333333333333,0.5,0.5,0.5,0.5
45SH4ohAH3M.001.mp4,0.34444444444444444,0.3495145631067961,0.2710280373831776,0.3956043956043956,0.3645833333333333,0.5,0.5,0.5,0.5
45SH4ohAH3M.005.mp4,0.4666666666666667,0.2815533980582524,0.33644859813084116,0.2857142857142857,0.3645833333333333,0.5,0.5,0.5,0.5
48S9_KZvzVw.001.mp4,0.7999999999999999,0.9029126213592233,0.6822429906542057,0.7142857142857143,0.7812499999999999,0.5,0.5,0.5,0.5
48S9_KZvzVw.003.mp4,0.7666666666666666,0.7864077669902914,0.588785046728972,0.6813186813186812,0.6458333333333333,0.5,0.5,0.5,0.5
48S9_KZvzVw.004.mp4,0.8333333333333333,0.8932038834951456,0.7570093457943926,0.7802197802197802,0.8541666666666667,0.5,0.5,0.5,0.5
48S9_KZvzVw.005.mp4,0.7,0.7669902912621359,0.6728971962616823,0.7472527472527474,0.7604166666666666,0.5,0.5,0.5,0.5
495hLlCEW64.001.mp4,0.6777777777777777,0.6213592233009709,0.5607476635514019,0.4945054945054945,0.5520833333333334,0.5,0.5,0.5,0.5
495hLlCEW64.002.mp4,0.6333333333333333,0.5145631067961165,0.6542056074766356,0.5934065934065933,0.5729166666666666,0.5,0.5,0.5,0.5
495hLlCEW64.003.mp4,0.7444444444444444,0.5825242718446602,0.7383177570093458,0.7472527472527474,0.6979166666666666,0.5,0.5,0.5,0.5
4a6-tNo-NDM.000.mp4,0.4888888888888889,0.4854368932038835,0.3177570093457944,0.5494505494505494,0.46875,0.5,0.5,0.5,0.5
4bDOetaLvZs.001.mp4,0.1888888888888889,0.2038834951456311,0.14018691588785046,0.24175824175824176,0.1666666666666666,0.5,0.5,0.5,0.5
4bDOetaLvZs.004.mp4,0.3111111111111111,0.2621359223300971,0.1588785046728972,0.2857142857142857,0.1666666666666666,0.5,0.5,0.5,0.5
4bDOetaLvZs.005.mp4,0.32222222222222224,0.2038834951456311,0.13084112149532712,0.15384615384615383,0.2395833333333333,0.5,0.5,0.5,0.5
4CiR99jTzso.000.mp4,0.4888888888888889,0.17475728155339804,0.4299065420560748,0.5274725274725275,0.25,0.5,0.5,0.5,0.5
4CSV8L7aVik.000.mp4,0.6333333333333333,0.5145631067961165,0.6168224299065421,0.5164835164835165,0.4375,0.5,0.5,0.5,0.5
4F-WBGPXiqQ.001.mp4,0.5111111111111111,0.3786407766990291,0.39252336448598135,0.4945054945054945,0.4166666666666667,0.5,0.5,0.5,0.5
4fN-DKUzgWQ.001.mp4,0.4444444444444445,0.5436893203883495,0.3457943925233645,0.4945054945054945,0.4479166666666667,0.5,0.5,0.5,0.5
4fN-DKUzgWQ.005.mp4,0.5222222222222223,0.5339805825242718,0.5046728971962617,0.5054945054945055,0.5729166666666666,0.5,0.5,0.5,0.5
4ICb270oLpE.000.mp4,0.7,0.6310679611650486,0.5981308411214954,0.6153846153846153,0.6458333333333333,0.5,0.5,0.5,0.5
4ICb270oLpE.002.mp4,0.7,0.6601941747572816,0.5046728971962617,0.6483516483516484,0.6145833333333333,0.5,0.5,0.5,0.5
4JjpfL4y3XM.000.mp4,0.7,0.6504854368932039,0.5794392523364487,0.5494505494505494,0.6041666666666666,0.5,0.5,0.5,0.5
4JjpfL4y3XM.001.mp4,0.5777777777777777,0.6990291262135921,0.5514018691588786,0.6373626373626373,0.5729166666666666,0.5,0.5,0.5,0.5
4JYmE9a21aI.002.mp4,0.5777777777777777,0.3980582524271845,0.36448598130841126,0.3736263736263736,0.45833333333333337,0.5,0.5,0.5,0.5
4JYmE9a21aI.004.mp4,0.6666666666666666,0.5631067961165048,0.4672897196261683,0.6263736263736264,0.5833333333333333,0.5,0.5,0.5,0.5
4KD3XCMsIBs.004.mp4,0.7222222222222221,0.4466019417475728,0.5981308411214954,0.3516483516483516,0.5833333333333333,0.5,0.5,0.5,0.5
4kIHxR6s1L4.001.mp4,0.6888888888888889,0.5922330097087379,0.6822429906542057,0.7692307692307692,0.6354166666666666,0.5,0.5,0.5,0.5
4kIHxR6s1L4.004.mp4,0.6222222222222222,0.6796116504854369,0.6448598130841123,0.7032967032967032,0.7395833333333333,0.5,0.5,0.5,0.5
4kIHxR6s1L4.005.mp4,0.6777777777777777,0.5728155339805825,0.6168224299065421,0.6923076923076923,0.7083333333333334,0.5,0.5,0.5,0.5
4lH5nLSwmoM.001.mp4,0.33333333333333337,0.47572815533980584,0.3457943925233645,0.4725274725274725,0.39583333333333337,0.5,0.5,0.5,0.5
4lH5nLSwmoM.003.mp4,0.5666666666666667,0.5728155339805825,0.4579439252336449,0.5274725274725275,0.6354166666666666,0.5,0.5,0.5,0.5
4lIbWq27O84.000.mp4,0.6777777777777777,0.5631067961165048,0.4953271028037384,0.7472527472527474,0.65625,0.5,0.5,0.5,0.5
4lIbWq27O84.001.mp4,0.5444444444444444,0.36893203883495146,0.36448598130841126,0.5054945054945055,0.4375,0.5,0.5,0.5,0.5
4lIbWq27O84.002.mp4,0.5666666666666667,0.4854368932038835,0.5046728971962617,0.6593406593406592,0.5208333333333334,0.5,0.5,0.5,0.5
4lj66h4CXI8.002.mp4,0.8222222222222221,0.8543689320388351,0.6728971962616823,0.6483516483516484,0.6354166666666666,0.5,0.5,0.5,0.5
4lj66h4CXI8.003.mp4,0.7777777777777777,0.7087378640776699,0.7476635514018694,0.6923076923076923,0.6979166666666666,0.5,0.5,0.5,0.5
4lj66h4CXI8.005.mp4,0.5666666666666667,0.6310679611650486,0.588785046728972,0.5164835164835165,0.6041666666666666,0.5,0.5,0.5,0.5
4lyKh2_xCDQ.003.mp4,0.6555555555555556,0.4077669902912622,0.6355140186915887,0.4065934065934066,0.5520833333333334,0.5,0.5,0.5,0.5
4lyKh2_xCDQ.004.mp4,0.7777777777777777,0.5533980582524272,0.5700934579439253,0.6263736263736264,0.7083333333333334,0.5,0.5,0.5,0.5
4LZJvOecyM8.001.mp4,0.6555555555555556,0.4368932038834952,0.47663551401869164,0.6043956043956044,0.5208333333333334,0.5,0.5,0.5,0.5
4LZJvOecyM8.002.mp4,0.7555555555555554,0.5533980582524272,0.4205607476635514,0.4835164835164835,0.5208333333333334,0.5,0.5,0.5,0.5
4LZJvOecyM8.005.mp4,0.7555555555555554,0.33980582524271846,0.48598130841121495,0.4175824175824176,0.3854166666666667,0.5,0.5,0.5,0.5
4nir0YtjHVs.001.mp4,0.7333333333333333,0.6504854368932039,0.6168224299065421,0.7032967032967032,0.65625,0.5,0.5,0.5,0.5
4nir0YtjHVs.002.mp4,0.6777777777777777,0.4466019417475728,0.663551401869159,0.5274725274725275,0.65625,0.5,0.5,0.5,0.5
4nJLbAKgwfw.005.mp4,0.3666666666666667,0.3883495145631068,0.3271028037383178,0.4615384615384615,0.6354166666666666,0.5,0.5,0.5,0.5
4NzqG0XwOWg.002.mp4,0.7888888888888888,0.6601941747572816,0.6168224299065421,0.6703296703296703,0.7812499999999999,0.5,0.5,0.5,0.5
4NzqG0XwOWg.004.mp4,0.6666666666666666,0.6116504854368932,0.7196261682242993,0.846153846153846,0.6458333333333333,0.5,0.5,0.5,0.5
4Qr1BjZhnpg.003.mp4,0.5555555555555556,0.4077669902912622,0.38317757009345793,0.3846153846153846,0.5,0.5,0.5,0.5,0.5
4QUgf0dHnKk.004.mp4,0.5555555555555556,0.5631067961165048,0.47663551401869164,0.6153846153846153,0.5729166666666666,0.5,0.5,0.5,0.5
4QUgf0dHnKk.005.mp4,0.5777777777777777,0.4854368932038835,0.5233644859813085,0.6483516483516484,0.625,0.5,0.5,0.5,0.5
4RoZPrjRQZE.000.mp4,0.3666666666666667,0.2621359223300971,0.26168224299065423,0.3626373626373627,0.32291666666666663,0.5,0.5,0.5,0.5
4sCa35TOxgs.001.mp4,0.611111111111111,0.5631067961165048,0.6355140186915887,0.5384615384615384,0.5625,0.5,0.5,0.5,0.5
4T9UUWWRE94.000.mp4,0.7555555555555554,0.5631067961165048,0.8411214953271028,0.912087912087912,0.6979166666666666,0.5,0.5,0.5,0.5
4T9UUWWRE94.003.mp4,0.6666666666666666,0.2912621359223301,0.4018691588785047,0.3626373626373627,0.42708333333333337,0.5,0.5,0.5,0.5
4TpJ1FT2w6Y.001.mp4,0.6555555555555556,0.7669902912621359,0.7009345794392524,0.6593406593406592,0.6979166666666666,0.5,0.5,0.5,0.5
4TpJ1FT2w6Y.003.mp4,0.8222222222222221,0.8640776699029126,0.822429906542056,0.8021978021978021,0.8645833333333334,0.5,0.5,0.5,0.5
4TpJ1FT2w6Y.004.mp4,0.7444444444444444,0.7475728155339806,0.7383177570093458,0.7252747252747254,0.7500000000000001,0.5,0.5,0.5,0.5
4TpJ1FT2w6Y.005.mp4,0.7666666666666666,0.7961165048543688,0.5981308411214954,0.7472527472527474,0.7395833333333333,0.5,0.5,0.5,0.5
4V7doeEKsus.001.mp4,0.4888888888888889,0.33980582524271846,0.4485981308411215,0.4285714285714285,0.32291666666666663,0.5,0.5,0.5,0.5
4V7doeEKsus.002.mp4,0.6222222222222222,0.5048543689320388,0.4205607476635514,0.5164835164835165,0.5520833333333334,0.5,0.5,0.5,0.5
4vdJGgZpj4k.004.mp4,0.6222222222222222,0.5728155339805825,0.48598130841121495,0.5604395604395604,0.6666666666666667,0.5,0.5,0.5,0.5
4vdJGgZpj4k.005.mp4,0.5222222222222223,0.5145631067961165,0.3177570093457944,0.3846153846153846,0.5,0.5,0.5,0.5,0.5
4vJ69g7gAH4.001.mp4,0.5444444444444444,0.5242718446601942,0.35514018691588783,0.6593406593406592,0.5625,0.5,0.5,0.5,0.5
4VwcU0ROy5k.001.mp4,0.711111111111111,0.6310679611650486,0.588785046728972,0.6813186813186812,0.6458333333333333,0.5,0.5,0.5,0.5
4VwcU0ROy5k.002.mp4,0.8333333333333333,0.7184466019417477,0.6822429906542057,0.5384615384615384,0.7291666666666667,0.5,0.5,0.5,0.5
4VwcU0ROy5k.004.mp4,0.43333333333333335,0.5825242718446602,0.5233644859813085,0.6263736263736264,0.42708333333333337,0.5,0.5,0.5,0.5
4xdT0Uedsro.000.mp4,0.45555555555555555,0.5728155339805825,0.4392523364485981,0.4615384615384615,0.5833333333333333,0.5,0.5,0.5,0.5
4xdT0Uedsro.002.mp4,0.4444444444444445,0.5825242718446602,0.4205607476635514,0.6923076923076923,0.5,0.5,0.5,0.5,0.5
4XdZDodpzac.000.mp4,0.3777777777777778,0.5728155339805825,0.39252336448598135,0.5934065934065933,0.4479166666666667,0.5,0.5,0.5,0.5
4XdZDodpzac.003.mp4,0.5555555555555556,0.4854368932038835,0.30841121495327106,0.5494505494505494,0.32291666666666663,0.5,0.5,0.5,0.5
4yogPbHFQ9o.002.mp4,0.4888888888888889,0.47572815533980584,0.3457943925233645,0.5934065934065933,0.4895833333333333,0.5,0.5,0.5,0.5
4yogPbHFQ9o.003.mp4,0.5555555555555556,0.3980582524271845,0.4205607476635514,0.5274725274725275,0.3854166666666667,0.5,0.5,0.5,0.5
4yogPbHFQ9o.004.mp4,0.3555555555555556,0.35922330097087385,0.22429906542056074,0.4945054945054945,0.20833333333333331,0.5,0.5,0.5,0.5
4yogPbHFQ9o.005.mp4,0.3777777777777778,0.4660194174757281,0.2897196261682243,0.4065934065934066,0.3645833333333333,0.5,0.5,0.5,0.5
4zkY1SG-7xc.003.mp4,0.41111111111111115,0.36893203883495146,0.24299065420560748,0.5054945054945055,0.32291666666666663,0.5,0.5,0.5,0.5
4ZlcaXadwlo.000.mp4,0.5222222222222223,0.4077669902912622,0.5046728971962617,0.5274725274725275,0.37499999999999994,0.5,0.5,0.5,0.5
4ZlcaXadwlo.001.mp4,0.45555555555555555,0.5339805825242718,0.4018691588785047,0.5054945054945055,0.39583333333333337,0.5,0.5,0.5,0.5
4ZlcaXadwlo.003.mp4,0.41111111111111115,0.31067961165048547,0.37383177570093457,0.4175824175824176,0.3020833333333333,0.5,0.5,0.5,0.5
4ZlcaXadwlo.005.mp4,0.6777777777777777,0.4854368932038835,0.7663551401869159,0.5494505494505494,0.65625,0.5,0.5,0.5,0.5
5-mwIFjOWZ4.000.mp4,0.5111111111111111,0.5048543689320388,0.5140186915887851,0.5934065934065933,0.46875,0.5,0.5,0.5,0.5
50gokPvvMs8.000.mp4,0.5,0.4951456310679611,0.4205607476635514,0.4835164835164835,0.4895833333333333,0.5,0.5,0.5,0.5
50gokPvvMs8.002.mp4,0.6555555555555556,0.5728155339805825,0.6448598130841123,0.4945054945054945,0.6458333333333333,0.5,0.5,0.5,0.5
51hGkzvYP00.001.mp4,0.6,0.5436893203883495,0.5327102803738318,0.6593406593406592,0.6145833333333333,0.5,0.5,0.5,0.5
51KRxB3g7A8.000.mp4,0.6555555555555556,0.5145631067961165,0.6448598130841123,0.6043956043956044,0.4791666666666667,0.5,0.5,0.5,0.5
51z2rCqPqPE.003.mp4,0.6222222222222222,0.6019417475728155,0.48598130841121495,0.5054945054945055,0.6458333333333333,0.5,0.5,0.5,0.5
51z2rCqPqPE.005.mp4,0.8999999999999999,0.7184466019417477,0.6728971962616823,0.6263736263736264,0.6770833333333334,0.5,0.5,0.5,0.5
521sm7CTyfg.000.mp4,0.28888888888888886,0.33980582524271846,0.2336448598130841,0.32967032967032966,0.17708333333333331,0.5,0.5,0.5,0.5
521sm7CTyfg.001.mp4,0.4444444444444445,0.5436893203883495,0.4112149532710281,0.5824175824175825,0.6041666666666666,0.5,0.5,0.5,0.5
521sm7CTyfg.003.mp4,0.5555555555555556,0.5048543689320388,0.39252336448598135,0.5714285714285714,0.45833333333333337,0.5,0.5,0.5,0.5
521sm7CTyfg.004.mp4,0.5111111111111111,0.4077669902912622,0.3457943925233645,0.5384615384615384,0.45833333333333337,0.5,0.5,0.5,0.5
521sm7CTyfg.005.mp4,0.611111111111111,0.7184466019417477,0.7850467289719627,0.7582417582417583,0.6354166666666666,0.5,0.5,0.5,0.5
53gtUkC7IZM.001.mp4,0.5555555555555556,0.33980582524271846,0.47663551401869164,0.4725274725274725,0.42708333333333337,0.5,0.5,0.5,0.5
53QFyec0uN0.002.mp4,0.7333333333333333,0.7184466019417477,0.7850467289719627,0.7362637362637363,0.8541666666666667,0.5,0.5,0.5,0.5
53QFyec0uN0.003.mp4,0.5666666666666667,0.5728155339805825,0.6074766355140188,0.6263736263736264,0.6354166666666666,0.5,0.5,0.5,0.5
53srfuqv9LM.001.mp4,0.4777777777777778,0.4563106796116505,0.47663551401869164,0.4945054945054945,0.45833333333333337,0.5,0.5,0.5,0.5
53srfuqv9LM.002.mp4,0.5,0.3300970873786408,0.4205607476635514,0.5384615384615384,0.59375,0.5,0.5,0.5,0.5
54JawR1x0II.001.mp4,0.7,0.5242718446601942,0.33644859813084116,0.5054945054945055,0.42708333333333337,0.5,0.5,0.5,0.5
54JawR1x0II.002.mp4,0.5444444444444444,0.5533980582524272,0.4112149532710281,0.5164835164835165,0.4895833333333333,0.5,0.5,0.5,0.5
54K75EhiTEk.000.mp4,0.3666666666666667,0.36893203883495146,0.37383177570093457,0.4615384615384615,0.39583333333333337,0.5,0.5,0.5,0.5
54K75EhiTEk.002.mp4,0.45555555555555555,0.42718446601941745,0.39252336448598135,0.4835164835164835,0.46875,0.5,0.5,0.5,0.5
54K75EhiTEk.003.mp4,0.5777777777777777,0.3980582524271845,0.28037383177570097,0.3736263736263736,0.42708333333333337,0.5,0.5,0.5,0.5
54K75EhiTEk.005.mp4,0.5666666666666667,0.3980582524271845,0.39252336448598135,0.4725274725274725,0.4895833333333333,0.5,0.5,0.5,0.5
54TGLGvIm_8.001.mp4,0.811111111111111,0.6796116504854369,0.6728971962616823,0.7032967032967032,0.7708333333333334,0.5,0.5,0.5,0.5
54TGLGvIm_8.002.mp4,0.7555555555555554,0.5922330097087379,0.6261682242990655,0.5824175824175825,0.6875,0.5,0.5,0.5,0.5
54TGLGvIm_8.003.mp4,0.7,0.6699029126213591,0.6448598130841123,0.5714285714285714,0.6875,0.5,0.5,0.5,0.5
54TGLGvIm_8.004.mp4,0.711111111111111,0.5145631067961165,0.5794392523364487,0.5934065934065933,0.5416666666666666,0.5,0.5,0.5,0.5
57o4odfqTs8.001.mp4,0.6555555555555556,0.6116504854368932,0.4953271028037384,0.6703296703296703,0.5208333333333334,0.5,0.5,0.5,0.5
57o4odfqTs8.003.mp4,0.4888888888888889,0.5339805825242718,0.5514018691588786,0.813186813186813,0.6666666666666667,0.5,0.5,0.5,0.5
57RdMTGegww.000.mp4,0.6555555555555556,0.4660194174757281,0.6542056074766356,0.5604395604395604,0.5729166666666666,0.5,0.5,0.5,0.5
59Smv7wl--w.001.mp4,0.4777777777777778,0.8737864077669903,0.14018691588785046,0.7362637362637363,0.5208333333333334,0.5,0.5,0.5,0.5
59Smv7wl--w.002.mp4,0.711111111111111,0.8058252427184466,0.4018691588785047,0.6373626373626373,0.65625,0.5,0.5,0.5,0.5
59Smv7wl--w.003.mp4,0.3777777777777778,0.8446601941747574,0.26168224299065423,0.4505494505494505,0.6145833333333333,0.5,0.5,0.5,0.5
59Smv7wl--w.005.mp4,0.38888888888888895,0.6699029126213591,0.13084112149532712,0.4945054945054945,0.4791666666666667,0.5,0.5,0.5,0.5
5Bgd2zgiT0Q.004.mp4,0.6666666666666666,0.7184466019417477,0.7102803738317757,0.6263736263736264,0.7291666666666667,0.5,0.5,0.5,0.5
5bi_PM3XMEQ.005.mp4,0.7333333333333333,0.5728155339805825,0.5140186915887851,0.5824175824175825,0.4791666666666667,0.5,0.5,0.5,0.5
5BPGRteF64Y.001.mp4,0.5111111111111111,0.4077669902912622,0.4299065420560748,0.5274725274725275,0.3854166666666667,0.5,0.5,0.5,0.5
5BPGRteF64Y.002.mp4,0.3666666666666667,0.33980582524271846,0.47663551401869164,0.5054945054945055,0.46875,0.5,0.5,0.5,0.5
5BPGRteF64Y.005.mp4,0.5222222222222223,0.5145631067961165,0.5140186915887851,0.6593406593406592,0.4895833333333333,0.5,0.5,0.5,0.5
5CRqN54uejE.000.mp4,0.7333333333333333,0.6699029126213591,0.6448598130841123,0.6373626373626373,0.6354166666666666,0.5,0.5,0.5,0.5
5CRqN54uejE.002.mp4,0.6555555555555556,0.5631067961165048,0.7009345794392524,0.6373626373626373,0.59375,0.5,0.5,0.5,0.5
5CRqN54uejE.005.mp4,0.6666666666666666,0.4660194174757281,0.6448598130841123,0.6153846153846153,0.65625,0.5,0.5,0.5,0.5
5Eez38v8TuU.000.mp4,0.43333333333333335,0.4077669902912622,0.3457943925233645,0.5714285714285714,0.5104166666666666,0.5,0.5,0.5,0.5
5Eez38v8TuU.003.mp4,0.4,0.3495145631067961,0.26168224299065423,0.4945054945054945,0.35416666666666663,0.5,0.5,0.5,0.5
5Eez38v8TuU.005.mp4,0.5333333333333333,0.3883495145631068,0.36448598130841126,0.5824175824175825,0.5104166666666666,0.5,0.5,0.5,0.5
5f6s8cwA7WQ.001.mp4,0.811111111111111,0.7766990291262136,0.6261682242990655,0.7032967032967032,0.6875,0.5,0.5,0.5,0.5
5f6s8cwA7WQ.002.mp4,0.611111111111111,0.6601941747572816,0.5233644859813085,0.6593406593406592,0.5416666666666666,0.5,0.5,0.5,0.5
5f6s8cwA7WQ.004.mp4,0.6444444444444444,0.6601941747572816,0.5233644859813085,0.7802197802197802,0.625,0.5,0.5,0.5,0.5
5f6s8cwA7WQ.005.mp4,0.7,0.8058252427184466,0.663551401869159,0.7472527472527474,0.8020833333333334,0.5,0.5,0.5,0.5
5ghk5950BhU.002.mp4,0.7333333333333333,0.5631067961165048,0.6822429906542057,0.7582417582417583,0.6666666666666667,0.5,0.5,0.5,0.5
5ghk5950BhU.004.mp4,0.5111111111111111,0.5145631067961165,0.5233644859813085,0.4505494505494505,0.53125,0.5,0.5,0.5,0.5
5ghk5950BhU.005.mp4,0.7666666666666666,0.6990291262135921,0.8411214953271028,0.7802197802197802,0.7812499999999999,0.5,0.5,0.5,0.5
5gJsrcXQvrk.002.mp4,0.6,0.3883495145631068,0.4205607476635514,0.4615384615384615,0.4791666666666667,0.5,0.5,0.5,0.5
5h5Pajjc_xM.001.mp4,0.7555555555555554,0.4660194174757281,0.5794392523364487,0.6593406593406592,0.6145833333333333,0.5,0.5,0.5,0.5
5hFRSHAis2E.003.mp4,0.6,0.4466019417475728,0.5046728971962617,0.5604395604395604,0.3645833333333333,0.5,0.5,0.5,0.5
5hFRSHAis2E.005.mp4,0.6222222222222222,0.4563106796116505,0.48598130841121495,0.6483516483516484,0.5520833333333334,0.5,0.5,0.5,0.5
5IqtX-uq28E.001.mp4,0.5111111111111111,0.5922330097087379,0.4205607476635514,0.6373626373626373,0.6770833333333334,0.5,0.5,0.5,0.5
5IqtX-uq28E.002.mp4,0.5222222222222223,0.6213592233009709,0.39252336448598135,0.6043956043956044,0.6145833333333333,0.5,0.5,0.5,0.5
5kaqMZ7SB9w.002.mp4,0.7666666666666666,0.5825242718446602,0.6355140186915887,0.4285714285714285,0.7500000000000001,0.5,0.5,0.5,0.5
5KHOpRCxnwQ.005.mp4,0.711111111111111,0.7281553398058251,0.7570093457943926,0.6373626373626373,0.65625,0.5,0.5,0.5,0.5
5Ku4_r_Yxsk.000.mp4,0.6888888888888889,0.6893203883495147,0.5514018691588786,0.6483516483516484,0.5833333333333333,0.5,0.5,0.5,0.5
5Ku4_r_Yxsk.001.mp4,0.7,0.7281553398058251,0.588785046728972,0.4175824175824176,0.6458333333333333,0.5,0.5,0.5,0.5
5kwoq4EZixQ.001.mp4,0.611111111111111,0.4951456310679611,0.5327102803738318,0.6153846153846153,0.6770833333333334,0.5,0.5,0.5,0.5
5kwoq4EZixQ.003.mp4,0.6444444444444444,0.5825242718446602,0.47663551401869164,0.5494505494505494,0.5729166666666666,0.5,0.5,0.5,0.5
5kwoq4EZixQ.004.mp4,0.4444444444444445,0.3495145631067961,0.36448598130841126,0.6153846153846153,0.4375,0.5,0.5,0.5,0.5
5kwoq4EZixQ.005.mp4,0.4888888888888889,0.47572815533980584,0.35514018691588783,0.5384615384615384,0.53125,0.5,0.5,0.5,0.5
5kY-Iv6UkeU.003.mp4,0.32222222222222224,0.3786407766990291,0.2149532710280374,0.3626373626373627,0.34374999999999994,0.5,0.5,0.5,0.5
5Mc-mjLvvGU.000.mp4,0.5333333333333333,0.23300970873786406,0.25233644859813087,0.1978021978021978,0.32291666666666663,0.5,0.5,0.5,0.5
5Mc-mjLvvGU.003.mp4,0.4666666666666667,0.3495145631067961,0.30841121495327106,0.25274725274725274,0.4375,0.5,0.5,0.5,0.5
5PsD_NFMWpQ.000.mp4,0.4666666666666667,0.3883495145631068,0.4018691588785047,0.5934065934065933,0.39583333333333337,0.5,0.5,0.5,0.5
5T2PhH-OMds.000.mp4,0.3777777777777778,0.2815533980582524,0.33644859813084116,0.4065934065934066,0.2604166666666667,0.5,0.5,0.5,0.5
5T2PhH-OMds.001.mp4,0.4777777777777778,0.5339805825242718,0.5420560747663552,0.5714285714285714,0.53125,0.5,0.5,0.5,0.5
5T2PhH-OMds.003.mp4,0.3,0.27184466019417475,0.3457943925233645,0.3956043956043956,0.15624999999999994,0.5,0.5,0.5,0.5
5TYuLy7JLj4.000.mp4,0.3777777777777778,0.47572815533980584,0.30841121495327106,0.4615384615384615,0.37499999999999994,0.5,0.5,0.5,0.5
5U0xeSXEZOU.000.mp4,0.5555555555555556,0.6116504854368932,0.4579439252336449,0.5054945054945055,0.4791666666666667,0.5,0.5,0.5,0.5
5U0xeSXEZOU.001.mp4,0.6333333333333333,0.6699029126213591,0.6448598130841123,0.5494505494505494,0.5416666666666666,0.5,0.5,0.5,0.5
5U0xeSXEZOU.004.mp4,0.7,0.6407766990291262,0.5327102803738318,0.4835164835164835,0.4479166666666667,0.5,0.5,0.5,0.5
5U0xeSXEZOU.005.mp4,0.5555555555555556,0.6407766990291262,0.5420560747663552,0.5384615384615384,0.46875,0.5,0.5,0.5,0.5
5uFZ-2kYGO0.000.mp4,0.4222222222222222,0.4563106796116505,0.36448598130841126,0.3956043956043956,0.25,0.5,0.5,0.5,0.5
5VG1EgzvprE.000.mp4,0.7999999999999999,0.5631067961165048,0.5233644859813085,0.4395604395604395,0.6875,0.5,0.5,0.5,0.5
5VG1EgzvprE.005.mp4,0.6555555555555556,0.5145631067961165,0.5514018691588786,0.5934065934065933,0.6041666666666666,0.5,0.5,0.5,0.5
5Wfa94_5Psg.002.mp4,0.4444444444444445,0.5048543689320388,0.39252336448598135,0.7142857142857143,0.5416666666666666,0.5,0.5,0.5,0.5
5Wfa94_5Psg.003.mp4,0.43333333333333335,0.5728155339805825,0.4953271028037384,0.4945054945054945,0.4895833333333333,0.5,0.5,0.5,0.5
5Wfa94_5Psg.004.mp4,0.5222222222222223,0.5825242718446602,0.47663551401869164,0.6703296703296703,0.5729166666666666,0.5,0.5,0.5,0.5
5Wmlo8Z5yVA.003.mp4,0.2777777777777778,0.5922330097087379,0.5046728971962617,0.5384615384615384,0.5208333333333334,0.5,0.5,0.5,0.5
5wpoKhbt28c.001.mp4,0.7222222222222221,0.6310679611650486,0.5140186915887851,0.6153846153846153,0.625,0.5,0.5,0.5,0.5
5wpoKhbt28c.004.mp4,0.7,0.5436893203883495,0.4953271028037384,0.6593406593406592,0.6666666666666667,0.5,0.5,0.5,0.5
5xA8-Y5qgT0.000.mp4,0.611111111111111,0.6796116504854369,0.6355140186915887,0.6703296703296703,0.6979166666666666,0.5,0.5,0.5,0.5
5xA8-Y5qgT0.001.mp4,0.6555555555555556,0.5048543689320388,0.4672897196261683,0.4615384615384615,0.40625000000000006,0.5,0.5,0.5,0.5
5xA8-Y5qgT0.003.mp4,0.5111111111111111,0.4368932038834952,0.4672897196261683,0.5384615384615384,0.5416666666666666,0.5,0.5,0.5,0.5
5xA8-Y5qgT0.004.mp4,0.4888888888888889,0.6116504854368932,0.4579439252336449,0.6043956043956044,0.5625,0.5,0.5,0.5,0.5
5z4G0biL9B4.000.mp4,0.4777777777777778,0.6601941747572816,0.5140186915887851,0.5604395604395604,0.5208333333333334,0.5,0.5,0.5,0.5
5z4G0biL9B4.003.mp4,0.8222222222222221,0.6699029126213591,0.6261682242990655,0.813186813186813,0.65625,0.5,0.5,0.5,0.5
6-_1-vBNl_0.002.mp4,0.611111111111111,0.4174757281553398,0.36448598130841126,0.4395604395604395,0.46875,0.5,0.5,0.5,0.5
6-_1-vBNl_0.003.mp4,0.6888888888888889,0.6213592233009709,0.5981308411214954,0.5384615384615384,0.5104166666666666,0.5,0.5,0.5,0.5
6-_1-vBNl_0.004.mp4,0.7777777777777777,0.4466019417475728,0.5514018691588786,0.6593406593406592,0.7187499999999999,0.5,0.5,0.5,0.5
6-O-HJf6OZI.001.mp4,0.6,0.36893203883495146,0.4018691588785047,0.4505494505494505,0.46875,0.5,0.5,0.5,0.5
6-O-HJf6OZI.002.mp4,0.6333333333333333,0.3495145631067961,0.38317757009345793,0.32967032967032966,0.4895833333333333,0.5,0.5,0.5,0.5
6-O-HJf6OZI.004.mp4,0.5,0.27184466019417475,0.19626168224299068,0.2747252747252747,0.21874999999999997,0.5,0.5,0.5,0.5
6-O-HJf6OZI.005.mp4,0.5777777777777777,0.3300970873786408,0.5233644859813085,0.3626373626373627,0.4791666666666667,0.5,0.5,0.5,0.5
62ngcaBjRCY.005.mp4,0.7444444444444444,0.4077669902912622,0.5700934579439253,0.5274725274725275,0.46875,0.5,0.5,0.5,0.5
65xWDhgq1OE.004.mp4,0.8555555555555554,0.7087378640776699,0.7663551401869159,0.7032967032967032,0.6979166666666666,0.5,0.5,0.5,0.5
69BopbFc34U.000.mp4,0.1888888888888889,0.13592233009708737,0.10280373831775697,0.24175824175824176,0.03124999999999999,0.5,0.5,0.5,0.5
69BopbFc34U.001.mp4,0.33333333333333337,0.23300970873786406,0.1588785046728972,0.32967032967032966,0.1458333333333333,0.5,0.5,0.5,0.5
69BopbFc34U.004.mp4,0.3666666666666667,0.1941747572815534,0.29906542056074764,0.2747252747252747,0.2708333333333333,0.5,0.5,0.5,0.5
69EsTnCVCp0.003.mp4,0.4777777777777778,0.8349514563106796,0.4953271028037384,0.7362637362637363,0.46875,0.5,0.5,0.5,0.5
6CRet5sD6xI.003.mp4,0.2777777777777778,0.2621359223300971,0.19626168224299068,0.2747252747252747,0.20833333333333331,0.5,0.5,0.5,0.5
6e5BsNaQmTo.003.mp4,0.5111111111111111,0.47572815533980584,0.36448598130841126,0.5384615384615384,0.5416666666666666,0.5,0.5,0.5,0.5
6EMgu2djYrU.001.mp4,0.5777777777777777,0.5825242718446602,0.47663551401869164,0.5384615384615384,0.4895833333333333,0.5,0.5,0.5,0.5
6EMgu2djYrU.002.mp4,0.7666666666666666,0.5048543689320388,0.6074766355140188,0.6263736263736264,0.7187499999999999,0.5,0.5,0.5,0.5
6EMgu2djYrU.004.mp4,0.8444444444444444,0.6504854368932039,0.7196261682242993,0.7692307692307692,0.7083333333333334,0.5,0.5,0.5,0.5
6EMgu2djYrU.005.mp4,0.711111111111111,0.4854368932038835,0.4579439252336449,0.5824175824175825,0.6041666666666666,0.5,0.5,0.5,0.5
6ePyEPQp77Q.001.mp4,0.6444444444444444,0.4951456310679611,0.5233644859813085,0.6373626373626373,0.5833333333333333,0.5,0.5,0.5,0.5
6ePyEPQp77Q.002.mp4,0.45555555555555555,0.4174757281553398,0.37383177570093457,0.5604395604395604,0.4166666666666667,0.5,0.5,0.5,0.5
6ePyEPQp77Q.004.mp4,0.5666666666666667,0.5436893203883495,0.38317757009345793,0.5274725274725275,0.4479166666666667,0.5,0.5,0.5,0.5
6ePyEPQp77Q.005.mp4,0.5333333333333333,0.6213592233009709,0.3457943925233645,0.5604395604395604,0.53125,0.5,0.5,0.5,0.5
6h6kk-tPzmE.000.mp4,0.6666666666666666,0.6213592233009709,0.6542056074766356,0.5824175824175825,0.6979166666666666,0.5,0.5,0.5,0.5
6IOtQTOyQRU.000.mp4,0.5,0.4951456310679611,0.47663551401869164,0.5274725274725275,0.5729166666666666,0.5,0.5,0.5,0.5
6IOtQTOyQRU.001.mp4,0.5666666666666667,0.4951456310679611,0.5327102803738318,0.5934065934065933,0.4895833333333333,0.5,0.5,0.5,0.5
6JfSPPVUgIg.003.mp4,0.38888888888888895,0.27184466019417475,0.4112149532710281,0.3846153846153846,0.25,0.5,0.5,0.5,0.5
6JfSPPVUgIg.005.mp4,0.5222222222222223,0.3786407766990291,0.4299065420560748,0.3956043956043956,0.34374999999999994,0.5,0.5,0.5,0.5
6k8RQViPUTc.000.mp4,0.4444444444444445,0.4174757281553398,0.2897196261682243,0.4505494505494505,0.32291666666666663,0.5,0.5,0.5,0.5
6KKNrufnL80.000.mp4,0.922222222222222,0.8252427184466018,0.794392523364486,0.7582417582417583,0.8645833333333334,0.5,0.5,0.5,0.5
6LKbPUX03sY.000.mp4,0.5777777777777777,0.2815533980582524,0.4299065420560748,0.5274725274725275,0.5208333333333334,0.5,0.5,0.5,0.5
6LKbPUX03sY.003.mp4,0.6333333333333333,0.4466019417475728,0.5046728971962617,0.4505494505494505,0.4895833333333333,0.5,0.5,0.5,0.5
6LKbPUX03sY.005.mp4,0.5,0.3980582524271845,0.4205607476635514,0.5054945054945055,0.39583333333333337,0.5,0.5,0.5,0.5
6N02tjYPLh8.000.mp4,0.5,0.5048543689320388,0.37383177570093457,0.5164835164835165,0.3645833333333333,0.5,0.5,0.5,0.5
6N02tjYPLh8.001.mp4,0.7,0.47572815533980584,0.4205607476635514,0.5164835164835165,0.4166666666666667,0.5,0.5,0.5,0.5
6N02tjYPLh8.005.mp4,0.4888888888888889,0.4368932038834952,0.3271028037383178,0.4505494505494505,0.42708333333333337,0.5,0.5,0.5,0.5
6nbxAP_ZKQQ.000.mp4,0.6666666666666666,0.5436893203883495,0.4392523364485981,0.5714285714285714,0.4479166666666667,0.5,0.5,0.5,0.5
6nbxAP_ZKQQ.005.mp4,0.6888888888888889,0.5728155339805825,0.5233644859813085,0.5054945054945055,0.6875,0.5,0.5,0.5,0.5
6NHEp_CF2jE.000.mp4,0.7999999999999999,0.8543689320388351,0.6822429906542057,0.5274725274725275,0.7291666666666667,0.5,0.5,0.5,0.5
6NjuNY4LfQc.004.mp4,0.5333333333333333,0.4854368932038835,0.5233644859813085,0.5274725274725275,0.35416666666666663,0.5,0.5,0.5,0.5
6nv6D2moFQw.002.mp4,0.6666666666666666,0.6116504854368932,0.663551401869159,0.6813186813186812,0.59375,0.5,0.5,0.5,0.5
6nv6D2moFQw.003.mp4,0.7666666666666666,0.7184466019417477,0.7476635514018694,0.879120879120879,0.7187499999999999,0.5,0.5,0.5,0.5
6nv6D2moFQw.005.mp4,0.7333333333333333,0.6699029126213591,0.6822429906542057,0.6153846153846153,0.6041666666666666,0.5,0.5,0.5,0.5
6oL9yyc9iJc.001.mp4,0.6888888888888889,0.6116504854368932,0.6355140186915887,0.6813186813186812,0.6770833333333334,0.5,0.5,0.5,0.5
6oL9yyc9iJc.003.mp4,0.711111111111111,0.6019417475728155,0.691588785046729,0.7142857142857143,0.6666666666666667,0.5,0.5,0.5,0.5
6RwVJK3husE.005.mp4,0.4777777777777778,0.6116504854368932,0.588785046728972,0.6703296703296703,0.6041666666666666,0.5,0.5,0.5,0.5
6SiutTvCDUw.000.mp4,0.6333333333333333,0.4368932038834952,0.37383177570093457,0.5274725274725275,0.5520833333333334,0.5,0.5,0.5,0.5
6SiutTvCDUw.001.mp4,0.6555555555555556,0.4563106796116505,0.5607476635514019,0.7032967032967032,0.8020833333333334,0.5,0.5,0.5,0.5
6tBnFWDqvJE.003.mp4,0.6,0.6019417475728155,0.5607476635514019,0.7472527472527474,0.5729166666666666,0.5,0.5,0.5,0.5
6TkMavTyimI.000.mp4,0.6333333333333333,0.6699029126213591,0.47663551401869164,0.6483516483516484,0.6041666666666666,0.5,0.5,0.5,0.5
6TkMavTyimI.001.mp4,0.5444444444444444,0.7184466019417477,0.4112149532710281,0.6373626373626373,0.5208333333333334,0.5,0.5,0.5,0.5
6TkMavTyimI.002.mp4,0.5555555555555556,0.6213592233009709,0.4205607476635514,0.5494505494505494,0.45833333333333337,0.5,0.5,0.5,0.5
6TkMavTyimI.003.mp4,0.4777777777777778,0.5242718446601942,0.37383177570093457,0.5164835164835165,0.5416666666666666,0.5,0.5,0.5,0.5
6TkMavTyimI.004.mp4,0.6444444444444444,0.7572815533980582,0.4205607476635514,0.813186813186813,0.6041666666666666,0.5,0.5,0.5,0.5
6TkMavTyimI.005.mp4,0.4444444444444445,0.6893203883495147,0.39252336448598135,0.6923076923076923,0.5625,0.5,0.5,0.5,0.5
6tyhnIgNVs8.005.mp4,0.5,0.5436893203883495,0.4299065420560748,0.6153846153846153,0.5104166666666666,0.5,0.5,0.5,0.5
6uqXoPJSoPg.000.mp4,0.7333333333333333,0.5631067961165048,0.6542056074766356,0.7252747252747254,0.6145833333333333,0.5,0.5,0.5,0.5
6uqXoPJSoPg.003.mp4,0.5888888888888889,0.6504854368932039,0.6074766355140188,0.6923076923076923,0.6770833333333334,0.5,0.5,0.5,0.5
6uqXoPJSoPg.004.mp4,0.7888888888888888,0.8155339805825244,0.7383177570093458,0.7802197802197802,0.7812499999999999,0.5,0.5,0.5,0.5
6uqXoPJSoPg.005.mp4,0.6555555555555556,0.7669902912621359,0.6728971962616823,0.7252747252747254,0.7083333333333334,0.5,0.5,0.5,0.5
6V92xyqy0q4.000.mp4,0.5222222222222223,0.5533980582524272,0.6074766355140188,0.5934065934065933,0.53125,0.5,0.5,0.5,0.5
6V92xyqy0q4.001.mp4,0.6666666666666666,0.6019417475728155,0.6355140186915887,0.813186813186813,0.6770833333333334,0.5,0.5,0.5,0.5
6waL_gUxtAM.000.mp4,0.7888888888888888,0.6213592233009709,0.7570093457943926,0.4615384615384615,0.65625,0.5,0.5,0.5,0.5
6waL_gUxtAM.004.mp4,0.811111111111111,0.6699029126213591,0.7009345794392524,0.6373626373626373,0.6354166666666666,0.5,0.5,0.5,0.5
6wHQsN5g2RM.000.mp4,0.3777777777777778,0.3980582524271845,0.4579439252336449,0.5054945054945055,0.4895833333333333,0.5,0.5,0.5,0.5
6wHQsN5g2RM.002.mp4,0.4888888888888889,0.5436893203883495,0.4579439252336449,0.5714285714285714,0.4791666666666667,0.5,0.5,0.5,0.5
6wHQsN5g2RM.003.mp4,0.5888888888888889,0.4563106796116505,0.33644859813084116,0.3406593406593406,0.4166666666666667,0.5,0.5,0.5,0.5
6wHQsN5g2RM.004.mp4,0.5444444444444444,0.4563106796116505,0.5420560747663552,0.6263736263736264,0.40625000000000006,0.5,0.5,0.5,0.5
6wIEiqmuHOM.000.mp4,0.5777777777777777,0.6601941747572816,0.5233644859813085,0.4395604395604395,0.6041666666666666,0.5,0.5,0.5,0.5
6WSr4IW6cNI.000.mp4,0.6333333333333333,0.5825242718446602,0.5420560747663552,0.6923076923076923,0.6041666666666666,0.5,0.5,0.5,0.5
6WSr4IW6cNI.003.mp4,0.3777777777777778,0.3786407766990291,0.29906542056074764,0.4725274725274725,0.45833333333333337,0.5,0.5,0.5,0.5
6xlHkQDHxbs.000.mp4,0.5777777777777777,0.36893203883495146,0.4018691588785047,0.4945054945054945,0.4375,0.5,0.5,0.5,0.5
6zm71IHOCZA.000.mp4,0.4888888888888889,0.31067961165048547,0.26168224299065423,0.32967032967032966,0.3645833333333333,0.5,0.5,0.5,0.5
6zm71IHOCZA.001.mp4,0.5111111111111111,0.42718446601941745,0.3457943925233645,0.4725274725274725,0.5,0.5,0.5,0.5,0.5
6zm71IHOCZA.002.mp4,0.6333333333333333,0.4563106796116505,0.29906542056074764,0.5604395604395604,0.6041666666666666,0.5,0.5,0.5,0.5
70FJFG-MISQ.004.mp4,0.5888888888888889,0.3495145631067961,0.4018691588785047,0.25274725274725274,0.4895833333333333,0.5,0.5,0.5,0.5
75XbCb7G8kw.001.mp4,0.3777777777777778,0.4368932038834952,0.30841121495327106,0.3406593406593406,0.34374999999999994,0.5,0.5,0.5,0.5
75XbCb7G8kw.002.mp4,0.4222222222222222,0.6893203883495147,0.22429906542056074,0.6263736263736264,0.4375,0.5,0.5,0.5,0.5
78zauTEQ-k8.000.mp4,0.6555555555555556,0.5145631067961165,0.5046728971962617,0.5384615384615384,0.6354166666666666,0.5,0.5,0.5,0.5
78zauTEQ-k8.001.mp4,0.7,0.5825242718446602,0.6074766355140188,0.6923076923076923,0.5833333333333333,0.5,0.5,0.5,0.5
78zauTEQ-k8.004.mp4,0.5666666666666667,0.4951456310679611,0.4579439252336449,0.5054945054945055,0.5104166666666666,0.5,0.5,0.5,0.5
79xbT95IyKI.001.mp4,0.7,0.6796116504854369,0.7102803738317757,0.6923076923076923,0.6770833333333334,0.5,0.5,0.5,0.5
7b9DirXrkHo.002.mp4,0.6333333333333333,0.42718446601941745,0.4485981308411215,0.5274725274725275,0.53125,0.5,0.5,0.5,0.5
7b9DirXrkHo.003.mp4,0.7,0.36893203883495146,0.4018691588785047,0.5054945054945055,0.45833333333333337,0.5,0.5,0.5,0.5
7BgScfRre5M.001.mp4,0.6,0.5048543689320388,0.588785046728972,0.5384615384615384,0.5,0.5,0.5,0.5,0.5
7BgScfRre5M.003.mp4,0.5222222222222223,0.3786407766990291,0.4672897196261683,0.5274725274725275,0.45833333333333337,0.5,0.5,0.5,0.5
7BgScfRre5M.004.mp4,0.6666666666666666,0.5728155339805825,0.5794392523364487,0.6263736263736264,0.625,0.5,0.5,0.5,0.5
7FXs86Z98E0.002.mp4,0.6333333333333333,0.6019417475728155,0.5420560747663552,0.6043956043956044,0.6145833333333333,0.5,0.5,0.5,0.5
7GRC7XjGzX8.001.mp4,0.8555555555555554,0.7669902912621359,0.6542056074766356,0.7362637362637363,0.6770833333333334,0.5,0.5,0.5,0.5
7GRC7XjGzX8.003.mp4,0.6,0.6990291262135921,0.7289719626168225,0.6483516483516484,0.7187499999999999,0.5,0.5,0.5,0.5
7gyJdWaLpmE.003.mp4,0.6888888888888889,0.5436893203883495,0.5607476635514019,0.7252747252747254,0.5833333333333333,0.5,0.5,0.5,0.5
7gyJdWaLpmE.004.mp4,0.711111111111111,0.5631067961165048,0.4672897196261683,0.4505494505494505,0.5416666666666666,0.5,0.5,0.5,0.5
7I-B2bBL0K0.004.mp4,0.5777777777777777,0.7766990291262136,0.6355140186915887,0.6373626373626373,0.7395833333333333,0.5,0.5,0.5,0.5
7IegDaeNlik.000.mp4,0.5,0.30097087378640774,0.39252336448598135,0.3736263736263736,0.3020833333333333,0.5,0.5,0.5,0.5
7IegDaeNlik.002.mp4,0.4777777777777778,0.3300970873786408,0.4579439252336449,0.3736263736263736,0.39583333333333337,0.5,0.5,0.5,0.5
7IegDaeNlik.003.mp4,0.4666666666666667,0.4077669902912622,0.2897196261682243,0.5054945054945055,0.32291666666666663,0.5,0.5,0.5,0.5
7IegDaeNlik.005.mp4,0.4444444444444445,0.15533980582524273,0.2897196261682243,0.29670329670329665,0.2395833333333333,0.5,0.5,0.5,0.5
7Kn5VT9bB4I.001.mp4,0.32222222222222224,0.4563106796116505,0.4485981308411215,0.5824175824175825,0.3854166666666667,0.5,0.5,0.5,0.5
7kO7jYYUVWg.004.mp4,0.811111111111111,0.4951456310679611,0.7009345794392524,0.5054945054945055,0.5729166666666666,0.5,0.5,0.5,0.5
7LHmNEH65Pk.000.mp4,0.6,0.6796116504854369,0.6074766355140188,0.7472527472527474,0.6458333333333333,0.5,0.5,0.5,0.5
7LHmNEH65Pk.002.mp4,0.5333333333333333,0.7184466019417477,0.4579439252336449,0.5274725274725275,0.4791666666666667,0.5,0.5,0.5,0.5
7LHmNEH65Pk.004.mp4,0.5444444444444444,0.5825242718446602,0.5420560747663552,0.5714285714285714,0.4895833333333333,0.5,0.5,0.5,0.5
7LHmNEH65Pk.005.mp4,0.5333333333333333,0.6796116504854369,0.4299065420560748,0.4175824175824176,0.5,0.5,0.5,0.5,0.5
7MwZm3mhSA8.004.mp4,0.4777777777777778,0.4951456310679611,0.36448598130841126,0.2637362637362637,0.3854166666666667,0.5,0.5,0.5,0.5
7nhJXn9PI0I.001.mp4,0.3555555555555556,0.4174757281553398,0.17757009345794392,0.18681318681318684,0.19791666666666666,0.5,0.5,0.5,0.5
7nhJXn9PI0I.004.mp4,0.6777777777777777,0.5242718446601942,0.663551401869159,0.6483516483516484,0.6979166666666666,0.5,0.5,0.5,0.5
7nhJXn9PI0I.005.mp4,0.4666666666666667,0.47572815533980584,0.5514018691588786,0.4615384615384615,0.5,0.5,0.5,0.5,0.5
7nJPNkWZDOY.003.mp4,0.7999999999999999,0.7087378640776699,0.6728971962616823,0.5494505494505494,0.65625,0.5,0.5,0.5,0.5
7P2F5Mk_Q1s.000.mp4,0.33333333333333337,0.3203883495145631,0.2149532710280374,0.17582417582417584,0.20833333333333331,0.5,0.5,0.5,0.5
7P2F5Mk_Q1s.002.mp4,0.4888888888888889,0.4563106796116505,0.33644859813084116,0.4835164835164835,0.3854166666666667,0.5,0.5,0.5,0.5
7pLWTfnOSIU.001.mp4,0.25555555555555554,0.2621359223300971,0.25233644859813087,0.2857142857142857,0.19791666666666666,0.5,0.5,0.5,0.5
7pLWTfnOSIU.004.mp4,0.28888888888888886,0.3883495145631068,0.30841121495327106,0.3736263736263736,0.29166666666666663,0.5,0.5,0.5,0.5
7pLYJKO75_c.001.mp4,0.611111111111111,0.3786407766990291,0.5794392523364487,0.6373626373626373,0.5104166666666666,0.5,0.5,0.5,0.5
7PYAn9njCHI.001.mp4,0.6,0.35922330097087385,0.4485981308411215,0.6263736263736264,0.59375,0.5,0.5,0.5,0.5
7PYAn9njCHI.004.mp4,0.7222222222222221,0.5339805825242718,0.5140186915887851,0.7032967032967032,0.5833333333333333,0.5,0.5,0.5,0.5
7QeVs-mXmcI.003.mp4,0.9333333333333333,0.8737864077669903,0.8504672897196264,0.912087912087912,0.9583333333333334,0.5,0.5,0.5,0.5
7qGYGbIg45c.002.mp4,0.45555555555555555,0.5631067961165048,0.30841121495327106,0.4725274725274725,0.3333333333333333,0.5,0.5,0.5,0.5
7qGYGbIg45c.004.mp4,0.3666666666666667,0.3300970873786408,0.17757009345794392,0.25274725274725274,0.2395833333333333,0.5,0.5,0.5,0.5
7qGYGbIg45c.005.mp4,0.3111111111111111,0.33980582524271846,0.26168224299065423,0.3516483516483516,0.15624999999999994,0.5,0.5,0.5,0.5
7RQbn7LM10I.000.mp4,0.5666666666666667,0.5533980582524272,0.4579439252336449,0.5384615384615384,0.5,0.5,0.5,0.5,0.5
7rZF73nDGEY.003.mp4,0.45555555555555555,0.36893203883495146,0.4112149532710281,0.3516483516483516,0.3854166666666667,0.5,0.5,0.5,0.5
7s3itKIXww0.002.mp4,0.3777777777777778,0.35922330097087385,0.4018691588785047,0.3736263736263736,0.40625000000000006,0.5,0.5,0.5,0.5
7tlMys6MZ34.000.mp4,0.6,0.5436893203883495,0.39252336448598135,0.5714285714285714,0.6145833333333333,0.5,0.5,0.5,0.5
7tlMys6MZ34.001.mp4,0.5444444444444444,0.4854368932038835,0.4672897196261683,0.6153846153846153,0.42708333333333337,0.5,0.5,0.5,0.5
7tlMys6MZ34.003.mp4,0.6333333333333333,0.5825242718446602,0.5140186915887851,0.4505494505494505,0.5416666666666666,0.5,0.5,0.5,0.5
7tlMys6MZ34.004.mp4,0.4888888888888889,0.4368932038834952,0.35514018691588783,0.3846153846153846,0.4375,0.5,0.5,0.5,0.5
7tlMys6MZ34.005.mp4,0.6222222222222222,0.5242718446601942,0.3271028037383178,0.5274725274725275,0.42708333333333337,0.5,0.5,0.5,0.5
7TvOygqwNuE.000.mp4,0.711111111111111,0.47572815533980584,0.48598130841121495,0.6153846153846153,0.53125,0.5,0.5,0.5,0.5
7UQt8QB3cQY.001.mp4,0.5888888888888889,0.4174757281553398,0.37383177570093457,0.3956043956043956,0.5416666666666666,0.5,0.5,0.5,0.5
7UQt8QB3cQY.002.mp4,0.34444444444444444,0.2912621359223301,0.10280373831775697,0.2087912087912088,0.19791666666666666,0.5,0.5,0.5,0.5
7UQt8QB3cQY.003.mp4,0.5,0.2524271844660194,0.37383177570093457,0.30769230769230765,0.3645833333333333,0.5,0.5,0.5,0.5
7UQt8QB3cQY.004.mp4,0.4777777777777778,0.2038834951456311,0.2149532710280374,0.08791208791208792,0.17708333333333331,0.5,0.5,0.5,0.5
7vF5WLD1RxY.003.mp4,0.5333333333333333,0.36893203883495146,0.4112149532710281,0.4505494505494505,0.35416666666666663,0.5,0.5,0.5,0.5
7Wr-fwmpRfw.001.mp4,0.5222222222222223,0.5048543689320388,0.5327102803738318,0.5494505494505494,0.53125,0.5,0.5,0.5,0.5
7Wr-fwmpRfw.003.mp4,0.5111111111111111,0.5145631067961165,0.47663551401869164,0.4835164835164835,0.5208333333333334,0.5,0.5,0.5,0.5
7wsksuXYoMY.000.mp4,0.5777777777777777,0.4563106796116505,0.663551401869159,0.5714285714285714,0.6145833333333333,0.5,0.5,0.5,0.5
7wsksuXYoMY.001.mp4,0.5,0.36893203883495146,0.6261682242990655,0.6153846153846153,0.6666666666666667,0.5,0.5,0.5,0.5
7wsksuXYoMY.002.mp4,0.6333333333333333,0.5728155339805825,0.6355140186915887,0.5824175824175825,0.6145833333333333,0.5,0.5,0.5,0.5
7wsksuXYoMY.004.mp4,0.7666666666666666,0.5825242718446602,0.6261682242990655,0.6703296703296703,0.59375,0.5,0.5,0.5,0.5
7wsksuXYoMY.005.mp4,0.5,0.4563106796116505,0.5700934579439253,0.5604395604395604,0.6666666666666667,0.5,0.5,0.5,0.5
7Y3S4nfQHeo.001.mp4,0.38888888888888895,0.5631067961165048,0.14953271028037385,0.3516483516483516,0.4375,0.5,0.5,0.5,0.5
7Y3S4nfQHeo.002.mp4,0.34444444444444444,0.5728155339805825,0.22429906542056074,0.30769230769230765,0.5104166666666666,0.5,0.5,0.5,0.5
7Y3S4nfQHeo.005.mp4,0.4666666666666667,0.4368932038834952,0.20560747663551404,0.3516483516483516,0.46875,0.5,0.5,0.5,0.5
7Y4cUPFEt-4.000.mp4,0.7,0.5242718446601942,0.5327102803738318,0.6703296703296703,0.5833333333333333,0.5,0.5,0.5,0.5
7Y4cUPFEt-4.002.mp4,0.5666666666666667,0.5145631067961165,0.3457943925233645,0.4285714285714285,0.46875,0.5,0.5,0.5,0.5
7Y4cUPFEt-4.005.mp4,0.7333333333333333,0.5825242718446602,0.39252336448598135,0.5274725274725275,0.65625,0.5,0.5,0.5,0.5
7ZnijRlK5-E.002.mp4,0.3666666666666667,0.4951456310679611,0.4299065420560748,0.4505494505494505,0.4791666666666667,0.5,0.5,0.5,0.5
7ZnijRlK5-E.003.mp4,0.41111111111111115,0.5825242718446602,0.37383177570093457,0.6153846153846153,0.40625000000000006,0.5,0.5,0.5,0.5
8-OKP1nf19E.000.mp4,0.8444444444444444,0.8058252427184466,0.794392523364486,0.6703296703296703,0.8125000000000001,0.5,0.5,0.5,0.5
8-OKP1nf19E.001.mp4,0.8333333333333333,0.7669902912621359,0.7009345794392524,0.6593406593406592,0.7812499999999999,0.5,0.5,0.5,0.5
8-OKP1nf19E.005.mp4,0.8777777777777777,0.8640776699029126,0.7476635514018694,0.6263736263736264,0.90625,0.5,0.5,0.5,0.5
81f9t2HMNas.001.mp4,0.5555555555555556,0.24271844660194175,0.16822429906542055,0.31868131868131866,0.3333333333333333,0.5,0.5,0.5,0.5
81f9t2HMNas.002.mp4,0.4,0.16504854368932043,0.16822429906542055,0.29670329670329665,0.3020833333333333,0.5,0.5,0.5,0.5
81f9t2HMNas.003.mp4,0.3555555555555556,0.1941747572815534,0.14953271028037385,0.2857142857142857,0.18749999999999997,0.5,0.5,0.5,0.5
81f9t2HMNas.004.mp4,0.4666666666666667,0.27184466019417475,0.29906542056074764,0.3736263736263736,0.37499999999999994,0.5,0.5,0.5,0.5
81f9t2HMNas.005.mp4,0.8666666666666667,0.24271844660194175,0.35514018691588783,0.4615384615384615,0.5625,0.5,0.5,0.5,0.5
836kYlEs9GI.001.mp4,0.5666666666666667,0.3300970873786408,0.3457943925233645,0.4175824175824176,0.5104166666666666,0.5,0.5,0.5,0.5
836kYlEs9GI.002.mp4,0.4777777777777778,0.3203883495145631,0.35514018691588783,0.29670329670329665,0.3854166666666667,0.5,0.5,0.5,0.5
836kYlEs9GI.003.mp4,0.4888888888888889,0.3203883495145631,0.4205607476635514,0.4615384615384615,0.4895833333333333,0.5,0.5,0.5,0.5
83cmR2fkyy8.002.mp4,0.6222222222222222,0.3883495145631068,0.4579439252336449,0.6043956043956044,0.625,0.5,0.5,0.5,0.5
83cmR2fkyy8.004.mp4,0.7222222222222221,0.5145631067961165,0.5700934579439253,0.6703296703296703,0.5833333333333333,0.5,0.5,0.5,0.5
83cmR2fkyy8.005.mp4,0.6333333333333333,0.5825242718446602,0.6448598130841123,0.6373626373626373,0.6666666666666667,0.5,0.5,0.5,0.5
84emxO86qa8.001.mp4,0.811111111111111,0.8932038834951456,0.897196261682243,0.6923076923076923,0.84375,0.5,0.5,0.5,0.5
84emxO86qa8.002.mp4,0.922222222222222,0.7961165048543688,0.8317757009345795,0.8901098901098901,0.8125000000000001,0.5,0.5,0.5,0.5
84emxO86qa8.005.mp4,0.922222222222222,0.912621359223301,0.9252336448598131,0.901098901098901,0.9583333333333334,0.5,0.5,0.5,0.5
84Lz5a9yRZg.001.mp4,0.5888888888888889,0.7669902912621359,0.5327102803738318,0.6043956043956044,0.6666666666666667,0.5,0.5,0.5,0.5
84Lz5a9yRZg.002.mp4,0.7555555555555554,0.7864077669902914,0.5514018691588786,0.7142857142857143,0.6979166666666666,0.5,0.5,0.5,0.5
84Lz5a9yRZg.004.mp4,0.6777777777777777,0.8932038834951456,0.6168224299065421,0.6813186813186812,0.6666666666666667,0.5,0.5,0.5,0.5
853IG69l2SE.000.mp4,0.5555555555555556,0.4854368932038835,0.5981308411214954,0.4945054945054945,0.5729166666666666,0.5,0.5,0.5,0.5
853IG69l2SE.003.mp4,0.5222222222222223,0.5436893203883495,0.5046728971962617,0.4945054945054945,0.4895833333333333,0.5,0.5,0.5,0.5
86HyqfDcAJM.001.mp4,0.6444444444444444,0.5339805825242718,0.36448598130841126,0.5384615384615384,0.5833333333333333,0.5,0.5,0.5,0.5
86upzmhvpXw.001.mp4,0.5666666666666667,0.5145631067961165,0.4953271028037384,0.6373626373626373,0.5729166666666666,0.5,0.5,0.5,0.5
86upzmhvpXw.002.mp4,0.5,0.5242718446601942,0.26168224299065423,0.5164835164835165,0.4166666666666667,0.5,0.5,0.5,0.5
86upzmhvpXw.005.mp4,0.5222222222222223,0.5436893203883495,0.38317757009345793,0.5384615384615384,0.6145833333333333,0.5,0.5,0.5,0.5
87r3cLkrw4A.002.mp4,0.611111111111111,0.6213592233009709,0.5233644859813085,0.5054945054945055,0.6041666666666666,0.5,0.5,0.5,0.5
8aLr0vNobr4.000.mp4,0.38888888888888895,0.4174757281553398,0.3271028037383178,0.4285714285714285,0.2708333333333333,0.5,0.5,0.5,0.5
8aLr0vNobr4.001.mp4,0.4444444444444445,0.4951456310679611,0.28037383177570097,0.4395604395604395,0.3854166666666667,0.5,0.5,0.5,0.5
8aLr0vNobr4.004.mp4,0.5222222222222223,0.6116504854368932,0.2897196261682243,0.5164835164835165,0.4375,0.5,0.5,0.5,0.5
8AnIttmflwI.002.mp4,0.5555555555555556,0.47572815533980584,0.4953271028037384,0.5054945054945055,0.5208333333333334,0.5,0.5,0.5,0.5
8aPfoJiDeBY.004.mp4,0.6444444444444444,0.8737864077669903,0.6168224299065421,0.6703296703296703,0.8333333333333334,0.5,0.5,0.5,0.5
8AyIkT2Dg14.003.mp4,0.711111111111111,0.6990291262135921,0.6728971962616823,0.5274725274725275,0.6145833333333333,0.5,0.5,0.5,0.5
8BE-2l-RBjA.000.mp4,0.32222222222222224,0.2815533980582524,0.33644859813084116,0.4175824175824176,0.32291666666666663,0.5,0.5,0.5,0.5
8BE-2l-RBjA.003.mp4,0.34444444444444444,0.30097087378640774,0.28037383177570097,0.4285714285714285,0.2604166666666667,0.5,0.5,0.5,0.5
8bn3HZY76xU.000.mp4,0.4777777777777778,0.3883495145631068,0.36448598130841126,0.4285714285714285,0.32291666666666663,0.5,0.5,0.5,0.5
8bn3HZY76xU.001.mp4,0.38888888888888895,0.3883495145631068,0.2897196261682243,0.3516483516483516,0.2395833333333333,0.5,0.5,0.5,0.5
8bn3HZY76xU.004.mp4,0.5777777777777777,0.6699029126213591,0.4953271028037384,0.5934065934065933,0.40625000000000006,0.5,0.5,0.5,0.5
8Bt-vEroq6M.003.mp4,0.6,0.6504854368932039,0.35514018691588783,0.5164835164835165,0.6875,0.5,0.5,0.5,0.5
8Bt-vEroq6M.004.mp4,0.5555555555555556,0.7475728155339806,0.4299065420560748,0.6153846153846153,0.7395833333333333,0.5,0.5,0.5,0.5
8c4_VDh2r5s.001.mp4,0.7777777777777777,0.6990291262135921,0.5607476635514019,0.6263736263736264,0.6770833333333334,0.5,0.5,0.5,0.5
8cIuBkFoh0s.000.mp4,0.7333333333333333,0.8058252427184466,0.7383177570093458,0.6263736263736264,0.65625,0.5,0.5,0.5,0.5
8dVcA5J1Dcw.000.mp4,0.4666666666666667,0.5533980582524272,0.4392523364485981,0.5604395604395604,0.5208333333333334,0.5,0.5,0.5,0.5
8e4nnel_x-M.001.mp4,0.5666666666666667,0.5922330097087379,0.5327102803738318,0.5824175824175825,0.5833333333333333,0.5,0.5,0.5,0.5
8e4nnel_x-M.005.mp4,0.7555555555555554,0.6699029126213591,0.6261682242990655,0.6703296703296703,0.875,0.5,0.5,0.5,0.5
8eeZjC_bmtc.001.mp4,0.2111111111111111,0.22330097087378642,0.28037383177570097,0.4505494505494505,0.32291666666666663,0.5,0.5,0.5,0.5
8eeZjC_bmtc.005.mp4,0.2777777777777778,0.35922330097087385,0.4953271028037384,0.3626373626373627,0.4166666666666667,0.5,0.5,0.5,0.5
8g5jPiQ6XdA.001.mp4,0.6666666666666666,0.5631067961165048,0.7102803738317757,0.7032967032967032,0.6979166666666666,0.5,0.5,0.5,0.5
8g5jPiQ6XdA.003.mp4,0.6666666666666666,0.5339805825242718,0.5700934579439253,0.5384615384615384,0.42708333333333337,0.5,0.5,0.5,0.5
8g5jPiQ6XdA.004.mp4,0.4666666666666667,0.4854368932038835,0.4672897196261683,0.6043956043956044,0.5625,0.5,0.5,0.5,0.5
8GFElKeREfQ.000.mp4,0.4888888888888889,0.4466019417475728,0.4112149532710281,0.4065934065934066,0.5,0.5,0.5,0.5,0.5
8GFElKeREfQ.005.mp4,0.6666666666666666,0.6019417475728155,0.4953271028037384,0.6043956043956044,0.5625,0.5,0.5,0.5,0.5
8gvBbE6iZNo.001.mp4,0.7555555555555554,0.8640776699029126,0.6542056074766356,0.6813186813186812,0.6979166666666666,0.5,0.5,0.5,0.5
8gvBbE6iZNo.003.mp4,0.6333333333333333,0.6796116504854369,0.4485981308411215,0.868131868131868,0.6770833333333334,0.5,0.5,0.5,0.5
8gvBbE6iZNo.005.mp4,0.5333333333333333,0.9514563106796118,0.4018691588785047,0.6153846153846153,0.6666666666666667,0.5,0.5,0.5,0.5
8hfhLOXpCNM.002.mp4,0.4777777777777778,0.4368932038834952,0.4299065420560748,0.5714285714285714,0.40625000000000006,0.5,0.5,0.5,0.5
8hfhLOXpCNM.005.mp4,0.5444444444444444,0.4466019417475728,0.5700934579439253,0.6703296703296703,0.5,0.5,0.5,0.5,0.5
8hGOOynn3ZU.003.mp4,0.4222222222222222,0.5533980582524272,0.38317757009345793,0.5714285714285714,0.4479166666666667,0.5,0.5,0.5,0.5
8hGOOynn3ZU.005.mp4,0.4888888888888889,0.6116504854368932,0.25233644859813087,0.5494505494505494,0.3854166666666667,0.5,0.5,0.5,0.5
8HqEniErmmE.000.mp4,0.5666666666666667,0.8155339805825244,0.5046728971962617,0.5934065934065933,0.65625,0.5,0.5,0.5,0.5
8hW6WfYBP18.001.mp4,0.25555555555555554,0.42718446601941745,0.046728971962616814,0.2637362637362637,0.28125,0.5,0.5,0.5,0.5
8hW6WfYBP18.005.mp4,0.4222222222222222,0.3883495145631068,0.4299065420560748,0.29670329670329665,0.40625000000000006,0.5,0.5,0.5,0.5
8i7H-uSCQcc.001.mp4,0.4888888888888889,0.7572815533980582,0.4672897196261683,0.5054945054945055,0.35416666666666663,0.5,0.5,0.5,0.5
8i7H-uSCQcc.004.mp4,0.5222222222222223,0.4660194174757281,0.4018691588785047,0.4725274725274725,0.45833333333333337,0.5,0.5,0.5,0.5
8KyS0FKbKfI.002.mp4,0.6666666666666666,0.7766990291262136,0.5794392523364487,0.7142857142857143,0.53125,0.5,0.5,0.5,0.5
8lg8A_zFOmg.000.mp4,0.6666666666666666,0.3980582524271845,0.37383177570093457,0.4065934065934066,0.19791666666666666,0.5,0.5,0.5,0.5
8mZZlnbmOYE.000.mp4,0.611111111111111,0.6601941747572816,0.4579439252336449,0.6703296703296703,0.5833333333333333,0.5,0.5,0.5,0.5
8mZZlnbmOYE.001.mp4,0.4777777777777778,0.5825242718446602,0.4392523364485981,0.6593406593406592,0.5729166666666666,0.5,0.5,0.5,0.5
8mZZlnbmOYE.003.mp4,0.38888888888888895,0.5825242718446602,0.4112149532710281,0.6373626373626373,0.46875,0.5,0.5,0.5,0.5
8mZZlnbmOYE.004.mp4,0.5666666666666667,0.6213592233009709,0.47663551401869164,0.6813186813186812,0.8020833333333334,0.5,0.5,0.5,0.5
8n6G3V3-Tk8.002.mp4,0.711111111111111,0.6213592233009709,0.5607476635514019,0.6043956043956044,0.59375,0.5,0.5,0.5,0.5
8n6G3V3-Tk8.005.mp4,0.6666666666666666,0.6796116504854369,0.35514018691588783,0.5164835164835165,0.40625000000000006,0.5,0.5,0.5,0.5
8narByy2B5g.000.mp4,0.7222222222222221,0.35922330097087385,0.36448598130841126,0.3736263736263736,0.4375,0.5,0.5,0.5,0.5
8narByy2B5g.001.mp4,0.5222222222222223,0.35922330097087385,0.4579439252336449,0.4945054945054945,0.37499999999999994,0.5,0.5,0.5,0.5
8narByy2B5g.004.mp4,0.4444444444444445,0.33980582524271846,0.29906542056074764,0.5494505494505494,0.18749999999999997,0.5,0.5,0.5,0.5
8OGiv7FetSQ.000.mp4,0.7555555555555554,0.5339805825242718,0.588785046728972,0.5824175824175825,0.6875,0.5,0.5,0.5,0.5
8OGiv7FetSQ.001.mp4,0.7333333333333333,0.5339805825242718,0.6448598130841123,0.6593406593406592,0.65625,0.5,0.5,0.5,0.5
8OGiv7FetSQ.002.mp4,0.5888888888888889,0.5922330097087379,0.5514018691588786,0.5164835164835165,0.5833333333333333,0.5,0.5,0.5,0.5
8OGiv7FetSQ.004.mp4,0.6666666666666666,0.4660194174757281,0.5420560747663552,0.6483516483516484,0.5520833333333334,0.5,0.5,0.5,0.5
8pM3X-xsD4s.001.mp4,0.7444444444444444,0.8155339805825244,0.7196261682242993,0.7692307692307692,0.6145833333333333,0.5,0.5,0.5,0.5
8PXQ_5tUv74.000.mp4,0.6777777777777777,0.6310679611650486,0.7009345794392524,0.6043956043956044,0.4895833333333333,0.5,0.5,0.5,0.5
8PXQ_5tUv74.001.mp4,0.6222222222222222,0.5631067961165048,0.5140186915887851,0.5714285714285714,0.59375,0.5,0.5,0.5,0.5
8PXQ_5tUv74.004.mp4,0.6444444444444444,0.6990291262135921,0.5233644859813085,0.6153846153846153,0.6770833333333334,0.5,0.5,0.5,0.5
8PXQ_5tUv74.005.mp4,0.6333333333333333,0.6310679611650486,0.5981308411214954,0.4725274725274725,0.5729166666666666,0.5,0.5,0.5,0.5
8py6SksNsZQ.001.mp4,0.6555555555555556,0.4951456310679611,0.6261682242990655,0.6483516483516484,0.6979166666666666,0.5,0.5,0.5,0.5
8py6SksNsZQ.002.mp4,0.6,0.3883495145631068,0.4672897196261683,0.5494505494505494,0.5833333333333333,0.5,0.5,0.5,0.5
8py6SksNsZQ.003.mp4,0.6777777777777777,0.33980582524271846,0.5794392523364487,0.6373626373626373,0.6875,0.5,0.5,0.5,0.5
8py6SksNsZQ.005.mp4,0.8333333333333333,0.4854368932038835,0.6542056074766356,0.6483516483516484,0.7708333333333334,0.5,0.5,0.5,0.5
8qDKGnABATw.001.mp4,0.6555555555555556,0.7475728155339806,0.5514018691588786,0.835164835164835,0.7500000000000001,0.5,0.5,0.5,0.5
8qesctueAV0.000.mp4,0.611111111111111,0.4563106796116505,0.7102803738317757,0.6263736263736264,0.5520833333333334,0.5,0.5,0.5,0.5
8qG1sMihtPA.000.mp4,0.5777777777777777,0.4077669902912622,0.4672897196261683,0.4615384615384615,0.59375,0.5,0.5,0.5,0.5
8qG1sMihtPA.003.mp4,0.7222222222222221,0.7087378640776699,0.4953271028037384,0.4835164835164835,0.5625,0.5,0.5,0.5,0.5
8qG1sMihtPA.004.mp4,0.5888888888888889,0.4563106796116505,0.588785046728972,0.5494505494505494,0.53125,0.5,0.5,0.5,0.5
8QtlG5ujHyc.001.mp4,0.7999999999999999,0.5436893203883495,0.6448598130841123,0.4505494505494505,0.6979166666666666,0.5,0.5,0.5,0.5
8RObWRnyuG0.001.mp4,0.6444444444444444,0.5728155339805825,0.4392523364485981,0.5054945054945055,0.6354166666666666,0.5,0.5,0.5,0.5
8RVJqjILSD0.000.mp4,0.3666666666666667,0.4174757281553398,0.3271028037383178,0.3956043956043956,0.40625000000000006,0.5,0.5,0.5,0.5
8RVJqjILSD0.001.mp4,0.5666666666666667,0.4466019417475728,0.48598130841121495,0.5604395604395604,0.5833333333333333,0.5,0.5,0.5,0.5
8RVJqjILSD0.003.mp4,0.6222222222222222,0.4951456310679611,0.36448598130841126,0.5494505494505494,0.4791666666666667,0.5,0.5,0.5,0.5
8toLcoDcGOY.001.mp4,0.43333333333333335,0.4854368932038835,0.3271028037383178,0.5384615384615384,0.40625000000000006,0.5,0.5,0.5,0.5
8toLcoDcGOY.003.mp4,0.4222222222222222,0.4077669902912622,0.38317757009345793,0.5274725274725275,0.5208333333333334,0.5,0.5,0.5,0.5
8waTw8jF1Ys.000.mp4,0.43333333333333335,0.3495145631067961,0.5794392523364487,0.6263736263736264,0.5520833333333334,0.5,0.5,0.5,0.5
8XBprf4NyOg.001.mp4,0.2777777777777778,0.2621359223300971,0.16822429906542055,0.2747252747252747,0.1666666666666666,0.5,0.5,0.5,0.5
8XBprf4NyOg.002.mp4,0.24444444444444444,0.2524271844660194,0.2149532710280374,0.25274725274725274,0.25,0.5,0.5,0.5,0.5
8XBprf4NyOg.004.mp4,0.32222222222222224,0.3203883495145631,0.29906542056074764,0.32967032967032966,0.32291666666666663,0.5,0.5,0.5,0.5
8XBprf4NyOg.005.mp4,0.3111111111111111,0.3495145631067961,0.2149532710280374,0.2087912087912088,0.25,0.5,0.5,0.5,0.5
8xHdW7Zx_OY.000.mp4,0.43333333333333335,0.6990291262135921,0.4579439252336449,0.5604395604395604,0.4791666666666667,0.5,0.5,0.5,0.5
8xHdW7Zx_OY.001.mp4,0.41111111111111115,0.47572815533980584,0.4299065420560748,0.5274725274725275,0.4375,0.5,0.5,0.5,0.5
8XJCdulCPkM.003.mp4,0.6444444444444444,0.6504854368932039,0.6074766355140188,0.5824175824175825,0.6666666666666667,0.5,0.5,0.5,0.5
8XJCdulCPkM.004.mp4,0.711111111111111,0.6310679611650486,0.5327102803738318,0.6923076923076923,0.6354166666666666,0.5,0.5,0.5,0.5
8XJCdulCPkM.005.mp4,0.6666666666666666,0.5242718446601942,0.588785046728972,0.6373626373626373,0.5833333333333333,0.5,0.5,0.5,0.5
8yFYvQ_kxW8.000.mp4,0.5444444444444444,0.4951456310679611,0.5046728971962617,0.6373626373626373,0.4895833333333333,0.5,0.5,0.5,0.5
8yFYvQ_kxW8.001.mp4,0.5555555555555556,0.5242718446601942,0.4485981308411215,0.5384615384615384,0.5416666666666666,0.5,0.5,0.5,0.5
8yFYvQ_kxW8.003.mp4,0.5777777777777777,0.5922330097087379,0.6728971962616823,0.5714285714285714,0.65625,0.5,0.5,0.5,0.5
8yFYvQ_kxW8.005.mp4,0.5666666666666667,0.4951456310679611,0.5233644859813085,0.5054945054945055,0.4479166666666667,0.5,0.5,0.5,0.5
8Yo-27O0P38.003.mp4,0.6444444444444444,0.4660194174757281,0.6728971962616823,0.6263736263736264,0.6041666666666666,0.5,0.5,0.5,0.5
8YQKwMdiaAE.001.mp4,0.5888888888888889,0.35922330097087385,0.2710280373831776,0.3736263736263736,0.35416666666666663,0.5,0.5,0.5,0.5
8YQKwMdiaAE.002.mp4,0.8333333333333333,0.3883495145631068,0.5233644859813085,0.5384615384615384,0.6354166666666666,0.5,0.5,0.5,0.5
8z-WF2UNRb8.002.mp4,0.7888888888888888,0.3883495145631068,0.5607476635514019,0.5384615384615384,0.59375,0.5,0.5,0.5,0.5
8Z6PrQdqffA.001.mp4,0.5888888888888889,0.5825242718446602,0.37383177570093457,0.5054945054945055,0.6041666666666666,0.5,0.5,0.5,0.5
8Z6PrQdqffA.002.mp4,0.5111111111111111,0.5533980582524272,0.5140186915887851,0.5274725274725275,0.6145833333333333,0.5,0.5,0.5,0.5
8Z6PrQdqffA.004.mp4,0.6,0.6601941747572816,0.48598130841121495,0.5934065934065933,0.7916666666666667,0.5,0.5,0.5,0.5
8Z6PrQdqffA.005.mp4,0.7555555555555554,0.7184466019417477,0.6542056074766356,0.8021978021978021,0.7708333333333334,0.5,0.5,0.5,0.5
8ZHpqRJ39HA.002.mp4,0.5111111111111111,0.7378640776699029,0.5700934579439253,0.4835164835164835,0.4895833333333333,0.5,0.5,0.5,0.5
8ZHpqRJ39HA.003.mp4,0.5333333333333333,0.6796116504854369,0.663551401869159,0.5384615384615384,0.59375,0.5,0.5,0.5,0.5
8ZHpqRJ39HA.004.mp4,0.3777777777777778,0.4563106796116505,0.4579439252336449,0.31868131868131866,0.46875,0.5,0.5,0.5,0.5
8ZHpqRJ39HA.005.mp4,0.5,0.6699029126213591,0.4672897196261683,0.4615384615384615,0.5520833333333334,0.5,0.5,0.5,0.5
9-lptN92A68.005.mp4,0.8444444444444444,0.6699029126213591,0.691588785046729,0.6483516483516484,0.6979166666666666,0.5,0.5,0.5,0.5
90p68AEmNMA.000.mp4,0.3666666666666667,0.22330097087378642,0.17757009345794392,0.30769230769230765,0.2604166666666667,0.5,0.5,0.5,0.5
90p68AEmNMA.001.mp4,0.28888888888888886,0.17475728155339804,0.28037383177570097,0.23076923076923075,0.20833333333333331,0.5,0.5,0.5,0.5
93XyRBd_HqU.002.mp4,0.45555555555555555,0.7669902912621359,0.5140186915887851,0.5714285714285714,0.6458333333333333,0.5,0.5,0.5,0.5
98fnGDVky00.000.mp4,0.3,0.24271844660194175,0.20560747663551404,0.25274725274725274,0.3333333333333333,0.5,0.5,0.5,0.5
98fnGDVky00.001.mp4,0.45555555555555555,0.5145631067961165,0.35514018691588783,0.3956043956043956,0.3645833333333333,0.5,0.5,0.5,0.5
98fnGDVky00.002.mp4,0.5555555555555556,0.5048543689320388,0.33644859813084116,0.4395604395604395,0.4479166666666667,0.5,0.5,0.5,0.5
98fnGDVky00.003.mp4,0.3777777777777778,0.3786407766990291,0.3457943925233645,0.4285714285714285,0.5104166666666666,0.5,0.5,0.5,0.5
98fnGDVky00.004.mp4,0.5333333333333333,0.5048543689320388,0.5327102803738318,0.5274725274725275,0.42708333333333337,0.5,0.5,0.5,0.5
98fnGDVky00.005.mp4,0.5111111111111111,0.4563106796116505,0.4018691588785047,0.3626373626373627,0.4166666666666667,0.5,0.5,0.5,0.5
99OBSlFjLXI.000.mp4,0.6444444444444444,0.3980582524271845,0.663551401869159,0.4615384615384615,0.5208333333333334,0.5,0.5,0.5,0.5
99OBSlFjLXI.002.mp4,0.6,0.2912621359223301,0.6168224299065421,0.4285714285714285,0.5416666666666666,0.5,0.5,0.5,0.5
9_6auSk_wkY.000.mp4,0.711111111111111,0.7475728155339806,0.7570093457943926,0.6483516483516484,0.6875,0.5,0.5,0.5,0.5
9_6auSk_wkY.004.mp4,0.6888888888888889,0.5631067961165048,0.5607476635514019,0.4615384615384615,0.5625,0.5,0.5,0.5,0.5
9_6auSk_wkY.005.mp4,0.7888888888888888,0.6796116504854369,0.6261682242990655,0.6593406593406592,0.7708333333333334,0.5,0.5,0.5,0.5
9a-3LrB7cDI.000.mp4,0.6666666666666666,0.6699029126213591,0.6542056074766356,0.7032967032967032,0.6875,0.5,0.5,0.5,0.5
9a-3LrB7cDI.003.mp4,0.4777777777777778,0.7184466019417477,0.5607476635514019,0.7692307692307692,0.59375,0.5,0.5,0.5,0.5
9a-3LrB7cDI.004.mp4,0.6444444444444444,0.7281553398058251,0.5794392523364487,0.7582417582417583,0.7604166666666666,0.5,0.5,0.5,0.5
9a-3LrB7cDI.005.mp4,0.4666666666666667,0.6699029126213591,0.47663551401869164,0.5494505494505494,0.4791666666666667,0.5,0.5,0.5,0.5
9AsxY-x-TjM.000.mp4,0.4444444444444445,0.4951456310679611,0.4485981308411215,0.4395604395604395,0.5104166666666666,0.5,0.5,0.5,0.5
9AsxY-x-TjM.002.mp4,0.4,0.7184466019417477,0.5140186915887851,0.5164835164835165,0.4166666666666667,0.5,0.5,0.5,0.5
9AsxY-x-TjM.004.mp4,0.4666666666666667,0.5533980582524272,0.48598130841121495,0.5934065934065933,0.5,0.5,0.5,0.5,0.5
9c66Lb7e1BQ.002.mp4,0.6222222222222222,0.5339805825242718,0.5327102803738318,0.5494505494505494,0.5520833333333334,0.5,0.5,0.5,0.5
9c66Lb7e1BQ.003.mp4,0.6333333333333333,0.47572815533980584,0.5607476635514019,0.7032967032967032,0.625,0.5,0.5,0.5,0.5
9cHxDnk6SUs.000.mp4,0.6888888888888889,0.5533980582524272,0.5607476635514019,0.7692307692307692,0.7291666666666667,0.5,0.5,0.5,0.5
9cHxDnk6SUs.001.mp4,0.5444444444444444,0.35922330097087385,0.48598130841121495,0.4615384615384615,0.5833333333333333,0.5,0.5,0.5,0.5
9cHxDnk6SUs.002.mp4,0.7777777777777777,0.6213592233009709,0.7102803738317757,0.7912087912087912,0.7604166666666666,0.5,0.5,0.5,0.5
9cHxDnk6SUs.005.mp4,0.6888888888888889,0.6990291262135921,0.6822429906542057,0.7472527472527474,0.8333333333333334,0.5,0.5,0.5,0.5
9cj8rrj1wSk.000.mp4,0.5666666666666667,0.6893203883495147,0.5794392523364487,0.7582417582417583,0.6979166666666666,0.5,0.5,0.5,0.5
9cj8rrj1wSk.004.mp4,0.7222222222222221,0.7961165048543688,0.6448598130841123,0.7362637362637363,0.8645833333333334,0.5,0.5,0.5,0.5
9cj8rrj1wSk.005.mp4,0.5222222222222223,0.5825242718446602,0.5327102803738318,0.5824175824175825,0.65625,0.5,0.5,0.5,0.5
9CPKW0sqR3E.000.mp4,0.711111111111111,0.5728155339805825,0.4672897196261683,0.5494505494505494,0.5833333333333333,0.5,0.5,0.5,0.5
9CPKW0sqR3E.001.mp4,0.6222222222222222,0.6699029126213591,0.4953271028037384,0.6373626373626373,0.53125,0.5,0.5,0.5,0.5
9CPKW0sqR3E.002.mp4,0.6333333333333333,0.5145631067961165,0.4205607476635514,0.3956043956043956,0.5104166666666666,0.5,0.5,0.5,0.5
9CPKW0sqR3E.003.mp4,0.4888888888888889,0.6893203883495147,0.4018691588785047,0.5384615384615384,0.5416666666666666,0.5,0.5,0.5,0.5
9CPKW0sqR3E.005.mp4,0.6555555555555556,0.7281553398058251,0.5607476635514019,0.5604395604395604,0.6770833333333334,0.5,0.5,0.5,0.5
9Crw2RtrBcY.000.mp4,0.5777777777777777,0.8640776699029126,0.4205607476635514,0.6593406593406592,0.625,0.5,0.5,0.5,0.5
9Crw2RtrBcY.001.mp4,0.6,0.8155339805825244,0.4953271028037384,0.6153846153846153,0.7395833333333333,0.5,0.5,0.5,0.5
9Crw2RtrBcY.002.mp4,0.7333333333333333,0.9223300970873788,0.588785046728972,0.879120879120879,0.8125000000000001,0.5,0.5,0.5,0.5
9Crw2RtrBcY.003.mp4,0.6444444444444444,0.8737864077669903,0.4579439252336449,0.6483516483516484,0.6875,0.5,0.5,0.5,0.5
9Crw2RtrBcY.004.mp4,0.7888888888888888,0.9223300970873788,0.663551401869159,0.824175824175824,0.8541666666666667,0.5,0.5,0.5,0.5
9cWmvIfAAn0.000.mp4,0.6888888888888889,0.5922330097087379,0.6074766355140188,0.813186813186813,0.625,0.5,0.5,0.5,0.5
9DF_-PXbpkg.001.mp4,0.6555555555555556,0.7184466019417477,0.5700934579439253,0.879120879120879,0.6770833333333334,0.5,0.5,0.5,0.5
9DF_-PXbpkg.002.mp4,0.5666666666666667,0.7961165048543688,0.4392523364485981,0.5934065934065933,0.6041666666666666,0.5,0.5,0.5,0.5
9DF_-PXbpkg.003.mp4,0.611111111111111,0.8155339805825244,0.5607476635514019,0.6483516483516484,0.5833333333333333,0.5,0.5,0.5,0.5
9eNHxfOV2Kg.002.mp4,0.7999999999999999,0.5533980582524272,0.663551401869159,0.4945054945054945,0.7291666666666667,0.5,0.5,0.5,0.5
9eNHxfOV2Kg.004.mp4,0.5333333333333333,0.3786407766990291,0.39252336448598135,0.5054945054945055,0.4791666666666667,0.5,0.5,0.5,0.5
9FN1KxoTMtQ.000.mp4,0.6,0.2621359223300971,0.33644859813084116,0.4615384615384615,0.34374999999999994,0.5,0.5,0.5,0.5
9hMSThogdKo.001.mp4,0.3555555555555556,0.3883495145631068,0.2897196261682243,0.3846153846153846,0.29166666666666663,0.5,0.5,0.5,0.5
9hqH1PJ6cG8.001.mp4,0.4,0.2912621359223301,0.39252336448598135,0.5164835164835165,0.40625000000000006,0.5,0.5,0.5,0.5
9J-KIPMQmqk.004.mp4,0.6222222222222222,0.6796116504854369,0.47663551401869164,0.6153846153846153,0.6041666666666666,0.5,0.5,0.5,0.5
9J-KIPMQmqk.005.mp4,0.5111111111111111,0.7281553398058251,0.48598130841121495,0.6043956043956044,0.6458333333333333,0.5,0.5,0.5,0.5
9KAqOrdiZ4I.001.mp4,0.25555555555555554,0.2815533980582524,0.12149532710280371,0.24175824175824176,0.28125,0.5,0.5,0.5,0.5
9KAqOrdiZ4I.002.mp4,0.33333333333333337,0.27184466019417475,0.3177570093457944,0.30769230769230765,0.2708333333333333,0.5,0.5,0.5,0.5
9kEyN8a76j4.004.mp4,0.6444444444444444,0.36893203883495146,0.30841121495327106,0.23076923076923075,0.3854166666666667,0.5,0.5,0.5,0.5
9kEyN8a76j4.005.mp4,0.5888888888888889,0.3883495145631068,0.3457943925233645,0.3846153846153846,0.4791666666666667,0.5,0.5,0.5,0.5
9Lbj3wpwk-c.000.mp4,0.41111111111111115,0.4077669902912622,0.38317757009345793,0.5494505494505494,0.34374999999999994,0.5,0.5,0.5,0.5
9Lbj3wpwk-c.001.mp4,0.32222222222222224,0.2038834951456311,0.26168224299065423,0.4065934065934066,0.3125,0.5,0.5,0.5,0.5
9Lbj3wpwk-c.003.mp4,0.4,0.36893203883495146,0.4112149532710281,0.4835164835164835,0.35416666666666663,0.5,0.5,0.5,0.5
9Lbj3wpwk-c.004.mp4,0.25555555555555554,0.3786407766990291,0.4018691588785047,0.5934065934065933,0.18749999999999997,0.5,0.5,0.5,0.5
9mAw0B-mEPQ.001.mp4,0.6,0.5825242718446602,0.7570093457943926,0.4615384615384615,0.5104166666666666,0.5,0.5,0.5,0.5
9mAw0B-mEPQ.005.mp4,0.6777777777777777,0.6990291262135921,0.6168224299065421,0.7032967032967032,0.6770833333333334,0.5,0.5,0.5,0.5
9mM_0vrO3wc.003.mp4,0.6222222222222222,0.7184466019417477,0.6074766355140188,0.6813186813186812,0.6145833333333333,0.5,0.5,0.5,0.5
9n8dNi-ERQ0.003.mp4,0.7444444444444444,0.6116504854368932,0.6448598130841123,0.6373626373626373,0.6666666666666667,0.5,0.5,0.5,0.5
9n8dNi-ERQ0.004.mp4,0.7222222222222221,0.6019417475728155,0.6728971962616823,0.6813186813186812,0.7812499999999999,0.5,0.5,0.5,0.5
9ND95tPlYt4.000.mp4,0.41111111111111115,0.30097087378640774,0.20560747663551404,0.2637362637362637,0.28125,0.5,0.5,0.5,0.5
9o10YrQykMk.000.mp4,0.6444444444444444,0.6893203883495147,0.588785046728972,0.6263736263736264,0.65625,0.5,0.5,0.5,0.5
9o10YrQykMk.002.mp4,0.7,0.6213592233009709,0.4579439252336449,0.5274725274725275,0.6145833333333333,0.5,0.5,0.5,0.5
9o10YrQykMk.003.mp4,0.7333333333333333,0.6990291262135921,0.6168224299065421,0.4725274725274725,0.6041666666666666,0.5,0.5,0.5,0.5
9pGJyf1MXLY.000.mp4,0.5444444444444444,0.4951456310679611,0.6168224299065421,0.6483516483516484,0.65625,0.5,0.5,0.5,0.5
9pGJyf1MXLY.002.mp4,0.6444444444444444,0.4660194174757281,0.5420560747663552,0.6153846153846153,0.6770833333333334,0.5,0.5,0.5,0.5
9pGJyf1MXLY.005.mp4,0.5111111111111111,0.4951456310679611,0.48598130841121495,0.5934065934065933,0.5208333333333334,0.5,0.5,0.5,0.5
9QGTbcqb2tM.001.mp4,0.6666666666666666,0.5145631067961165,0.38317757009345793,0.4945054945054945,0.6145833333333333,0.5,0.5,0.5,0.5
9QGTbcqb2tM.002.mp4,0.611111111111111,0.4563106796116505,0.3457943925233645,0.5384615384615384,0.4791666666666667,0.5,0.5,0.5,0.5
9QGTbcqb2tM.003.mp4,0.5666666666666667,0.3300970873786408,0.3177570093457944,0.5494505494505494,0.4166666666666667,0.5,0.5,0.5,0.5
9QOFKbaPX3M.000.mp4,0.4222222222222222,0.4077669902912622,0.2149532710280374,0.5274725274725275,0.3645833333333333,0.5,0.5,0.5,0.5
9QOFKbaPX3M.001.mp4,0.4222222222222222,0.47572815533980584,0.2149532710280374,0.4615384615384615,0.28125,0.5,0.5,0.5,0.5
9QOFKbaPX3M.002.mp4,0.3555555555555556,0.4174757281553398,0.3271028037383178,0.5054945054945055,0.37499999999999994,0.5,0.5,0.5,0.5
9rF3BEXetOo.000.mp4,0.5888888888888889,0.4466019417475728,0.5607476635514019,0.5604395604395604,0.5208333333333334,0.5,0.5,0.5,0.5
9RfE2-aTvaM.000.mp4,0.5777777777777777,0.6601941747572816,0.6074766355140188,0.6483516483516484,0.6875,0.5,0.5,0.5,0.5
9RfE2-aTvaM.001.mp4,0.4777777777777778,0.4466019417475728,0.39252336448598135,0.6813186813186812,0.53125,0.5,0.5,0.5,0.5
9RfE2-aTvaM.003.mp4,0.5,0.4466019417475728,0.47663551401869164,0.5824175824175825,0.5416666666666666,0.5,0.5,0.5,0.5
9sfpnlBRCl0.000.mp4,0.5555555555555556,0.4368932038834952,0.5981308411214954,0.6153846153846153,0.5729166666666666,0.5,0.5,0.5,0.5
9SGTRbePKLI.004.mp4,0.5111111111111111,0.5145631067961165,0.5420560747663552,0.5164835164835165,0.5,0.5,0.5,0.5,0.5
9UEBU_yiTPs.001.mp4,0.5444444444444444,0.6310679611650486,0.5233644859813085,0.6813186813186812,0.6145833333333333,0.5,0.5,0.5,0.5
9UEBU_yiTPs.002.mp4,0.4222222222222222,0.5436893203883495,0.4018691588785047,0.6593406593406592,0.5,0.5,0.5,0.5,0.5
9uMpKla2OQM.001.mp4,0.5333333333333333,0.36893203883495146,0.4579439252336449,0.5384615384615384,0.37499999999999994,0.5,0.5,0.5,0.5
9UUtf0_ZR14.001.mp4,0.6888888888888889,0.6213592233009709,0.6355140186915887,0.5824175824175825,0.6979166666666666,0.5,0.5,0.5,0.5
9UWCHrG5mys.001.mp4,0.5777777777777777,0.35922330097087385,0.5794392523364487,0.4505494505494505,0.53125,0.5,0.5,0.5,0.5
9UWCHrG5mys.004.mp4,0.4444444444444445,0.3883495145631068,0.4205607476635514,0.4175824175824176,0.4479166666666667,0.5,0.5,0.5,0.5
9xJ0rFCU-OM.004.mp4,0.4888888888888889,0.5631067961165048,0.39252336448598135,0.4175824175824176,0.3645833333333333,0.5,0.5,0.5,0.5
9xJ0rFCU-OM.005.mp4,0.611111111111111,0.5825242718446602,0.39252336448598135,0.5714285714285714,0.59375,0.5,0.5,0.5,0.5
9XqeGs2MMic.000.mp4,0.38888888888888895,0.2524271844660194,0.26168224299065423,0.32967032967032966,0.2604166666666667,0.5,0.5,0.5,0.5
9XvDnTa0Z1M.003.mp4,0.4777777777777778,0.4368932038834952,0.4112149532710281,0.5054945054945055,0.45833333333333337,0.5,0.5,0.5,0.5
9ydyJKZBWiA.000.mp4,0.4444444444444445,0.5242718446601942,0.4112149532710281,0.4835164835164835,0.3125,0.5,0.5,0.5,0.5
9ydyJKZBWiA.001.mp4,0.3,0.5631067961165048,0.3177570093457944,0.3736263736263736,0.32291666666666663,0.5,0.5,0.5,0.5
9ydyJKZBWiA.002.mp4,0.4777777777777778,0.6213592233009709,0.37383177570093457,0.5714285714285714,0.5104166666666666,0.5,0.5,0.5,0.5
9ydyJKZBWiA.003.mp4,0.5888888888888889,0.6019417475728155,0.3177570093457944,0.5934065934065933,0.4479166666666667,0.5,0.5,0.5,0.5
9ydyJKZBWiA.005.mp4,0.5111111111111111,0.4368932038834952,0.4018691588785047,0.6263736263736264,0.3854166666666667,0.5,0.5,0.5,0.5
9yZEb6bdxNY.000.mp4,0.7777777777777777,0.7864077669902914,0.7102803738317757,0.6813186813186812,0.7708333333333334,0.5,0.5,0.5,0.5
9yZEb6bdxNY.004.mp4,0.7999999999999999,0.8834951456310681,0.822429906542056,0.7362637362637363,0.8958333333333334,0.5,0.5,0.5,0.5
9z5cV1ANYwE.002.mp4,0.5333333333333333,0.7281553398058251,0.4112149532710281,0.4285714285714285,0.5625,0.5,0.5,0.5,0.5
9ZMIYSBYIh8.000.mp4,0.6,0.36893203883495146,0.5420560747663552,0.5384615384615384,0.3645833333333333,0.5,0.5,0.5,0.5
9ZMIYSBYIh8.003.mp4,0.5777777777777777,0.3786407766990291,0.4485981308411215,0.6593406593406592,0.5,0.5,0.5,0.5,0.5
_01AyUz9J9I.002.mp4,0.8222222222222221,0.5339805825242718,0.6074766355140188,0.7032967032967032,0.6145833333333333,0.5,0.5,0.5,0.5
_01AyUz9J9I.005.mp4,0.811111111111111,0.5728155339805825,0.5981308411214954,0.5824175824175825,0.6458333333333333,0.5,0.5,0.5,0.5
_0bg1TLPP-I.004.mp4,0.5444444444444444,0.6019417475728155,0.5607476635514019,0.7472527472527474,0.53125,0.5,0.5,0.5,0.5
_0bg1TLPP-I.005.mp4,0.5444444444444444,0.5436893203883495,0.5046728971962617,0.5494505494505494,0.5833333333333333,0.5,0.5,0.5,0.5
_2DSmy36OEM.001.mp4,0.5444444444444444,0.4466019417475728,0.4485981308411215,0.4175824175824176,0.5,0.5,0.5,0.5,0.5
_7hGh6VU4IU.000.mp4,0.7666666666666666,0.6407766990291262,0.6074766355140188,0.6813186813186812,0.5104166666666666,0.5,0.5,0.5,0.5
_7hGh6VU4IU.003.mp4,0.5333333333333333,0.6601941747572816,0.4579439252336449,0.6153846153846153,0.6041666666666666,0.5,0.5,0.5,0.5
_7hGh6VU4IU.004.mp4,0.4666666666666667,0.6407766990291262,0.5233644859813085,0.5824175824175825,0.4479166666666667,0.5,0.5,0.5,0.5
_7hGh6VU4IU.005.mp4,0.5333333333333333,0.5728155339805825,0.5233644859813085,0.5934065934065933,0.5833333333333333,0.5,0.5,0.5,0.5
_7s27dUoYVg.000.mp4,0.7333333333333333,0.6796116504854369,0.5233644859813085,0.5274725274725275,0.7395833333333333,0.5,0.5,0.5,0.5
_7s27dUoYVg.003.mp4,0.711111111111111,0.6699029126213591,0.6261682242990655,0.5824175824175825,0.5520833333333334,0.5,0.5,0.5,0.5
_bOOlidEWgY.001.mp4,0.7666666666666666,0.8252427184466018,0.5794392523364487,0.6483516483516484,0.8958333333333334,0.5,0.5,0.5,0.5
_fFmEyvWgfA.004.mp4,0.5222222222222223,0.3980582524271845,0.4299065420560748,0.5384615384615384,0.45833333333333337,0.5,0.5,0.5,0.5
_fJcW5234bY.000.mp4,0.6777777777777777,0.6019417475728155,0.5700934579439253,0.5824175824175825,0.625,0.5,0.5,0.5,0.5
_fJcW5234bY.002.mp4,0.6666666666666666,0.6116504854368932,0.6074766355140188,0.5934065934065933,0.5833333333333333,0.5,0.5,0.5,0.5
_fJcW5234bY.004.mp4,0.6777777777777777,0.5631067961165048,0.691588785046729,0.5934065934065933,0.6354166666666666,0.5,0.5,0.5,0.5
_G3kw9HwCqY.000.mp4,0.5333333333333333,0.4466019417475728,0.5514018691588786,0.4285714285714285,0.4479166666666667,0.5,0.5,0.5,0.5
_G3kw9HwCqY.002.mp4,0.3777777777777778,0.47572815533980584,0.37383177570093457,0.4615384615384615,0.34374999999999994,0.5,0.5,0.5,0.5
_G3kw9HwCqY.004.mp4,0.6666666666666666,0.5631067961165048,0.691588785046729,0.7582417582417583,0.46875,0.5,0.5,0.5,0.5
_G3kw9HwCqY.005.mp4,0.3111111111111111,0.30097087378640774,0.36448598130841126,0.4285714285714285,0.2395833333333333,0.5,0.5,0.5,0.5
_g3M_MoFIvA.001.mp4,0.6777777777777777,0.4563106796116505,0.5700934579439253,0.6923076923076923,0.5,0.5,0.5,0.5,0.5
_g3M_MoFIvA.004.mp4,0.4888888888888889,0.33980582524271846,0.4579439252336449,0.5384615384615384,0.45833333333333337,0.5,0.5,0.5,0.5
_g3M_MoFIvA.005.mp4,0.5,0.4368932038834952,0.4299065420560748,0.5054945054945055,0.53125,0.5,0.5,0.5,0.5
_GFregyrwfo.002.mp4,0.6222222222222222,0.6990291262135921,0.4672897196261683,0.5714285714285714,0.5208333333333334,0.5,0.5,0.5,0.5
_GFregyrwfo.004.mp4,0.5555555555555556,0.7766990291262136,0.4672897196261683,0.6153846153846153,0.59375,0.5,0.5,0.5,0.5
_GFregyrwfo.005.mp4,0.6222222222222222,0.941747572815534,0.4112149532710281,0.6703296703296703,0.7187499999999999,0.5,0.5,0.5,0.5
_hmiW83i0GY.000.mp4,0.5666666666666667,0.4951456310679611,0.5794392523364487,0.6593406593406592,0.7291666666666667,0.5,0.5,0.5,0.5
_hR9AD-eIy8.000.mp4,0.7333333333333333,0.6990291262135921,0.691588785046729,0.7362637362637363,0.6875,0.5,0.5,0.5,0.5
_hR9AD-eIy8.005.mp4,0.6,0.7766990291262136,0.5700934579439253,0.7032967032967032,0.7083333333333334,0.5,0.5,0.5,0.5
_IS6GFmQYj4.000.mp4,0.6333333333333333,0.4466019417475728,0.588785046728972,0.6593406593406592,0.65625,0.5,0.5,0.5,0.5
_IS6GFmQYj4.002.mp4,0.7,0.4951456310679611,0.6261682242990655,0.7142857142857143,0.7812499999999999,0.5,0.5,0.5,0.5
_IS6GFmQYj4.003.mp4,0.5888888888888889,0.5242718446601942,0.6542056074766356,0.5604395604395604,0.6666666666666667,0.5,0.5,0.5,0.5
_IS6GFmQYj4.004.mp4,0.611111111111111,0.4077669902912622,0.4672897196261683,0.5604395604395604,0.5208333333333334,0.5,0.5,0.5,0.5
_kK9tGN883Y.000.mp4,0.4444444444444445,0.2038834951456311,0.0,0.054945054945054916,0.03124999999999999,0.5,0.5,0.5,0.5
_kK9tGN883Y.004.mp4,0.33333333333333337,0.14563106796116504,0.12149532710280371,0.24175824175824176,0.07291666666666664,0.5,0.5,0.5,0.5
_LWrd9t4oZw.003.mp4,0.7333333333333333,0.6116504854368932,0.6822429906542057,0.5824175824175825,0.6458333333333333,0.5,0.5,0.5,0.5
_mtiuHyOFXg.001.mp4,0.6888888888888889,0.8058252427184466,0.39252336448598135,0.6703296703296703,0.7500000000000001,0.5,0.5,0.5,0.5
_mtiuHyOFXg.003.mp4,0.5666666666666667,0.8252427184466018,0.3177570093457944,0.6813186813186812,0.6458333333333333,0.5,0.5,0.5,0.5
_mtiuHyOFXg.005.mp4,0.5111111111111111,0.6407766990291262,0.3177570093457944,0.4615384615384615,0.4895833333333333,0.5,0.5,0.5,0.5
_plk5k7PBEg.001.mp4,0.7555555555555554,0.7087378640776699,0.6822429906542057,0.868131868131868,0.8333333333333334,0.5,0.5,0.5,0.5
_Py_lytyY5A.005.mp4,0.6777777777777777,0.35922330097087385,0.5981308411214954,0.6373626373626373,0.46875,0.5,0.5,0.5,0.5
_Q4wOgixh7E.000.mp4,0.5222222222222223,0.22330097087378642,0.046728971962616814,0.2857142857142857,0.19791666666666666,0.5,0.5,0.5,0.5
_QXI4n_FRN4.005.mp4,0.5666666666666667,0.8058252427184466,0.5140186915887851,0.5494505494505494,0.5104166666666666,0.5,0.5,0.5,0.5
_RAGzfJnpUE.001.mp4,0.4444444444444445,0.33980582524271846,0.25233644859813087,0.3846153846153846,0.40625000000000006,0.5,0.5,0.5,0.5
_RAGzfJnpUE.003.mp4,0.3666666666666667,0.4174757281553398,0.35514018691588783,0.3626373626373627,0.3333333333333333,0.5,0.5,0.5,0.5
_S_bWJwqsmM.004.mp4,0.5,0.30097087378640774,0.4299065420560748,0.4505494505494505,0.3645833333333333,0.5,0.5,0.5,0.5
_S_bWJwqsmM.005.mp4,0.4777777777777778,0.33980582524271846,0.4205607476635514,0.5054945054945055,0.35416666666666663,0.5,0.5,0.5,0.5
_tOtBfJlWFs.000.mp4,0.6888888888888889,0.5048543689320388,0.4299065420560748,0.4615384615384615,0.5625,0.5,0.5,0.5,0.5
_UnoRkHkYB8.003.mp4,0.5777777777777777,0.3786407766990291,0.3177570093457944,0.5164835164835165,0.40625000000000006,0.5,0.5,0.5,0.5
_uNup91ZYw0.001.mp4,0.7666666666666666,0.6796116504854369,0.6355140186915887,0.7582417582417583,0.7604166666666666,0.5,0.5,0.5,0.5
_uNup91ZYw0.002.mp4,0.9444444444444443,0.7669902912621359,0.7570093457943926,0.7142857142857143,0.8854166666666667,0.5,0.5,0.5,0.5
_VsE38xSmdM.001.mp4,0.888888888888889,0.7961165048543688,0.6728971962616823,0.7912087912087912,0.7500000000000001,0.5,0.5,0.5,0.5
_X6_C_Oy9VA.000.mp4,0.45555555555555555,0.5145631067961165,0.4672897196261683,0.6483516483516484,0.5625,0.5,0.5,0.5,0.5
_X6_C_Oy9VA.001.mp4,0.611111111111111,0.4174757281553398,0.5700934579439253,0.4945054945054945,0.6354166666666666,0.5,0.5,0.5,0.5
_X6_C_Oy9VA.003.mp4,0.7444444444444444,0.6213592233009709,0.7196261682242993,0.7472527472527474,0.6770833333333334,0.5,0.5,0.5,0.5
_X6_C_Oy9VA.004.mp4,0.6444444444444444,0.6893203883495147,0.5140186915887851,0.6373626373626373,0.45833333333333337,0.5,0.5,0.5,0.5
_X6_C_Oy9VA.005.mp4,0.5444444444444444,0.5048543689320388,0.5794392523364487,0.7362637362637363,0.4895833333333333,0.5,0.5,0.5,0.5
_YYBXI2mXv4.000.mp4,0.5444444444444444,0.8058252427184466,0.5233644859813085,0.6703296703296703,0.5416666666666666,0.5,0.5,0.5,0.5
_ZAqTHlu2ts.001.mp4,0.13333333333333336,0.13592233009708737,0.10280373831775697,0.17582417582417584,0.15624999999999994,0.5,0.5,0.5,0.5
_ZAqTHlu2ts.004.mp4,0.33333333333333337,0.4660194174757281,0.33644859813084116,0.4285714285714285,0.32291666666666663,0.5,0.5,0.5,0.5
_ZAqTHlu2ts.005.mp4,0.3777777777777778,0.21359223300970873,0.29906542056074764,0.3406593406593406,0.25,0.5,0.5,0.5,0.5
_zI6qgTJOSA.005.mp4,0.5222222222222223,0.30097087378640774,0.4299065420560748,0.4175824175824176,0.3125,0.5,0.5,0.5,0.5
_ZjEr8ybbFM.000.mp4,0.5888888888888889,0.4077669902912622,0.4579439252336449,0.4505494505494505,0.46875,0.5,0.5,0.5,0.5
_zs9K5Gtkwo.002.mp4,0.4222222222222222,0.4951456310679611,0.12149532710280371,0.31868131868131866,0.29166666666666663,0.5,0.5,0.5,0.5
_zs9K5Gtkwo.003.mp4,0.41111111111111115,0.5728155339805825,0.38317757009345793,0.5274725274725275,0.4166666666666667,0.5,0.5,0.5,0.5
_ztmNiy8D3c.000.mp4,0.28888888888888886,0.27184466019417475,0.17757009345794392,0.2747252747252747,0.28125,0.5,0.5,0.5,0.5
_ztmNiy8D3c.001.mp4,0.4777777777777778,0.31067961165048547,0.37383177570093457,0.4615384615384615,0.29166666666666663,0.5,0.5,0.5,0.5
_ztmNiy8D3c.003.mp4,0.3111111111111111,0.35922330097087385,0.4205607476635514,0.3626373626373627,0.3854166666666667,0.5,0.5,0.5,0.5
a-nUsP7oETI.000.mp4,0.611111111111111,0.5825242718446602,0.5514018691588786,0.4725274725274725,0.4791666666666667,0.5,0.5,0.5,0.5
a-nUsP7oETI.005.mp4,0.5777777777777777,0.5242718446601942,0.4392523364485981,0.4615384615384615,0.6041666666666666,0.5,0.5,0.5,0.5
A0braVJH3Pw.000.mp4,0.6222222222222222,0.5145631067961165,0.38317757009345793,0.5054945054945055,0.39583333333333337,0.5,0.5,0.5,0.5
A0braVJH3Pw.001.mp4,0.4222222222222222,0.42718446601941745,0.4018691588785047,0.31868131868131866,0.40625000000000006,0.5,0.5,0.5,0.5
A0braVJH3Pw.002.mp4,0.45555555555555555,0.42718446601941745,0.35514018691588783,0.4395604395604395,0.4166666666666667,0.5,0.5,0.5,0.5
A0braVJH3Pw.003.mp4,0.34444444444444444,0.27184466019417475,0.26168224299065423,0.3516483516483516,0.34374999999999994,0.5,0.5,0.5,0.5
A0braVJH3Pw.004.mp4,0.3555555555555556,0.27184466019417475,0.25233644859813087,0.4065934065934066,0.2708333333333333,0.5,0.5,0.5,0.5
A1lbD_OCuj4.000.mp4,0.3111111111111111,0.7087378640776699,0.36448598130841126,0.4945054945054945,0.4375,0.5,0.5,0.5,0.5
A1lbD_OCuj4.003.mp4,0.3555555555555556,0.4466019417475728,0.25233644859813087,0.5714285714285714,0.37499999999999994,0.5,0.5,0.5,0.5
A1lbD_OCuj4.005.mp4,0.2111111111111111,0.6310679611650486,0.13084112149532712,0.3516483516483516,0.32291666666666663,0.5,0.5,0.5,0.5
a38rz5AIslE.001.mp4,0.33333333333333337,0.6019417475728155,0.36448598130841126,0.4615384615384615,0.2708333333333333,0.5,0.5,0.5,0.5
a38rz5AIslE.003.mp4,0.4777777777777778,0.6699029126213591,0.3177570093457944,0.6043956043956044,0.6145833333333333,0.5,0.5,0.5,0.5
A3StIKMjn4k.001.mp4,0.6,0.7572815533980582,0.5327102803738318,0.7032967032967032,0.6145833333333333,0.5,0.5,0.5,0.5
A3StIKMjn4k.002.mp4,0.5888888888888889,0.7087378640776699,0.5794392523364487,0.7912087912087912,0.6979166666666666,0.5,0.5,0.5,0.5
A3StIKMjn4k.004.mp4,0.6,0.6601941747572816,0.5327102803738318,0.7692307692307692,0.5729166666666666,0.5,0.5,0.5,0.5
A3StIKMjn4k.005.mp4,0.5777777777777777,0.6796116504854369,0.5981308411214954,0.7802197802197802,0.6770833333333334,0.5,0.5,0.5,0.5
a4bCX4P_5KI.000.mp4,0.5333333333333333,0.6504854368932039,0.38317757009345793,0.4945054945054945,0.4895833333333333,0.5,0.5,0.5,0.5
A4zSLp-1gps.000.mp4,0.6222222222222222,0.6601941747572816,0.5233644859813085,0.5384615384615384,0.46875,0.5,0.5,0.5,0.5
A4zSLp-1gps.002.mp4,0.7444444444444444,0.6893203883495147,0.7196261682242993,0.5164835164835165,0.5729166666666666,0.5,0.5,0.5,0.5
A4zSLp-1gps.005.mp4,0.6666666666666666,0.6310679611650486,0.588785046728972,0.5054945054945055,0.5833333333333333,0.5,0.5,0.5,0.5
a5-PJqy9QmU.001.mp4,0.43333333333333335,0.2815533980582524,0.37383177570093457,0.4945054945054945,0.42708333333333337,0.5,0.5,0.5,0.5
a5-PJqy9QmU.002.mp4,0.3777777777777778,0.3786407766990291,0.38317757009345793,0.5164835164835165,0.4791666666666667,0.5,0.5,0.5,0.5
a5NTqK367wo.000.mp4,0.6444444444444444,0.5145631067961165,0.5514018691588786,0.5384615384615384,0.4895833333333333,0.5,0.5,0.5,0.5
a5tVPpLsaGc.002.mp4,0.8222222222222221,0.5242718446601942,0.6448598130841123,0.6373626373626373,0.7187499999999999,0.5,0.5,0.5,0.5
a5tVPpLsaGc.003.mp4,0.811111111111111,0.7087378640776699,0.5794392523364487,0.6703296703296703,0.8125000000000001,0.5,0.5,0.5,0.5
A6ZWTfKPLPE.001.mp4,0.6222222222222222,0.5728155339805825,0.37383177570093457,0.4615384615384615,0.39583333333333337,0.5,0.5,0.5,0.5
A6ZWTfKPLPE.002.mp4,0.6777777777777777,0.6990291262135921,0.5607476635514019,0.6483516483516484,0.65625,0.5,0.5,0.5,0.5
A6ZWTfKPLPE.003.mp4,0.611111111111111,0.7378640776699029,0.4018691588785047,0.4395604395604395,0.6354166666666666,0.5,0.5,0.5,0.5
A6ZWTfKPLPE.004.mp4,0.6888888888888889,0.5728155339805825,0.6168224299065421,0.6373626373626373,0.6666666666666667,0.5,0.5,0.5,0.5
A6ZWTfKPLPE.005.mp4,0.7777777777777777,0.6213592233009709,0.6448598130841123,0.5384615384615384,0.6979166666666666,0.5,0.5,0.5,0.5
A7exx3pEPkE.000.mp4,0.3111111111111111,0.36893203883495146,0.28037383177570097,0.31868131868131866,0.2604166666666667,0.5,0.5,0.5,0.5
A7exx3pEPkE.003.mp4,0.3,0.1941747572815534,0.25233644859813087,0.3406593406593406,0.25,0.5,0.5,0.5,0.5
A7exx3pEPkE.005.mp4,0.2777777777777778,0.2524271844660194,0.13084112149532712,0.18681318681318684,0.13541666666666663,0.5,0.5,0.5,0.5
A7qb47cmxJo.000.mp4,0.5888888888888889,0.5533980582524272,0.4392523364485981,0.5714285714285714,0.5833333333333333,0.5,0.5,0.5,0.5
A7qb47cmxJo.005.mp4,0.3777777777777778,0.30097087378640774,0.24299065420560748,0.4615384615384615,0.45833333333333337,0.5,0.5,0.5,0.5
a84s1DYag-I.001.mp4,0.5333333333333333,0.6116504854368932,0.4112149532710281,0.5384615384615384,0.45833333333333337,0.5,0.5,0.5,0.5
a84s1DYag-I.004.mp4,0.5888888888888889,0.6213592233009709,0.5046728971962617,0.5714285714285714,0.53125,0.5,0.5,0.5,0.5
a97PXgrKSxo.000.mp4,0.6,0.5533980582524272,0.5046728971962617,0.5604395604395604,0.6145833333333333,0.5,0.5,0.5,0.5
a97PXgrKSxo.003.mp4,0.611111111111111,0.6699029126213591,0.5233644859813085,0.7582417582417583,0.6354166666666666,0.5,0.5,0.5,0.5
a97PXgrKSxo.005.mp4,0.7,0.8155339805825244,0.691588785046729,0.6923076923076923,0.8958333333333334,0.5,0.5,0.5,0.5
aaDlp62qn60.002.mp4,0.4222222222222222,0.3203883495145631,0.35514018691588783,0.4615384615384615,0.34374999999999994,0.5,0.5,0.5,0.5
ABWFQuPG1LA.000.mp4,0.5111111111111111,0.5048543689320388,0.37383177570093457,0.4725274725274725,0.5,0.5,0.5,0.5,0.5
ABWFQuPG1LA.002.mp4,0.4,0.4563106796116505,0.37383177570093457,0.21978021978021975,0.35416666666666663,0.5,0.5,0.5,0.5
ABWFQuPG1LA.003.mp4,0.7,0.5048543689320388,0.7383177570093458,0.5934065934065933,0.625,0.5,0.5,0.5,0.5
ABWFQuPG1LA.004.mp4,0.6777777777777777,0.4951456310679611,0.4485981308411215,0.4505494505494505,0.4895833333333333,0.5,0.5,0.5,0.5
ABWFQuPG1LA.005.mp4,0.6888888888888889,0.4951456310679611,0.6261682242990655,0.6263736263736264,0.4895833333333333,0.5,0.5,0.5,0.5
ADa9rkwF2uA.000.mp4,0.6888888888888889,0.6116504854368932,0.7009345794392524,0.7582417582417583,0.7187499999999999,0.5,0.5,0.5,0.5
ADa9rkwF2uA.001.mp4,0.5444444444444444,0.5631067961165048,0.4953271028037384,0.5494505494505494,0.6666666666666667,0.5,0.5,0.5,0.5
ADa9rkwF2uA.002.mp4,0.5777777777777777,0.5145631067961165,0.6168224299065421,0.7802197802197802,0.46875,0.5,0.5,0.5,0.5
ADa9rkwF2uA.003.mp4,0.43333333333333335,0.6990291262135921,0.4953271028037384,0.6813186813186812,0.6354166666666666,0.5,0.5,0.5,0.5
AEqpMdMeMZA.002.mp4,0.6222222222222222,0.3980582524271845,0.6448598130841123,0.4835164835164835,0.6666666666666667,0.5,0.5,0.5,0.5
Af_F0IzHK6o.000.mp4,0.6,0.5048543689320388,0.4672897196261683,0.5494505494505494,0.65625,0.5,0.5,0.5,0.5
Af_F0IzHK6o.004.mp4,0.5444444444444444,0.47572815533980584,0.38317757009345793,0.5604395604395604,0.4895833333333333,0.5,0.5,0.5,0.5
AFQz-qy0FkY.001.mp4,0.7666666666666666,0.6990291262135921,0.7383177570093458,0.7912087912087912,0.8333333333333334,0.5,0.5,0.5,0.5
AFtQfwBA_gI.000.mp4,0.5888888888888889,0.3883495145631068,0.6168224299065421,0.846153846153846,0.5625,0.5,0.5,0.5,0.5
aFVFvJNnFt0.000.mp4,0.7999999999999999,0.4077669902912622,0.28037383177570097,0.5934065934065933,0.6145833333333333,0.5,0.5,0.5,0.5
aFVFvJNnFt0.001.mp4,0.711111111111111,0.3980582524271845,0.29906542056074764,0.5054945054945055,0.4166666666666667,0.5,0.5,0.5,0.5
aFVFvJNnFt0.003.mp4,0.33333333333333337,0.31067961165048547,0.2710280373831776,0.3516483516483516,0.34374999999999994,0.5,0.5,0.5,0.5
aFVFvJNnFt0.004.mp4,0.6333333333333333,0.30097087378640774,0.35514018691588783,0.3736263736263736,0.40625000000000006,0.5,0.5,0.5,0.5
aFVFvJNnFt0.005.mp4,0.5444444444444444,0.31067961165048547,0.26168224299065423,0.5714285714285714,0.5,0.5,0.5,0.5,0.5
AFvUxDwJB84.000.mp4,0.4666666666666667,0.6407766990291262,0.37383177570093457,0.4615384615384615,0.45833333333333337,0.5,0.5,0.5,0.5
AFvUxDwJB84.001.mp4,0.5444444444444444,0.4466019417475728,0.35514018691588783,0.5054945054945055,0.4375,0.5,0.5,0.5,0.5
AFvUxDwJB84.002.mp4,0.43333333333333335,0.5825242718446602,0.36448598130841126,0.5824175824175825,0.46875,0.5,0.5,0.5,0.5
AFvUxDwJB84.003.mp4,0.611111111111111,0.4951456310679611,0.3457943925233645,0.4505494505494505,0.37499999999999994,0.5,0.5,0.5,0.5
Agg7z10B_iY.000.mp4,0.6666666666666666,0.6019417475728155,0.588785046728972,0.6593406593406592,0.65625,0.5,0.5,0.5,0.5
Agg7z10B_iY.001.mp4,0.5111111111111111,0.4660194174757281,0.47663551401869164,0.7142857142857143,0.5104166666666666,0.5,0.5,0.5,0.5
Agg7z10B_iY.002.mp4,0.5888888888888889,0.5728155339805825,0.5140186915887851,0.6703296703296703,0.5520833333333334,0.5,0.5,0.5,0.5
AGYoSGlq-ck.002.mp4,0.6222222222222222,0.4466019417475728,0.4579439252336449,0.4725274725274725,0.53125,0.5,0.5,0.5,0.5
AheKnXrL0Wk.002.mp4,0.4444444444444445,0.6504854368932039,0.4112149532710281,0.5274725274725275,0.42708333333333337,0.5,0.5,0.5,0.5
Ahiq4zhmYco.002.mp4,0.6666666666666666,0.5145631067961165,0.4485981308411215,0.6593406593406592,0.5416666666666666,0.5,0.5,0.5,0.5
ahqyOhg6D7c.003.mp4,0.611111111111111,0.5631067961165048,0.36448598130841126,0.5274725274725275,0.46875,0.5,0.5,0.5,0.5
ai-RZb0ZpKI.002.mp4,0.6888888888888889,0.33980582524271846,0.38317757009345793,0.5384615384615384,0.6145833333333333,0.5,0.5,0.5,0.5
ai-RZb0ZpKI.003.mp4,0.5,0.5728155339805825,0.4205607476635514,0.5274725274725275,0.6041666666666666,0.5,0.5,0.5,0.5
aIh8DTa3RVg.001.mp4,0.4,0.5922330097087379,0.35514018691588783,0.4835164835164835,0.4166666666666667,0.5,0.5,0.5,0.5
AjCI_w9Szks.005.mp4,0.33333333333333337,0.4368932038834952,0.2149532710280374,0.4175824175824176,0.3854166666666667,0.5,0.5,0.5,0.5
AJIphVRpYrg.002.mp4,0.7333333333333333,0.47572815533980584,0.6074766355140188,0.5934065934065933,0.625,0.5,0.5,0.5,0.5
AJIphVRpYrg.003.mp4,0.611111111111111,0.4174757281553398,0.5514018691588786,0.6703296703296703,0.6354166666666666,0.5,0.5,0.5,0.5
AJIphVRpYrg.004.mp4,0.7444444444444444,0.6504854368932039,0.691588785046729,0.7142857142857143,0.7500000000000001,0.5,0.5,0.5,0.5
AJIphVRpYrg.005.mp4,0.711111111111111,0.5145631067961165,0.588785046728972,0.6483516483516484,0.5520833333333334,0.5,0.5,0.5,0.5
aJjAtOC8AQU.005.mp4,0.611111111111111,0.7378640776699029,0.663551401869159,0.6263736263736264,0.5,0.5,0.5,0.5,0.5
aKLadP_Wev8.000.mp4,0.6,0.2038834951456311,0.20560747663551404,0.2637362637362637,0.1666666666666666,0.5,0.5,0.5,0.5
aKLadP_Wev8.001.mp4,0.5888888888888889,0.24271844660194175,0.18691588785046728,0.2637362637362637,0.28125,0.5,0.5,0.5,0.5
aLAqJkRWKuk.000.mp4,0.611111111111111,0.5339805825242718,0.4672897196261683,0.6923076923076923,0.4895833333333333,0.5,0.5,0.5,0.5
aLAqJkRWKuk.002.mp4,0.7333333333333333,0.6407766990291262,0.6728971962616823,0.5824175824175825,0.6145833333333333,0.5,0.5,0.5,0.5
AlEqtGWa43g.000.mp4,0.5444444444444444,0.6601941747572816,0.5607476635514019,0.6703296703296703,0.53125,0.5,0.5,0.5,0.5
AlEqtGWa43g.005.mp4,0.3666666666666667,0.4951456310679611,0.47663551401869164,0.5054945054945055,0.4895833333333333,0.5,0.5,0.5,0.5
Alox0G4xUfM.000.mp4,0.5555555555555556,0.5533980582524272,0.5327102803738318,0.6923076923076923,0.53125,0.5,0.5,0.5,0.5
alucqviYJFE.001.mp4,0.6777777777777777,0.6601941747572816,0.588785046728972,0.6373626373626373,0.7500000000000001,0.5,0.5,0.5,0.5
alucqviYJFE.002.mp4,0.6555555555555556,0.5728155339805825,0.5046728971962617,0.6153846153846153,0.5729166666666666,0.5,0.5,0.5,0.5
alucqviYJFE.003.mp4,0.5222222222222223,0.5436893203883495,0.4112149532710281,0.6923076923076923,0.5,0.5,0.5,0.5,0.5
alucqviYJFE.004.mp4,0.7,0.5922330097087379,0.5607476635514019,0.5934065934065933,0.4895833333333333,0.5,0.5,0.5,0.5
aLvpOYqzErk.000.mp4,0.611111111111111,0.3786407766990291,0.6261682242990655,0.5494505494505494,0.34374999999999994,0.5,0.5,0.5,0.5
aMmEPRJGocM.000.mp4,0.711111111111111,0.7378640776699029,0.6261682242990655,0.5494505494505494,0.59375,0.5,0.5,0.5,0.5
aMmEPRJGocM.004.mp4,0.7666666666666666,0.8446601941747574,0.7476635514018694,0.7032967032967032,0.8958333333333334,0.5,0.5,0.5,0.5
aMPe0uSKqF4.001.mp4,0.6666666666666666,0.4077669902912622,0.2897196261682243,0.32967032967032966,0.46875,0.5,0.5,0.5,0.5
aMPe0uSKqF4.002.mp4,0.6222222222222222,0.4951456310679611,0.4579439252336449,0.4835164835164835,0.5104166666666666,0.5,0.5,0.5,0.5
aMPe0uSKqF4.003.mp4,0.8444444444444444,0.6019417475728155,0.4672897196261683,0.6043956043956044,0.6041666666666666,0.5,0.5,0.5,0.5
aMPe0uSKqF4.004.mp4,0.6333333333333333,0.5048543689320388,0.4205607476635514,0.4835164835164835,0.5208333333333334,0.5,0.5,0.5,0.5
aMPe0uSKqF4.005.mp4,0.6444444444444444,0.33980582524271846,0.3271028037383178,0.29670329670329665,0.34374999999999994,0.5,0.5,0.5,0.5
ana5C73n9bY.000.mp4,0.6222222222222222,0.6796116504854369,0.3457943925233645,0.6593406593406592,0.39583333333333337,0.5,0.5,0.5,0.5
ana5C73n9bY.001.mp4,0.5222222222222223,0.6310679611650486,0.5046728971962617,0.7032967032967032,0.5729166666666666,0.5,0.5,0.5,0.5
ana5C73n9bY.002.mp4,0.6222222222222222,0.5922330097087379,0.48598130841121495,0.5384615384615384,0.5416666666666666,0.5,0.5,0.5,0.5
ana5C73n9bY.003.mp4,0.5888888888888889,0.6601941747572816,0.5046728971962617,0.7032967032967032,0.5729166666666666,0.5,0.5,0.5,0.5
ana5C73n9bY.004.mp4,0.6888888888888889,0.6504854368932039,0.48598130841121495,0.6043956043956044,0.6145833333333333,0.5,0.5,0.5,0.5
ana5C73n9bY.005.mp4,0.6666666666666666,0.7087378640776699,0.6168224299065421,0.7362637362637363,0.6666666666666667,0.5,0.5,0.5,0.5
AobPtpyKat8.001.mp4,0.5555555555555556,0.6407766990291262,0.5981308411214954,0.5934065934065933,0.5729166666666666,0.5,0.5,0.5,0.5
aoRjg63uRww.003.mp4,0.922222222222222,0.7572815533980582,0.7196261682242993,0.8901098901098901,0.7708333333333334,0.5,0.5,0.5,0.5
aoRjg63uRww.004.mp4,0.7666666666666666,0.5533980582524272,0.663551401869159,0.6483516483516484,0.6458333333333333,0.5,0.5,0.5,0.5
AotbiNsU85A.000.mp4,0.4777777777777778,0.5922330097087379,0.39252336448598135,0.4395604395604395,0.46875,0.5,0.5,0.5,0.5
AotbiNsU85A.001.mp4,0.4444444444444445,0.42718446601941745,0.36448598130841126,0.30769230769230765,0.3333333333333333,0.5,0.5,0.5,0.5
AotbiNsU85A.002.mp4,0.5222222222222223,0.5048543689320388,0.3457943925233645,0.4835164835164835,0.3854166666666667,0.5,0.5,0.5,0.5
AP0aklGHino.000.mp4,0.3666666666666667,0.5048543689320388,0.29906542056074764,0.4945054945054945,0.5104166666666666,0.5,0.5,0.5,0.5
AP0aklGHino.003.mp4,0.33333333333333337,0.2621359223300971,0.2336448598130841,0.3626373626373627,0.28125,0.5,0.5,0.5,0.5
AP0aklGHino.005.mp4,0.38888888888888895,0.4077669902912622,0.28037383177570097,0.4285714285714285,0.19791666666666666,0.5,0.5,0.5,0.5
Ap2KC1yKDdA.002.mp4,0.711111111111111,0.6407766990291262,0.7102803738317757,0.7252747252747254,0.7500000000000001,0.5,0.5,0.5,0.5
ApPnsnIZozw.004.mp4,0.3111111111111111,0.36893203883495146,0.3177570093457944,0.4395604395604395,0.3854166666666667,0.5,0.5,0.5,0.5
ApPnsnIZozw.005.mp4,0.5111111111111111,0.5242718446601942,0.4953271028037384,0.6043956043956044,0.6145833333333333,0.5,0.5,0.5,0.5
APqMkruLkoE.004.mp4,0.8666666666666667,0.6893203883495147,0.691588785046729,0.6593406593406592,0.7812499999999999,0.5,0.5,0.5,0.5
aptKaxP81xA.000.mp4,0.4777777777777778,0.7864077669902914,0.4205607476635514,0.6703296703296703,0.4479166666666667,0.5,0.5,0.5,0.5
aptKaxP81xA.002.mp4,0.38888888888888895,0.5048543689320388,0.2897196261682243,0.30769230769230765,0.3020833333333333,0.5,0.5,0.5,0.5
aptKaxP81xA.004.mp4,0.4666666666666667,0.7475728155339806,0.38317757009345793,0.5604395604395604,0.5,0.5,0.5,0.5,0.5
aPTNxA43WHY.000.mp4,0.811111111111111,0.6699029126213591,0.7383177570093458,0.8021978021978021,0.8020833333333334,0.5,0.5,0.5,0.5
aPTNxA43WHY.002.mp4,0.6333333333333333,0.6407766990291262,0.5420560747663552,0.5934065934065933,0.6145833333333333,0.5,0.5,0.5,0.5
aqA6oI5L1RQ.005.mp4,0.8555555555555554,0.5436893203883495,0.6355140186915887,0.4725274725274725,0.6666666666666667,0.5,0.5,0.5,0.5
aqd4_4ga1fQ.000.mp4,0.4444444444444445,0.31067961165048547,0.2710280373831776,0.3846153846153846,0.40625000000000006,0.5,0.5,0.5,0.5
aqd4_4ga1fQ.001.mp4,0.38888888888888895,0.30097087378640774,0.17757009345794392,0.3516483516483516,0.3125,0.5,0.5,0.5,0.5
aqd4_4ga1fQ.003.mp4,0.4,0.2621359223300971,0.14018691588785046,0.3846153846153846,0.21874999999999997,0.5,0.5,0.5,0.5
aqd4_4ga1fQ.004.mp4,0.3666666666666667,0.33980582524271846,0.2149532710280374,0.3516483516483516,0.2708333333333333,0.5,0.5,0.5,0.5
aqK-wcGILjw.000.mp4,0.6333333333333333,0.4466019417475728,0.5140186915887851,0.5824175824175825,0.4895833333333333,0.5,0.5,0.5,0.5
aQVGVhcMBtE.004.mp4,0.7444444444444444,0.5339805825242718,0.5700934579439253,0.6703296703296703,0.625,0.5,0.5,0.5,0.5
AQz6_ZpzGIE.003.mp4,0.5,0.5825242718446602,0.5981308411214954,0.6263736263736264,0.5520833333333334,0.5,0.5,0.5,0.5
AR3UwbmgKuQ.001.mp4,0.38888888888888895,0.42718446601941745,0.4205607476635514,0.5274725274725275,0.4166666666666667,0.5,0.5,0.5,0.5
AR3UwbmgKuQ.003.mp4,0.41111111111111115,0.3203883495145631,0.39252336448598135,0.4615384615384615,0.5208333333333334,0.5,0.5,0.5,0.5
AR3UwbmgKuQ.004.mp4,0.3,0.18446601941747573,0.09345794392523363,0.3516483516483516,0.1666666666666666,0.5,0.5,0.5,0.5
AR3UwbmgKuQ.005.mp4,0.3111111111111111,0.35922330097087385,0.2149532710280374,0.5164835164835165,0.4166666666666667,0.5,0.5,0.5,0.5
ArMkA9R1QxY.000.mp4,0.5555555555555556,0.4951456310679611,0.4485981308411215,0.5164835164835165,0.42708333333333337,0.5,0.5,0.5,0.5
ArMkA9R1QxY.002.mp4,0.45555555555555555,0.33980582524271846,0.37383177570093457,0.5164835164835165,0.5104166666666666,0.5,0.5,0.5,0.5
Arsrkqma4i4.000.mp4,0.6888888888888889,0.6213592233009709,0.5140186915887851,0.5934065934065933,0.59375,0.5,0.5,0.5,0.5
Arsrkqma4i4.001.mp4,0.5777777777777777,0.3495145631067961,0.5233644859813085,0.5604395604395604,0.5208333333333334,0.5,0.5,0.5,0.5
AS8snUf9eX0.000.mp4,0.5777777777777777,0.5242718446601942,0.35514018691588783,0.5384615384615384,0.5625,0.5,0.5,0.5,0.5
AS8snUf9eX0.001.mp4,0.45555555555555555,0.5533980582524272,0.4953271028037384,0.5934065934065933,0.39583333333333337,0.5,0.5,0.5,0.5
AS8snUf9eX0.002.mp4,0.4888888888888889,0.4854368932038835,0.3457943925233645,0.4065934065934066,0.40625000000000006,0.5,0.5,0.5,0.5
AS8snUf9eX0.003.mp4,0.6444444444444444,0.6796116504854369,0.5794392523364487,0.6043956043956044,0.6979166666666666,0.5,0.5,0.5,0.5
As93GgkTdt4.001.mp4,0.7777777777777777,0.6796116504854369,0.7757009345794394,0.824175824175824,0.7083333333333334,0.5,0.5,0.5,0.5
As93GgkTdt4.003.mp4,0.5,0.5825242718446602,0.6261682242990655,0.5824175824175825,0.6875,0.5,0.5,0.5,0.5
As93GgkTdt4.004.mp4,0.811111111111111,0.8058252427184466,0.9158878504672898,0.879120879120879,0.8854166666666667,0.5,0.5,0.5,0.5
ASDpn9yOYAo.002.mp4,0.5333333333333333,0.42718446601941745,0.5233644859813085,0.5824175824175825,0.4895833333333333,0.5,0.5,0.5,0.5
ask-ZFRztf8.001.mp4,0.5333333333333333,0.6990291262135921,0.33644859813084116,0.4175824175824176,0.4166666666666667,0.5,0.5,0.5,0.5
ask-ZFRztf8.002.mp4,0.3666666666666667,0.5436893203883495,0.4485981308411215,0.4395604395604395,0.3854166666666667,0.5,0.5,0.5,0.5
ask-ZFRztf8.005.mp4,0.4666666666666667,0.3883495145631068,0.4205607476635514,0.3406593406593406,0.46875,0.5,0.5,0.5,0.5
atdhaGEh_0c.000.mp4,0.6,0.47572815533980584,0.5327102803738318,0.5384615384615384,0.6145833333333333,0.5,0.5,0.5,0.5
atH8mnvu-sE.005.mp4,0.811111111111111,0.6601941747572816,0.8411214953271028,0.4945054945054945,0.7395833333333333,0.5,0.5,0.5,0.5
AuaQ0rtedRk.001.mp4,0.5,0.3300970873786408,0.30841121495327106,0.5274725274725275,0.3020833333333333,0.5,0.5,0.5,0.5
auhe41Tf50M.003.mp4,0.8666666666666667,0.6019417475728155,0.5327102803738318,0.5384615384615384,0.6354166666666666,0.5,0.5,0.5,0.5
AV7aKrAs-kM.005.mp4,0.5666666666666667,0.42718446601941745,0.38317757009345793,0.5824175824175825,0.45833333333333337,0.5,0.5,0.5,0.5
AVLEr0sYFhs.000.mp4,0.5222222222222223,0.2912621359223301,0.3271028037383178,0.4615384615384615,0.3020833333333333,0.5,0.5,0.5,0.5
AvuGsnkWjt8.001.mp4,0.5777777777777777,0.35922330097087385,0.4485981308411215,0.5384615384615384,0.6770833333333334,0.5,0.5,0.5,0.5
AvuGsnkWjt8.002.mp4,0.7,0.3495145631067961,0.5327102803738318,0.5934065934065933,0.7395833333333333,0.5,0.5,0.5,0.5
AvuWv3LLmrA.003.mp4,0.611111111111111,0.3980582524271845,0.588785046728972,0.4615384615384615,0.5,0.5,0.5,0.5,0.5
AvuWv3LLmrA.005.mp4,0.5888888888888889,0.4563106796116505,0.5233644859813085,0.5164835164835165,0.45833333333333337,0.5,0.5,0.5,0.5
AWe6ZZUmlZw.000.mp4,0.4,0.4077669902912622,0.4579439252336449,0.5494505494505494,0.4479166666666667,0.5,0.5,0.5,0.5
AWe6ZZUmlZw.004.mp4,0.5555555555555556,0.5145631067961165,0.48598130841121495,0.5934065934065933,0.5208333333333334,0.5,0.5,0.5,0.5
AWe6ZZUmlZw.005.mp4,0.3777777777777778,0.5922330097087379,0.4299065420560748,0.5604395604395604,0.4791666666666667,0.5,0.5,0.5,0.5
AwNVGShHjvw.000.mp4,0.5555555555555556,0.4563106796116505,0.47663551401869164,0.5604395604395604,0.5104166666666666,0.5,0.5,0.5,0.5
AwNVGShHjvw.001.mp4,0.5777777777777777,0.4077669902912622,0.4205607476635514,0.4725274725274725,0.4375,0.5,0.5,0.5,0.5
AwNVGShHjvw.002.mp4,0.5666666666666667,0.2912621359223301,0.6168224299065421,0.3956043956043956,0.46875,0.5,0.5,0.5,0.5
AwNVGShHjvw.004.mp4,0.3666666666666667,0.4174757281553398,0.4672897196261683,0.4285714285714285,0.4375,0.5,0.5,0.5,0.5
AWyKLALCUyM.000.mp4,0.4777777777777778,0.1941747572815534,0.17757009345794392,0.2087912087912088,0.19791666666666666,0.5,0.5,0.5,0.5
AWZLchLstio.003.mp4,0.811111111111111,0.6990291262135921,0.5514018691588786,0.7802197802197802,0.7083333333333334,0.5,0.5,0.5,0.5
ax1Fck6zMzk.003.mp4,0.6555555555555556,0.5242718446601942,0.4953271028037384,0.5824175824175825,0.5208333333333334,0.5,0.5,0.5,0.5
ax8wm9K41og.000.mp4,0.6666666666666666,0.5048543689320388,0.4392523364485981,0.5164835164835165,0.39583333333333337,0.5,0.5,0.5,0.5
ay4cdKr1I0o.000.mp4,0.5,0.7669902912621359,0.5607476635514019,0.6923076923076923,0.6145833333333333,0.5,0.5,0.5,0.5
ay4cdKr1I0o.001.mp4,0.5888888888888889,0.8058252427184466,0.4392523364485981,0.5824175824175825,0.7187499999999999,0.5,0.5,0.5,0.5
Ay7bZ7Sgx9Q.001.mp4,0.4666666666666667,0.5922330097087379,0.4205607476635514,0.4285714285714285,0.34374999999999994,0.5,0.5,0.5,0.5
Ay7bZ7Sgx9Q.003.mp4,0.26666666666666666,0.5339805825242718,0.39252336448598135,0.4395604395604395,0.32291666666666663,0.5,0.5,0.5,0.5
Ay7bZ7Sgx9Q.004.mp4,0.45555555555555555,0.6116504854368932,0.35514018691588783,0.5604395604395604,0.3125,0.5,0.5,0.5,0.5
AZ2HyBOmliQ.005.mp4,0.4666666666666667,0.4466019417475728,0.30841121495327106,0.5164835164835165,0.37499999999999994,0.5,0.5,0.5,0.5
AZj2VoCcayA.000.mp4,0.33333333333333337,0.35922330097087385,0.3271028037383178,0.5054945054945055,0.40625000000000006,0.5,0.5,0.5,0.5
AZj2VoCcayA.001.mp4,0.5444444444444444,0.5436893203883495,0.6074766355140188,0.6043956043956044,0.5729166666666666,0.5,0.5,0.5,0.5
AZj2VoCcayA.005.mp4,0.5,0.4854368932038835,0.47663551401869164,0.5604395604395604,0.46875,0.5,0.5,0.5,0.5
B-OJ_xZILLg.001.mp4,0.5888888888888889,0.3980582524271845,0.4579439252336449,0.5494505494505494,0.45833333333333337,0.5,0.5,0.5,0.5
B-OJ_xZILLg.003.mp4,0.32222222222222224,0.15533980582524273,0.26168224299065423,0.30769230769230765,0.22916666666666663,0.5,0.5,0.5,0.5
b-qfeGqPd04.000.mp4,0.4,0.30097087378640774,0.3271028037383178,0.5494505494505494,0.22916666666666663,0.5,0.5,0.5,0.5
b-qfeGqPd04.001.mp4,0.4444444444444445,0.4563106796116505,0.4579439252336449,0.5824175824175825,0.37499999999999994,0.5,0.5,0.5,0.5
b-qfeGqPd04.005.mp4,0.4222222222222222,0.4854368932038835,0.4018691588785047,0.3846153846153846,0.4375,0.5,0.5,0.5,0.5
B1efbNxLPe8.005.mp4,0.38888888888888895,0.33980582524271846,0.33644859813084116,0.4175824175824176,0.5208333333333334,0.5,0.5,0.5,0.5
b26ZykbKSzY.005.mp4,0.8999999999999999,0.7572815533980582,0.6074766355140188,0.6813186813186812,0.7708333333333334,0.5,0.5,0.5,0.5
B2q0gbLVeck.000.mp4,0.26666666666666666,0.5825242718446602,0.4299065420560748,0.5054945054945055,0.45833333333333337,0.5,0.5,0.5,0.5
b2Y41GrCrPs.000.mp4,0.38888888888888895,0.4563106796116505,0.28037383177570097,0.5604395604395604,0.45833333333333337,0.5,0.5,0.5,0.5
b2Y41GrCrPs.001.mp4,0.5,0.5339805825242718,0.5981308411214954,0.5384615384615384,0.4895833333333333,0.5,0.5,0.5,0.5
b2Y41GrCrPs.003.mp4,0.5444444444444444,0.47572815533980584,0.4672897196261683,0.5714285714285714,0.4375,0.5,0.5,0.5,0.5
b39BQbVhOAg.001.mp4,0.4888888888888889,0.2815533980582524,0.4485981308411215,0.4945054945054945,0.3645833333333333,0.5,0.5,0.5,0.5
b39BQbVhOAg.002.mp4,0.7999999999999999,0.3980582524271845,0.5607476635514019,0.5934065934065933,0.5208333333333334,0.5,0.5,0.5,0.5
b39BQbVhOAg.003.mp4,0.6555555555555556,0.4466019417475728,0.4018691588785047,0.5714285714285714,0.4479166666666667,0.5,0.5,0.5,0.5
b39BQbVhOAg.004.mp4,0.7444444444444444,0.36893203883495146,0.47663551401869164,0.6153846153846153,0.46875,0.5,0.5,0.5,0.5
b39BQbVhOAg.005.mp4,0.7999999999999999,0.4854368932038835,0.6261682242990655,0.5384615384615384,0.6041666666666666,0.5,0.5,0.5,0.5
B3VQeeev0r0.001.mp4,0.45555555555555555,0.4368932038834952,0.4112149532710281,0.4615384615384615,0.53125,0.5,0.5,0.5,0.5
B3VQeeev0r0.002.mp4,0.6222222222222222,0.4466019417475728,0.663551401869159,0.5274725274725275,0.5729166666666666,0.5,0.5,0.5,0.5
B3zFJhrmqwg.001.mp4,0.1888888888888889,0.07766990291262134,0.037383177570093414,0.25274725274725274,0.12499999999999996,0.5,0.5,0.5,0.5
B3zFJhrmqwg.002.mp4,0.1888888888888889,0.17475728155339804,0.06542056074766356,0.23076923076923075,0.1666666666666666,0.5,0.5,0.5,0.5
B4ducm9sydg.000.mp4,0.43333333333333335,0.5728155339805825,0.17757009345794392,0.5274725274725275,0.20833333333333331,0.5,0.5,0.5,0.5
B4ducm9sydg.001.mp4,0.5666666666666667,0.4951456310679611,0.37383177570093457,0.3736263736263736,0.4375,0.5,0.5,0.5,0.5
B4ducm9sydg.002.mp4,0.3777777777777778,0.3300970873786408,0.24299065420560748,0.4615384615384615,0.2395833333333333,0.5,0.5,0.5,0.5
B4ducm9sydg.003.mp4,0.5777777777777777,0.5242718446601942,0.4392523364485981,0.5274725274725275,0.53125,0.5,0.5,0.5,0.5
B4ducm9sydg.005.mp4,0.5888888888888889,0.6019417475728155,0.4579439252336449,0.5494505494505494,0.5,0.5,0.5,0.5,0.5
b69IYs1G1zc.000.mp4,0.5777777777777777,0.5922330097087379,0.4953271028037384,0.5934065934065933,0.4479166666666667,0.5,0.5,0.5,0.5
b69IYs1G1zc.002.mp4,0.6777777777777777,0.4951456310679611,0.5233644859813085,0.5604395604395604,0.59375,0.5,0.5,0.5,0.5
b69IYs1G1zc.003.mp4,0.6666666666666666,0.4951456310679611,0.47663551401869164,0.6483516483516484,0.53125,0.5,0.5,0.5,0.5
b6eoqD1J_qU.002.mp4,0.6444444444444444,0.6601941747572816,0.6261682242990655,0.5274725274725275,0.6354166666666666,0.5,0.5,0.5,0.5
b6eoqD1J_qU.003.mp4,0.6222222222222222,0.6699029126213591,0.6168224299065421,0.6813186813186812,0.6979166666666666,0.5,0.5,0.5,0.5
b6eoqD1J_qU.004.mp4,0.7888888888888888,0.6796116504854369,0.691588785046729,0.868131868131868,0.7395833333333333,0.5,0.5,0.5,0.5
b6eoqD1J_qU.005.mp4,0.5333333333333333,0.6504854368932039,0.48598130841121495,0.6703296703296703,0.5208333333333334,0.5,0.5,0.5,0.5
B77ZCcCMrkM.004.mp4,0.7888888888888888,0.6893203883495147,0.5794392523364487,0.6923076923076923,0.6875,0.5,0.5,0.5,0.5
B77ZCcCMrkM.005.mp4,0.8555555555555554,0.8834951456310681,0.6448598130841123,0.7142857142857143,0.7604166666666666,0.5,0.5,0.5,0.5
b8GPFr11adA.001.mp4,0.5777777777777777,0.5242718446601942,0.6074766355140188,0.6263736263736264,0.5625,0.5,0.5,0.5,0.5
b8GPFr11adA.002.mp4,0.7,0.6213592233009709,0.6822429906542057,0.7032967032967032,0.6666666666666667,0.5,0.5,0.5,0.5
b8GPFr11adA.004.mp4,0.7,0.6310679611650486,0.5514018691588786,0.6043956043956044,0.5208333333333334,0.5,0.5,0.5,0.5
b8GPFr11adA.005.mp4,0.611111111111111,0.6407766990291262,0.4485981308411215,0.5604395604395604,0.625,0.5,0.5,0.5,0.5
B8kzwm6ZaUo.000.mp4,0.7555555555555554,0.7572815533980582,0.691588785046729,0.6263736263736264,0.6979166666666666,0.5,0.5,0.5,0.5
B8kzwm6ZaUo.001.mp4,0.6222222222222222,0.5048543689320388,0.4953271028037384,0.4285714285714285,0.7187499999999999,0.5,0.5,0.5,0.5
B8kzwm6ZaUo.002.mp4,0.7666666666666666,0.6504854368932039,0.7850467289719627,0.7362637362637363,0.84375,0.5,0.5,0.5,0.5
B9NSU6gQdRw.005.mp4,0.888888888888889,0.7669902912621359,0.6542056074766356,0.868131868131868,0.84375,0.5,0.5,0.5,0.5
BA5qWO9eU2Y.000.mp4,0.6333333333333333,0.6699029126213591,0.4205607476635514,0.4285714285714285,0.5104166666666666,0.5,0.5,0.5,0.5
bAxlTgobVHE.000.mp4,0.5777777777777777,0.6504854368932039,0.4579439252336449,0.4725274725274725,0.4375,0.5,0.5,0.5,0.5
bAxlTgobVHE.001.mp4,0.7333333333333333,0.8252427184466018,0.6074766355140188,0.5714285714285714,0.7291666666666667,0.5,0.5,0.5,0.5
bAxlTgobVHE.002.mp4,0.5888888888888889,0.7572815533980582,0.4953271028037384,0.6373626373626373,0.6041666666666666,0.5,0.5,0.5,0.5
bBqZyG-9ksM.005.mp4,0.7555555555555554,0.5339805825242718,0.7476635514018694,0.7912087912087912,0.6875,0.5,0.5,0.5,0.5
BBSB9OJdb0Q.001.mp4,0.43333333333333335,0.6116504854368932,0.4485981308411215,0.6043956043956044,0.5208333333333334,0.5,0.5,0.5,0.5
BBSB9OJdb0Q.002.mp4,0.3,0.6116504854368932,0.29906542056074764,0.5824175824175825,0.4479166666666667,0.5,0.5,0.5,0.5
BCPoSirpmEw.005.mp4,0.7888888888888888,0.6893203883495147,0.7102803738317757,0.6923076923076923,0.7291666666666667,0.5,0.5,0.5,0.5
bcRPLKygrNk.000.mp4,0.5222222222222223,0.3786407766990291,0.4018691588785047,0.4615384615384615,0.37499999999999994,0.5,0.5,0.5,0.5
bcRPLKygrNk.001.mp4,0.41111111111111115,0.3495145631067961,0.29906542056074764,0.30769230769230765,0.2708333333333333,0.5,0.5,0.5,0.5
bcRPLKygrNk.003.mp4,0.6555555555555556,0.47572815533980584,0.5981308411214954,0.5934065934065933,0.46875,0.5,0.5,0.5,0.5
bcx6xr9Ja-8.001.mp4,0.41111111111111115,0.5145631067961165,0.4579439252336449,0.7692307692307692,0.59375,0.5,0.5,0.5,0.5
bcx6xr9Ja-8.004.mp4,0.3777777777777778,0.5436893203883495,0.39252336448598135,0.6483516483516484,0.39583333333333337,0.5,0.5,0.5,0.5
bcx6xr9Ja-8.005.mp4,0.5222222222222223,0.4854368932038835,0.5046728971962617,0.6593406593406592,0.59375,0.5,0.5,0.5,0.5
bDjqDn6susQ.000.mp4,0.7333333333333333,0.6019417475728155,0.588785046728972,0.7362637362637363,0.7500000000000001,0.5,0.5,0.5,0.5
be0DQawtVkE.000.mp4,0.6444444444444444,0.4951456310679611,0.6168224299065421,0.7142857142857143,0.6041666666666666,0.5,0.5,0.5,0.5
be0DQawtVkE.001.mp4,0.611111111111111,0.4854368932038835,0.6168224299065421,0.6923076923076923,0.6145833333333333,0.5,0.5,0.5,0.5
be0DQawtVkE.003.mp4,0.711111111111111,0.5728155339805825,0.47663551401869164,0.6703296703296703,0.6458333333333333,0.5,0.5,0.5,0.5
be0DQawtVkE.004.mp4,0.7333333333333333,0.4951456310679611,0.6074766355140188,0.6923076923076923,0.7395833333333333,0.5,0.5,0.5,0.5
bej-DbxTkWA.000.mp4,0.5111111111111111,0.6990291262135921,0.47663551401869164,0.7692307692307692,0.42708333333333337,0.5,0.5,0.5,0.5
bej-DbxTkWA.003.mp4,0.5222222222222223,0.5533980582524272,0.4299065420560748,0.7582417582417583,0.5416666666666666,0.5,0.5,0.5,0.5
bEXDNfLBy1I.002.mp4,0.5444444444444444,0.5728155339805825,0.39252336448598135,0.5164835164835165,0.4479166666666667,0.5,0.5,0.5,0.5
bEXDNfLBy1I.003.mp4,0.5111111111111111,0.3883495145631068,0.36448598130841126,0.4175824175824176,0.35416666666666663,0.5,0.5,0.5,0.5
bEXDNfLBy1I.004.mp4,0.41111111111111115,0.6310679611650486,0.4953271028037384,0.5934065934065933,0.4166666666666667,0.5,0.5,0.5,0.5
BeyIfaH64xY.000.mp4,0.4888888888888889,0.5048543689320388,0.33644859813084116,0.3736263736263736,0.53125,0.5,0.5,0.5,0.5
BeyIfaH64xY.001.mp4,0.5666666666666667,0.5339805825242718,0.4018691588785047,0.5384615384615384,0.46875,0.5,0.5,0.5,0.5
BeyIfaH64xY.003.mp4,0.4888888888888889,0.4660194174757281,0.4112149532710281,0.5824175824175825,0.4895833333333333,0.5,0.5,0.5,0.5
BeyIfaH64xY.004.mp4,0.5,0.4466019417475728,0.3457943925233645,0.5714285714285714,0.6145833333333333,0.5,0.5,0.5,0.5
bFwtVtZodIg.002.mp4,0.8333333333333333,0.6310679611650486,0.6168224299065421,0.7582417582417583,0.6666666666666667,0.5,0.5,0.5,0.5
bFwtVtZodIg.004.mp4,0.611111111111111,0.5728155339805825,0.5700934579439253,0.6703296703296703,0.5833333333333333,0.5,0.5,0.5,0.5
BgfYyUAoNPs.000.mp4,0.6333333333333333,0.6990291262135921,0.6542056074766356,0.5934065934065933,0.5833333333333333,0.5,0.5,0.5,0.5
bGLwxQ1lonQ.005.mp4,0.5888888888888889,0.5048543689320388,0.6728971962616823,0.5824175824175825,0.5416666666666666,0.5,0.5,0.5,0.5
Bi3XVSF4rac.000.mp4,0.5777777777777777,0.4660194174757281,0.5514018691588786,0.5384615384615384,0.5104166666666666,0.5,0.5,0.5,0.5
Bije9nsMl7M.000.mp4,0.7,0.5145631067961165,0.5607476635514019,0.7032967032967032,0.42708333333333337,0.5,0.5,0.5,0.5
Bije9nsMl7M.003.mp4,0.611111111111111,0.5728155339805825,0.4018691588785047,0.6593406593406592,0.5625,0.5,0.5,0.5,0.5
Bije9nsMl7M.004.mp4,0.45555555555555555,0.3495145631067961,0.33644859813084116,0.5604395604395604,0.4375,0.5,0.5,0.5,0.5
Bije9nsMl7M.005.mp4,0.4,0.30097087378640774,0.25233644859813087,0.4615384615384615,0.3020833333333333,0.5,0.5,0.5,0.5
bJktioZ5Yxk.002.mp4,0.5777777777777777,0.6893203883495147,0.5046728971962617,0.5604395604395604,0.5729166666666666,0.5,0.5,0.5,0.5
bJktioZ5Yxk.003.mp4,0.9111111111111111,0.7572815533980582,0.6074766355140188,0.6263736263736264,0.6458333333333333,0.5,0.5,0.5,0.5
bJktioZ5Yxk.004.mp4,0.5222222222222223,0.6116504854368932,0.4112149532710281,0.5824175824175825,0.5416666666666666,0.5,0.5,0.5,0.5
BJpWi1qGp1A.000.mp4,0.5555555555555556,0.5145631067961165,0.5046728971962617,0.5824175824175825,0.5104166666666666,0.5,0.5,0.5,0.5
BJpWi1qGp1A.004.mp4,0.5555555555555556,0.4466019417475728,0.5327102803738318,0.5274725274725275,0.6041666666666666,0.5,0.5,0.5,0.5
BjQ95T-Dw1U.000.mp4,0.34444444444444444,0.42718446601941745,0.30841121495327106,0.5054945054945055,0.25,0.5,0.5,0.5,0.5
BjQ95T-Dw1U.002.mp4,0.5222222222222223,0.3203883495145631,0.35514018691588783,0.4835164835164835,0.5,0.5,0.5,0.5,0.5
BjQ95T-Dw1U.003.mp4,0.34444444444444444,0.3300970873786408,0.20560747663551404,0.30769230769230765,0.4166666666666667,0.5,0.5,0.5,0.5
BjQ95T-Dw1U.004.mp4,0.5666666666666667,0.4077669902912622,0.36448598130841126,0.6483516483516484,0.5104166666666666,0.5,0.5,0.5,0.5
BjQ95T-Dw1U.005.mp4,0.32222222222222224,0.2815533980582524,0.1588785046728972,0.3956043956043956,0.3125,0.5,0.5,0.5,0.5
BjzSIV3dutk.000.mp4,0.8666666666666667,0.6990291262135921,0.8598130841121496,0.7252747252747254,0.7395833333333333,0.5,0.5,0.5,0.5
Bk9Hxn7Drxw.003.mp4,0.6,0.5533980582524272,0.5607476635514019,0.5164835164835165,0.5104166666666666,0.5,0.5,0.5,0.5
Bk9Hxn7Drxw.004.mp4,0.3777777777777778,0.2912621359223301,0.3177570093457944,0.5824175824175825,0.3645833333333333,0.5,0.5,0.5,0.5
BkDdtxDPjJA.001.mp4,0.4444444444444445,0.6893203883495147,0.4112149532710281,0.5274725274725275,0.5625,0.5,0.5,0.5,0.5
bkzgccBFztM.000.mp4,0.5555555555555556,0.6019417475728155,0.6822429906542057,0.5934065934065933,0.6041666666666666,0.5,0.5,0.5,0.5
bkzgccBFztM.001.mp4,0.5888888888888889,0.4951456310679611,0.6728971962616823,0.7582417582417583,0.5625,0.5,0.5,0.5,0.5
bkzgccBFztM.003.mp4,0.5333333333333333,0.6019417475728155,0.6261682242990655,0.5274725274725275,0.6041666666666666,0.5,0.5,0.5,0.5
blAjqQ0ja8Q.003.mp4,0.5444444444444444,0.6116504854368932,0.4672897196261683,0.5494505494505494,0.5,0.5,0.5,0.5,0.5
blAjqQ0ja8Q.005.mp4,0.5777777777777777,0.5048543689320388,0.6168224299065421,0.6703296703296703,0.5208333333333334,0.5,0.5,0.5,0.5
BLc_GvsbI1U.000.mp4,0.6888888888888889,0.5728155339805825,0.5233644859813085,0.6263736263736264,0.6354166666666666,0.5,0.5,0.5,0.5
BLc_GvsbI1U.003.mp4,0.711111111111111,0.8349514563106796,0.5420560747663552,0.7252747252747254,0.59375,0.5,0.5,0.5,0.5
BLeDNfK2quI.000.mp4,0.7222222222222221,0.8834951456310681,0.6448598130841123,0.7142857142857143,0.7291666666666667,0.5,0.5,0.5,0.5
BLeDNfK2quI.001.mp4,0.7777777777777777,0.7378640776699029,0.691588785046729,0.7252747252747254,0.7187499999999999,0.5,0.5,0.5,0.5
BLeDNfK2quI.002.mp4,0.7666666666666666,0.8349514563106796,0.6355140186915887,0.7252747252747254,0.7500000000000001,0.5,0.5,0.5,0.5
BLeDNfK2quI.003.mp4,0.6333333333333333,0.7378640776699029,0.4018691588785047,0.7142857142857143,0.5833333333333333,0.5,0.5,0.5,0.5
BLeDNfK2quI.004.mp4,0.6333333333333333,0.8543689320388351,0.5233644859813085,0.7252747252747254,0.53125,0.5,0.5,0.5,0.5
BLeDNfK2quI.005.mp4,0.6555555555555556,0.6796116504854369,0.5233644859813085,0.6043956043956044,0.5,0.5,0.5,0.5,0.5
BLKXsX7-WIg.000.mp4,0.5555555555555556,0.3786407766990291,0.3271028037383178,0.5274725274725275,0.46875,0.5,0.5,0.5,0.5
BLKXsX7-WIg.001.mp4,0.33333333333333337,0.42718446601941745,0.4205607476635514,0.5604395604395604,0.4791666666666667,0.5,0.5,0.5,0.5
BLKXsX7-WIg.003.mp4,0.5444444444444444,0.3495145631067961,0.39252336448598135,0.5274725274725275,0.4791666666666667,0.5,0.5,0.5,0.5
bLOSPQ8MAC8.001.mp4,0.4,0.5825242718446602,0.35514018691588783,0.5054945054945055,0.5520833333333334,0.5,0.5,0.5,0.5
bLOSPQ8MAC8.004.mp4,0.41111111111111115,0.7475728155339806,0.33644859813084116,0.6593406593406592,0.5104166666666666,0.5,0.5,0.5,0.5
bLrrDM1Opu0.001.mp4,0.4666666666666667,0.6116504854368932,0.4579439252336449,0.3956043956043956,0.4895833333333333,0.5,0.5,0.5,0.5
bLrrDM1Opu0.003.mp4,0.6555555555555556,0.6601941747572816,0.5327102803738318,0.4615384615384615,0.5625,0.5,0.5,0.5,0.5
BlvmREgt2C0.002.mp4,0.8444444444444444,0.7184466019417477,0.7757009345794394,0.7142857142857143,0.7500000000000001,0.5,0.5,0.5,0.5
BlvmREgt2C0.005.mp4,0.5222222222222223,0.5242718446601942,0.6822429906542057,0.6703296703296703,0.5625,0.5,0.5,0.5,0.5
BLwgxAWf7cg.003.mp4,0.4666666666666667,0.06796116504854371,0.4018691588785047,0.24175824175824176,0.3020833333333333,0.5,0.5,0.5,0.5
BLwgxAWf7cg.004.mp4,0.45555555555555555,0.17475728155339804,0.2897196261682243,0.23076923076923075,0.2708333333333333,0.5,0.5,0.5,0.5
BmDClgdWlH4.000.mp4,0.7555555555555554,0.7378640776699029,0.7196261682242993,0.857142857142857,0.7812499999999999,0.5,0.5,0.5,0.5
BmDClgdWlH4.002.mp4,0.9777777777777777,0.8543689320388351,0.8317757009345795,0.7582417582417583,0.8645833333333334,0.5,0.5,0.5,0.5
BmDClgdWlH4.004.mp4,0.7999999999999999,0.7766990291262136,0.8130841121495327,0.6483516483516484,0.8229166666666667,0.5,0.5,0.5,0.5
bmj4khBLUOs.001.mp4,0.5777777777777777,0.5922330097087379,0.5420560747663552,0.4945054945054945,0.6354166666666666,0.5,0.5,0.5,0.5
bMY2DaFFwzU.000.mp4,0.5777777777777777,0.5339805825242718,0.4485981308411215,0.5384615384615384,0.37499999999999994,0.5,0.5,0.5,0.5
bMY2DaFFwzU.001.mp4,0.22222222222222224,0.27184466019417475,0.05607476635514015,0.2857142857142857,0.18749999999999997,0.5,0.5,0.5,0.5
bMY2DaFFwzU.003.mp4,0.4888888888888889,0.42718446601941745,0.4485981308411215,0.5494505494505494,0.3125,0.5,0.5,0.5,0.5
bMY2DaFFwzU.004.mp4,0.28888888888888886,0.35922330097087385,0.19626168224299068,0.3516483516483516,0.2395833333333333,0.5,0.5,0.5,0.5
bMY2DaFFwzU.005.mp4,0.38888888888888895,0.31067961165048547,0.17757009345794392,0.32967032967032966,0.2395833333333333,0.5,0.5,0.5,0.5
bN2IM-rqZlc.002.mp4,0.15555555555555559,0.3495145631067961,0.10280373831775697,0.21978021978021975,0.22916666666666663,0.5,0.5,0.5,0.5
bnM9Ow52x3o.001.mp4,0.6444444444444444,0.6213592233009709,0.5981308411214954,0.5384615384615384,0.6041666666666666,0.5,0.5,0.5,0.5
bnM9Ow52x3o.005.mp4,0.8666666666666667,0.7184466019417477,0.7289719626168225,0.7692307692307692,0.7500000000000001,0.5,0.5,0.5,0.5
bnoPmV0_aIc.000.mp4,0.5777777777777777,0.6601941747572816,0.5140186915887851,0.5384615384615384,0.6354166666666666,0.5,0.5,0.5,0.5
bnoPmV0_aIc.002.mp4,0.5555555555555556,0.5922330097087379,0.4672897196261683,0.4725274725274725,0.59375,0.5,0.5,0.5,0.5
bnoPmV0_aIc.004.mp4,0.7222222222222221,0.8349514563106796,0.5046728971962617,0.6923076923076923,0.7187499999999999,0.5,0.5,0.5,0.5
Bo-mrL28d8M.002.mp4,0.3,0.2038834951456311,0.20560747663551404,0.31868131868131866,0.3020833333333333,0.5,0.5,0.5,0.5
Bo-mrL28d8M.003.mp4,0.3555555555555556,0.3300970873786408,0.4112149532710281,0.5274725274725275,0.32291666666666663,0.5,0.5,0.5,0.5
Bo-mrL28d8M.004.mp4,0.41111111111111115,0.4077669902912622,0.2149532710280374,0.3516483516483516,0.3020833333333333,0.5,0.5,0.5,0.5
BONQpwyg9KQ.000.mp4,0.8222222222222221,0.6213592233009709,0.7383177570093458,0.6923076923076923,0.5833333333333333,0.5,0.5,0.5,0.5
BOOMkDl8JwA.005.mp4,0.4777777777777778,0.3786407766990291,0.5794392523364487,0.6373626373626373,0.37499999999999994,0.5,0.5,0.5,0.5
BpcQ9THDtp4.000.mp4,0.8222222222222221,0.5339805825242718,0.6728971962616823,0.6153846153846153,0.6354166666666666,0.5,0.5,0.5,0.5
BPUFqFLZgZU.005.mp4,0.6222222222222222,0.8543689320388351,0.691588785046729,0.6263736263736264,0.6875,0.5,0.5,0.5,0.5
BQ9i8qkXiVQ.000.mp4,0.33333333333333337,0.35922330097087385,0.20560747663551404,0.5824175824175825,0.3854166666666667,0.5,0.5,0.5,0.5
bRoIrXBO9DU.000.mp4,0.6444444444444444,0.2815533980582524,0.38317757009345793,0.4065934065934066,0.5,0.5,0.5,0.5,0.5
bRoIrXBO9DU.005.mp4,0.7,0.5048543689320388,0.6261682242990655,0.6923076923076923,0.7083333333333334,0.5,0.5,0.5,0.5
BS0wgLXqFgc.001.mp4,0.43333333333333335,0.4563106796116505,0.5514018691588786,0.6263736263736264,0.5729166666666666,0.5,0.5,0.5,0.5
BS0wgLXqFgc.003.mp4,0.6888888888888889,0.6019417475728155,0.6542056074766356,0.6923076923076923,0.6041666666666666,0.5,0.5,0.5,0.5
BS0wgLXqFgc.005.mp4,0.6555555555555556,0.7281553398058251,0.5700934579439253,0.6703296703296703,0.5416666666666666,0.5,0.5,0.5,0.5
bSeTNdOtK7I.000.mp4,0.6444444444444444,0.7378640776699029,0.6355140186915887,0.6373626373626373,0.6666666666666667,0.5,0.5,0.5,0.5
bSeTNdOtK7I.004.mp4,0.6666666666666666,0.6699029126213591,0.7102803738317757,0.6373626373626373,0.6145833333333333,0.5,0.5,0.5,0.5
BSkTPW_Qsio.001.mp4,0.7444444444444444,0.6213592233009709,0.6355140186915887,0.7142857142857143,0.7395833333333333,0.5,0.5,0.5,0.5
BStHNKV820Q.001.mp4,0.5666666666666667,0.6116504854368932,0.4018691588785047,0.5934065934065933,0.4375,0.5,0.5,0.5,0.5
BStHNKV820Q.003.mp4,0.5888888888888889,0.6310679611650486,0.47663551401869164,0.6043956043956044,0.5104166666666666,0.5,0.5,0.5,0.5
bt-ev53zZWE.001.mp4,0.4888888888888889,0.4951456310679611,0.4672897196261683,0.4395604395604395,0.5104166666666666,0.5,0.5,0.5,0.5
bt-ev53zZWE.004.mp4,0.4777777777777778,0.5242718446601942,0.3457943925233645,0.4175824175824176,0.40625000000000006,0.5,0.5,0.5,0.5
Bt5zyk-Xf9Q.000.mp4,0.611111111111111,0.6213592233009709,0.6261682242990655,0.6703296703296703,0.5625,0.5,0.5,0.5,0.5
btcCanysQsw.000.mp4,0.3111111111111111,0.3495145631067961,0.24299065420560748,0.4505494505494505,0.29166666666666663,0.5,0.5,0.5,0.5
btcCanysQsw.001.mp4,0.25555555555555554,0.3203883495145631,0.26168224299065423,0.4945054945054945,0.19791666666666666,0.5,0.5,0.5,0.5
btcCanysQsw.003.mp4,0.32222222222222224,0.4174757281553398,0.36448598130841126,0.5494505494505494,0.4375,0.5,0.5,0.5,0.5
btcCanysQsw.004.mp4,0.28888888888888886,0.4854368932038835,0.4112149532710281,0.4065934065934066,0.40625000000000006,0.5,0.5,0.5,0.5
btcCanysQsw.005.mp4,0.23333333333333334,0.2621359223300971,0.11214953271028037,0.3736263736263736,0.1145833333333333,0.5,0.5,0.5,0.5
bTLTLzXehPE.003.mp4,0.7333333333333333,0.5631067961165048,0.691588785046729,0.6813186813186812,0.65625,0.5,0.5,0.5,0.5
BuKzIqR4eBU.001.mp4,0.6222222222222222,0.3300970873786408,0.4392523364485981,0.4615384615384615,0.6145833333333333,0.5,0.5,0.5,0.5
bviHajVIie0.005.mp4,0.6777777777777777,0.6310679611650486,0.7383177570093458,0.6813186813186812,0.8020833333333334,0.5,0.5,0.5,0.5
BWAEpai6FK0.002.mp4,0.7333333333333333,0.6796116504854369,0.663551401869159,0.6923076923076923,0.6145833333333333,0.5,0.5,0.5,0.5
BWAEpai6FK0.003.mp4,0.6888888888888889,0.7281553398058251,0.6822429906542057,0.6373626373626373,0.7395833333333333,0.5,0.5,0.5,0.5
BxdFQhBNZys.000.mp4,0.5555555555555556,0.4854368932038835,0.5794392523364487,0.5604395604395604,0.5104166666666666,0.5,0.5,0.5,0.5
BxdFQhBNZys.004.mp4,0.6888888888888889,0.4951456310679611,0.48598130841121495,0.6703296703296703,0.5416666666666666,0.5,0.5,0.5,0.5
bYXRyimxh7A.000.mp4,0.4666666666666667,0.3980582524271845,0.4018691588785047,0.4395604395604395,0.4791666666666667,0.5,0.5,0.5,0.5
bYXRyimxh7A.002.mp4,0.611111111111111,0.4854368932038835,0.5794392523364487,0.6373626373626373,0.6666666666666667,0.5,0.5,0.5,0.5
bYXRyimxh7A.003.mp4,0.5111111111111111,0.4174757281553398,0.4205607476635514,0.4945054945054945,0.4895833333333333,0.5,0.5,0.5,0.5
bYXRyimxh7A.004.mp4,0.5444444444444444,0.6019417475728155,0.4579439252336449,0.5494505494505494,0.5,0.5,0.5,0.5,0.5
BZ3FEf_KKso.000.mp4,0.5444444444444444,0.31067961165048547,0.30841121495327106,0.5274725274725275,0.45833333333333337,0.5,0.5,0.5,0.5
BZ3FEf_KKso.001.mp4,0.5333333333333333,0.2621359223300971,0.35514018691588783,0.31868131868131866,0.37499999999999994,0.5,0.5,0.5,0.5
Bz3Jx4QL_6Q.001.mp4,0.5333333333333333,0.7669902912621359,0.37383177570093457,0.6043956043956044,0.5625,0.5,0.5,0.5,0.5
Bz3Jx4QL_6Q.003.mp4,0.6,0.8640776699029126,0.4485981308411215,0.5934065934065933,0.7500000000000001,0.5,0.5,0.5,0.5
Bz3Jx4QL_6Q.004.mp4,0.4888888888888889,0.7766990291262136,0.2897196261682243,0.5054945054945055,0.59375,0.5,0.5,0.5,0.5
bZAKBS9q0ZI.002.mp4,0.7,0.4077669902912622,0.4579439252336449,0.6483516483516484,0.6770833333333334,0.5,0.5,0.5,0.5
bZAKBS9q0ZI.004.mp4,0.6444444444444444,0.6310679611650486,0.5140186915887851,0.6813186813186812,0.5625,0.5,0.5,0.5,0.5
bzaOB8BoWPU.000.mp4,0.5888888888888889,0.5339805825242718,0.5327102803738318,0.5384615384615384,0.5,0.5,0.5,0.5,0.5
bzaOB8BoWPU.002.mp4,0.5555555555555556,0.5242718446601942,0.5514018691588786,0.6373626373626373,0.3333333333333333,0.5,0.5,0.5,0.5
bzaOB8BoWPU.003.mp4,0.45555555555555555,0.6601941747572816,0.37383177570093457,0.3736263736263736,0.4479166666666667,0.5,0.5,0.5,0.5
bzaOB8BoWPU.005.mp4,0.5222222222222223,0.5339805825242718,0.5700934579439253,0.5384615384615384,0.5104166666666666,0.5,0.5,0.5,0.5
bzFTA6kGyA8.002.mp4,0.6333333333333333,0.8446601941747574,0.4953271028037384,0.6043956043956044,0.6666666666666667,0.5,0.5,0.5,0.5
bzIxJ-gtvUw.005.mp4,0.5555555555555556,0.6116504854368932,0.5420560747663552,0.6373626373626373,0.6875,0.5,0.5,0.5,0.5
bZoN9xp9vgs.001.mp4,0.611111111111111,0.5048543689320388,0.5700934579439253,0.6483516483516484,0.5416666666666666,0.5,0.5,0.5,0.5
C-48U5oDuvw.003.mp4,0.6222222222222222,0.5825242718446602,0.48598130841121495,0.6043956043956044,0.53125,0.5,0.5,0.5,0.5
C-48U5oDuvw.004.mp4,0.5666666666666667,0.42718446601941745,0.35514018691588783,0.6813186813186812,0.45833333333333337,0.5,0.5,0.5,0.5
c-c6xhtIq84.004.mp4,0.6,0.4466019417475728,0.5420560747663552,0.7252747252747254,0.5416666666666666,0.5,0.5,0.5,0.5
C0uc-2KrnnQ.001.mp4,0.5888888888888889,0.4368932038834952,0.47663551401869164,0.6923076923076923,0.5625,0.5,0.5,0.5,0.5
C0uc-2KrnnQ.002.mp4,0.5222222222222223,0.4563106796116505,0.48598130841121495,0.6593406593406592,0.59375,0.5,0.5,0.5,0.5
C0UMWrEJ2x0.004.mp4,0.6333333333333333,0.6407766990291262,0.6728971962616823,0.6593406593406592,0.4895833333333333,0.5,0.5,0.5,0.5
C0UMWrEJ2x0.005.mp4,0.6666666666666666,0.5145631067961165,0.6168224299065421,0.6373626373626373,0.5208333333333334,0.5,0.5,0.5,0.5
C23rns4ZCy8.004.mp4,0.6333333333333333,0.5339805825242718,0.48598130841121495,0.4835164835164835,0.5416666666666666,0.5,0.5,0.5,0.5
c2LeNguVNrI.002.mp4,0.5666666666666667,0.5145631067961165,0.5046728971962617,0.4285714285714285,0.32291666666666663,0.5,0.5,0.5,0.5
c2LeNguVNrI.003.mp4,0.5444444444444444,0.6407766990291262,0.4205607476635514,0.5384615384615384,0.4895833333333333,0.5,0.5,0.5,0.5
C2MEPH7x9m0.001.mp4,0.6222222222222222,0.5436893203883495,0.5327102803738318,0.6153846153846153,0.4479166666666667,0.5,0.5,0.5,0.5
c3esnCQDoKc.003.mp4,0.7222222222222221,0.7475728155339806,0.6355140186915887,0.7472527472527474,0.7604166666666666,0.5,0.5,0.5,0.5
c3esnCQDoKc.004.mp4,0.5444444444444444,0.6116504854368932,0.5700934579439253,0.6263736263736264,0.6458333333333333,0.5,0.5,0.5,0.5
C3knX70mzxQ.004.mp4,0.5777777777777777,0.5145631067961165,0.33644859813084116,0.5384615384615384,0.5208333333333334,0.5,0.5,0.5,0.5
C3knX70mzxQ.005.mp4,0.7222222222222221,0.5242718446601942,0.5327102803738318,0.6813186813186812,0.6458333333333333,0.5,0.5,0.5,0.5
c3SQSM9OIsA.001.mp4,0.5777777777777777,0.7378640776699029,0.38317757009345793,0.5054945054945055,0.5833333333333333,0.5,0.5,0.5,0.5
c3SQSM9OIsA.005.mp4,0.4888888888888889,0.7475728155339806,0.5420560747663552,0.5164835164835165,0.5833333333333333,0.5,0.5,0.5,0.5
c4XnKouozXU.000.mp4,0.41111111111111115,0.5145631067961165,0.4672897196261683,0.5714285714285714,0.3854166666666667,0.5,0.5,0.5,0.5
c4XnKouozXU.001.mp4,0.3777777777777778,0.5242718446601942,0.37383177570093457,0.5384615384615384,0.3333333333333333,0.5,0.5,0.5,0.5
c4XnKouozXU.003.mp4,0.3666666666666667,0.6504854368932039,0.19626168224299068,0.5164835164835165,0.32291666666666663,0.5,0.5,0.5,0.5
c4XnKouozXU.004.mp4,0.3777777777777778,0.5048543689320388,0.37383177570093457,0.5604395604395604,0.3645833333333333,0.5,0.5,0.5,0.5
c4YxfATgYkw.002.mp4,0.5555555555555556,0.5825242718446602,0.6168224299065421,0.6373626373626373,0.3333333333333333,0.5,0.5,0.5,0.5
C5qRszPK9HY.001.mp4,0.5111111111111111,0.6699029126213591,0.4953271028037384,0.6373626373626373,0.5208333333333334,0.5,0.5,0.5,0.5
C5qRszPK9HY.003.mp4,0.5111111111111111,0.8155339805825244,0.4953271028037384,0.5714285714285714,0.5208333333333334,0.5,0.5,0.5,0.5
c5ZnKbaNCE8.000.mp4,0.45555555555555555,0.4368932038834952,0.3457943925233645,0.4395604395604395,0.42708333333333337,0.5,0.5,0.5,0.5
c5ZnKbaNCE8.003.mp4,0.4888888888888889,0.5339805825242718,0.4579439252336449,0.5054945054945055,0.4895833333333333,0.5,0.5,0.5,0.5
c5ZnKbaNCE8.005.mp4,0.38888888888888895,0.5048543689320388,0.4112149532710281,0.4615384615384615,0.37499999999999994,0.5,0.5,0.5,0.5
c672aEuUa-g.002.mp4,0.41111111111111115,0.4563106796116505,0.5327102803738318,0.4945054945054945,0.3854166666666667,0.5,0.5,0.5,0.5
c672aEuUa-g.004.mp4,0.6777777777777777,0.6601941747572816,0.6822429906542057,0.7032967032967032,0.7187499999999999,0.5,0.5,0.5,0.5
c7tczvW3_dQ.000.mp4,0.5222222222222223,0.6407766990291262,0.38317757009345793,0.5714285714285714,0.5520833333333334,0.5,0.5,0.5,0.5
c7tczvW3_dQ.002.mp4,0.5777777777777777,0.5533980582524272,0.4392523364485981,0.6153846153846153,0.5729166666666666,0.5,0.5,0.5,0.5
c7tczvW3_dQ.005.mp4,0.5111111111111111,0.5048543689320388,0.36448598130841126,0.6593406593406592,0.6145833333333333,0.5,0.5,0.5,0.5
C8xZ0vhrrFE.000.mp4,0.45555555555555555,0.2038834951456311,0.20560747663551404,0.31868131868131866,0.32291666666666663,0.5,0.5,0.5,0.5
C8xZ0vhrrFE.002.mp4,0.611111111111111,0.4951456310679611,0.3177570093457944,0.3736263736263736,0.40625000000000006,0.5,0.5,0.5,0.5
C8xZ0vhrrFE.003.mp4,0.6,0.3495145631067961,0.3457943925233645,0.4505494505494505,0.39583333333333337,0.5,0.5,0.5,0.5
C8xZ0vhrrFE.005.mp4,0.3666666666666667,0.4174757281553398,0.2897196261682243,0.30769230769230765,0.2395833333333333,0.5,0.5,0.5,0.5
C_NtwmmF2Ys.000.mp4,0.32222222222222224,0.24271844660194175,0.28037383177570097,0.29670329670329665,0.2395833333333333,0.5,0.5,0.5,0.5
C_NtwmmF2Ys.002.mp4,0.3,0.23300970873786406,0.16822429906542055,0.29670329670329665,0.15624999999999994,0.5,0.5,0.5,0.5
C_NtwmmF2Ys.003.mp4,0.23333333333333334,0.13592233009708737,0.11214953271028037,0.2857142857142857,0.06249999999999998,0.5,0.5,0.5,0.5
C_NtwmmF2Ys.004.mp4,0.26666666666666666,0.3300970873786408,0.22429906542056074,0.4285714285714285,0.2604166666666667,0.5,0.5,0.5,0.5
c_pyBvsSlCY.004.mp4,0.5444444444444444,0.4563106796116505,0.35514018691588783,0.4505494505494505,0.6458333333333333,0.5,0.5,0.5,0.5
cA43Gfcg0QA.000.mp4,0.33333333333333337,0.31067961165048547,0.1588785046728972,0.18681318681318684,0.2395833333333333,0.5,0.5,0.5,0.5
cA43Gfcg0QA.001.mp4,0.3555555555555556,0.2912621359223301,0.2897196261682243,0.29670329670329665,0.22916666666666663,0.5,0.5,0.5,0.5
cA43Gfcg0QA.003.mp4,0.4,0.4174757281553398,0.28037383177570097,0.5494505494505494,0.3854166666666667,0.5,0.5,0.5,0.5
cA43Gfcg0QA.004.mp4,0.43333333333333335,0.42718446601941745,0.3177570093457944,0.5384615384615384,0.42708333333333337,0.5,0.5,0.5,0.5
CbNAOLHByZQ.004.mp4,0.611111111111111,0.4854368932038835,0.5981308411214954,0.5934065934065933,0.45833333333333337,0.5,0.5,0.5,0.5
cBR5cDwwdno.001.mp4,0.7999999999999999,0.5631067961165048,0.5233644859813085,0.5604395604395604,0.6458333333333333,0.5,0.5,0.5,0.5
cBR5cDwwdno.003.mp4,0.6555555555555556,0.7475728155339806,0.6448598130841123,0.5934065934065933,0.6666666666666667,0.5,0.5,0.5,0.5
cBR5cDwwdno.004.mp4,0.9111111111111111,0.7184466019417477,0.7570093457943926,0.6923076923076923,0.7812499999999999,0.5,0.5,0.5,0.5
cBR5cDwwdno.005.mp4,0.7888888888888888,0.5242718446601942,0.6542056074766356,0.5604395604395604,0.5625,0.5,0.5,0.5,0.5
CCe1J5grs8U.005.mp4,0.7666666666666666,0.5048543689320388,0.7570093457943926,0.813186813186813,0.7395833333333333,0.5,0.5,0.5,0.5
CcVuoHZqp6k.004.mp4,0.7666666666666666,0.47572815533980584,0.6448598130841123,0.5054945054945055,0.6354166666666666,0.5,0.5,0.5,0.5
Cdh_OCMZ4U8.000.mp4,0.5111111111111111,0.7378640776699029,0.4205607476635514,0.6923076923076923,0.6145833333333333,0.5,0.5,0.5,0.5
CDTo7WVyf5s.001.mp4,0.4666666666666667,0.3883495145631068,0.29906542056074764,0.32967032967032966,0.4375,0.5,0.5,0.5,0.5
cdtZKwM5NIM.004.mp4,0.7444444444444444,0.7378640776699029,0.6822429906542057,0.6923076923076923,0.6770833333333334,0.5,0.5,0.5,0.5
CdUYBux3Vn8.000.mp4,0.7444444444444444,0.5436893203883495,0.663551401869159,0.6813186813186812,0.7812499999999999,0.5,0.5,0.5,0.5
CdUYBux3Vn8.002.mp4,0.611111111111111,0.3786407766990291,0.4392523364485981,0.3736263736263736,0.59375,0.5,0.5,0.5,0.5
CdUYBux3Vn8.005.mp4,0.5888888888888889,0.5825242718446602,0.5514018691588786,0.6153846153846153,0.6458333333333333,0.5,0.5,0.5,0.5
CdY1ZLrWTtg.000.mp4,0.38888888888888895,0.42718446601941745,0.47663551401869164,0.4945054945054945,0.46875,0.5,0.5,0.5,0.5
CdY1ZLrWTtg.002.mp4,0.5333333333333333,0.3495145631067961,0.4112149532710281,0.5054945054945055,0.4791666666666667,0.5,0.5,0.5,0.5
ce7t2PgzMGw.000.mp4,0.3666666666666667,0.6310679611650486,0.3271028037383178,0.5494505494505494,0.4375,0.5,0.5,0.5,0.5
CESTtNvDpww.003.mp4,0.6555555555555556,0.7184466019417477,0.7757009345794394,0.6923076923076923,0.6875,0.5,0.5,0.5,0.5
cFGjJg-2zOk.000.mp4,0.6,0.5825242718446602,0.5046728971962617,0.6153846153846153,0.4895833333333333,0.5,0.5,0.5,0.5
cFGjJg-2zOk.001.mp4,0.5666666666666667,0.5631067961165048,0.4672897196261683,0.5274725274725275,0.5520833333333334,0.5,0.5,0.5,0.5
cFGjJg-2zOk.002.mp4,0.6,0.6504854368932039,0.7196261682242993,0.6703296703296703,0.7604166666666666,0.5,0.5,0.5,0.5
cFGjJg-2zOk.003.mp4,0.4777777777777778,0.6019417475728155,0.33644859813084116,0.5384615384615384,0.46875,0.5,0.5,0.5,0.5
cFGjJg-2zOk.005.mp4,0.5333333333333333,0.4563106796116505,0.4392523364485981,0.5274725274725275,0.4479166666666667,0.5,0.5,0.5,0.5
CFk4v2Kd5Ns.002.mp4,0.5444444444444444,0.5145631067961165,0.5607476635514019,0.6263736263736264,0.5416666666666666,0.5,0.5,0.5,0.5
CFk4v2Kd5Ns.005.mp4,0.3666666666666667,0.4368932038834952,0.37383177570093457,0.6153846153846153,0.4375,0.5,0.5,0.5,0.5
CFK8ib0aWe8.000.mp4,0.5,0.6019417475728155,0.4112149532710281,0.4835164835164835,0.4895833333333333,0.5,0.5,0.5,0.5
CFK8ib0aWe8.001.mp4,0.4777777777777778,0.5922330097087379,0.4018691588785047,0.5714285714285714,0.53125,0.5,0.5,0.5,0.5
CFK8ib0aWe8.003.mp4,0.32222222222222224,0.6116504854368932,0.4018691588785047,0.5384615384615384,0.40625000000000006,0.5,0.5,0.5,0.5
CfNbSToI21k.004.mp4,0.6777777777777777,0.6893203883495147,0.588785046728972,0.4945054945054945,0.7187499999999999,0.5,0.5,0.5,0.5
CfNbSToI21k.005.mp4,0.611111111111111,0.5048543689320388,0.4579439252336449,0.4835164835164835,0.625,0.5,0.5,0.5,0.5
CGfr9jl8w4Y.001.mp4,0.5666666666666667,0.5339805825242718,0.6168224299065421,0.5384615384615384,0.5104166666666666,0.5,0.5,0.5,0.5
CGfr9jl8w4Y.004.mp4,0.5222222222222223,0.47572815533980584,0.663551401869159,0.7472527472527474,0.6041666666666666,0.5,0.5,0.5,0.5
CGfr9jl8w4Y.005.mp4,0.5888888888888889,0.5339805825242718,0.6261682242990655,0.5494505494505494,0.625,0.5,0.5,0.5,0.5
cgGCyBMdGrA.001.mp4,0.43333333333333335,0.42718446601941745,0.2710280373831776,0.4835164835164835,0.4479166666666667,0.5,0.5,0.5,0.5
cgGCyBMdGrA.003.mp4,0.5111111111111111,0.35922330097087385,0.5140186915887851,0.4725274725274725,0.28125,0.5,0.5,0.5,0.5
cgp1OzTOq1o.000.mp4,0.6,0.6407766990291262,0.4392523364485981,0.5164835164835165,0.5520833333333334,0.5,0.5,0.5,0.5
cgp1OzTOq1o.002.mp4,0.6666666666666666,0.5145631067961165,0.6074766355140188,0.6813186813186812,0.6145833333333333,0.5,0.5,0.5,0.5
cgp1OzTOq1o.004.mp4,0.7,0.5922330097087379,0.7102803738317757,0.824175824175824,0.7187499999999999,0.5,0.5,0.5,0.5
cgp1OzTOq1o.005.mp4,0.7333333333333333,0.5339805825242718,0.5700934579439253,0.6593406593406592,0.6354166666666666,0.5,0.5,0.5,0.5
cgT-3CHBmKs.000.mp4,0.2777777777777778,0.22330097087378642,0.24299065420560748,0.29670329670329665,0.18749999999999997,0.5,0.5,0.5,0.5
cgT-3CHBmKs.003.mp4,0.3555555555555556,0.31067961165048547,0.22429906542056074,0.4615384615384615,0.32291666666666663,0.5,0.5,0.5,0.5
cgT-3CHBmKs.004.mp4,0.4222222222222222,0.3883495145631068,0.4205607476635514,0.5274725274725275,0.37499999999999994,0.5,0.5,0.5,0.5
cgT-3CHBmKs.005.mp4,0.26666666666666666,0.27184466019417475,0.3177570093457944,0.3846153846153846,0.25,0.5,0.5,0.5,0.5
ch2BcBv4SdQ.002.mp4,0.6,0.6893203883495147,0.5794392523364487,0.7032967032967032,0.6666666666666667,0.5,0.5,0.5,0.5
CHkKv9TXm0g.000.mp4,0.43333333333333335,0.3300970873786408,0.35514018691588783,0.6043956043956044,0.3125,0.5,0.5,0.5,0.5
ciWUq6iQTIE.000.mp4,0.4888888888888889,0.4174757281553398,0.4485981308411215,0.5164835164835165,0.34374999999999994,0.5,0.5,0.5,0.5
ciWUq6iQTIE.002.mp4,0.32222222222222224,0.4951456310679611,0.4392523364485981,0.6153846153846153,0.4166666666666667,0.5,0.5,0.5,0.5
cjbh1lfr43c.005.mp4,0.611111111111111,0.18446601941747573,0.29906542056074764,0.4835164835164835,0.39583333333333337,0.5,0.5,0.5,0.5
CJhP12Gi8sg.002.mp4,0.6222222222222222,0.6310679611650486,0.4672897196261683,0.5384615384615384,0.53125,0.5,0.5,0.5,0.5
CJjNcuBLjMM.001.mp4,0.38888888888888895,0.33980582524271846,0.5046728971962617,0.4945054945054945,0.25,0.5,0.5,0.5,0.5
CJT7z9PaU68.004.mp4,0.5444444444444444,0.6116504854368932,0.4672897196261683,0.5604395604395604,0.5104166666666666,0.5,0.5,0.5,0.5
Cl5jhuLQ9Dg.001.mp4,0.5777777777777777,0.3883495145631068,0.4112149532710281,0.5274725274725275,0.5625,0.5,0.5,0.5,0.5
Cl5jhuLQ9Dg.002.mp4,0.5222222222222223,0.42718446601941745,0.4112149532710281,0.5604395604395604,0.4791666666666667,0.5,0.5,0.5,0.5
Cl5jhuLQ9Dg.003.mp4,0.5555555555555556,0.42718446601941745,0.4485981308411215,0.4065934065934066,0.4791666666666667,0.5,0.5,0.5,0.5
Cl5jhuLQ9Dg.004.mp4,0.4666666666666667,0.5436893203883495,0.4205607476635514,0.5384615384615384,0.5416666666666666,0.5,0.5,0.5,0.5
Cl5jhuLQ9Dg.005.mp4,0.7888888888888888,0.5048543689320388,0.6261682242990655,0.5824175824175825,0.6875,0.5,0.5,0.5,0.5
Cl7vQ9QR0es.000.mp4,0.38888888888888895,0.35922330097087385,0.4672897196261683,0.5824175824175825,0.5833333333333333,0.5,0.5,0.5,0.5
Cl7vQ9QR0es.001.mp4,0.6444444444444444,0.3786407766990291,0.6261682242990655,0.7252747252747254,0.5833333333333333,0.5,0.5,0.5,0.5
Cl7vQ9QR0es.002.mp4,0.6444444444444444,0.4660194174757281,0.5607476635514019,0.5604395604395604,0.65625,0.5,0.5,0.5,0.5
Cl7vQ9QR0es.003.mp4,0.6555555555555556,0.4563106796116505,0.5700934579439253,0.5604395604395604,0.65625,0.5,0.5,0.5,0.5
Cl7vQ9QR0es.004.mp4,0.5333333333333333,0.5145631067961165,0.4112149532710281,0.4175824175824176,0.40625000000000006,0.5,0.5,0.5,0.5
Cl7vQ9QR0es.005.mp4,0.41111111111111115,0.33980582524271846,0.4112149532710281,0.5604395604395604,0.39583333333333337,0.5,0.5,0.5,0.5
cLaZxEf1nE4.001.mp4,0.5777777777777777,0.4951456310679611,0.4392523364485981,0.5054945054945055,0.5520833333333334,0.5,0.5,0.5,0.5
cLaZxEf1nE4.002.mp4,0.7,0.5145631067961165,0.7476635514018694,0.6703296703296703,0.6145833333333333,0.5,0.5,0.5,0.5
cLaZxEf1nE4.003.mp4,0.6888888888888889,0.5339805825242718,0.5981308411214954,0.5054945054945055,0.6041666666666666,0.5,0.5,0.5,0.5
CLGJCzz6tIU.001.mp4,0.5555555555555556,0.4563106796116505,0.7196261682242993,0.6703296703296703,0.5625,0.5,0.5,0.5,0.5
clMg72MI8rw.004.mp4,0.7222222222222221,0.7281553398058251,0.6448598130841123,0.6153846153846153,0.6979166666666666,0.5,0.5,0.5,0.5
Cng72emlXAM.004.mp4,0.611111111111111,0.6116504854368932,0.4579439252336449,0.6373626373626373,0.5,0.5,0.5,0.5,0.5
Cng72emlXAM.005.mp4,0.611111111111111,0.5631067961165048,0.4579439252336449,0.5384615384615384,0.5104166666666666,0.5,0.5,0.5,0.5
cnsvc0alWOA.000.mp4,0.5777777777777777,0.5533980582524272,0.663551401869159,0.6153846153846153,0.6041666666666666,0.5,0.5,0.5,0.5
cnsvc0alWOA.004.mp4,0.6,0.5825242718446602,0.6261682242990655,0.6153846153846153,0.6979166666666666,0.5,0.5,0.5,0.5
cNXnowQb7rs.002.mp4,0.5444444444444444,0.3786407766990291,0.4112149532710281,0.4175824175824176,0.4791666666666667,0.5,0.5,0.5,0.5
cNXnowQb7rs.003.mp4,0.6222222222222222,0.7087378640776699,0.4953271028037384,0.5274725274725275,0.53125,0.5,0.5,0.5,0.5
cNXnowQb7rs.004.mp4,0.7,0.6310679611650486,0.48598130841121495,0.5934065934065933,0.6041666666666666,0.5,0.5,0.5,0.5
cNXnowQb7rs.005.mp4,0.6666666666666666,0.8543689320388351,0.5046728971962617,0.6813186813186812,0.7395833333333333,0.5,0.5,0.5,0.5
CO7vZjYF6Zk.000.mp4,0.611111111111111,0.7281553398058251,0.4112149532710281,0.5164835164835165,0.7083333333333334,0.5,0.5,0.5,0.5
CO7vZjYF6Zk.001.mp4,0.5555555555555556,0.6893203883495147,0.4392523364485981,0.4175824175824176,0.6458333333333333,0.5,0.5,0.5,0.5
CO7vZjYF6Zk.002.mp4,0.8999999999999999,0.8932038834951456,0.7009345794392524,0.5164835164835165,0.7500000000000001,0.5,0.5,0.5,0.5
cOirMOCpdo8.000.mp4,0.45555555555555555,0.4174757281553398,0.37383177570093457,0.4395604395604395,0.5416666666666666,0.5,0.5,0.5,0.5
cOirMOCpdo8.001.mp4,0.28888888888888886,0.4368932038834952,0.3457943925233645,0.5164835164835165,0.42708333333333337,0.5,0.5,0.5,0.5
cOirMOCpdo8.003.mp4,0.6222222222222222,0.4854368932038835,0.4205607476635514,0.4835164835164835,0.4791666666666667,0.5,0.5,0.5,0.5
cOirMOCpdo8.005.mp4,0.6222222222222222,0.6116504854368932,0.4579439252336449,0.5054945054945055,0.5208333333333334,0.5,0.5,0.5,0.5
cOo5N1qblyw.003.mp4,0.41111111111111115,0.27184466019417475,0.36448598130841126,0.4725274725274725,0.2395833333333333,0.5,0.5,0.5,0.5
cOossY5pTrU.001.mp4,0.6666666666666666,0.5533980582524272,0.48598130841121495,0.6043956043956044,0.5833333333333333,0.5,0.5,0.5,0.5
cOossY5pTrU.002.mp4,0.888888888888889,0.6601941747572816,0.6261682242990655,0.6813186813186812,0.7812499999999999,0.5,0.5,0.5,0.5
cOossY5pTrU.003.mp4,0.6,0.4660194174757281,0.5700934579439253,0.6153846153846153,0.625,0.5,0.5,0.5,0.5
cP_dSXql7z8.000.mp4,0.5666666666666667,0.6990291262135921,0.48598130841121495,0.6813186813186812,0.53125,0.5,0.5,0.5,0.5
cP_dSXql7z8.001.mp4,0.43333333333333335,0.7475728155339806,0.4018691588785047,0.6263736263736264,0.4791666666666667,0.5,0.5,0.5,0.5
cP_dSXql7z8.002.mp4,0.6333333333333333,0.6116504854368932,0.5420560747663552,0.7252747252747254,0.5729166666666666,0.5,0.5,0.5,0.5
cP_dSXql7z8.003.mp4,0.34444444444444444,0.5145631067961165,0.2710280373831776,0.5384615384615384,0.3854166666666667,0.5,0.5,0.5,0.5
cP_dSXql7z8.004.mp4,0.4666666666666667,0.8155339805825244,0.4953271028037384,0.6813186813186812,0.6979166666666666,0.5,0.5,0.5,0.5
cP_dSXql7z8.005.mp4,0.6555555555555556,0.7184466019417477,0.5794392523364487,0.6483516483516484,0.6041666666666666,0.5,0.5,0.5,0.5
CpmR-91GxmY.000.mp4,0.7444444444444444,0.8252427184466018,0.7757009345794394,0.8901098901098901,0.8958333333333334,0.5,0.5,0.5,0.5
CpmR-91GxmY.002.mp4,0.7333333333333333,0.7572815533980582,0.6542056074766356,0.7472527472527474,0.8541666666666667,0.5,0.5,0.5,0.5
CpmR-91GxmY.004.mp4,0.8666666666666667,0.6310679611650486,0.6355140186915887,0.7472527472527474,0.5625,0.5,0.5,0.5,0.5
CpmR-91GxmY.005.mp4,0.7888888888888888,0.6990291262135921,0.7663551401869159,0.6923076923076923,0.8333333333333334,0.5,0.5,0.5,0.5
CPtaCNonKlE.000.mp4,0.5,0.4951456310679611,0.4672897196261683,0.4175824175824176,0.39583333333333337,0.5,0.5,0.5,0.5
CPtaCNonKlE.002.mp4,0.4444444444444445,0.5242718446601942,0.38317757009345793,0.6043956043956044,0.5625,0.5,0.5,0.5,0.5
CPtaCNonKlE.003.mp4,0.611111111111111,0.5533980582524272,0.4299065420560748,0.5164835164835165,0.5208333333333334,0.5,0.5,0.5,0.5
CPtaCNonKlE.004.mp4,0.38888888888888895,0.42718446601941745,0.26168224299065423,0.4615384615384615,0.4166666666666667,0.5,0.5,0.5,0.5
cpzY1b6wJqs.002.mp4,0.6888888888888889,0.6213592233009709,0.5700934579439253,0.5934065934065933,0.53125,0.5,0.5,0.5,0.5
CQMH9Qguuao.000.mp4,0.6555555555555556,0.5436893203883495,0.4205607476635514,0.6593406593406592,0.625,0.5,0.5,0.5,0.5
CQMH9Qguuao.003.mp4,0.5222222222222223,0.5048543689320388,0.5327102803738318,0.7472527472527474,0.6145833333333333,0.5,0.5,0.5,0.5
CQMH9Qguuao.004.mp4,0.5,0.5145631067961165,0.4018691588785047,0.5824175824175825,0.4791666666666667,0.5,0.5,0.5,0.5
CQMH9Qguuao.005.mp4,0.5888888888888889,0.4466019417475728,0.4579439252336449,0.5824175824175825,0.4375,0.5,0.5,0.5,0.5
CqQavmWSLrI.000.mp4,0.5666666666666667,0.4854368932038835,0.5140186915887851,0.6483516483516484,0.5104166666666666,0.5,0.5,0.5,0.5
CqQavmWSLrI.001.mp4,0.45555555555555555,0.31067961165048547,0.3271028037383178,0.4175824175824176,0.2395833333333333,0.5,0.5,0.5,0.5
CqQavmWSLrI.002.mp4,0.15555555555555559,0.30097087378640774,0.09345794392523363,0.16483516483516483,0.1145833333333333,0.5,0.5,0.5,0.5
CqQavmWSLrI.003.mp4,0.2,0.3786407766990291,0.14018691588785046,0.3626373626373627,0.06249999999999998,0.5,0.5,0.5,0.5
CqQavmWSLrI.004.mp4,0.3,0.4563106796116505,0.19626168224299068,0.3736263736263736,0.25,0.5,0.5,0.5,0.5
CqQavmWSLrI.005.mp4,0.4666666666666667,0.42718446601941745,0.38317757009345793,0.5384615384615384,0.25,0.5,0.5,0.5,0.5
cQRFb-xa4Vc.002.mp4,0.3111111111111111,0.5436893203883495,0.26168224299065423,0.4285714285714285,0.32291666666666663,0.5,0.5,0.5,0.5
cQRFb-xa4Vc.005.mp4,0.33333333333333337,0.5631067961165048,0.38317757009345793,0.4175824175824176,0.53125,0.5,0.5,0.5,0.5
cRDYrvxRJ6U.001.mp4,0.7777777777777777,0.8932038834951456,0.7009345794392524,0.6373626373626373,0.7812499999999999,0.5,0.5,0.5,0.5
cRg95950rAg.001.mp4,0.5777777777777777,0.42718446601941745,0.47663551401869164,0.4285714285714285,0.4479166666666667,0.5,0.5,0.5,0.5
CRLsCyMfskE.000.mp4,0.6666666666666666,0.6310679611650486,0.7850467289719627,0.5384615384615384,0.6979166666666666,0.5,0.5,0.5,0.5
CRLsCyMfskE.001.mp4,0.7444444444444444,0.5728155339805825,0.7570093457943926,0.6153846153846153,0.5833333333333333,0.5,0.5,0.5,0.5
CRLsCyMfskE.002.mp4,0.4666666666666667,0.5145631067961165,0.4392523364485981,0.4725274725274725,0.5104166666666666,0.5,0.5,0.5,0.5
CRLsCyMfskE.003.mp4,0.6666666666666666,0.4854368932038835,0.6728971962616823,0.5604395604395604,0.6041666666666666,0.5,0.5,0.5,0.5
CRLsCyMfskE.004.mp4,0.7,0.6310679611650486,0.6542056074766356,0.7252747252747254,0.8125000000000001,0.5,0.5,0.5,0.5
cSyVbIYfwxA.004.mp4,0.6555555555555556,0.7766990291262136,0.5794392523364487,0.7142857142857143,0.7604166666666666,0.5,0.5,0.5,0.5
cT3oyHhUznw.003.mp4,0.5,0.3980582524271845,0.4392523364485981,0.4615384615384615,0.5208333333333334,0.5,0.5,0.5,0.5
cT3oyHhUznw.004.mp4,0.43333333333333335,0.3786407766990291,0.30841121495327106,0.3846153846153846,0.46875,0.5,0.5,0.5,0.5
cTbfp7nkX8c.000.mp4,0.3777777777777778,0.4466019417475728,0.4018691588785047,0.4725274725274725,0.5,0.5,0.5,0.5,0.5
cTbfp7nkX8c.002.mp4,0.5111111111111111,0.5436893203883495,0.5233644859813085,0.6043956043956044,0.5208333333333334,0.5,0.5,0.5,0.5
cTbfp7nkX8c.005.mp4,0.4444444444444445,0.3883495145631068,0.3457943925233645,0.3626373626373627,0.37499999999999994,0.5,0.5,0.5,0.5
CTWMisL_HlI.000.mp4,0.5222222222222223,0.33980582524271846,0.26168224299065423,0.29670329670329665,0.3645833333333333,0.5,0.5,0.5,0.5
CTWMisL_HlI.003.mp4,0.4666666666666667,0.2038834951456311,0.38317757009345793,0.24175824175824176,0.3645833333333333,0.5,0.5,0.5,0.5
CTWMisL_HlI.004.mp4,0.6555555555555556,0.33980582524271846,0.3271028037383178,0.3406593406593406,0.3645833333333333,0.5,0.5,0.5,0.5
CTWMisL_HlI.005.mp4,0.5333333333333333,0.2621359223300971,0.3457943925233645,0.3846153846153846,0.29166666666666663,0.5,0.5,0.5,0.5
CuGuiOZ48Ig.000.mp4,0.5888888888888889,0.6407766990291262,0.5327102803738318,0.5714285714285714,0.5729166666666666,0.5,0.5,0.5,0.5
CuGuiOZ48Ig.001.mp4,0.7333333333333333,0.6310679611650486,0.5607476635514019,0.7362637362637363,0.6666666666666667,0.5,0.5,0.5,0.5
CuGuiOZ48Ig.002.mp4,0.5777777777777777,0.6601941747572816,0.5233644859813085,0.5384615384615384,0.3333333333333333,0.5,0.5,0.5,0.5
CuGuiOZ48Ig.004.mp4,0.3666666666666667,0.5533980582524272,0.22429906542056074,0.4615384615384615,0.29166666666666663,0.5,0.5,0.5,0.5
CuGuiOZ48Ig.005.mp4,0.5444444444444444,0.5922330097087379,0.37383177570093457,0.4725274725274725,0.5,0.5,0.5,0.5,0.5
CUiG7UZ9A3k.002.mp4,0.5666666666666667,0.6699029126213591,0.5514018691588786,0.5054945054945055,0.59375,0.5,0.5,0.5,0.5
CUiG7UZ9A3k.005.mp4,0.6222222222222222,0.5922330097087379,0.48598130841121495,0.6923076923076923,0.5520833333333334,0.5,0.5,0.5,0.5
cuyIFvYNLFE.000.mp4,0.6444444444444444,0.7864077669902914,0.6168224299065421,0.7582417582417583,0.65625,0.5,0.5,0.5,0.5
CV930dFsubs.000.mp4,0.4,0.2815533980582524,0.35514018691588783,0.4725274725274725,0.35416666666666663,0.5,0.5,0.5,0.5
CV930dFsubs.002.mp4,0.4222222222222222,0.33980582524271846,0.5140186915887851,0.4285714285714285,0.2708333333333333,0.5,0.5,0.5,0.5
CV930dFsubs.003.mp4,0.5555555555555556,0.3203883495145631,0.37383177570093457,0.4835164835164835,0.45833333333333337,0.5,0.5,0.5,0.5
cvg03XGFjCk.001.mp4,0.7444444444444444,0.6893203883495147,0.6168224299065421,0.6703296703296703,0.5729166666666666,0.5,0.5,0.5,0.5
cvg03XGFjCk.002.mp4,0.6222222222222222,0.7572815533980582,0.6168224299065421,0.7032967032967032,0.6770833333333334,0.5,0.5,0.5,0.5
cvg03XGFjCk.004.mp4,0.7444444444444444,0.6504854368932039,0.5514018691588786,0.5824175824175825,0.53125,0.5,0.5,0.5,0.5
cvg03XGFjCk.005.mp4,0.711111111111111,0.6213592233009709,0.663551401869159,0.5494505494505494,0.4791666666666667,0.5,0.5,0.5,0.5
cvHqtadNJDo.000.mp4,0.6444444444444444,0.6990291262135921,0.47663551401869164,0.4615384615384615,0.42708333333333337,0.5,0.5,0.5,0.5
cvHqtadNJDo.004.mp4,0.5666666666666667,0.6699029126213591,0.4018691588785047,0.6153846153846153,0.5833333333333333,0.5,0.5,0.5,0.5
Cvuu76B-bxA.000.mp4,0.5666666666666667,0.5436893203883495,0.6261682242990655,0.7362637362637363,0.6666666666666667,0.5,0.5,0.5,0.5
Cvuu76B-bxA.001.mp4,0.611111111111111,0.6990291262135921,0.5420560747663552,0.6703296703296703,0.6145833333333333,0.5,0.5,0.5,0.5
Cvuu76B-bxA.002.mp4,0.45555555555555555,0.4466019417475728,0.39252336448598135,0.5604395604395604,0.5104166666666666,0.5,0.5,0.5,0.5
Cvuu76B-bxA.003.mp4,0.611111111111111,0.6504854368932039,0.6261682242990655,0.6923076923076923,0.6979166666666666,0.5,0.5,0.5,0.5
Cvuu76B-bxA.005.mp4,0.34444444444444444,0.5048543689320388,0.4392523364485981,0.5274725274725275,0.53125,0.5,0.5,0.5,0.5
CwFH8J7smjE.005.mp4,0.6888888888888889,0.6601941747572816,0.7009345794392524,0.7912087912087912,0.7604166666666666,0.5,0.5,0.5,0.5
CwmjP27fivQ.005.mp4,0.6777777777777777,0.7281553398058251,0.6728971962616823,0.6593406593406592,0.7291666666666667,0.5,0.5,0.5,0.5
CwYNQlRTvPc.000.mp4,0.5444444444444444,0.5242718446601942,0.5327102803738318,0.7472527472527474,0.65625,0.5,0.5,0.5,0.5
cWZudzeJVXg.000.mp4,0.3,0.2912621359223301,0.25233644859813087,0.3516483516483516,0.19791666666666666,0.5,0.5,0.5,0.5
cWZudzeJVXg.002.mp4,0.32222222222222224,0.33980582524271846,0.33644859813084116,0.3736263736263736,0.2708333333333333,0.5,0.5,0.5,0.5
cWZudzeJVXg.003.mp4,0.3555555555555556,0.47572815533980584,0.38317757009345793,0.3626373626373627,0.42708333333333337,0.5,0.5,0.5,0.5
cWZudzeJVXg.004.mp4,0.1777777777777778,0.24271844660194175,0.26168224299065423,0.29670329670329665,0.2604166666666667,0.5,0.5,0.5,0.5
cx8IycWgMVs.003.mp4,0.7777777777777777,0.5339805825242718,0.5233644859813085,0.5384615384615384,0.6041666666666666,0.5,0.5,0.5,0.5
cx8IycWgMVs.005.mp4,0.6222222222222222,0.5436893203883495,0.5607476635514019,0.5384615384615384,0.5833333333333333,0.5,0.5,0.5,0.5
cxJ0u6r0-pU.000.mp4,0.5222222222222223,0.7184466019417477,0.33644859813084116,0.6043956043956044,0.5520833333333334,0.5,0.5,0.5,0.5
cxJ0u6r0-pU.001.mp4,0.5888888888888889,0.6796116504854369,0.3177570093457944,0.5824175824175825,0.53125,0.5,0.5,0.5,0.5
cxJ0u6r0-pU.002.mp4,0.5111111111111111,0.7475728155339806,0.35514018691588783,0.6593406593406592,0.4791666666666667,0.5,0.5,0.5,0.5
cxJ0u6r0-pU.003.mp4,0.5555555555555556,0.6990291262135921,0.5420560747663552,0.6593406593406592,0.6041666666666666,0.5,0.5,0.5,0.5
cxJ0u6r0-pU.005.mp4,0.6222222222222222,0.7281553398058251,0.4953271028037384,0.6813186813186812,0.6354166666666666,0.5,0.5,0.5,0.5
cY3nHc5fDYE.000.mp4,0.5,0.5825242718446602,0.5607476635514019,0.5274725274725275,0.5729166666666666,0.5,0.5,0.5,0.5
cY3nHc5fDYE.003.mp4,0.5111111111111111,0.5728155339805825,0.38317757009345793,0.5384615384615384,0.40625000000000006,0.5,0.5,0.5,0.5
cyma9Q6QF6M.001.mp4,0.5333333333333333,0.31067961165048547,0.4392523364485981,0.4285714285714285,0.4375,0.5,0.5,0.5,0.5
CyzKot0CNyU.000.mp4,0.38888888888888895,0.4077669902912622,0.3177570093457944,0.23076923076923075,0.5,0.5,0.5,0.5,0.5
cZ6xhB5yhfY.001.mp4,0.4888888888888889,0.8155339805825244,0.4485981308411215,0.5494505494505494,0.5416666666666666,0.5,0.5,0.5,0.5
czImT1Wn1og.001.mp4,0.5333333333333333,0.4368932038834952,0.4672897196261683,0.4065934065934066,0.3125,0.5,0.5,0.5,0.5
czImT1Wn1og.002.mp4,0.4666666666666667,0.6116504854368932,0.3457943925233645,0.25274725274725274,0.46875,0.5,0.5,0.5,0.5
d-cZdeTp0jo.000.mp4,0.5777777777777777,0.5436893203883495,0.5981308411214954,0.6593406593406592,0.5,0.5,0.5,0.5,0.5
d-cZdeTp0jo.001.mp4,0.3666666666666667,0.36893203883495146,0.37383177570093457,0.29670329670329665,0.45833333333333337,0.5,0.5,0.5,0.5
D0dE-lErszk.002.mp4,0.4888888888888889,0.47572815533980584,0.5327102803738318,0.4615384615384615,0.5625,0.5,0.5,0.5,0.5
d1eh3dHNi1Y.001.mp4,0.4888888888888889,0.3786407766990291,0.4112149532710281,0.6153846153846153,0.42708333333333337,0.5,0.5,0.5,0.5
D3AomvNhR1k.003.mp4,0.6777777777777777,0.3980582524271845,0.4953271028037384,0.5604395604395604,0.65625,0.5,0.5,0.5,0.5
d4cPiUXpGbc.000.mp4,0.5888888888888889,0.4660194174757281,0.4392523364485981,0.5604395604395604,0.45833333333333337,0.5,0.5,0.5,0.5
d4cPiUXpGbc.002.mp4,0.6777777777777777,0.4368932038834952,0.5420560747663552,0.7142857142857143,0.6354166666666666,0.5,0.5,0.5,0.5
d4cPiUXpGbc.005.mp4,0.611111111111111,0.4854368932038835,0.38317757009345793,0.5714285714285714,0.39583333333333337,0.5,0.5,0.5,0.5
D4hPHPp1W-Q.000.mp4,0.5444444444444444,0.4077669902912622,0.5607476635514019,0.5714285714285714,0.4166666666666667,0.5,0.5,0.5,0.5
D4hPHPp1W-Q.004.mp4,0.6,0.4077669902912622,0.5700934579439253,0.6263736263736264,0.5,0.5,0.5,0.5,0.5
D4hPHPp1W-Q.005.mp4,0.5666666666666667,0.5048543689320388,0.5140186915887851,0.5714285714285714,0.5729166666666666,0.5,0.5,0.5,0.5
d4iSwRMV0bA.002.mp4,0.5444444444444444,0.2912621359223301,0.35514018691588783,0.3736263736263736,0.42708333333333337,0.5,0.5,0.5,0.5
D4TU65xbF4g.000.mp4,0.7,0.3300970873786408,0.6261682242990655,0.6153846153846153,0.6770833333333334,0.5,0.5,0.5,0.5
D4TU65xbF4g.001.mp4,0.6444444444444444,0.5048543689320388,0.4392523364485981,0.5714285714285714,0.6666666666666667,0.5,0.5,0.5,0.5
D4TU65xbF4g.002.mp4,0.7666666666666666,0.4077669902912622,0.4579439252336449,0.7362637362637363,0.59375,0.5,0.5,0.5,0.5
D4TU65xbF4g.005.mp4,0.4777777777777778,0.3300970873786408,0.33644859813084116,0.4835164835164835,0.40625000000000006,0.5,0.5,0.5,0.5
d5ujzxBlvwY.001.mp4,0.4777777777777778,0.6310679611650486,0.2897196261682243,0.4725274725274725,0.4479166666666667,0.5,0.5,0.5,0.5
d69zeSpdyCI.000.mp4,0.7777777777777777,0.7864077669902914,0.7476635514018694,0.6703296703296703,0.8020833333333334,0.5,0.5,0.5,0.5
d8skGb2ycio.000.mp4,0.5777777777777777,0.5339805825242718,0.4672897196261683,0.5274725274725275,0.5625,0.5,0.5,0.5,0.5
d8skGb2ycio.003.mp4,0.5555555555555556,0.6407766990291262,0.6168224299065421,0.6483516483516484,0.6145833333333333,0.5,0.5,0.5,0.5
d9_YDJdF-7I.000.mp4,0.4666666666666667,0.4951456310679611,0.4392523364485981,0.6373626373626373,0.53125,0.5,0.5,0.5,0.5
d9_YDJdF-7I.002.mp4,0.4444444444444445,0.5436893203883495,0.30841121495327106,0.5494505494505494,0.4895833333333333,0.5,0.5,0.5,0.5
d9_YDJdF-7I.003.mp4,0.6,0.6407766990291262,0.39252336448598135,0.7252747252747254,0.6145833333333333,0.5,0.5,0.5,0.5
D_FGBb-1B1o.001.mp4,0.7222222222222221,0.6019417475728155,0.5420560747663552,0.6703296703296703,0.6458333333333333,0.5,0.5,0.5,0.5
D_FGBb-1B1o.002.mp4,0.6777777777777777,0.5339805825242718,0.5607476635514019,0.5604395604395604,0.5416666666666666,0.5,0.5,0.5,0.5
D_FGBb-1B1o.003.mp4,0.7444444444444444,0.6310679611650486,0.5140186915887851,0.6263736263736264,0.6666666666666667,0.5,0.5,0.5,0.5
d_POf1pikX0.000.mp4,0.5222222222222223,0.47572815533980584,0.48598130841121495,0.5604395604395604,0.5416666666666666,0.5,0.5,0.5,0.5
d_POf1pikX0.005.mp4,0.5777777777777777,0.4077669902912622,0.5233644859813085,0.5494505494505494,0.5833333333333333,0.5,0.5,0.5,0.5
datcFOBWYxc.001.mp4,0.7555555555555554,0.6699029126213591,0.5607476635514019,0.6813186813186812,0.5520833333333334,0.5,0.5,0.5,0.5
datcFOBWYxc.003.mp4,0.38888888888888895,0.5533980582524272,0.38317757009345793,0.6813186813186812,0.39583333333333337,0.5,0.5,0.5,0.5
datcFOBWYxc.005.mp4,0.38888888888888895,0.5728155339805825,0.588785046728972,0.6043956043956044,0.4895833333333333,0.5,0.5,0.5,0.5
dB-kMg4t-V8.001.mp4,0.5777777777777777,0.5922330097087379,0.4392523364485981,0.4835164835164835,0.5416666666666666,0.5,0.5,0.5,0.5
dB-kMg4t-V8.002.mp4,0.6222222222222222,0.4660194174757281,0.38317757009345793,0.6153846153846153,0.4375,0.5,0.5,0.5,0.5
dB2XYhvqUBU.000.mp4,0.7,0.7669902912621359,0.5233644859813085,0.6373626373626373,0.6979166666666666,0.5,0.5,0.5,0.5
dB2XYhvqUBU.001.mp4,0.5777777777777777,0.4854368932038835,0.5140186915887851,0.5824175824175825,0.7083333333333334,0.5,0.5,0.5,0.5
dB2XYhvqUBU.003.mp4,0.45555555555555555,0.7184466019417477,0.5233644859813085,0.6483516483516484,0.5833333333333333,0.5,0.5,0.5,0.5
dB2XYhvqUBU.004.mp4,0.5555555555555556,0.6407766990291262,0.5140186915887851,0.5164835164835165,0.6770833333333334,0.5,0.5,0.5,0.5
dB65He57Ki8.001.mp4,0.6222222222222222,0.7864077669902914,0.5420560747663552,0.6593406593406592,0.6458333333333333,0.5,0.5,0.5,0.5
dB65He57Ki8.002.mp4,0.7,0.6990291262135921,0.5981308411214954,0.7692307692307692,0.7395833333333333,0.5,0.5,0.5,0.5
dB65He57Ki8.005.mp4,0.7,0.8155339805825244,0.5981308411214954,0.6923076923076923,0.65625,0.5,0.5,0.5,0.5
DbNFwVi_61Q.000.mp4,0.4222222222222222,0.36893203883495146,0.17757009345794392,0.4505494505494505,0.2708333333333333,0.5,0.5,0.5,0.5
DChmTb-c9uM.001.mp4,0.7333333333333333,0.6116504854368932,0.7196261682242993,0.6373626373626373,0.6666666666666667,0.5,0.5,0.5,0.5
DChmTb-c9uM.004.mp4,0.5555555555555556,0.5533980582524272,0.5514018691588786,0.5714285714285714,0.5416666666666666,0.5,0.5,0.5,0.5
DChmTb-c9uM.005.mp4,0.7666666666666666,0.7087378640776699,0.6261682242990655,0.7802197802197802,0.6458333333333333,0.5,0.5,0.5,0.5
DCROfrHI1MU.000.mp4,0.4666666666666667,0.6310679611650486,0.2710280373831776,0.4945054945054945,0.4166666666666667,0.5,0.5,0.5,0.5
DCROfrHI1MU.001.mp4,0.5777777777777777,0.6504854368932039,0.39252336448598135,0.5714285714285714,0.4895833333333333,0.5,0.5,0.5,0.5
DctPau1p7JM.001.mp4,0.4444444444444445,0.3883495145631068,0.2897196261682243,0.4505494505494505,0.32291666666666663,0.5,0.5,0.5,0.5
DctPau1p7JM.002.mp4,0.5,0.4951456310679611,0.4112149532710281,0.5164835164835165,0.5416666666666666,0.5,0.5,0.5,0.5
dd0z9mErfSo.002.mp4,0.6555555555555556,0.6699029126213591,0.794392523364486,0.5934065934065933,0.8229166666666667,0.5,0.5,0.5,0.5
dd0z9mErfSo.003.mp4,0.6222222222222222,0.5533980582524272,0.6448598130841123,0.6153846153846153,0.5833333333333333,0.5,0.5,0.5,0.5
dd0z9mErfSo.005.mp4,0.5888888888888889,0.5533980582524272,0.5794392523364487,0.4835164835164835,0.5416666666666666,0.5,0.5,0.5,0.5
dDi6vy-OZRg.002.mp4,0.5888888888888889,0.5048543689320388,0.6261682242990655,0.5384615384615384,0.6666666666666667,0.5,0.5,0.5,0.5
dDi6vy-OZRg.003.mp4,0.6888888888888889,0.5825242718446602,0.7009345794392524,0.6373626373626373,0.7291666666666667,0.5,0.5,0.5,0.5
dDi6vy-OZRg.005.mp4,0.611111111111111,0.5339805825242718,0.5794392523364487,0.4505494505494505,0.6875,0.5,0.5,0.5,0.5
De4i7-FX9Og.001.mp4,0.5777777777777777,0.5631067961165048,0.5046728971962617,0.6593406593406592,0.5729166666666666,0.5,0.5,0.5,0.5
De4i7-FX9Og.004.mp4,0.711111111111111,0.6116504854368932,0.663551401869159,0.8021978021978021,0.65625,0.5,0.5,0.5,0.5
DefePa0_6Sg.001.mp4,0.25555555555555554,0.2912621359223301,0.2710280373831776,0.24175824175824176,0.18749999999999997,0.5,0.5,0.5,0.5
DefePa0_6Sg.002.mp4,0.23333333333333334,0.30097087378640774,0.2897196261682243,0.2747252747252747,0.34374999999999994,0.5,0.5,0.5,0.5
DefePa0_6Sg.005.mp4,0.1444444444444445,0.23300970873786406,0.12149532710280371,0.23076923076923075,0.17708333333333331,0.5,0.5,0.5,0.5
DegRGUG4Wi0.001.mp4,0.5333333333333333,0.5728155339805825,0.6168224299065421,0.5824175824175825,0.7500000000000001,0.5,0.5,0.5,0.5
DegRGUG4Wi0.002.mp4,0.5111111111111111,0.3786407766990291,0.5140186915887851,0.5494505494505494,0.4375,0.5,0.5,0.5,0.5
DegRGUG4Wi0.003.mp4,0.5777777777777777,0.6601941747572816,0.5140186915887851,0.6593406593406592,0.6354166666666666,0.5,0.5,0.5,0.5
DfpKVl9Zpdg.003.mp4,0.3555555555555556,0.2621359223300971,0.2710280373831776,0.32967032967032966,0.3333333333333333,0.5,0.5,0.5,0.5
DfpKVl9Zpdg.004.mp4,0.5111111111111111,0.42718446601941745,0.4112149532710281,0.5164835164835165,0.39583333333333337,0.5,0.5,0.5,0.5
DGCGeNlA-Ww.005.mp4,0.5666666666666667,0.2912621359223301,0.38317757009345793,0.4395604395604395,0.4895833333333333,0.5,0.5,0.5,0.5
Dgo98-sCd1w.002.mp4,0.6,0.6116504854368932,0.47663551401869164,0.6923076923076923,0.6041666666666666,0.5,0.5,0.5,0.5
dgoc29MVjfE.000.mp4,0.6,0.4951456310679611,0.48598130841121495,0.6153846153846153,0.6354166666666666,0.5,0.5,0.5,0.5
dh6iOU2RtTA.001.mp4,0.8777777777777777,0.7669902912621359,0.6542056074766356,0.6813186813186812,0.8229166666666667,0.5,0.5,0.5,0.5
dh6iOU2RtTA.003.mp4,0.7,0.6990291262135921,0.6074766355140188,0.5714285714285714,0.6666666666666667,0.5,0.5,0.5,0.5
Dhbva5oGE7g.000.mp4,0.8444444444444444,0.4466019417475728,0.7102803738317757,0.7362637362637363,0.6770833333333334,0.5,0.5,0.5,0.5
Dhbva5oGE7g.003.mp4,0.6333333333333333,0.4368932038834952,0.5046728971962617,0.5164835164835165,0.37499999999999994,0.5,0.5,0.5,0.5
DhqfB9chceo.001.mp4,0.5333333333333333,0.3203883495145631,0.5420560747663552,0.4615384615384615,0.42708333333333337,0.5,0.5,0.5,0.5
DhqfB9chceo.003.mp4,0.5888888888888889,0.31067961165048547,0.4579439252336449,0.4725274725274725,0.5104166666666666,0.5,0.5,0.5,0.5
dIa0U29hVvU.001.mp4,0.23333333333333334,0.07766990291262134,0.11214953271028037,0.29670329670329665,0.20833333333333331,0.5,0.5,0.5,0.5
dIa0U29hVvU.003.mp4,0.16666666666666669,0.30097087378640774,0.20560747663551404,0.5494505494505494,0.3125,0.5,0.5,0.5,0.5
dIa0U29hVvU.005.mp4,0.4,0.21359223300970873,0.09345794392523363,0.3736263736263736,0.3854166666666667,0.5,0.5,0.5,0.5
DiaibIBisuM.001.mp4,0.5777777777777777,0.4174757281553398,0.37383177570093457,0.6593406593406592,0.5729166666666666,0.5,0.5,0.5,0.5
DiaibIBisuM.002.mp4,0.5111111111111111,0.3980582524271845,0.48598130841121495,0.6153846153846153,0.59375,0.5,0.5,0.5,0.5
DiaibIBisuM.003.mp4,0.7222222222222221,0.5533980582524272,0.6261682242990655,0.6263736263736264,0.6770833333333334,0.5,0.5,0.5,0.5
DiaibIBisuM.004.mp4,0.6777777777777777,0.4660194174757281,0.4205607476635514,0.5824175824175825,0.6770833333333334,0.5,0.5,0.5,0.5
DiaibIBisuM.005.mp4,0.5444444444444444,0.4466019417475728,0.3177570093457944,0.5934065934065933,0.45833333333333337,0.5,0.5,0.5,0.5
dJlEHhyij5k.000.mp4,0.6444444444444444,0.47572815533980584,0.588785046728972,0.6483516483516484,0.4895833333333333,0.5,0.5,0.5,0.5
dJlEHhyij5k.001.mp4,0.5666666666666667,0.47572815533980584,0.3271028037383178,0.4945054945054945,0.45833333333333337,0.5,0.5,0.5,0.5
djsoQkroHpo.000.mp4,0.5333333333333333,0.5048543689320388,0.4672897196261683,0.4945054945054945,0.3333333333333333,0.5,0.5,0.5,0.5
djsoQkroHpo.001.mp4,0.38888888888888895,0.5242718446601942,0.3177570093457944,0.3846153846153846,0.35416666666666663,0.5,0.5,0.5,0.5
djsoQkroHpo.003.mp4,0.5555555555555556,0.5048543689320388,0.4112149532710281,0.5714285714285714,0.4375,0.5,0.5,0.5,0.5
djsoQkroHpo.005.mp4,0.5111111111111111,0.5922330097087379,0.4112149532710281,0.4945054945054945,0.39583333333333337,0.5,0.5,0.5,0.5
dkhnv1EBvKI.000.mp4,0.6888888888888889,0.6504854368932039,0.5981308411214954,0.6373626373626373,0.53125,0.5,0.5,0.5,0.5
dkhnv1EBvKI.001.mp4,0.711111111111111,0.7766990291262136,0.5607476635514019,0.6923076923076923,0.7187499999999999,0.5,0.5,0.5,0.5
dkhnv1EBvKI.002.mp4,0.6444444444444444,0.6504854368932039,0.4953271028037384,0.6483516483516484,0.7187499999999999,0.5,0.5,0.5,0.5
dkhnv1EBvKI.003.mp4,0.5555555555555556,0.6796116504854369,0.7009345794392524,0.6813186813186812,0.65625,0.5,0.5,0.5,0.5
dkhnv1EBvKI.004.mp4,0.6,0.6116504854368932,0.691588785046729,0.6703296703296703,0.5833333333333333,0.5,0.5,0.5,0.5
dkhnv1EBvKI.005.mp4,0.38888888888888895,0.6990291262135921,0.4205607476635514,0.5494505494505494,0.5104166666666666,0.5,0.5,0.5,0.5
dLaqub4BEsA.001.mp4,0.5888888888888889,0.5339805825242718,0.5700934579439253,0.4835164835164835,0.5520833333333334,0.5,0.5,0.5,0.5
dLaqub4BEsA.002.mp4,0.611111111111111,0.5242718446601942,0.5607476635514019,0.6813186813186812,0.5520833333333334,0.5,0.5,0.5,0.5
dLaqub4BEsA.003.mp4,0.6222222222222222,0.6601941747572816,0.6074766355140188,0.7472527472527474,0.6770833333333334,0.5,0.5,0.5,0.5
dLaqub4BEsA.004.mp4,0.6333333333333333,0.6601941747572816,0.5327102803738318,0.6923076923076923,0.6145833333333333,0.5,0.5,0.5,0.5
DLds0WJpIQg.001.mp4,0.5777777777777777,0.36893203883495146,0.5327102803738318,0.6153846153846153,0.5104166666666666,0.5,0.5,0.5,0.5
dLltwqkvsNg.001.mp4,0.5666666666666667,0.5339805825242718,0.5607476635514019,0.7032967032967032,0.5520833333333334,0.5,0.5,0.5,0.5
dLltwqkvsNg.002.mp4,0.43333333333333335,0.4660194174757281,0.39252336448598135,0.4725274725274725,0.39583333333333337,0.5,0.5,0.5,0.5
dLltwqkvsNg.003.mp4,0.41111111111111115,0.5728155339805825,0.48598130841121495,0.6043956043956044,0.45833333333333337,0.5,0.5,0.5,0.5
dLltwqkvsNg.005.mp4,0.5,0.5242718446601942,0.5327102803738318,0.7142857142857143,0.4895833333333333,0.5,0.5,0.5,0.5
DLuwObrDhtc.000.mp4,0.3555555555555556,0.2815533980582524,0.18691588785046728,0.2637362637362637,0.40625000000000006,0.5,0.5,0.5,0.5
DLuwObrDhtc.001.mp4,0.3,0.21359223300970873,0.14018691588785046,0.32967032967032966,0.12499999999999996,0.5,0.5,0.5,0.5
DLuwObrDhtc.002.mp4,0.33333333333333337,0.2524271844660194,0.2336448598130841,0.25274725274725274,0.2708333333333333,0.5,0.5,0.5,0.5
dmOKZLeFKCM.002.mp4,0.6,0.8446601941747574,0.8037383177570094,0.6153846153846153,0.6979166666666666,0.5,0.5,0.5,0.5
dmOKZLeFKCM.004.mp4,0.6888888888888889,0.6699029126213591,0.5794392523364487,0.7142857142857143,0.59375,0.5,0.5,0.5,0.5
dmycfNpiWCE.001.mp4,0.711111111111111,0.7378640776699029,0.6261682242990655,0.6593406593406592,0.7291666666666667,0.5,0.5,0.5,0.5
dmycfNpiWCE.002.mp4,0.7444444444444444,0.6893203883495147,0.5514018691588786,0.5714285714285714,0.7395833333333333,0.5,0.5,0.5,0.5
dmycfNpiWCE.004.mp4,0.6222222222222222,0.6019417475728155,0.5700934579439253,0.7472527472527474,0.6354166666666666,0.5,0.5,0.5,0.5
dmycfNpiWCE.005.mp4,0.6333333333333333,0.7475728155339806,0.5794392523364487,0.6703296703296703,0.6458333333333333,0.5,0.5,0.5,0.5
DnTtbAR_Qyw.000.mp4,0.6666666666666666,0.6990291262135921,0.6355140186915887,0.6593406593406592,0.5104166666666666,0.5,0.5,0.5,0.5
DnTtbAR_Qyw.002.mp4,0.711111111111111,0.6213592233009709,0.6074766355140188,0.4945054945054945,0.5729166666666666,0.5,0.5,0.5,0.5
DnTtbAR_Qyw.004.mp4,0.6444444444444444,0.6213592233009709,0.6542056074766356,0.5714285714285714,0.5416666666666666,0.5,0.5,0.5,0.5
DnTtbAR_Qyw.005.mp4,0.7333333333333333,0.5825242718446602,0.5514018691588786,0.5824175824175825,0.65625,0.5,0.5,0.5,0.5
dNXqs5HNijI.001.mp4,0.7444444444444444,0.6310679611650486,0.6168224299065421,0.7252747252747254,0.6458333333333333,0.5,0.5,0.5,0.5
dNXqs5HNijI.002.mp4,0.7222222222222221,0.6019417475728155,0.691588785046729,0.7252747252747254,0.7708333333333334,0.5,0.5,0.5,0.5
dNXqs5HNijI.003.mp4,0.6222222222222222,0.5922330097087379,0.6542056074766356,0.6593406593406592,0.7395833333333333,0.5,0.5,0.5,0.5
dNXqs5HNijI.004.mp4,0.711111111111111,0.6699029126213591,0.7570093457943926,0.835164835164835,0.6979166666666666,0.5,0.5,0.5,0.5
do8FmnQbI5I.000.mp4,0.6444444444444444,0.7281553398058251,0.663551401869159,0.5714285714285714,0.59375,0.5,0.5,0.5,0.5
do8FmnQbI5I.001.mp4,0.6888888888888889,0.7184466019417477,0.6355140186915887,0.7362637362637363,0.6770833333333334,0.5,0.5,0.5,0.5
do8FmnQbI5I.003.mp4,0.7999999999999999,0.8252427184466018,0.5420560747663552,0.5824175824175825,0.8020833333333334,0.5,0.5,0.5,0.5
do8FmnQbI5I.004.mp4,0.6555555555555556,0.7378640776699029,0.6074766355140188,0.7692307692307692,0.59375,0.5,0.5,0.5,0.5
dOFnHXRLEdM.001.mp4,0.7222222222222221,0.5728155339805825,0.7289719626168225,0.7472527472527474,0.6458333333333333,0.5,0.5,0.5,0.5
dOFnHXRLEdM.005.mp4,0.7,0.5339805825242718,0.6448598130841123,0.5384615384615384,0.5625,0.5,0.5,0.5,0.5
DogbMnh5k0o.002.mp4,0.711111111111111,0.6893203883495147,0.4953271028037384,0.7252747252747254,0.7083333333333334,0.5,0.5,0.5,0.5
Dq7Uep06KOQ.001.mp4,0.6,0.33980582524271846,0.4018691588785047,0.31868131868131866,0.3854166666666667,0.5,0.5,0.5,0.5
Dq7Uep06KOQ.005.mp4,0.5333333333333333,0.2815533980582524,0.3177570093457944,0.17582417582417584,0.18749999999999997,0.5,0.5,0.5,0.5
DqA3j7juNs4.000.mp4,0.33333333333333337,0.3495145631067961,0.29906542056074764,0.5274725274725275,0.625,0.5,0.5,0.5,0.5
dQOeQYWIgm8.000.mp4,0.6222222222222222,0.6213592233009709,0.6074766355140188,0.4065934065934066,0.4895833333333333,0.5,0.5,0.5,0.5
dQOeQYWIgm8.001.mp4,0.6444444444444444,0.6116504854368932,0.5233644859813085,0.5824175824175825,0.625,0.5,0.5,0.5,0.5
dQOeQYWIgm8.004.mp4,0.5666666666666667,0.5048543689320388,0.6355140186915887,0.6263736263736264,0.4895833333333333,0.5,0.5,0.5,0.5
DQORBD8hINs.005.mp4,0.3111111111111111,0.3495145631067961,0.28037383177570097,0.32967032967032966,0.2708333333333333,0.5,0.5,0.5,0.5
dqVPzqpGX-w.000.mp4,0.45555555555555555,0.4368932038834952,0.5233644859813085,0.5274725274725275,0.65625,0.5,0.5,0.5,0.5
dRP8ZaAryro.000.mp4,0.4444444444444445,0.6990291262135921,0.4299065420560748,0.4835164835164835,0.3854166666666667,0.5,0.5,0.5,0.5
dRP8ZaAryro.001.mp4,0.5222222222222223,0.6796116504854369,0.5233644859813085,0.5824175824175825,0.6041666666666666,0.5,0.5,0.5,0.5
dRP8ZaAryro.003.mp4,0.7444444444444444,0.6893203883495147,0.5981308411214954,0.6373626373626373,0.6875,0.5,0.5,0.5,0.5
dRP8ZaAryro.004.mp4,0.4777777777777778,0.4951456310679611,0.4953271028037384,0.5384615384615384,0.4791666666666667,0.5,0.5,0.5,0.5
dRP8ZaAryro.005.mp4,0.7555555555555554,0.7184466019417477,0.588785046728972,0.835164835164835,0.45833333333333337,0.5,0.5,0.5,0.5
dRr2JtdzUpU.004.mp4,0.7555555555555554,0.5728155339805825,0.5420560747663552,0.6263736263736264,0.5416666666666666,0.5,0.5,0.5,0.5
dRr2JtdzUpU.005.mp4,0.6444444444444444,0.5048543689320388,0.6074766355140188,0.6373626373626373,0.4791666666666667,0.5,0.5,0.5,0.5
dRYEzqUa_Rc.000.mp4,0.3666666666666667,0.22330097087378642,0.29906542056074764,0.32967032967032966,0.2708333333333333,0.5,0.5,0.5,0.5
dS2XOB8kmr4.001.mp4,0.6666666666666666,0.47572815533980584,0.4953271028037384,0.4725274725274725,0.4791666666666667,0.5,0.5,0.5,0.5
dT5R3T-Q1kg.002.mp4,0.4777777777777778,0.3980582524271845,0.4205607476635514,0.5164835164835165,0.40625000000000006,0.5,0.5,0.5,0.5
DTZeyoKUPx4.000.mp4,0.22222222222222224,0.23300970873786406,0.25233644859813087,0.25274725274725274,0.18749999999999997,0.5,0.5,0.5,0.5
DTZeyoKUPx4.001.mp4,0.25555555555555554,0.27184466019417475,0.28037383177570097,0.32967032967032966,0.35416666666666663,0.5,0.5,0.5,0.5
DTZeyoKUPx4.002.mp4,0.3111111111111111,0.2912621359223301,0.37383177570093457,0.5714285714285714,0.21874999999999997,0.5,0.5,0.5,0.5
DTZeyoKUPx4.003.mp4,0.26666666666666666,0.2621359223300971,0.19626168224299068,0.3516483516483516,0.15624999999999994,0.5,0.5,0.5,0.5
DTZeyoKUPx4.004.mp4,0.13333333333333336,0.14563106796116504,0.08411214953271029,0.2857142857142857,0.1666666666666666,0.5,0.5,0.5,0.5
DTZeyoKUPx4.005.mp4,0.12222222222222226,0.03883495145631067,0.13084112149532712,0.07692307692307691,0.0833333333333333,0.5,0.5,0.5,0.5
duEi37qVB7k.000.mp4,0.7666666666666666,0.6019417475728155,0.47663551401869164,0.6703296703296703,0.7500000000000001,0.5,0.5,0.5,0.5
dVbo9Ftlyl0.004.mp4,0.5777777777777777,0.4466019417475728,0.4299065420560748,0.4395604395604395,0.5,0.5,0.5,0.5,0.5
dVbo9Ftlyl0.005.mp4,0.5555555555555556,0.4563106796116505,0.4112149532710281,0.4835164835164835,0.5416666666666666,0.5,0.5,0.5,0.5
dvCKoyBG1pE.001.mp4,0.6777777777777777,0.4466019417475728,0.7102803738317757,0.7252747252747254,0.6145833333333333,0.5,0.5,0.5,0.5
dvCKoyBG1pE.002.mp4,0.5222222222222223,0.4077669902912622,0.30841121495327106,0.4945054945054945,0.5104166666666666,0.5,0.5,0.5,0.5
dvCKoyBG1pE.004.mp4,0.1888888888888889,0.22330097087378642,0.18691588785046728,0.25274725274725274,0.25,0.5,0.5,0.5,0.5
DVh_7dO2cWY.000.mp4,0.6222222222222222,0.7572815533980582,0.691588785046729,0.6263736263736264,0.625,0.5,0.5,0.5,0.5
DVh_7dO2cWY.003.mp4,0.811111111111111,0.6699029126213591,0.7196261682242993,0.7912087912087912,0.8958333333333334,0.5,0.5,0.5,0.5
DVh_7dO2cWY.004.mp4,0.6222222222222222,0.6893203883495147,0.5700934579439253,0.6043956043956044,0.625,0.5,0.5,0.5,0.5
DVh_7dO2cWY.005.mp4,0.7222222222222221,0.6990291262135921,0.7570093457943926,0.6153846153846153,0.7083333333333334,0.5,0.5,0.5,0.5
dvMeqVbpKW8.001.mp4,0.7222222222222221,0.5922330097087379,0.663551401869159,0.6923076923076923,0.7500000000000001,0.5,0.5,0.5,0.5
dvMeqVbpKW8.002.mp4,0.8222222222222221,0.7669902912621359,0.7102803738317757,0.857142857142857,0.875,0.5,0.5,0.5,0.5
dvMeqVbpKW8.004.mp4,0.6666666666666666,0.8349514563106796,0.6074766355140188,0.6923076923076923,0.7604166666666666,0.5,0.5,0.5,0.5
dvMeqVbpKW8.005.mp4,0.7555555555555554,0.5922330097087379,0.7009345794392524,0.7692307692307692,0.6875,0.5,0.5,0.5,0.5
DvmzcQI5cnM.000.mp4,0.45555555555555555,0.4077669902912622,0.38317757009345793,0.4725274725274725,0.4166666666666667,0.5,0.5,0.5,0.5
DvmzcQI5cnM.001.mp4,0.5777777777777777,0.5242718446601942,0.4672897196261683,0.5714285714285714,0.5520833333333334,0.5,0.5,0.5,0.5
DvmzcQI5cnM.003.mp4,0.45555555555555555,0.4077669902912622,0.4205607476635514,0.4945054945054945,0.42708333333333337,0.5,0.5,0.5,0.5
DvmzcQI5cnM.004.mp4,0.4222222222222222,0.4077669902912622,0.3177570093457944,0.4945054945054945,0.40625000000000006,0.5,0.5,0.5,0.5
DvmzcQI5cnM.005.mp4,0.5222222222222223,0.5048543689320388,0.4299065420560748,0.5934065934065933,0.42708333333333337,0.5,0.5,0.5,0.5
dvU5jYExl0o.003.mp4,0.4777777777777778,0.6699029126213591,0.36448598130841126,0.5824175824175825,0.5,0.5,0.5,0.5,0.5
dVwDf5N2NRA.001.mp4,0.6555555555555556,0.5728155339805825,0.6355140186915887,0.868131868131868,0.6145833333333333,0.5,0.5,0.5,0.5
dVwDf5N2NRA.002.mp4,0.6777777777777777,0.6407766990291262,0.6168224299065421,0.6593406593406592,0.7812499999999999,0.5,0.5,0.5,0.5
dVwDf5N2NRA.003.mp4,0.5333333333333333,0.42718446601941745,0.4112149532710281,0.6153846153846153,0.53125,0.5,0.5,0.5,0.5
dVwDf5N2NRA.004.mp4,0.6444444444444444,0.6213592233009709,0.691588785046729,0.6263736263736264,0.6666666666666667,0.5,0.5,0.5,0.5
dVwDf5N2NRA.005.mp4,0.5333333333333333,0.6019417475728155,0.588785046728972,0.6703296703296703,0.6458333333333333,0.5,0.5,0.5,0.5
DvWzedL3QCk.004.mp4,0.6777777777777777,0.5145631067961165,0.5794392523364487,0.6483516483516484,0.7604166666666666,0.5,0.5,0.5,0.5
DWVJXufR7gE.000.mp4,0.5444444444444444,0.47572815533980584,0.5514018691588786,0.6703296703296703,0.7812499999999999,0.5,0.5,0.5,0.5
DWVJXufR7gE.001.mp4,0.3777777777777778,0.47572815533980584,0.5514018691588786,0.5714285714285714,0.5729166666666666,0.5,0.5,0.5,0.5
DxATjKPysfs.000.mp4,0.3111111111111111,0.6699029126213591,0.25233644859813087,0.4615384615384615,0.5104166666666666,0.5,0.5,0.5,0.5
DxATjKPysfs.003.mp4,0.32222222222222224,0.7087378640776699,0.2710280373831776,0.4835164835164835,0.4375,0.5,0.5,0.5,0.5
DXw4lVoiiWY.000.mp4,0.43333333333333335,0.22330097087378642,0.26168224299065423,0.4725274725274725,0.3125,0.5,0.5,0.5,0.5
DXw4lVoiiWY.001.mp4,0.24444444444444444,0.2815533980582524,0.26168224299065423,0.5164835164835165,0.28125,0.5,0.5,0.5,0.5
DXw4lVoiiWY.002.mp4,0.611111111111111,0.4563106796116505,0.5233644859813085,0.6813186813186812,0.6666666666666667,0.5,0.5,0.5,0.5
DXw4lVoiiWY.003.mp4,0.4666666666666667,0.36893203883495146,0.35514018691588783,0.6153846153846153,0.4479166666666667,0.5,0.5,0.5,0.5
DXw4lVoiiWY.004.mp4,0.4666666666666667,0.4368932038834952,0.4392523364485981,0.7142857142857143,0.4791666666666667,0.5,0.5,0.5,0.5
DXw4lVoiiWY.005.mp4,0.4,0.5145631067961165,0.29906542056074764,0.6703296703296703,0.5833333333333333,0.5,0.5,0.5,0.5
DXYRJ8PReoE.000.mp4,0.6,0.4563106796116505,0.5794392523364487,0.5164835164835165,0.5520833333333334,0.5,0.5,0.5,0.5
DXYRJ8PReoE.002.mp4,0.6222222222222222,0.5728155339805825,0.5514018691588786,0.5934065934065933,0.6770833333333334,0.5,0.5,0.5,0.5
dY7jG5gS3JE.000.mp4,0.8555555555555554,0.6407766990291262,0.663551401869159,0.7032967032967032,0.7500000000000001,0.5,0.5,0.5,0.5
dy9EqbKLDP0.001.mp4,0.7999999999999999,0.8058252427184466,0.5140186915887851,0.7252747252747254,0.7500000000000001,0.5,0.5,0.5,0.5
dy9EqbKLDP0.002.mp4,0.4888888888888889,0.6213592233009709,0.30841121495327106,0.4835164835164835,0.5729166666666666,0.5,0.5,0.5,0.5
dy9EqbKLDP0.003.mp4,0.7555555555555554,0.7669902912621359,0.4953271028037384,0.7252747252747254,0.6458333333333333,0.5,0.5,0.5,0.5
DyZlhseSuec.002.mp4,0.5888888888888889,0.4660194174757281,0.6074766355140188,0.4505494505494505,0.6145833333333333,0.5,0.5,0.5,0.5
DyZlhseSuec.003.mp4,0.6444444444444444,0.4660194174757281,0.5514018691588786,0.6483516483516484,0.5,0.5,0.5,0.5,0.5
DyZlhseSuec.004.mp4,0.7555555555555554,0.7281553398058251,0.7009345794392524,0.7802197802197802,0.6770833333333334,0.5,0.5,0.5,0.5
DZfcVxy2ceI.000.mp4,0.5111111111111111,0.6213592233009709,0.5140186915887851,0.4835164835164835,0.40625000000000006,0.5,0.5,0.5,0.5
DzqJmiQjsZ4.000.mp4,0.5555555555555556,0.5533980582524272,0.48598130841121495,0.5274725274725275,0.59375,0.5,0.5,0.5,0.5
DzqJmiQjsZ4.002.mp4,0.6444444444444444,0.5339805825242718,0.5420560747663552,0.5934065934065933,0.5833333333333333,0.5,0.5,0.5,0.5
DzqJmiQjsZ4.004.mp4,0.5111111111111111,0.4174757281553398,0.6168224299065421,0.6153846153846153,0.5625,0.5,0.5,0.5,0.5
DzqJmiQjsZ4.005.mp4,0.45555555555555555,0.5922330097087379,0.5607476635514019,0.6263736263736264,0.6354166666666666,0.5,0.5,0.5,0.5
e07IozLUeKc.001.mp4,0.5666666666666667,0.6310679611650486,0.5233644859813085,0.5164835164835165,0.59375,0.5,0.5,0.5,0.5
e07IozLUeKc.002.mp4,0.7,0.5533980582524272,0.6542056074766356,0.5164835164835165,0.59375,0.5,0.5,0.5,0.5
e07IozLUeKc.005.mp4,0.7,0.7184466019417477,0.5514018691588786,0.5714285714285714,0.5104166666666666,0.5,0.5,0.5,0.5
e2EmGXRJ1K0.000.mp4,0.43333333333333335,0.4854368932038835,0.38317757009345793,0.6263736263736264,0.4791666666666667,0.5,0.5,0.5,0.5
e2EmGXRJ1K0.001.mp4,0.6777777777777777,0.4466019417475728,0.47663551401869164,0.4175824175824176,0.5520833333333334,0.5,0.5,0.5,0.5
e2pnS_nT9rA.001.mp4,0.6777777777777777,0.5728155339805825,0.6261682242990655,0.7692307692307692,0.6770833333333334,0.5,0.5,0.5,0.5
e2pnS_nT9rA.002.mp4,0.7666666666666666,0.7184466019417477,0.6542056074766356,0.7692307692307692,0.7395833333333333,0.5,0.5,0.5,0.5
e3NaBdG-ZmM.000.mp4,0.4888888888888889,0.4077669902912622,0.39252336448598135,0.3736263736263736,0.46875,0.5,0.5,0.5,0.5
e3Y7na4SBh4.002.mp4,0.6555555555555556,0.7475728155339806,0.6074766355140188,0.6813186813186812,0.7083333333333334,0.5,0.5,0.5,0.5
e3Y7na4SBh4.004.mp4,0.5444444444444444,0.7572815533980582,0.5046728971962617,0.7252747252747254,0.5625,0.5,0.5,0.5,0.5
e3Y7na4SBh4.005.mp4,0.4666666666666667,0.6504854368932039,0.38317757009345793,0.5494505494505494,0.53125,0.5,0.5,0.5,0.5
E3z1D7CKoOA.000.mp4,0.38888888888888895,0.4951456310679611,0.16822429906542055,0.4725274725274725,0.34374999999999994,0.5,0.5,0.5,0.5
E3z1D7CKoOA.001.mp4,0.33333333333333337,0.5922330097087379,0.35514018691588783,0.29670329670329665,0.4375,0.5,0.5,0.5,0.5
E3z1D7CKoOA.002.mp4,0.5666666666666667,0.5533980582524272,0.4485981308411215,0.5714285714285714,0.5520833333333334,0.5,0.5,0.5,0.5
E3z1D7CKoOA.003.mp4,0.4666666666666667,0.5922330097087379,0.4018691588785047,0.7032967032967032,0.5104166666666666,0.5,0.5,0.5,0.5
E3z1D7CKoOA.005.mp4,0.25555555555555554,0.3980582524271845,0.2710280373831776,0.3406593406593406,0.28125,0.5,0.5,0.5,0.5
E6OBPHKkm6U.002.mp4,0.5777777777777777,0.30097087378640774,0.38317757009345793,0.3626373626373627,0.40625000000000006,0.5,0.5,0.5,0.5
E6rptSS3kP4.000.mp4,0.9444444444444443,0.6990291262135921,0.8691588785046729,0.835164835164835,0.84375,0.5,0.5,0.5,0.5
e6YTvjDXEl0.001.mp4,0.5222222222222223,0.6116504854368932,0.5607476635514019,0.7472527472527474,0.59375,0.5,0.5,0.5,0.5
e6YTvjDXEl0.002.mp4,0.6555555555555556,0.5242718446601942,0.6728971962616823,0.6593406593406592,0.5729166666666666,0.5,0.5,0.5,0.5
E_xAcdGpPCI.001.mp4,0.38888888888888895,0.6407766990291262,0.30841121495327106,0.4615384615384615,0.45833333333333337,0.5,0.5,0.5,0.5
E_xAcdGpPCI.004.mp4,0.41111111111111115,0.7864077669902914,0.33644859813084116,0.4945054945054945,0.5,0.5,0.5,0.5,0.5
E_xAcdGpPCI.005.mp4,0.33333333333333337,0.7087378640776699,0.29906542056074764,0.3516483516483516,0.3645833333333333,0.5,0.5,0.5,0.5
Ea0UKBPCm3Q.001.mp4,0.6222222222222222,0.23300970873786406,0.4299065420560748,0.3626373626373627,0.4166666666666667,0.5,0.5,0.5,0.5
EA8BEYAZqAA.000.mp4,0.8444444444444444,0.7669902912621359,0.7009345794392524,0.7802197802197802,0.7083333333333334,0.5,0.5,0.5,0.5
EA8BEYAZqAA.001.mp4,0.811111111111111,0.8640776699029126,0.7570093457943926,0.868131868131868,0.7083333333333334,0.5,0.5,0.5,0.5
EA8BEYAZqAA.004.mp4,0.9555555555555556,0.7961165048543688,0.822429906542056,0.813186813186813,0.84375,0.5,0.5,0.5,0.5
eA_JaE8X3mI.000.mp4,0.24444444444444444,0.2038834951456311,0.10280373831775697,0.18681318681318684,0.10416666666666663,0.5,0.5,0.5,0.5
EaBCJB8LXdI.001.mp4,0.5888888888888889,0.4951456310679611,0.48598130841121495,0.6043956043956044,0.5625,0.5,0.5,0.5,0.5
EaBCJB8LXdI.002.mp4,0.5333333333333333,0.6990291262135921,0.6261682242990655,0.5494505494505494,0.6666666666666667,0.5,0.5,0.5,0.5
EaBCJB8LXdI.004.mp4,0.6888888888888889,0.7184466019417477,0.663551401869159,0.8901098901098901,0.8125000000000001,0.5,0.5,0.5,0.5
EaBCJB8LXdI.005.mp4,0.5333333333333333,0.5436893203883495,0.5607476635514019,0.6483516483516484,0.5833333333333333,0.5,0.5,0.5,0.5
eAkWSjU-JyY.001.mp4,0.6222222222222222,0.6019417475728155,0.5514018691588786,0.5934065934065933,0.4895833333333333,0.5,0.5,0.5,0.5
eAkWSjU-JyY.002.mp4,0.7777777777777777,0.6310679611650486,0.6261682242990655,0.7252747252747254,0.6770833333333334,0.5,0.5,0.5,0.5
EAMHqNxa9yY.001.mp4,0.5222222222222223,0.47572815533980584,0.47663551401869164,0.3516483516483516,0.42708333333333337,0.5,0.5,0.5,0.5
EAnvsNi8O-M.001.mp4,0.611111111111111,0.6504854368932039,0.5607476635514019,0.7472527472527474,0.65625,0.5,0.5,0.5,0.5
EAnvsNi8O-M.002.mp4,0.5,0.6407766990291262,0.4205607476635514,0.7362637362637363,0.6770833333333334,0.5,0.5,0.5,0.5
Eb-2m44jTEs.000.mp4,0.41111111111111115,0.3203883495145631,0.3457943925233645,0.5494505494505494,0.35416666666666663,0.5,0.5,0.5,0.5
Eb-2m44jTEs.004.mp4,0.4888888888888889,0.3786407766990291,0.4953271028037384,0.6373626373626373,0.6770833333333334,0.5,0.5,0.5,0.5
eB6ZlBG6OeA.002.mp4,0.4,0.5145631067961165,0.35514018691588783,0.4835164835164835,0.4479166666666667,0.5,0.5,0.5,0.5
ecIb16gJMwU.003.mp4,0.38888888888888895,0.4660194174757281,0.48598130841121495,0.5164835164835165,0.32291666666666663,0.5,0.5,0.5,0.5
EcOC7ZVRSg4.001.mp4,0.6444444444444444,0.5145631067961165,0.6728971962616823,0.4945054945054945,0.6145833333333333,0.5,0.5,0.5,0.5
EcOC7ZVRSg4.002.mp4,0.6222222222222222,0.5922330097087379,0.5607476635514019,0.5384615384615384,0.5729166666666666,0.5,0.5,0.5,0.5
EcOC7ZVRSg4.003.mp4,0.5333333333333333,0.4466019417475728,0.4205607476635514,0.6263736263736264,0.5,0.5,0.5,0.5,0.5
EcOC7ZVRSg4.004.mp4,0.4888888888888889,0.6504854368932039,0.5700934579439253,0.4725274725274725,0.5833333333333333,0.5,0.5,0.5,0.5
eD4b8sM-Tpw.000.mp4,0.4888888888888889,0.22330097087378642,0.37383177570093457,0.32967032967032966,0.40625000000000006,0.5,0.5,0.5,0.5
eD4b8sM-Tpw.004.mp4,0.5555555555555556,0.4174757281553398,0.4485981308411215,0.5714285714285714,0.3854166666666667,0.5,0.5,0.5,0.5
edHTGYBFCWQ.000.mp4,0.7444444444444444,0.7766990291262136,0.5327102803738318,0.6593406593406592,0.5625,0.5,0.5,0.5,0.5
edHTGYBFCWQ.004.mp4,0.45555555555555555,0.6699029126213591,0.4672897196261683,0.6703296703296703,0.5416666666666666,0.5,0.5,0.5,0.5
EDshSjcCsoY.001.mp4,0.7,0.5533980582524272,0.5607476635514019,0.7032967032967032,0.5625,0.5,0.5,0.5,0.5
EDshSjcCsoY.002.mp4,0.6,0.5436893203883495,0.36448598130841126,0.5714285714285714,0.5833333333333333,0.5,0.5,0.5,0.5
EDXQLrsZctw.000.mp4,0.41111111111111115,0.35922330097087385,0.3457943925233645,0.3406593406593406,0.37499999999999994,0.5,0.5,0.5,0.5
EeI8iXLDfc0.001.mp4,0.5222222222222223,0.4368932038834952,0.4112149532710281,0.6043956043956044,0.5520833333333334,0.5,0.5,0.5,0.5
EeI8iXLDfc0.002.mp4,0.4,0.4174757281553398,0.4392523364485981,0.4945054945054945,0.625,0.5,0.5,0.5,0.5
EeI8iXLDfc0.005.mp4,0.3555555555555556,0.4368932038834952,0.2710280373831776,0.5164835164835165,0.5,0.5,0.5,0.5,0.5
EelHLfeSJfM.002.mp4,0.5555555555555556,0.2038834951456311,0.3177570093457944,0.30769230769230765,0.35416666666666663,0.5,0.5,0.5,0.5
EelHLfeSJfM.004.mp4,0.6777777777777777,0.27184466019417475,0.36448598130841126,0.2637362637362637,0.42708333333333337,0.5,0.5,0.5,0.5
eFb7nVIBGEo.003.mp4,0.6,0.7281553398058251,0.6074766355140188,0.7032967032967032,0.5625,0.5,0.5,0.5,0.5
EffEoI1l1zE.000.mp4,0.4,0.27184466019417475,0.4953271028037384,0.5714285714285714,0.4375,0.5,0.5,0.5,0.5
EffEoI1l1zE.001.mp4,0.611111111111111,0.27184466019417475,0.4299065420560748,0.7252747252747254,0.4479166666666667,0.5,0.5,0.5,0.5
EffEoI1l1zE.002.mp4,0.4888888888888889,0.33980582524271846,0.33644859813084116,0.3846153846153846,0.32291666666666663,0.5,0.5,0.5,0.5
EfQUV-C-YrU.002.mp4,0.4777777777777778,0.3203883495145631,0.30841121495327106,0.4395604395604395,0.37499999999999994,0.5,0.5,0.5,0.5
eFzN_frNW8g.000.mp4,0.5333333333333333,0.7184466019417477,0.4392523364485981,0.5824175824175825,0.5416666666666666,0.5,0.5,0.5,0.5
eFzN_frNW8g.001.mp4,0.611111111111111,0.7475728155339806,0.5046728971962617,0.6153846153846153,0.5729166666666666,0.5,0.5,0.5,0.5
eFzN_frNW8g.002.mp4,0.6,0.6699029126213591,0.47663551401869164,0.6263736263736264,0.53125,0.5,0.5,0.5,0.5
eFzN_frNW8g.003.mp4,0.3,0.6990291262135921,0.38317757009345793,0.4945054945054945,0.5625,0.5,0.5,0.5,0.5
eFzN_frNW8g.004.mp4,0.7666666666666666,0.7669902912621359,0.588785046728972,0.7472527472527474,0.7083333333333334,0.5,0.5,0.5,0.5
eFzN_frNW8g.005.mp4,0.5888888888888889,0.7378640776699029,0.4579439252336449,0.7252747252747254,0.65625,0.5,0.5,0.5,0.5
Egogv6acOd0.001.mp4,0.4777777777777778,0.2621359223300971,0.4018691588785047,0.17582417582417584,0.29166666666666663,0.5,0.5,0.5,0.5
Egogv6acOd0.002.mp4,0.32222222222222224,0.22330097087378642,0.24299065420560748,0.2637362637362637,0.18749999999999997,0.5,0.5,0.5,0.5
Egogv6acOd0.003.mp4,0.3777777777777778,0.27184466019417475,0.28037383177570097,0.32967032967032966,0.37499999999999994,0.5,0.5,0.5,0.5
Egogv6acOd0.004.mp4,0.4666666666666667,0.2912621359223301,0.3271028037383178,0.3846153846153846,0.19791666666666666,0.5,0.5,0.5,0.5
EgolOPjkkg8.000.mp4,0.6333333333333333,0.5631067961165048,0.6261682242990655,0.5714285714285714,0.59375,0.5,0.5,0.5,0.5
EgolOPjkkg8.001.mp4,0.6444444444444444,0.5242718446601942,0.4392523364485981,0.5604395604395604,0.4895833333333333,0.5,0.5,0.5,0.5
EgolOPjkkg8.004.mp4,0.41111111111111115,0.2621359223300971,0.28037383177570097,0.3956043956043956,0.28125,0.5,0.5,0.5,0.5
EgolOPjkkg8.005.mp4,0.5666666666666667,0.3495145631067961,0.4299065420560748,0.4505494505494505,0.42708333333333337,0.5,0.5,0.5,0.5
Eh7WRYXVh9M.000.mp4,0.5444444444444444,0.6213592233009709,0.5233644859813085,0.6263736263736264,0.4791666666666667,0.5,0.5,0.5,0.5
Eh7WRYXVh9M.005.mp4,0.6,0.42718446601941745,0.4392523364485981,0.5714285714285714,0.29166666666666663,0.5,0.5,0.5,0.5
eHcRre1YsNA.000.mp4,0.5666666666666667,0.2621359223300971,0.19626168224299068,0.3516483516483516,0.3020833333333333,0.5,0.5,0.5,0.5
eHcRre1YsNA.001.mp4,0.3,0.3980582524271845,0.14018691588785046,0.24175824175824176,0.21874999999999997,0.5,0.5,0.5,0.5
eHcRre1YsNA.002.mp4,0.6,0.4854368932038835,0.47663551401869164,0.3626373626373627,0.45833333333333337,0.5,0.5,0.5,0.5
EHPZNxP5mN8.000.mp4,0.6666666666666666,0.6990291262135921,0.6261682242990655,0.7252747252747254,0.7083333333333334,0.5,0.5,0.5,0.5
eI_7SimPnnQ.000.mp4,0.711111111111111,0.7087378640776699,0.5420560747663552,0.6263736263736264,0.6875,0.5,0.5,0.5,0.5
eI_7SimPnnQ.001.mp4,0.4666666666666667,0.5631067961165048,0.5420560747663552,0.4615384615384615,0.5625,0.5,0.5,0.5,0.5
eI_7SimPnnQ.002.mp4,0.6333333333333333,0.6601941747572816,0.6728971962616823,0.6153846153846153,0.7500000000000001,0.5,0.5,0.5,0.5
eI_7SimPnnQ.003.mp4,0.6,0.8058252427184466,0.6261682242990655,0.7142857142857143,0.6458333333333333,0.5,0.5,0.5,0.5
eI_7SimPnnQ.005.mp4,0.4444444444444445,0.6310679611650486,0.47663551401869164,0.4505494505494505,0.6041666666666666,0.5,0.5,0.5,0.5
eIfiusZtXzE.000.mp4,0.5777777777777777,0.4563106796116505,0.38317757009345793,0.4285714285714285,0.4479166666666667,0.5,0.5,0.5,0.5
EiXQ9RErt6c.002.mp4,0.4222222222222222,0.5242718446601942,0.39252336448598135,0.5054945054945055,0.37499999999999994,0.5,0.5,0.5,0.5
EiXQ9RErt6c.003.mp4,0.32222222222222224,0.3883495145631068,0.3177570093457944,0.30769230769230765,0.3020833333333333,0.5,0.5,0.5,0.5
EiXQ9RErt6c.005.mp4,0.4,0.33980582524271846,0.26168224299065423,0.4945054945054945,0.35416666666666663,0.5,0.5,0.5,0.5
ej0RpdM9kJA.000.mp4,0.5,0.6407766990291262,0.48598130841121495,0.5934065934065933,0.45833333333333337,0.5,0.5,0.5,0.5
ej0RpdM9kJA.001.mp4,0.5333333333333333,0.6796116504854369,0.5607476635514019,0.5824175824175825,0.5104166666666666,0.5,0.5,0.5,0.5
ej0RpdM9kJA.002.mp4,0.4888888888888889,0.5048543689320388,0.5046728971962617,0.5274725274725275,0.4895833333333333,0.5,0.5,0.5,0.5
ej0RpdM9kJA.003.mp4,0.7222222222222221,0.5825242718446602,0.5420560747663552,0.6483516483516484,0.5416666666666666,0.5,0.5,0.5,0.5
EjhDyc8Oc6k.000.mp4,0.6777777777777777,0.6116504854368932,0.5327102803738318,0.6483516483516484,0.6145833333333333,0.5,0.5,0.5,0.5
EjhDyc8Oc6k.001.mp4,0.6444444444444444,0.6407766990291262,0.6168224299065421,0.5494505494505494,0.625,0.5,0.5,0.5,0.5
EjhDyc8Oc6k.003.mp4,0.6555555555555556,0.7087378640776699,0.7102803738317757,0.5714285714285714,0.6666666666666667,0.5,0.5,0.5,0.5
EjhDyc8Oc6k.004.mp4,0.5111111111111111,0.4466019417475728,0.5700934579439253,0.4725274725274725,0.5208333333333334,0.5,0.5,0.5,0.5
EknEAPhAjdA.000.mp4,0.22222222222222224,0.15533980582524273,0.14953271028037385,0.2857142857142857,0.17708333333333331,0.5,0.5,0.5,0.5
EknEAPhAjdA.001.mp4,0.32222222222222224,0.2912621359223301,0.25233644859813087,0.3516483516483516,0.28125,0.5,0.5,0.5,0.5
EknEAPhAjdA.002.mp4,0.28888888888888886,0.24271844660194175,0.18691588785046728,0.2857142857142857,0.25,0.5,0.5,0.5,0.5
EknEAPhAjdA.003.mp4,0.33333333333333337,0.3203883495145631,0.33644859813084116,0.4285714285714285,0.3020833333333333,0.5,0.5,0.5,0.5
EknEAPhAjdA.004.mp4,0.3,0.2524271844660194,0.25233644859813087,0.23076923076923075,0.19791666666666666,0.5,0.5,0.5,0.5
EL1Q7x_1a74.000.mp4,0.6333333333333333,0.4951456310679611,0.588785046728972,0.5934065934065933,0.6145833333333333,0.5,0.5,0.5,0.5
EL1Q7x_1a74.001.mp4,0.611111111111111,0.3883495145631068,0.4579439252336449,0.5604395604395604,0.35416666666666663,0.5,0.5,0.5,0.5
EL1Q7x_1a74.002.mp4,0.5777777777777777,0.42718446601941745,0.4485981308411215,0.5054945054945055,0.4375,0.5,0.5,0.5,0.5
EL1Q7x_1a74.005.mp4,0.4777777777777778,0.36893203883495146,0.36448598130841126,0.6373626373626373,0.3854166666666667,0.5,0.5,0.5,0.5
el2DOd8E5io.000.mp4,0.5888888888888889,0.5436893203883495,0.47663551401869164,0.6263736263736264,0.4791666666666667,0.5,0.5,0.5,0.5
elSd0IyX6ys.002.mp4,0.6333333333333333,0.5339805825242718,0.6448598130841123,0.4725274725274725,0.4479166666666667,0.5,0.5,0.5,0.5
elSd0IyX6ys.004.mp4,0.5555555555555556,0.5048543689320388,0.4579439252336449,0.5384615384615384,0.4791666666666667,0.5,0.5,0.5,0.5
ELvGOVb8L5I.000.mp4,0.8222222222222221,0.6407766990291262,0.663551401869159,0.7362637362637363,0.7500000000000001,0.5,0.5,0.5,0.5
EmGTj1DRMbo.000.mp4,0.7999999999999999,0.6019417475728155,0.6074766355140188,0.6043956043956044,0.6145833333333333,0.5,0.5,0.5,0.5
EmGTj1DRMbo.003.mp4,0.6,0.5533980582524272,0.5514018691588786,0.6153846153846153,0.5833333333333333,0.5,0.5,0.5,0.5
EmGTj1DRMbo.004.mp4,0.7333333333333333,0.4368932038834952,0.4205607476635514,0.5934065934065933,0.4791666666666667,0.5,0.5,0.5,0.5
emHDoDcht44.001.mp4,0.6666666666666666,0.5339805825242718,0.663551401869159,0.7032967032967032,0.6041666666666666,0.5,0.5,0.5,0.5
EMNcIRgaDMg.000.mp4,0.7,0.4951456310679611,0.7663551401869159,0.7802197802197802,0.6666666666666667,0.5,0.5,0.5,0.5
EMNcIRgaDMg.004.mp4,0.6666666666666666,0.4466019417475728,0.7476635514018694,0.6263736263736264,0.4895833333333333,0.5,0.5,0.5,0.5
EMqrrHHbP3s.000.mp4,0.5777777777777777,0.6601941747572816,0.6728971962616823,0.6373626373626373,0.6041666666666666,0.5,0.5,0.5,0.5
EMqrrHHbP3s.001.mp4,0.45555555555555555,0.5145631067961165,0.5046728971962617,0.5824175824175825,0.5104166666666666,0.5,0.5,0.5,0.5
EMqrrHHbP3s.002.mp4,0.6555555555555556,0.5145631067961165,0.5981308411214954,0.5824175824175825,0.5,0.5,0.5,0.5,0.5
En4aK_1gmlY.000.mp4,0.43333333333333335,0.30097087378640774,0.39252336448598135,0.5054945054945055,0.42708333333333337,0.5,0.5,0.5,0.5
encC96iqr9Y.002.mp4,0.5777777777777777,0.6019417475728155,0.5420560747663552,0.5824175824175825,0.53125,0.5,0.5,0.5,0.5
encC96iqr9Y.003.mp4,0.45555555555555555,0.5145631067961165,0.39252336448598135,0.4615384615384615,0.45833333333333337,0.5,0.5,0.5,0.5
eOUVFTqPeGk.002.mp4,0.6666666666666666,0.4368932038834952,0.7009345794392524,0.7252747252747254,0.6041666666666666,0.5,0.5,0.5,0.5
EP0sdDWooSw.001.mp4,0.7888888888888888,0.6601941747572816,0.5327102803738318,0.6923076923076923,0.6979166666666666,0.5,0.5,0.5,0.5
EP2rMX4AQis.000.mp4,0.4777777777777778,0.4077669902912622,0.4112149532710281,0.4945054945054945,0.4375,0.5,0.5,0.5,0.5
ePQJMluhLjQ.001.mp4,0.7222222222222221,0.5533980582524272,0.588785046728972,0.4615384615384615,0.6875,0.5,0.5,0.5,0.5
eq1_h17oue4.000.mp4,0.6888888888888889,0.5631067961165048,0.5981308411214954,0.6043956043956044,0.59375,0.5,0.5,0.5,0.5
eq1_h17oue4.001.mp4,0.8222222222222221,0.6601941747572816,0.7476635514018694,0.7142857142857143,0.7604166666666666,0.5,0.5,0.5,0.5
EqTB9rAC-tA.000.mp4,0.4222222222222222,0.4368932038834952,0.36448598130841126,0.4285714285714285,0.46875,0.5,0.5,0.5,0.5
eqXrUXW4yHY.003.mp4,0.5111111111111111,0.5631067961165048,0.6261682242990655,0.4505494505494505,0.625,0.5,0.5,0.5,0.5
erJNMcO69Eo.000.mp4,0.4,0.3980582524271845,0.3177570093457944,0.3846153846153846,0.45833333333333337,0.5,0.5,0.5,0.5
erJNMcO69Eo.001.mp4,0.5555555555555556,0.4854368932038835,0.37383177570093457,0.4725274725274725,0.4375,0.5,0.5,0.5,0.5
erJNMcO69Eo.002.mp4,0.4666666666666667,0.3786407766990291,0.35514018691588783,0.3626373626373627,0.4479166666666667,0.5,0.5,0.5,0.5
erJNMcO69Eo.005.mp4,0.3666666666666667,0.2912621359223301,0.4672897196261683,0.4725274725274725,0.2708333333333333,0.5,0.5,0.5,0.5
eRRCer7epnA.002.mp4,0.8222222222222221,0.8349514563106796,0.6822429906542057,0.7032967032967032,0.6145833333333333,0.5,0.5,0.5,0.5
eRRCer7epnA.005.mp4,0.611111111111111,0.5339805825242718,0.6168224299065421,0.5824175824175825,0.5833333333333333,0.5,0.5,0.5,0.5
esjSS0xsHFA.002.mp4,0.5555555555555556,0.4563106796116505,0.663551401869159,0.6153846153846153,0.625,0.5,0.5,0.5,0.5
esjSS0xsHFA.003.mp4,0.6,0.3883495145631068,0.4953271028037384,0.5824175824175825,0.39583333333333337,0.5,0.5,0.5,0.5
eT3BERfkCBE.001.mp4,0.6777777777777777,0.7961165048543688,0.5514018691588786,0.6593406593406592,0.6666666666666667,0.5,0.5,0.5,0.5
eT3BERfkCBE.003.mp4,0.7444444444444444,0.7281553398058251,0.5981308411214954,0.6043956043956044,0.6770833333333334,0.5,0.5,0.5,0.5
eT3BERfkCBE.005.mp4,0.5777777777777777,0.6601941747572816,0.5327102803738318,0.6263736263736264,0.625,0.5,0.5,0.5,0.5
Etfh8X-ECtY.000.mp4,0.3111111111111111,0.30097087378640774,0.3271028037383178,0.5274725274725275,0.32291666666666663,0.5,0.5,0.5,0.5
Etfh8X-ECtY.001.mp4,0.38888888888888895,0.3883495145631068,0.3271028037383178,0.5274725274725275,0.53125,0.5,0.5,0.5,0.5
Etfh8X-ECtY.002.mp4,0.32222222222222224,0.3203883495145631,0.4018691588785047,0.6153846153846153,0.4479166666666667,0.5,0.5,0.5,0.5
Etfh8X-ECtY.003.mp4,0.3555555555555556,0.36893203883495146,0.35514018691588783,0.5824175824175825,0.3854166666666667,0.5,0.5,0.5,0.5
Etfh8X-ECtY.004.mp4,0.5555555555555556,0.5048543689320388,0.6448598130841123,0.6923076923076923,0.6041666666666666,0.5,0.5,0.5,0.5
Etw3iulV5Eg.001.mp4,0.6777777777777777,0.5631067961165048,0.5700934579439253,0.7692307692307692,0.5729166666666666,0.5,0.5,0.5,0.5
Etw3iulV5Eg.003.mp4,0.7,0.6213592233009709,0.5794392523364487,0.7582417582417583,0.7291666666666667,0.5,0.5,0.5,0.5
euRnmvd_dus.004.mp4,0.4444444444444445,0.4077669902912622,0.3271028037383178,0.5384615384615384,0.25,0.5,0.5,0.5,0.5
ev42vngXERU.000.mp4,0.4777777777777778,0.6310679611650486,0.4205607476635514,0.5384615384615384,0.4895833333333333,0.5,0.5,0.5,0.5
ev42vngXERU.001.mp4,0.33333333333333337,0.4466019417475728,0.33644859813084116,0.4725274725274725,0.45833333333333337,0.5,0.5,0.5,0.5
evrzg3Pzyc0.000.mp4,0.6777777777777777,0.5048543689320388,0.4579439252336449,0.5714285714285714,0.46875,0.5,0.5,0.5,0.5
evrzg3Pzyc0.001.mp4,0.22222222222222224,0.3203883495145631,0.39252336448598135,0.3516483516483516,0.3333333333333333,0.5,0.5,0.5,0.5
evrzg3Pzyc0.002.mp4,0.4222222222222222,0.5242718446601942,0.4205607476635514,0.5054945054945055,0.4375,0.5,0.5,0.5,0.5
EvZ0esZgPK4.001.mp4,0.33333333333333337,0.6116504854368932,0.25233644859813087,0.4175824175824176,0.3333333333333333,0.5,0.5,0.5,0.5
EwMMNKLjO9w.000.mp4,0.6666666666666666,0.6601941747572816,0.5046728971962617,0.6373626373626373,0.5729166666666666,0.5,0.5,0.5,0.5
EwMMNKLjO9w.001.mp4,0.6222222222222222,0.5145631067961165,0.4299065420560748,0.5714285714285714,0.42708333333333337,0.5,0.5,0.5,0.5
EwMMNKLjO9w.002.mp4,0.6666666666666666,0.4660194174757281,0.39252336448598135,0.4945054945054945,0.3854166666666667,0.5,0.5,0.5,0.5
EX3i4IMY1Pw.002.mp4,0.5333333333333333,0.47572815533980584,0.3457943925233645,0.4395604395604395,0.4375,0.5,0.5,0.5,0.5
eXtskPoi58A.000.mp4,0.711111111111111,0.6601941747572816,0.663551401869159,0.7582417582417583,0.7500000000000001,0.5,0.5,0.5,0.5
eXtskPoi58A.001.mp4,0.4444444444444445,0.22330097087378642,0.3457943925233645,0.3846153846153846,0.4166666666666667,0.5,0.5,0.5,0.5
eXtskPoi58A.003.mp4,0.3111111111111111,0.33980582524271846,0.2336448598130841,0.3736263736263736,0.32291666666666663,0.5,0.5,0.5,0.5
eXtskPoi58A.005.mp4,0.34444444444444444,0.2524271844660194,0.3177570093457944,0.4835164835164835,0.2708333333333333,0.5,0.5,0.5,0.5
eYASh3sKY3k.000.mp4,0.611111111111111,0.4563106796116505,0.5233644859813085,0.5494505494505494,0.42708333333333337,0.5,0.5,0.5,0.5
EYbPGTIcnjs.000.mp4,0.9333333333333333,0.7475728155339806,0.7850467289719627,0.7142857142857143,0.7708333333333334,0.5,0.5,0.5,0.5
EYbPGTIcnjs.003.mp4,0.7333333333333333,0.7281553398058251,0.5981308411214954,0.7252747252747254,0.7916666666666667,0.5,0.5,0.5,0.5
EYbPGTIcnjs.005.mp4,0.7777777777777777,0.6601941747572816,0.6822429906542057,0.6263736263736264,0.6145833333333333,0.5,0.5,0.5,0.5
EyX8QI5nPTY.001.mp4,0.7555555555555554,0.7184466019417477,0.7476635514018694,0.6373626373626373,0.8125000000000001,0.5,0.5,0.5,0.5
ezMO8EHKAVw.000.mp4,0.6666666666666666,0.5922330097087379,0.5233644859813085,0.6263736263736264,0.6041666666666666,0.5,0.5,0.5,0.5
ezMO8EHKAVw.004.mp4,0.7222222222222221,0.5825242718446602,0.7196261682242993,0.4835164835164835,0.7395833333333333,0.5,0.5,0.5,0.5
ezMO8EHKAVw.005.mp4,0.7777777777777777,0.7669902912621359,0.663551401869159,0.6703296703296703,0.7812499999999999,0.5,0.5,0.5,0.5
eZwGkhUa0TQ.000.mp4,0.5222222222222223,0.3495145631067961,0.4579439252336449,0.3956043956043956,0.6354166666666666,0.5,0.5,0.5,0.5
eZwGkhUa0TQ.004.mp4,0.6666666666666666,0.47572815533980584,0.588785046728972,0.7582417582417583,0.6041666666666666,0.5,0.5,0.5,0.5
eZwGkhUa0TQ.005.mp4,0.3555555555555556,0.3203883495145631,0.2710280373831776,0.3956043956043956,0.3125,0.5,0.5,0.5,0.5
F-Dy1EFm_Mw.005.mp4,0.888888888888889,0.7864077669902914,0.7663551401869159,0.7912087912087912,0.7395833333333333,0.5,0.5,0.5,0.5
F0_EI_X5JVk.001.mp4,0.8555555555555554,0.6407766990291262,0.7009345794392524,0.6923076923076923,0.7291666666666667,0.5,0.5,0.5,0.5
F0_EI_X5JVk.002.mp4,0.8333333333333333,0.7864077669902914,0.6355140186915887,0.7032967032967032,0.8020833333333334,0.5,0.5,0.5,0.5
F0_EI_X5JVk.003.mp4,0.6666666666666666,0.4951456310679611,0.5607476635514019,0.6373626373626373,0.59375,0.5,0.5,0.5,0.5
F0_EI_X5JVk.004.mp4,0.9555555555555556,0.8252427184466018,0.7476635514018694,0.857142857142857,0.8541666666666667,0.5,0.5,0.5,0.5
F0_EI_X5JVk.005.mp4,0.7222222222222221,0.5728155339805825,0.5327102803738318,0.6813186813186812,0.625,0.5,0.5,0.5,0.5
F0kidNe_RSo.001.mp4,0.41111111111111115,0.24271844660194175,0.4392523364485981,0.4615384615384615,0.3333333333333333,0.5,0.5,0.5,0.5
F0kidNe_RSo.002.mp4,0.6444444444444444,0.4174757281553398,0.6355140186915887,0.5714285714285714,0.5729166666666666,0.5,0.5,0.5,0.5
f0LnGz5Z6kA.000.mp4,0.7222222222222221,0.4563106796116505,0.5140186915887851,0.5714285714285714,0.6145833333333333,0.5,0.5,0.5,0.5
f0LnGz5Z6kA.002.mp4,0.6888888888888889,0.5048543689320388,0.5981308411214954,0.3846153846153846,0.6145833333333333,0.5,0.5,0.5,0.5
F0VbEO_0Ybc.000.mp4,0.45555555555555555,0.5339805825242718,0.39252336448598135,0.5604395604395604,0.5625,0.5,0.5,0.5,0.5
F0VbEO_0Ybc.001.mp4,0.3555555555555556,0.4174757281553398,0.28037383177570097,0.4065934065934066,0.3645833333333333,0.5,0.5,0.5,0.5
F0VbEO_0Ybc.002.mp4,0.5444444444444444,0.6019417475728155,0.588785046728972,0.5384615384615384,0.5729166666666666,0.5,0.5,0.5,0.5
F0VbEO_0Ybc.003.mp4,0.6333333333333333,0.6699029126213591,0.5140186915887851,0.6593406593406592,0.59375,0.5,0.5,0.5,0.5
F0VbEO_0Ybc.005.mp4,0.5555555555555556,0.7087378640776699,0.5046728971962617,0.6263736263736264,0.6041666666666666,0.5,0.5,0.5,0.5
F1lAPYh4t3U.000.mp4,0.7888888888888888,0.6990291262135921,0.7009345794392524,0.7472527472527474,0.7708333333333334,0.5,0.5,0.5,0.5
F1lAPYh4t3U.004.mp4,0.611111111111111,0.6893203883495147,0.5981308411214954,0.6153846153846153,0.5729166666666666,0.5,0.5,0.5,0.5
f1xAVtagIks.000.mp4,0.6666666666666666,0.6116504854368932,0.4392523364485981,0.5494505494505494,0.5416666666666666,0.5,0.5,0.5,0.5
f1xAVtagIks.003.mp4,0.7555555555555554,0.5242718446601942,0.4112149532710281,0.4615384615384615,0.53125,0.5,0.5,0.5,0.5
f39E4ct09Cc.000.mp4,0.7555555555555554,0.5728155339805825,0.663551401869159,0.5164835164835165,0.6770833333333334,0.5,0.5,0.5,0.5
f39E4ct09Cc.001.mp4,0.7222222222222221,0.5339805825242718,0.5327102803738318,0.5714285714285714,0.6458333333333333,0.5,0.5,0.5,0.5
f39E4ct09Cc.005.mp4,0.8222222222222221,0.6796116504854369,0.6168224299065421,0.6153846153846153,0.7083333333333334,0.5,0.5,0.5,0.5
f3ZbA4UqGKE.005.mp4,0.6222222222222222,0.5339805825242718,0.4485981308411215,0.4945054945054945,0.5729166666666666,0.5,0.5,0.5,0.5
f4rQJiW6oSk.004.mp4,0.8555555555555554,0.8640776699029126,0.7476635514018694,0.6483516483516484,0.8333333333333334,0.5,0.5,0.5,0.5
f4rQJiW6oSk.005.mp4,0.7555555555555554,0.6504854368932039,0.6448598130841123,0.6263736263736264,0.6875,0.5,0.5,0.5,0.5
F4UeAogUMMs.000.mp4,0.5666666666666667,0.4854368932038835,0.4018691588785047,0.6923076923076923,0.45833333333333337,0.5,0.5,0.5,0.5
F4UeAogUMMs.001.mp4,0.5,0.4563106796116505,0.6542056074766356,0.5164835164835165,0.4375,0.5,0.5,0.5,0.5
F4UeAogUMMs.002.mp4,0.43333333333333335,0.33980582524271846,0.30841121495327106,0.4615384615384615,0.2395833333333333,0.5,0.5,0.5,0.5
F4UeAogUMMs.003.mp4,0.4,0.3980582524271845,0.4485981308411215,0.5274725274725275,0.35416666666666663,0.5,0.5,0.5,0.5
F4UeAogUMMs.004.mp4,0.4444444444444445,0.4077669902912622,0.4392523364485981,0.2857142857142857,0.3645833333333333,0.5,0.5,0.5,0.5
F4UeAogUMMs.005.mp4,0.6888888888888889,0.5048543689320388,0.5981308411214954,0.6483516483516484,0.5208333333333334,0.5,0.5,0.5,0.5
F4yC1_n6ApY.002.mp4,0.8444444444444444,0.4466019417475728,0.588785046728972,0.6043956043956044,0.5729166666666666,0.5,0.5,0.5,0.5
F5iykLTSCJc.000.mp4,0.4666666666666667,0.30097087378640774,0.2897196261682243,0.4285714285714285,0.3020833333333333,0.5,0.5,0.5,0.5
f5jPfJYvihA.000.mp4,0.25555555555555554,0.5145631067961165,0.37383177570093457,0.4835164835164835,0.4895833333333333,0.5,0.5,0.5,0.5
F5kL7RWS_f0.000.mp4,0.3,0.5048543689320388,0.12149532710280371,0.3956043956043956,0.37499999999999994,0.5,0.5,0.5,0.5
F5kL7RWS_f0.003.mp4,0.5222222222222223,0.6601941747572816,0.5233644859813085,0.6373626373626373,0.5208333333333334,0.5,0.5,0.5,0.5
F5kL7RWS_f0.004.mp4,0.3777777777777778,0.5631067961165048,0.30841121495327106,0.4285714285714285,0.3854166666666667,0.5,0.5,0.5,0.5
f70aaYsxPHY.001.mp4,0.3555555555555556,0.22330097087378642,0.14953271028037385,0.2747252747252747,0.2708333333333333,0.5,0.5,0.5,0.5
f70aaYsxPHY.002.mp4,0.2777777777777778,0.22330097087378642,0.13084112149532712,0.13186813186813184,0.20833333333333331,0.5,0.5,0.5,0.5
f7E26XfU8rw.002.mp4,0.5555555555555556,0.4660194174757281,0.48598130841121495,0.5714285714285714,0.5,0.5,0.5,0.5,0.5
f7E26XfU8rw.003.mp4,0.5666666666666667,0.42718446601941745,0.6168224299065421,0.5934065934065933,0.625,0.5,0.5,0.5,0.5
f7E26XfU8rw.005.mp4,0.6777777777777777,0.47572815533980584,0.5233644859813085,0.4175824175824176,0.5833333333333333,0.5,0.5,0.5,0.5
f7togdqxEoo.003.mp4,0.3,0.2621359223300971,0.2149532710280374,0.18681318681318684,0.17708333333333331,0.5,0.5,0.5,0.5
f8eU5Pc-y0g.004.mp4,0.8444444444444444,0.9029126213592233,0.6542056074766356,0.813186813186813,0.9479166666666666,0.5,0.5,0.5,0.5
f8f00b0IgvA.001.mp4,0.6222222222222222,0.5048543689320388,0.48598130841121495,0.4395604395604395,0.4895833333333333,0.5,0.5,0.5,0.5
f8f00b0IgvA.002.mp4,0.6777777777777777,0.7087378640776699,0.5233644859813085,0.6263736263736264,0.59375,0.5,0.5,0.5,0.5
f8f00b0IgvA.004.mp4,0.8666666666666667,0.5339805825242718,0.5981308411214954,0.5164835164835165,0.8125000000000001,0.5,0.5,0.5,0.5
f9GeYKAXgAQ.000.mp4,0.45555555555555555,0.6796116504854369,0.3271028037383178,0.5494505494505494,0.4791666666666667,0.5,0.5,0.5,0.5
f9GeYKAXgAQ.001.mp4,0.4888888888888889,0.7087378640776699,0.4672897196261683,0.5274725274725275,0.4375,0.5,0.5,0.5,0.5
f9GeYKAXgAQ.002.mp4,0.41111111111111115,0.6310679611650486,0.35514018691588783,0.4065934065934066,0.5833333333333333,0.5,0.5,0.5,0.5
f9GeYKAXgAQ.003.mp4,0.4777777777777778,0.5242718446601942,0.4205607476635514,0.5604395604395604,0.42708333333333337,0.5,0.5,0.5,0.5
f9GeYKAXgAQ.005.mp4,0.5,0.6504854368932039,0.2710280373831776,0.4835164835164835,0.5208333333333334,0.5,0.5,0.5,0.5
F9mZ6De_6Ko.004.mp4,0.9333333333333333,0.6990291262135921,0.6168224299065421,0.7142857142857143,0.8541666666666667,0.5,0.5,0.5,0.5
F9mZ6De_6Ko.005.mp4,0.6888888888888889,0.6213592233009709,0.588785046728972,0.5274725274725275,0.625,0.5,0.5,0.5,0.5
FaBTYkzhuK4.000.mp4,0.4777777777777778,0.4563106796116505,0.36448598130841126,0.5824175824175825,0.5,0.5,0.5,0.5,0.5
FaBTYkzhuK4.001.mp4,0.5888888888888889,0.6504854368932039,0.5700934579439253,0.6703296703296703,0.7291666666666667,0.5,0.5,0.5,0.5
FaBTYkzhuK4.005.mp4,0.5333333333333333,0.5533980582524272,0.4672897196261683,0.6923076923076923,0.5520833333333334,0.5,0.5,0.5,0.5
fBcc1UMtZME.001.mp4,0.2777777777777778,0.31067961165048547,0.2710280373831776,0.32967032967032966,0.29166666666666663,0.5,0.5,0.5,0.5
fBcc1UMtZME.005.mp4,0.4888888888888889,0.47572815533980584,0.4112149532710281,0.4725274725274725,0.4895833333333333,0.5,0.5,0.5,0.5
fbjDmltKVOM.000.mp4,0.6222222222222222,0.7281553398058251,0.5700934579439253,0.6263736263736264,0.5729166666666666,0.5,0.5,0.5,0.5
fBMKlYUjA9E.000.mp4,0.8999999999999999,0.7087378640776699,0.7757009345794394,0.6813186813186812,0.8333333333333334,0.5,0.5,0.5,0.5
fBMKlYUjA9E.003.mp4,0.9555555555555556,0.6699029126213591,0.9158878504672898,0.7582417582417583,0.9166666666666667,0.5,0.5,0.5,0.5
Fco1CMgOadI.002.mp4,0.7444444444444444,0.5922330097087379,0.6168224299065421,0.7142857142857143,0.59375,0.5,0.5,0.5,0.5
Fco1CMgOadI.003.mp4,0.9333333333333333,0.7184466019417477,0.7476635514018694,0.835164835164835,0.7916666666666667,0.5,0.5,0.5,0.5
Fco1CMgOadI.005.mp4,0.6777777777777777,0.5631067961165048,0.4672897196261683,0.6483516483516484,0.5104166666666666,0.5,0.5,0.5,0.5
FcR9VhCxBb0.002.mp4,0.811111111111111,0.7087378640776699,0.5607476635514019,0.5824175824175825,0.6875,0.5,0.5,0.5,0.5
FcR9VhCxBb0.004.mp4,0.7999999999999999,0.6504854368932039,0.5700934579439253,0.4725274725274725,0.59375,0.5,0.5,0.5,0.5
fDw_PAgW07o.000.mp4,0.3666666666666667,0.2621359223300971,0.14018691588785046,0.5164835164835165,0.28125,0.5,0.5,0.5,0.5
fDw_PAgW07o.001.mp4,0.3,0.2815533980582524,0.18691588785046728,0.4505494505494505,0.3645833333333333,0.5,0.5,0.5,0.5
fDw_PAgW07o.002.mp4,0.23333333333333334,0.30097087378640774,0.14953271028037385,0.3406593406593406,0.25,0.5,0.5,0.5,0.5
fDw_PAgW07o.003.mp4,0.3111111111111111,0.2038834951456311,0.16822429906542055,0.3626373626373627,0.32291666666666663,0.5,0.5,0.5,0.5
fDw_PAgW07o.005.mp4,0.2111111111111111,0.2524271844660194,0.17757009345794392,0.4615384615384615,0.25,0.5,0.5,0.5,0.5
Fe9_SVPd_5I.004.mp4,0.611111111111111,0.6019417475728155,0.4953271028037384,0.6373626373626373,0.6145833333333333,0.5,0.5,0.5,0.5
Fe9_SVPd_5I.005.mp4,0.7222222222222221,0.6019417475728155,0.6355140186915887,0.6923076923076923,0.7500000000000001,0.5,0.5,0.5,0.5
fEC3lEDxRnc.000.mp4,0.5,0.33980582524271846,0.5046728971962617,0.4065934065934066,0.4791666666666667,0.5,0.5,0.5,0.5
fEC3lEDxRnc.001.mp4,0.45555555555555555,0.4077669902912622,0.4953271028037384,0.5274725274725275,0.3645833333333333,0.5,0.5,0.5,0.5
fEC3lEDxRnc.002.mp4,0.41111111111111115,0.4466019417475728,0.4112149532710281,0.5494505494505494,0.28125,0.5,0.5,0.5,0.5
fEC3lEDxRnc.005.mp4,0.4444444444444445,0.3786407766990291,0.47663551401869164,0.5274725274725275,0.53125,0.5,0.5,0.5,0.5
fecQUZ-ehKQ.000.mp4,0.6,0.6990291262135921,0.48598130841121495,0.6263736263736264,0.6041666666666666,0.5,0.5,0.5,0.5
fecQUZ-ehKQ.002.mp4,0.7666666666666666,0.7572815533980582,0.5794392523364487,0.7912087912087912,0.6770833333333334,0.5,0.5,0.5,0.5
feg-RNvT-t0.000.mp4,0.43333333333333335,0.4077669902912622,0.4579439252336449,0.5274725274725275,0.34374999999999994,0.5,0.5,0.5,0.5
fEix0DPOWtg.005.mp4,0.5111111111111111,0.2912621359223301,0.36448598130841126,0.4065934065934066,0.22916666666666663,0.5,0.5,0.5,0.5
fEZrAGQoh_g.000.mp4,0.5444444444444444,0.35922330097087385,0.36448598130841126,0.5824175824175825,0.4791666666666667,0.5,0.5,0.5,0.5
fEZrAGQoh_g.001.mp4,0.4888888888888889,0.5728155339805825,0.4018691588785047,0.5164835164835165,0.5,0.5,0.5,0.5,0.5
fEZrAGQoh_g.002.mp4,0.4777777777777778,0.4951456310679611,0.39252336448598135,0.5164835164835165,0.4166666666666667,0.5,0.5,0.5,0.5
ff-3k-nzoXA.000.mp4,0.6888888888888889,0.5631067961165048,0.6261682242990655,0.7032967032967032,0.5208333333333334,0.5,0.5,0.5,0.5
ff-3k-nzoXA.002.mp4,0.6777777777777777,0.5728155339805825,0.6261682242990655,0.5604395604395604,0.6458333333333333,0.5,0.5,0.5,0.5
ff-3k-nzoXA.004.mp4,0.5333333333333333,0.6213592233009709,0.5794392523364487,0.6153846153846153,0.5208333333333334,0.5,0.5,0.5,0.5
Ff0WqsFl-1s.005.mp4,0.5666666666666667,0.5533980582524272,0.36448598130841126,0.4725274725274725,0.4479166666666667,0.5,0.5,0.5,0.5
fGAcEyZXFTo.000.mp4,0.5222222222222223,0.6019417475728155,0.6542056074766356,0.6483516483516484,0.6354166666666666,0.5,0.5,0.5,0.5
fGAcEyZXFTo.003.mp4,0.6444444444444444,0.5339805825242718,0.5140186915887851,0.6703296703296703,0.5416666666666666,0.5,0.5,0.5,0.5
fGAcEyZXFTo.005.mp4,0.6333333333333333,0.6213592233009709,0.6074766355140188,0.5494505494505494,0.6979166666666666,0.5,0.5,0.5,0.5
fgEddXirQvQ.005.mp4,0.711111111111111,0.6796116504854369,0.663551401869159,0.6923076923076923,0.6458333333333333,0.5,0.5,0.5,0.5
FGkS4vJYOpM.002.mp4,0.5888888888888889,0.4660194174757281,0.5233644859813085,0.4945054945054945,0.4791666666666667,0.5,0.5,0.5,0.5
FGkS4vJYOpM.004.mp4,0.4222222222222222,0.3883495145631068,0.3271028037383178,0.4835164835164835,0.28125,0.5,0.5,0.5,0.5
Fgq5I4bkq2s.001.mp4,0.43333333333333335,0.4174757281553398,0.3271028037383178,0.5054945054945055,0.40625000000000006,0.5,0.5,0.5,0.5
fH0jgh_VKmE.003.mp4,0.6333333333333333,0.36893203883495146,0.4112149532710281,0.4285714285714285,0.40625000000000006,0.5,0.5,0.5,0.5
FhCOvzMrNs8.000.mp4,0.4444444444444445,0.36893203883495146,0.35514018691588783,0.29670329670329665,0.42708333333333337,0.5,0.5,0.5,0.5
fhUGU2uiS1U.001.mp4,0.7222222222222221,0.6699029126213591,0.794392523364486,0.6153846153846153,0.7812499999999999,0.5,0.5,0.5,0.5
fhUGU2uiS1U.004.mp4,0.8444444444444444,0.8349514563106796,0.7009345794392524,0.7802197802197802,0.7708333333333334,0.5,0.5,0.5,0.5
Fi1ILrwQpSY.001.mp4,0.5444444444444444,0.4563106796116505,0.4299065420560748,0.7142857142857143,0.5729166666666666,0.5,0.5,0.5,0.5
Fi1ILrwQpSY.002.mp4,0.5,0.36893203883495146,0.3457943925233645,0.5274725274725275,0.5,0.5,0.5,0.5,0.5
Fi1ILrwQpSY.003.mp4,0.6,0.4077669902912622,0.4672897196261683,0.5714285714285714,0.5729166666666666,0.5,0.5,0.5,0.5
Fi1ILrwQpSY.005.mp4,0.4666666666666667,0.5048543689320388,0.4579439252336449,0.6813186813186812,0.6041666666666666,0.5,0.5,0.5,0.5
fiEEjrKhlNU.001.mp4,0.5222222222222223,0.7475728155339806,0.39252336448598135,0.4615384615384615,0.5208333333333334,0.5,0.5,0.5,0.5
fiEEjrKhlNU.002.mp4,0.5888888888888889,0.6310679611650486,0.4299065420560748,0.5164835164835165,0.5104166666666666,0.5,0.5,0.5,0.5
fIiXuRlTPa0.000.mp4,0.6666666666666666,0.7669902912621359,0.36448598130841126,0.6923076923076923,0.6666666666666667,0.5,0.5,0.5,0.5
fipvPdFbKN4.000.mp4,0.32222222222222224,0.35922330097087385,0.28037383177570097,0.4945054945054945,0.37499999999999994,0.5,0.5,0.5,0.5
fipvPdFbKN4.004.mp4,0.5777777777777777,0.33980582524271846,0.38317757009345793,0.4505494505494505,0.4375,0.5,0.5,0.5,0.5
fiVkE3iDWY4.004.mp4,0.43333333333333335,0.35922330097087385,0.24299065420560748,0.2637362637362637,0.42708333333333337,0.5,0.5,0.5,0.5
fiVORaERbP0.002.mp4,0.611111111111111,0.7184466019417477,0.5514018691588786,0.6813186813186812,0.6145833333333333,0.5,0.5,0.5,0.5
fiVORaERbP0.004.mp4,0.5222222222222223,0.7669902912621359,0.39252336448598135,0.6483516483516484,0.5833333333333333,0.5,0.5,0.5,0.5
FJPqNQPXp5c.005.mp4,0.611111111111111,0.6019417475728155,0.4485981308411215,0.4065934065934066,0.65625,0.5,0.5,0.5,0.5
fk_ggmC872E.000.mp4,0.5555555555555556,0.5145631067961165,0.37383177570093457,0.5164835164835165,0.4375,0.5,0.5,0.5,0.5
fk_ggmC872E.001.mp4,0.7666666666666666,0.5728155339805825,0.6448598130841123,0.7472527472527474,0.6666666666666667,0.5,0.5,0.5,0.5
fk_ggmC872E.003.mp4,0.811111111111111,0.5048543689320388,0.6074766355140188,0.6263736263736264,0.5625,0.5,0.5,0.5,0.5
fkDqn2muw-A.000.mp4,0.711111111111111,0.6116504854368932,0.5046728971962617,0.5934065934065933,0.7083333333333334,0.5,0.5,0.5,0.5
fkDqn2muw-A.002.mp4,0.7777777777777777,0.6699029126213591,0.6728971962616823,0.7472527472527474,0.6875,0.5,0.5,0.5,0.5
fkDqn2muw-A.003.mp4,0.811111111111111,0.5922330097087379,0.8037383177570094,0.7032967032967032,0.8020833333333334,0.5,0.5,0.5,0.5
FksSYDfLH04.002.mp4,0.5666666666666667,0.4951456310679611,0.5607476635514019,0.6813186813186812,0.59375,0.5,0.5,0.5,0.5
FkuwzJcoRVI.000.mp4,0.5111111111111111,0.42718446601941745,0.4392523364485981,0.3406593406593406,0.5104166666666666,0.5,0.5,0.5,0.5
FkuwzJcoRVI.001.mp4,0.5666666666666667,0.5048543689320388,0.4112149532710281,0.5934065934065933,0.4895833333333333,0.5,0.5,0.5,0.5
FkuwzJcoRVI.003.mp4,0.4888888888888889,0.6019417475728155,0.2897196261682243,0.4065934065934066,0.3333333333333333,0.5,0.5,0.5,0.5
FkuwzJcoRVI.004.mp4,0.4888888888888889,0.47572815533980584,0.26168224299065423,0.3516483516483516,0.3645833333333333,0.5,0.5,0.5,0.5
FkuwzJcoRVI.005.mp4,0.34444444444444444,0.4077669902912622,0.24299065420560748,0.3736263736263736,0.19791666666666666,0.5,0.5,0.5,0.5
FkzVX7SQ9wE.001.mp4,0.7444444444444444,0.6601941747572816,0.5233644859813085,0.6703296703296703,0.5729166666666666,0.5,0.5,0.5,0.5
FkzVX7SQ9wE.002.mp4,0.6222222222222222,0.6116504854368932,0.5420560747663552,0.5824175824175825,0.6041666666666666,0.5,0.5,0.5,0.5
FkzVX7SQ9wE.004.mp4,0.7444444444444444,0.6796116504854369,0.5700934579439253,0.7362637362637363,0.5625,0.5,0.5,0.5,0.5
fL8VYpOTLSM.001.mp4,0.5,0.2815533980582524,0.39252336448598135,0.4065934065934066,0.45833333333333337,0.5,0.5,0.5,0.5
fL8VYpOTLSM.002.mp4,0.3666666666666667,0.47572815533980584,0.4672897196261683,0.4395604395604395,0.4791666666666667,0.5,0.5,0.5,0.5
fL8VYpOTLSM.004.mp4,0.4,0.31067961165048547,0.3271028037383178,0.4395604395604395,0.34374999999999994,0.5,0.5,0.5,0.5
FlAGm93fJa0.000.mp4,0.6666666666666666,0.6601941747572816,0.4953271028037384,0.7252747252747254,0.6041666666666666,0.5,0.5,0.5,0.5
FlAGm93fJa0.004.mp4,0.3,0.4174757281553398,0.4112149532710281,0.5054945054945055,0.29166666666666663,0.5,0.5,0.5,0.5
fLRRMLTFGMQ.000.mp4,0.4222222222222222,0.5145631067961165,0.4112149532710281,0.4285714285714285,0.34374999999999994,0.5,0.5,0.5,0.5
fLRRMLTFGMQ.002.mp4,0.5,0.4563106796116505,0.28037383177570097,0.4285714285714285,0.32291666666666663,0.5,0.5,0.5,0.5
fLRRMLTFGMQ.004.mp4,0.3777777777777778,0.5242718446601942,0.3177570093457944,0.4505494505494505,0.42708333333333337,0.5,0.5,0.5,0.5
fLRRMLTFGMQ.005.mp4,0.5444444444444444,0.6893203883495147,0.4392523364485981,0.6263736263736264,0.5729166666666666,0.5,0.5,0.5,0.5
FM5UaJS-bhg.000.mp4,0.6222222222222222,0.4660194174757281,0.4299065420560748,0.5604395604395604,0.5729166666666666,0.5,0.5,0.5,0.5
FM5UaJS-bhg.001.mp4,0.5555555555555556,0.4174757281553398,0.39252336448598135,0.4175824175824176,0.5104166666666666,0.5,0.5,0.5,0.5
FM5UaJS-bhg.002.mp4,0.38888888888888895,0.3883495145631068,0.3177570093457944,0.29670329670329665,0.45833333333333337,0.5,0.5,0.5,0.5
FM5UaJS-bhg.004.mp4,0.5333333333333333,0.47572815533980584,0.35514018691588783,0.6043956043956044,0.46875,0.5,0.5,0.5,0.5
FM5UaJS-bhg.005.mp4,0.5777777777777777,0.5048543689320388,0.5794392523364487,0.4835164835164835,0.6145833333333333,0.5,0.5,0.5,0.5
fmjILOLc3eg.001.mp4,0.3777777777777778,0.5242718446601942,0.29906542056074764,0.5934065934065933,0.4479166666666667,0.5,0.5,0.5,0.5
fmue_KpW9Ro.000.mp4,0.4777777777777778,0.6504854368932039,0.4018691588785047,0.5274725274725275,0.40625000000000006,0.5,0.5,0.5,0.5
fmue_KpW9Ro.003.mp4,0.4444444444444445,0.5631067961165048,0.30841121495327106,0.4615384615384615,0.29166666666666663,0.5,0.5,0.5,0.5
fmue_KpW9Ro.004.mp4,0.3111111111111111,0.5339805825242718,0.4579439252336449,0.5054945054945055,0.4895833333333333,0.5,0.5,0.5,0.5
fmue_KpW9Ro.005.mp4,0.611111111111111,0.8252427184466018,0.5607476635514019,0.7142857142857143,0.5833333333333333,0.5,0.5,0.5,0.5
FNHMXPaHll0.004.mp4,0.6777777777777777,0.5825242718446602,0.8504672897196264,0.7472527472527474,0.7500000000000001,0.5,0.5,0.5,0.5
FogaU_yB9aY.001.mp4,0.6222222222222222,0.7378640776699029,0.6261682242990655,0.7362637362637363,0.6354166666666666,0.5,0.5,0.5,0.5
foj4bqLSmF8.001.mp4,0.34444444444444444,0.35922330097087385,0.19626168224299068,0.5494505494505494,0.19791666666666666,0.5,0.5,0.5,0.5
foj4bqLSmF8.002.mp4,0.6,0.5339805825242718,0.4953271028037384,0.7252747252747254,0.5208333333333334,0.5,0.5,0.5,0.5
foj4bqLSmF8.003.mp4,0.3666666666666667,0.33980582524271846,0.29906542056074764,0.4835164835164835,0.42708333333333337,0.5,0.5,0.5,0.5
FoWuHvikyqU.001.mp4,0.6444444444444444,0.4951456310679611,0.6822429906542057,0.5934065934065933,0.6458333333333333,0.5,0.5,0.5,0.5
FoWuHvikyqU.003.mp4,0.7777777777777777,0.6601941747572816,0.8130841121495327,0.7362637362637363,0.6875,0.5,0.5,0.5,0.5
FoWuHvikyqU.004.mp4,0.611111111111111,0.3980582524271845,0.5420560747663552,0.3846153846153846,0.53125,0.5,0.5,0.5,0.5
FPfgwGsy8dE.004.mp4,0.4888888888888889,0.7087378640776699,0.33644859813084116,0.4945054945054945,0.5520833333333334,0.5,0.5,0.5,0.5
fPLd_NLF43M.002.mp4,0.5222222222222223,0.5339805825242718,0.5233644859813085,0.5274725274725275,0.5104166666666666,0.5,0.5,0.5,0.5
fpyBDfh7qF0.001.mp4,0.5888888888888889,0.7766990291262136,0.663551401869159,0.6923076923076923,0.5625,0.5,0.5,0.5,0.5
fpyBDfh7qF0.002.mp4,0.5444444444444444,0.7378640776699029,0.5514018691588786,0.5604395604395604,0.59375,0.5,0.5,0.5,0.5
fpyBDfh7qF0.004.mp4,0.711111111111111,0.7669902912621359,0.6542056074766356,0.6483516483516484,0.7916666666666667,0.5,0.5,0.5,0.5
FQMmM3TL5rE.001.mp4,0.6222222222222222,0.7184466019417477,0.39252336448598135,0.4505494505494505,0.5833333333333333,0.5,0.5,0.5,0.5
FQMmM3TL5rE.003.mp4,0.5222222222222223,0.6504854368932039,0.39252336448598135,0.6043956043956044,0.5625,0.5,0.5,0.5,0.5
FQMmM3TL5rE.004.mp4,0.6,0.7087378640776699,0.4112149532710281,0.4725274725274725,0.6354166666666666,0.5,0.5,0.5,0.5
FrOxqNe6sAU.000.mp4,0.5333333333333333,0.8155339805825244,0.38317757009345793,0.5714285714285714,0.5520833333333334,0.5,0.5,0.5,0.5
frsDpQjmC5k.002.mp4,0.6,0.6796116504854369,0.4672897196261683,0.6043956043956044,0.4791666666666667,0.5,0.5,0.5,0.5
frsDpQjmC5k.003.mp4,0.8444444444444444,0.7087378640776699,0.7757009345794394,0.7362637362637363,0.7916666666666667,0.5,0.5,0.5,0.5
fsaslN7xV-w.000.mp4,0.4444444444444445,0.0970873786407767,0.22429906542056074,0.2637362637362637,0.34374999999999994,0.5,0.5,0.5,0.5
fsaslN7xV-w.002.mp4,0.6,0.24271844660194175,0.33644859813084116,0.5604395604395604,0.3854166666666667,0.5,0.5,0.5,0.5
fsaslN7xV-w.004.mp4,0.5888888888888889,0.36893203883495146,0.4112149532710281,0.6813186813186812,0.53125,0.5,0.5,0.5,0.5
FSBBbxNi0iU.004.mp4,0.711111111111111,0.7475728155339806,0.5233644859813085,0.5824175824175825,0.7916666666666667,0.5,0.5,0.5,0.5
FSBBbxNi0iU.005.mp4,0.5444444444444444,0.6990291262135921,0.4485981308411215,0.5604395604395604,0.6666666666666667,0.5,0.5,0.5,0.5
fsCK8Xuzl1Y.000.mp4,0.711111111111111,0.5728155339805825,0.6074766355140188,0.5384615384615384,0.5625,0.5,0.5,0.5,0.5
fsCK8Xuzl1Y.003.mp4,0.5444444444444444,0.5533980582524272,0.39252336448598135,0.3956043956043956,0.46875,0.5,0.5,0.5,0.5
fsCK8Xuzl1Y.004.mp4,0.5333333333333333,0.6504854368932039,0.5327102803738318,0.6153846153846153,0.5104166666666666,0.5,0.5,0.5,0.5
fSDA4eEyGHk.000.mp4,0.5333333333333333,0.5922330097087379,0.5046728971962617,0.7582417582417583,0.6145833333333333,0.5,0.5,0.5,0.5
fSDA4eEyGHk.002.mp4,0.5222222222222223,0.4466019417475728,0.5514018691588786,0.4505494505494505,0.5416666666666666,0.5,0.5,0.5,0.5
fSDA4eEyGHk.004.mp4,0.4222222222222222,0.47572815533980584,0.4953271028037384,0.5824175824175825,0.5104166666666666,0.5,0.5,0.5,0.5
fSkQXqXR7D0.000.mp4,0.5555555555555556,0.4854368932038835,0.4205607476635514,0.6263736263736264,0.4791666666666667,0.5,0.5,0.5,0.5
fSkQXqXR7D0.001.mp4,0.7222222222222221,0.5048543689320388,0.5140186915887851,0.813186813186813,0.6979166666666666,0.5,0.5,0.5,0.5
fSkQXqXR7D0.002.mp4,0.5222222222222223,0.5048543689320388,0.33644859813084116,0.5824175824175825,0.59375,0.5,0.5,0.5,0.5
fSkQXqXR7D0.004.mp4,0.5,0.5048543689320388,0.39252336448598135,0.7142857142857143,0.6041666666666666,0.5,0.5,0.5,0.5
fsLf6Xv_Gbk.001.mp4,0.6333333333333333,0.7475728155339806,0.6448598130841123,0.6043956043956044,0.7187499999999999,0.5,0.5,0.5,0.5
Ft0ahViXZPc.001.mp4,0.8666666666666667,0.6504854368932039,0.6542056074766356,0.7032967032967032,0.7187499999999999,0.5,0.5,0.5,0.5
Ft0ahViXZPc.003.mp4,0.6333333333333333,0.47572815533980584,0.5046728971962617,0.6593406593406592,0.6458333333333333,0.5,0.5,0.5,0.5
fTpemcfElxI.000.mp4,0.24444444444444444,0.36893203883495146,0.26168224299065423,0.30769230769230765,0.37499999999999994,0.5,0.5,0.5,0.5
fTpemcfElxI.001.mp4,0.6222222222222222,0.5436893203883495,0.5607476635514019,0.5494505494505494,0.7291666666666667,0.5,0.5,0.5,0.5
fTpemcfElxI.003.mp4,0.5333333333333333,0.7184466019417477,0.4205607476635514,0.5054945054945055,0.625,0.5,0.5,0.5,0.5
fTpemcfElxI.004.mp4,0.5222222222222223,0.47572815533980584,0.4112149532710281,0.3736263736263736,0.5625,0.5,0.5,0.5,0.5
fTpemcfElxI.005.mp4,0.4444444444444445,0.4077669902912622,0.3271028037383178,0.4175824175824176,0.5208333333333334,0.5,0.5,0.5,0.5
FU1ak530DDo.001.mp4,0.5777777777777777,0.3980582524271845,0.4672897196261683,0.4725274725274725,0.40625000000000006,0.5,0.5,0.5,0.5
FU1ak530DDo.003.mp4,0.811111111111111,0.6796116504854369,0.6448598130841123,0.6263736263736264,0.65625,0.5,0.5,0.5,0.5
fUIWjaZCYwM.000.mp4,0.6,0.3300970873786408,0.6448598130841123,0.5274725274725275,0.5625,0.5,0.5,0.5,0.5
fUIWjaZCYwM.001.mp4,0.28888888888888886,0.07766990291262134,0.14953271028037385,0.2637362637362637,0.32291666666666663,0.5,0.5,0.5,0.5
fuKtMm2WR0g.001.mp4,0.4222222222222222,0.5048543689320388,0.4579439252336449,0.6263736263736264,0.4166666666666667,0.5,0.5,0.5,0.5
fv5lLeyRdd4.001.mp4,0.611111111111111,0.6407766990291262,0.4953271028037384,0.6043956043956044,0.4791666666666667,0.5,0.5,0.5,0.5
fv5lLeyRdd4.002.mp4,0.6888888888888889,0.6116504854368932,0.5514018691588786,0.6263736263736264,0.7083333333333334,0.5,0.5,0.5,0.5
fv5lLeyRdd4.004.mp4,0.4222222222222222,0.6116504854368932,0.35514018691588783,0.4725274725274725,0.4166666666666667,0.5,0.5,0.5,0.5
fv5lLeyRdd4.005.mp4,0.611111111111111,0.7961165048543688,0.5327102803738318,0.6043956043956044,0.5416666666666666,0.5,0.5,0.5,0.5
FvjIziLzffo.002.mp4,0.7333333333333333,0.5825242718446602,0.5140186915887851,0.5824175824175825,0.6458333333333333,0.5,0.5,0.5,0.5
FvjIziLzffo.003.mp4,0.811111111111111,0.7184466019417477,0.5794392523364487,0.5934065934065933,0.625,0.5,0.5,0.5,0.5
FvjIziLzffo.004.mp4,0.7,0.6990291262135921,0.4953271028037384,0.5604395604395604,0.6666666666666667,0.5,0.5,0.5,0.5
FwjoTGcsFNg.000.mp4,0.7,0.5048543689320388,0.6542056074766356,0.6263736263736264,0.6354166666666666,0.5,0.5,0.5,0.5
FwjoTGcsFNg.001.mp4,0.6444444444444444,0.5728155339805825,0.6355140186915887,0.7142857142857143,0.5208333333333334,0.5,0.5,0.5,0.5
FwjoTGcsFNg.002.mp4,0.6444444444444444,0.6893203883495147,0.4485981308411215,0.5604395604395604,0.5520833333333334,0.5,0.5,0.5,0.5
FwjoTGcsFNg.003.mp4,0.7777777777777777,0.7281553398058251,0.6822429906542057,0.6813186813186812,0.84375,0.5,0.5,0.5,0.5
fwJykIyvS04.001.mp4,0.41111111111111115,0.5533980582524272,0.4953271028037384,0.4505494505494505,0.5520833333333334,0.5,0.5,0.5,0.5
fwYZP8qOtC0.005.mp4,0.8666666666666667,0.5825242718446602,0.6822429906542057,0.6153846153846153,0.6875,0.5,0.5,0.5,0.5
FxVUG2R1y0Q.000.mp4,0.7333333333333333,0.5145631067961165,0.663551401869159,0.6373626373626373,0.5729166666666666,0.5,0.5,0.5,0.5
FxVUG2R1y0Q.001.mp4,0.7666666666666666,0.6990291262135921,0.6355140186915887,0.7252747252747254,0.59375,0.5,0.5,0.5,0.5
FxVUG2R1y0Q.004.mp4,0.7999999999999999,0.8543689320388351,0.8785046728971965,0.835164835164835,0.8958333333333334,0.5,0.5,0.5,0.5
fY4tctYZTz8.003.mp4,0.4777777777777778,0.6213592233009709,0.2897196261682243,0.3626373626373627,0.34374999999999994,0.5,0.5,0.5,0.5
fY4tctYZTz8.005.mp4,0.43333333333333335,0.4660194174757281,0.18691588785046728,0.4175824175824176,0.39583333333333337,0.5,0.5,0.5,0.5
fYUcoKDyRiU.001.mp4,0.4444444444444445,0.4660194174757281,0.4579439252336449,0.4065934065934066,0.45833333333333337,0.5,0.5,0.5,0.5
fyXiORXmWHs.002.mp4,0.33333333333333337,0.3203883495145631,0.4485981308411215,0.4065934065934066,0.32291666666666663,0.5,0.5,0.5,0.5
fyXiORXmWHs.003.mp4,0.6555555555555556,0.3883495145631068,0.5607476635514019,0.6263736263736264,0.53125,0.5,0.5,0.5,0.5
Fz1BcPpjNXY.001.mp4,0.38888888888888895,0.35922330097087385,0.29906542056074764,0.4615384615384615,0.2395833333333333,0.5,0.5,0.5,0.5
FZYN9ZFngFM.001.mp4,0.5,0.5922330097087379,0.4018691588785047,0.5604395604395604,0.46875,0.5,0.5,0.5,0.5
G-25EWOIGNs.000.mp4,0.4777777777777778,0.6116504854368932,0.5233644859813085,0.5604395604395604,0.625,0.5,0.5,0.5,0.5
G-25EWOIGNs.001.mp4,0.5666666666666667,0.6116504854368932,0.5327102803738318,0.4725274725274725,0.5104166666666666,0.5,0.5,0.5,0.5
G-25EWOIGNs.002.mp4,0.6666666666666666,0.6407766990291262,0.5700934579439253,0.5164835164835165,0.5729166666666666,0.5,0.5,0.5,0.5
G-25EWOIGNs.004.mp4,0.6333333333333333,0.6504854368932039,0.6448598130841123,0.6373626373626373,0.6041666666666666,0.5,0.5,0.5,0.5
G-25EWOIGNs.005.mp4,0.7222222222222221,0.6407766990291262,0.6448598130841123,0.6153846153846153,0.5729166666666666,0.5,0.5,0.5,0.5
g00oS-Kt248.001.mp4,0.6777777777777777,0.6019417475728155,0.6355140186915887,0.7032967032967032,0.7187499999999999,0.5,0.5,0.5,0.5
g0PWBzU95sI.000.mp4,0.811111111111111,0.6407766990291262,0.6168224299065421,0.6593406593406592,0.8020833333333334,0.5,0.5,0.5,0.5
g0PWBzU95sI.001.mp4,0.6,0.5145631067961165,0.6074766355140188,0.5164835164835165,0.4895833333333333,0.5,0.5,0.5,0.5
g0PWBzU95sI.004.mp4,0.5888888888888889,0.6504854368932039,0.5700934579439253,0.6923076923076923,0.6770833333333334,0.5,0.5,0.5,0.5
g0Zlp-F6Z6E.001.mp4,0.7777777777777777,0.7087378640776699,0.6355140186915887,0.6043956043956044,0.6458333333333333,0.5,0.5,0.5,0.5
g0Zlp-F6Z6E.003.mp4,0.7,0.7378640776699029,0.663551401869159,0.6373626373626373,0.6770833333333334,0.5,0.5,0.5,0.5
g0Zlp-F6Z6E.004.mp4,0.6888888888888889,0.6310679611650486,0.6074766355140188,0.5274725274725275,0.7187499999999999,0.5,0.5,0.5,0.5
g1TMjzZH8bw.000.mp4,0.38888888888888895,0.3300970873786408,0.22429906542056074,0.3956043956043956,0.2708333333333333,0.5,0.5,0.5,0.5
g1TMjzZH8bw.002.mp4,0.5,0.42718446601941745,0.4299065420560748,0.5274725274725275,0.4791666666666667,0.5,0.5,0.5,0.5
g1TMjzZH8bw.004.mp4,0.2777777777777778,0.2815533980582524,0.37383177570093457,0.31868131868131866,0.32291666666666663,0.5,0.5,0.5,0.5
g24JGYuT74A.002.mp4,0.6,0.3883495145631068,0.33644859813084116,0.5714285714285714,0.5208333333333334,0.5,0.5,0.5,0.5
g24JGYuT74A.003.mp4,0.5555555555555556,0.22330097087378642,0.4018691588785047,0.4065934065934066,0.3854166666666667,0.5,0.5,0.5,0.5
G2D3qU6R_YA.001.mp4,0.6888888888888889,0.8252427184466018,0.5140186915887851,0.7252747252747254,0.8125000000000001,0.5,0.5,0.5,0.5
G2D3qU6R_YA.002.mp4,0.4777777777777778,0.7184466019417477,0.4112149532710281,0.4395604395604395,0.45833333333333337,0.5,0.5,0.5,0.5
G2D3qU6R_YA.004.mp4,0.711111111111111,0.6893203883495147,0.48598130841121495,0.6373626373626373,0.5729166666666666,0.5,0.5,0.5,0.5
g4PQ753TDls.000.mp4,0.611111111111111,0.3786407766990291,0.5794392523364487,0.6373626373626373,0.5833333333333333,0.5,0.5,0.5,0.5
G7hYffrZ1Hc.004.mp4,0.5777777777777777,0.5825242718446602,0.5700934579439253,0.7362637362637363,0.5833333333333333,0.5,0.5,0.5,0.5
G7hYffrZ1Hc.005.mp4,0.5,0.47572815533980584,0.4392523364485981,0.6593406593406592,0.4166666666666667,0.5,0.5,0.5,0.5
G7QTNbKbu_4.003.mp4,0.6444444444444444,0.5922330097087379,0.5514018691588786,0.5604395604395604,0.5833333333333333,0.5,0.5,0.5,0.5
G7QTNbKbu_4.005.mp4,0.5666666666666667,0.42718446601941745,0.37383177570093457,0.4395604395604395,0.5208333333333334,0.5,0.5,0.5,0.5
g7sDGH8APwk.000.mp4,0.5888888888888889,0.4563106796116505,0.5700934579439253,0.4175824175824176,0.45833333333333337,0.5,0.5,0.5,0.5
g8rjtlzAQ6k.002.mp4,0.6666666666666666,0.5242718446601942,0.6822429906542057,0.6703296703296703,0.6458333333333333,0.5,0.5,0.5,0.5
g8rjtlzAQ6k.003.mp4,0.6555555555555556,0.6019417475728155,0.5607476635514019,0.7362637362637363,0.6666666666666667,0.5,0.5,0.5,0.5
g9zgIN56MnQ.001.mp4,0.5222222222222223,0.5436893203883495,0.6074766355140188,0.7472527472527474,0.6145833333333333,0.5,0.5,0.5,0.5
g9zgIN56MnQ.004.mp4,0.5444444444444444,0.4660194174757281,0.5794392523364487,0.6593406593406592,0.46875,0.5,0.5,0.5,0.5
g9zgIN56MnQ.005.mp4,0.4777777777777778,0.3786407766990291,0.5981308411214954,0.7912087912087912,0.5729166666666666,0.5,0.5,0.5,0.5
g_UeE-1ghtQ.001.mp4,0.711111111111111,0.6990291262135921,0.4672897196261683,0.7252747252747254,0.625,0.5,0.5,0.5,0.5
G_VQne_BXWE.002.mp4,0.8222222222222221,0.6504854368932039,0.7289719626168225,0.5934065934065933,0.6770833333333334,0.5,0.5,0.5,0.5
ga_XczsO4eY.000.mp4,0.5666666666666667,0.4174757281553398,0.39252336448598135,0.4615384615384615,0.46875,0.5,0.5,0.5,0.5
ga_XczsO4eY.001.mp4,0.4,0.3980582524271845,0.4579439252336449,0.5274725274725275,0.5208333333333334,0.5,0.5,0.5,0.5
ga_XczsO4eY.004.mp4,0.811111111111111,0.5339805825242718,0.6074766355140188,0.5384615384615384,0.6770833333333334,0.5,0.5,0.5,0.5
ga_XczsO4eY.005.mp4,0.6333333333333333,0.5631067961165048,0.5514018691588786,0.6153846153846153,0.625,0.5,0.5,0.5,0.5
GaUs3UUUtmw.001.mp4,0.5777777777777777,0.5631067961165048,0.4392523364485981,0.5054945054945055,0.4479166666666667,0.5,0.5,0.5,0.5
gAWA-fcIa_M.001.mp4,0.6,0.5048543689320388,0.5233644859813085,0.5714285714285714,0.5208333333333334,0.5,0.5,0.5,0.5
gAWA-fcIa_M.002.mp4,0.5777777777777777,0.6601941747572816,0.5420560747663552,0.4395604395604395,0.45833333333333337,0.5,0.5,0.5,0.5
gAWA-fcIa_M.003.mp4,0.3777777777777778,0.4368932038834952,0.39252336448598135,0.4065934065934066,0.3854166666666667,0.5,0.5,0.5,0.5
gAWA-fcIa_M.004.mp4,0.6,0.4368932038834952,0.5140186915887851,0.6153846153846153,0.5104166666666666,0.5,0.5,0.5,0.5
gAWA-fcIa_M.005.mp4,0.5444444444444444,0.7087378640776699,0.4112149532710281,0.6593406593406592,0.5833333333333333,0.5,0.5,0.5,0.5
gChqk1izWkc.002.mp4,0.5666666666666667,0.4077669902912622,0.5514018691588786,0.4835164835164835,0.4479166666666667,0.5,0.5,0.5,0.5
GCkOL2jLSQA.000.mp4,0.6666666666666666,0.6796116504854369,0.5233644859813085,0.4505494505494505,0.6458333333333333,0.5,0.5,0.5,0.5
GCkOL2jLSQA.001.mp4,0.5555555555555556,0.5145631067961165,0.5420560747663552,0.6043956043956044,0.5625,0.5,0.5,0.5,0.5
GCkOL2jLSQA.002.mp4,0.45555555555555555,0.5436893203883495,0.37383177570093457,0.5934065934065933,0.5729166666666666,0.5,0.5,0.5,0.5
GCkOL2jLSQA.005.mp4,0.5777777777777777,0.5339805825242718,0.4392523364485981,0.5054945054945055,0.625,0.5,0.5,0.5,0.5
gCQT7zfS7sI.001.mp4,0.41111111111111115,0.5339805825242718,0.2336448598130841,0.4615384615384615,0.4479166666666667,0.5,0.5,0.5,0.5
gCQT7zfS7sI.002.mp4,0.4222222222222222,0.5728155339805825,0.24299065420560748,0.5824175824175825,0.5,0.5,0.5,0.5,0.5
Gd08FYfFRtk.000.mp4,0.6333333333333333,0.5728155339805825,0.6355140186915887,0.6923076923076923,0.6354166666666666,0.5,0.5,0.5,0.5
Gd08FYfFRtk.001.mp4,0.4777777777777778,0.3495145631067961,0.4485981308411215,0.6813186813186812,0.4375,0.5,0.5,0.5,0.5
Gd08FYfFRtk.004.mp4,0.7777777777777777,0.6504854368932039,0.588785046728972,0.6923076923076923,0.625,0.5,0.5,0.5,0.5
Gd08FYfFRtk.005.mp4,0.5,0.5922330097087379,0.6168224299065421,0.5054945054945055,0.6145833333333333,0.5,0.5,0.5,0.5
Gdrgw7Z6tLg.002.mp4,0.6,0.33980582524271846,0.48598130841121495,0.6263736263736264,0.5833333333333333,0.5,0.5,0.5,0.5
Gdrgw7Z6tLg.003.mp4,0.6333333333333333,0.5048543689320388,0.5981308411214954,0.6483516483516484,0.5833333333333333,0.5,0.5,0.5,0.5
Gdv79afXNKE.003.mp4,0.6888888888888889,0.6407766990291262,0.7850467289719627,0.5494505494505494,0.6354166666666666,0.5,0.5,0.5,0.5
Gdv79afXNKE.005.mp4,0.7444444444444444,0.6504854368932039,0.6168224299065421,0.4725274725274725,0.6979166666666666,0.5,0.5,0.5,0.5
geji1U2YAvg.002.mp4,0.888888888888889,0.6990291262135921,0.7009345794392524,0.5604395604395604,0.7604166666666666,0.5,0.5,0.5,0.5
geXpIfaFzF4.001.mp4,0.5333333333333333,0.47572815533980584,0.5420560747663552,0.7142857142857143,0.5520833333333334,0.5,0.5,0.5,0.5
geXpIfaFzF4.002.mp4,0.6444444444444444,0.5145631067961165,0.47663551401869164,0.5494505494505494,0.6666666666666667,0.5,0.5,0.5,0.5
geXpIfaFzF4.003.mp4,0.5777777777777777,0.5533980582524272,0.4299065420560748,0.5384615384615384,0.5208333333333334,0.5,0.5,0.5,0.5
geXpIfaFzF4.004.mp4,0.5555555555555556,0.6601941747572816,0.5233644859813085,0.6373626373626373,0.625,0.5,0.5,0.5,0.5
gFEntQ_UKvk.002.mp4,0.7888888888888888,0.7378640776699029,0.5607476635514019,0.6813186813186812,0.6770833333333334,0.5,0.5,0.5,0.5
gFEntQ_UKvk.003.mp4,0.6555555555555556,0.7184466019417477,0.4953271028037384,0.6813186813186812,0.5625,0.5,0.5,0.5,0.5
gfTTzlRNF8s.003.mp4,0.6333333333333333,0.5825242718446602,0.5607476635514019,0.6043956043956044,0.53125,0.5,0.5,0.5,0.5
Gg4OMtVe7lk.000.mp4,0.6555555555555556,0.5048543689320388,0.5420560747663552,0.6153846153846153,0.5729166666666666,0.5,0.5,0.5,0.5
Gg4OMtVe7lk.001.mp4,0.5777777777777777,0.47572815533980584,0.5327102803738318,0.5384615384615384,0.5729166666666666,0.5,0.5,0.5,0.5
Gg4OMtVe7lk.002.mp4,0.7999999999999999,0.5048543689320388,0.7850467289719627,0.7472527472527474,0.7604166666666666,0.5,0.5,0.5,0.5
GG9WPQLI_rg.000.mp4,0.7222222222222221,0.5825242718446602,0.7289719626168225,0.7252747252747254,0.6875,0.5,0.5,0.5,0.5
GG9WPQLI_rg.004.mp4,0.6222222222222222,0.6310679611650486,0.6074766355140188,0.5934065934065933,0.7916666666666667,0.5,0.5,0.5,0.5
GG9WPQLI_rg.005.mp4,0.5777777777777777,0.4466019417475728,0.5794392523364487,0.4505494505494505,0.53125,0.5,0.5,0.5,0.5
gggp205gPMI.001.mp4,0.38888888888888895,0.5048543689320388,0.3177570093457944,0.4175824175824176,0.4791666666666667,0.5,0.5,0.5,0.5
gggp205gPMI.003.mp4,0.6888888888888889,0.6310679611650486,0.5514018691588786,0.6703296703296703,0.59375,0.5,0.5,0.5,0.5
GGiKj4OC2Jk.001.mp4,0.7555555555555554,0.7087378640776699,0.5327102803738318,0.5934065934065933,0.5416666666666666,0.5,0.5,0.5,0.5
GHetseJP358.001.mp4,0.5555555555555556,0.36893203883495146,0.35514018691588783,0.4725274725274725,0.4166666666666667,0.5,0.5,0.5,0.5
GHetseJP358.004.mp4,0.811111111111111,0.4951456310679611,0.6728971962616823,0.7032967032967032,0.6875,0.5,0.5,0.5,0.5
gipWTZy9mjI.000.mp4,0.3666666666666667,0.4563106796116505,0.17757009345794392,0.4835164835164835,0.17708333333333331,0.5,0.5,0.5,0.5
gipWTZy9mjI.002.mp4,0.3777777777777778,0.4951456310679611,0.33644859813084116,0.5824175824175825,0.34374999999999994,0.5,0.5,0.5,0.5
gipWTZy9mjI.003.mp4,0.4777777777777778,0.5728155339805825,0.4392523364485981,0.4945054945054945,0.42708333333333337,0.5,0.5,0.5,0.5
gipWTZy9mjI.005.mp4,0.5111111111111111,0.4563106796116505,0.4579439252336449,0.6043956043956044,0.45833333333333337,0.5,0.5,0.5,0.5
gj3-xvhPeWg.003.mp4,0.6666666666666666,0.6019417475728155,0.5046728971962617,0.6483516483516484,0.6770833333333334,0.5,0.5,0.5,0.5
gj3-xvhPeWg.005.mp4,0.5111111111111111,0.6601941747572816,0.38317757009345793,0.6263736263736264,0.5729166666666666,0.5,0.5,0.5,0.5
Gk94xrcmFts.000.mp4,0.28888888888888886,0.18446601941747573,0.14018691588785046,0.14285714285714282,0.1458333333333333,0.5,0.5,0.5,0.5
Gk94xrcmFts.002.mp4,0.4777777777777778,0.3495145631067961,0.20560747663551404,0.3626373626373627,0.20833333333333331,0.5,0.5,0.5,0.5
Gk94xrcmFts.003.mp4,0.5111111111111111,0.31067961165048547,0.26168224299065423,0.32967032967032966,0.2604166666666667,0.5,0.5,0.5,0.5
Gk94xrcmFts.004.mp4,0.5666666666666667,0.3203883495145631,0.25233644859813087,0.3736263736263736,0.32291666666666663,0.5,0.5,0.5,0.5
Gk94xrcmFts.005.mp4,0.3777777777777778,0.12621359223300968,0.19626168224299068,0.24175824175824176,0.06249999999999998,0.5,0.5,0.5,0.5
GkA0RCMSWF4.000.mp4,0.5888888888888889,0.4660194174757281,0.5420560747663552,0.5494505494505494,0.5,0.5,0.5,0.5,0.5
gkKHdsF6du4.000.mp4,0.888888888888889,0.6601941747572816,0.588785046728972,0.6153846153846153,0.6770833333333334,0.5,0.5,0.5,0.5
gkKHdsF6du4.003.mp4,0.611111111111111,0.5339805825242718,0.6168224299065421,0.6043956043956044,0.65625,0.5,0.5,0.5,0.5
gkKHdsF6du4.004.mp4,0.711111111111111,0.6407766990291262,0.7009345794392524,0.846153846153846,0.7500000000000001,0.5,0.5,0.5,0.5
GkPz3-y6Les.001.mp4,0.45555555555555555,0.4854368932038835,0.39252336448598135,0.5604395604395604,0.42708333333333337,0.5,0.5,0.5,0.5
gktkLqLHMGs.001.mp4,0.3111111111111111,0.33980582524271846,0.3457943925233645,0.4285714285714285,0.3125,0.5,0.5,0.5,0.5
Gl93Hw1A2kY.002.mp4,0.38888888888888895,0.4466019417475728,0.30841121495327106,0.4395604395604395,0.3125,0.5,0.5,0.5,0.5
Gl93Hw1A2kY.003.mp4,0.5111111111111111,0.5242718446601942,0.4299065420560748,0.4175824175824176,0.3854166666666667,0.5,0.5,0.5,0.5
Gl93Hw1A2kY.005.mp4,0.43333333333333335,0.42718446601941745,0.4485981308411215,0.4505494505494505,0.4166666666666667,0.5,0.5,0.5,0.5
glgfB3vFewc.000.mp4,0.8333333333333333,0.8349514563106796,0.7476635514018694,0.901098901098901,0.7708333333333334,0.5,0.5,0.5,0.5
glgfB3vFewc.002.mp4,0.6444444444444444,0.6601941747572816,0.4672897196261683,0.7912087912087912,0.6458333333333333,0.5,0.5,0.5,0.5
glgfB3vFewc.003.mp4,0.5444444444444444,0.8446601941747574,0.5233644859813085,0.6813186813186812,0.65625,0.5,0.5,0.5,0.5
gLtvOEy7m8Q.002.mp4,0.7222222222222221,0.7475728155339806,0.6542056074766356,0.7142857142857143,0.5416666666666666,0.5,0.5,0.5,0.5
gLtvOEy7m8Q.005.mp4,0.7222222222222221,0.6990291262135921,0.5140186915887851,0.6483516483516484,0.7395833333333333,0.5,0.5,0.5,0.5
gM_KAA-ejJA.005.mp4,0.811111111111111,0.8252427184466018,0.6822429906542057,0.7032967032967032,0.7604166666666666,0.5,0.5,0.5,0.5
GMwEmLo-gfc.000.mp4,0.711111111111111,0.4951456310679611,0.6261682242990655,0.5384615384615384,0.7604166666666666,0.5,0.5,0.5,0.5
GMwEmLo-gfc.002.mp4,0.7,0.36893203883495146,0.4953271028037384,0.6043956043956044,0.5729166666666666,0.5,0.5,0.5,0.5
GMwEmLo-gfc.003.mp4,0.5888888888888889,0.5728155339805825,0.4953271028037384,0.6923076923076923,0.6145833333333333,0.5,0.5,0.5,0.5
GMwEmLo-gfc.004.mp4,0.7888888888888888,0.6116504854368932,0.6448598130841123,0.813186813186813,0.7604166666666666,0.5,0.5,0.5,0.5
gngqDNTAXnI.002.mp4,0.6333333333333333,0.7087378640776699,0.4392523364485981,0.5054945054945055,0.5625,0.5,0.5,0.5,0.5
gngqDNTAXnI.004.mp4,0.6777777777777777,0.8446601941747574,0.5046728971962617,0.7582417582417583,0.625,0.5,0.5,0.5,0.5
GO6s-qDADuU.004.mp4,0.4777777777777778,0.4854368932038835,0.5700934579439253,0.6593406593406592,0.59375,0.5,0.5,0.5,0.5
GocSYjCaMlA.005.mp4,0.4888888888888889,0.35922330097087385,0.4392523364485981,0.4615384615384615,0.35416666666666663,0.5,0.5,0.5,0.5
Gomd4Y8-D2Q.005.mp4,0.6,0.4077669902912622,0.4485981308411215,0.5604395604395604,0.6145833333333333,0.5,0.5,0.5,0.5
gOS-CneQsxI.003.mp4,0.7222222222222221,0.33980582524271846,0.6355140186915887,0.5274725274725275,0.4895833333333333,0.5,0.5,0.5,0.5
gq0yaEv6gSE.000.mp4,0.25555555555555554,0.3203883495145631,0.26168224299065423,0.29670329670329665,0.2604166666666667,0.5,0.5,0.5,0.5
gq0yaEv6gSE.002.mp4,0.5111111111111111,0.4466019417475728,0.39252336448598135,0.6483516483516484,0.3854166666666667,0.5,0.5,0.5,0.5
GQczMGrVgbc.000.mp4,0.7,0.6990291262135921,0.6448598130841123,0.5824175824175825,0.5416666666666666,0.5,0.5,0.5,0.5
GQczMGrVgbc.001.mp4,0.5444444444444444,0.6407766990291262,0.5700934579439253,0.7032967032967032,0.6666666666666667,0.5,0.5,0.5,0.5
GQczMGrVgbc.002.mp4,0.41111111111111115,0.6310679611650486,0.3457943925233645,0.5934065934065933,0.32291666666666663,0.5,0.5,0.5,0.5
GquB5W7bzFo.003.mp4,0.6222222222222222,0.5728155339805825,0.5327102803738318,0.7252747252747254,0.5520833333333334,0.5,0.5,0.5,0.5
GR-P1m_Yvm0.000.mp4,0.5777777777777777,0.5242718446601942,0.47663551401869164,0.3956043956043956,0.37499999999999994,0.5,0.5,0.5,0.5
GR-P1m_Yvm0.005.mp4,0.5888888888888889,0.4466019417475728,0.5327102803738318,0.7802197802197802,0.59375,0.5,0.5,0.5,0.5
grhDDOLsBho.000.mp4,0.5555555555555556,0.23300970873786406,0.48598130841121495,0.5714285714285714,0.53125,0.5,0.5,0.5,0.5
grhDDOLsBho.002.mp4,0.5333333333333333,0.36893203883495146,0.5233644859813085,0.4945054945054945,0.5104166666666666,0.5,0.5,0.5,0.5
grhDDOLsBho.004.mp4,0.5444444444444444,0.4466019417475728,0.5420560747663552,0.7142857142857143,0.5833333333333333,0.5,0.5,0.5,0.5
grhDDOLsBho.005.mp4,0.5111111111111111,0.3495145631067961,0.5140186915887851,0.4725274725274725,0.4895833333333333,0.5,0.5,0.5,0.5
GRXPm8mmidw.000.mp4,0.45555555555555555,0.36893203883495146,0.4112149532710281,0.4725274725274725,0.42708333333333337,0.5,0.5,0.5,0.5
Gs-AdRcYSPo.000.mp4,0.7222222222222221,0.6407766990291262,0.5794392523364487,0.5714285714285714,0.7187499999999999,0.5,0.5,0.5,0.5
Gs-AdRcYSPo.001.mp4,0.7666666666666666,0.5631067961165048,0.5514018691588786,0.6153846153846153,0.6354166666666666,0.5,0.5,0.5,0.5
Gs-AdRcYSPo.004.mp4,0.711111111111111,0.6601941747572816,0.5514018691588786,0.6593406593406592,0.6354166666666666,0.5,0.5,0.5,0.5
GS7cBLgZKgk.000.mp4,0.25555555555555554,0.36893203883495146,0.28037383177570097,0.3736263736263736,0.22916666666666663,0.5,0.5,0.5,0.5
GS7cBLgZKgk.001.mp4,0.22222222222222224,0.2038834951456311,0.2336448598130841,0.21978021978021975,0.18749999999999997,0.5,0.5,0.5,0.5
GS7cBLgZKgk.002.mp4,0.41111111111111115,0.3300970873786408,0.25233644859813087,0.30769230769230765,0.3020833333333333,0.5,0.5,0.5,0.5
GS7cBLgZKgk.003.mp4,0.3,0.2912621359223301,0.19626168224299068,0.21978021978021975,0.2604166666666667,0.5,0.5,0.5,0.5
GS7cBLgZKgk.004.mp4,0.25555555555555554,0.30097087378640774,0.22429906542056074,0.31868131868131866,0.2708333333333333,0.5,0.5,0.5,0.5
gSCurvS_vWU.004.mp4,0.6222222222222222,0.4563106796116505,0.4579439252336449,0.5494505494505494,0.5520833333333334,0.5,0.5,0.5,0.5
gsleSGEZHAs.000.mp4,0.5666666666666667,0.6601941747572816,0.37383177570093457,0.5384615384615384,0.5416666666666666,0.5,0.5,0.5,0.5
gsleSGEZHAs.001.mp4,0.6444444444444444,0.6504854368932039,0.47663551401869164,0.7912087912087912,0.6666666666666667,0.5,0.5,0.5,0.5
gsleSGEZHAs.002.mp4,0.4222222222222222,0.6893203883495147,0.37383177570093457,0.6703296703296703,0.5,0.5,0.5,0.5,0.5
gsleSGEZHAs.004.mp4,0.6333333333333333,0.6407766990291262,0.37383177570093457,0.6043956043956044,0.5833333333333333,0.5,0.5,0.5,0.5
gsleSGEZHAs.005.mp4,0.6444444444444444,0.6796116504854369,0.4485981308411215,0.5494505494505494,0.5833333333333333,0.5,0.5,0.5,0.5
GTmHSF6vNWc.001.mp4,0.711111111111111,0.5825242718446602,0.6542056074766356,0.7362637362637363,0.6458333333333333,0.5,0.5,0.5,0.5
GTmHSF6vNWc.002.mp4,0.7222222222222221,0.5533980582524272,0.5607476635514019,0.5274725274725275,0.6145833333333333,0.5,0.5,0.5,0.5
GTmHSF6vNWc.003.mp4,0.7444444444444444,0.5631067961165048,0.48598130841121495,0.5054945054945055,0.6354166666666666,0.5,0.5,0.5,0.5
GTmHSF6vNWc.005.mp4,0.7666666666666666,0.6504854368932039,0.6074766355140188,0.6593406593406592,0.7500000000000001,0.5,0.5,0.5,0.5
GUxm9AWVpOI.000.mp4,0.6777777777777777,0.5339805825242718,0.6355140186915887,0.7032967032967032,0.5729166666666666,0.5,0.5,0.5,0.5
GUxm9AWVpOI.003.mp4,0.5555555555555556,0.4660194174757281,0.5140186915887851,0.4945054945054945,0.3333333333333333,0.5,0.5,0.5,0.5
gUyH1qvbOZA.000.mp4,0.7777777777777777,0.7864077669902914,0.588785046728972,0.5164835164835165,0.8541666666666667,0.5,0.5,0.5,0.5
gUyH1qvbOZA.004.mp4,0.6777777777777777,0.7572815533980582,0.6448598130841123,0.7362637362637363,0.8125000000000001,0.5,0.5,0.5,0.5
gUyH1qvbOZA.005.mp4,0.7,0.6116504854368932,0.5420560747663552,0.5714285714285714,0.65625,0.5,0.5,0.5,0.5
Gvdh94z-SoM.002.mp4,0.5,0.4951456310679611,0.37383177570093457,0.6153846153846153,0.3854166666666667,0.5,0.5,0.5,0.5
gWCgqVn3m3k.000.mp4,0.8222222222222221,0.6796116504854369,0.7663551401869159,0.7912087912087912,0.7395833333333333,0.5,0.5,0.5,0.5
gWCgqVn3m3k.001.mp4,0.7666666666666666,0.6310679611650486,0.7289719626168225,0.7142857142857143,0.7083333333333334,0.5,0.5,0.5,0.5
GwKmjEb3qN0.001.mp4,0.3666666666666667,0.27184466019417475,0.29906542056074764,0.4725274725274725,0.34374999999999994,0.5,0.5,0.5,0.5
GwKmjEb3qN0.002.mp4,0.2777777777777778,0.2815533980582524,0.24299065420560748,0.3956043956043956,0.2604166666666667,0.5,0.5,0.5,0.5
GwKmjEb3qN0.004.mp4,0.45555555555555555,0.3980582524271845,0.4112149532710281,0.4505494505494505,0.4479166666666667,0.5,0.5,0.5,0.5
GWOtluILlk4.002.mp4,0.5888888888888889,0.5436893203883495,0.588785046728972,0.7142857142857143,0.6145833333333333,0.5,0.5,0.5,0.5
GWOtluILlk4.003.mp4,0.6,0.5436893203883495,0.588785046728972,0.6703296703296703,0.6979166666666666,0.5,0.5,0.5,0.5
GWOtluILlk4.005.mp4,0.5666666666666667,0.4854368932038835,0.33644859813084116,0.5384615384615384,0.5729166666666666,0.5,0.5,0.5,0.5
gX20EUUZc9M.004.mp4,0.711111111111111,0.5825242718446602,0.691588785046729,0.6373626373626373,0.5104166666666666,0.5,0.5,0.5,0.5
GxMxrhiyjO8.005.mp4,0.5555555555555556,0.5825242718446602,0.588785046728972,0.6153846153846153,0.6458333333333333,0.5,0.5,0.5,0.5
GYku69XEoxc.002.mp4,0.5777777777777777,0.3786407766990291,0.5327102803738318,0.5384615384615384,0.28125,0.5,0.5,0.5,0.5
GYku69XEoxc.004.mp4,0.6888888888888889,0.4077669902912622,0.6728971962616823,0.5604395604395604,0.6354166666666666,0.5,0.5,0.5,0.5
GyLjVOVPGKQ.001.mp4,0.5777777777777777,0.31067961165048547,0.5607476635514019,0.4615384615384615,0.45833333333333337,0.5,0.5,0.5,0.5
GyLjVOVPGKQ.003.mp4,0.4,0.24271844660194175,0.4205607476635514,0.3516483516483516,0.29166666666666663,0.5,0.5,0.5,0.5
GyLjVOVPGKQ.004.mp4,0.5333333333333333,0.3300970873786408,0.5327102803738318,0.3626373626373627,0.4895833333333333,0.5,0.5,0.5,0.5
GyLjVOVPGKQ.005.mp4,0.4777777777777778,0.3786407766990291,0.4205607476635514,0.3846153846153846,0.34374999999999994,0.5,0.5,0.5,0.5
gZblxCs4EV4.001.mp4,0.6777777777777777,0.3980582524271845,0.48598130841121495,0.5934065934065933,0.46875,0.5,0.5,0.5,0.5
gZzB49daFfA.003.mp4,0.6777777777777777,0.7087378640776699,0.5327102803738318,0.6263736263736264,0.7291666666666667,0.5,0.5,0.5,0.5
gZzB49daFfA.005.mp4,0.6666666666666666,0.5825242718446602,0.5794392523364487,0.6153846153846153,0.5416666666666666,0.5,0.5,0.5,0.5
h-jMFLm6U_Y.000.mp4,0.711111111111111,0.7184466019417477,0.5981308411214954,0.6483516483516484,0.8125000000000001,0.5,0.5,0.5,0.5
h-jMFLm6U_Y.004.mp4,0.5777777777777777,0.5825242718446602,0.5514018691588786,0.4945054945054945,0.6041666666666666,0.5,0.5,0.5,0.5
H0_4dZMjUow.001.mp4,0.711111111111111,0.8058252427184466,0.5420560747663552,0.7252747252747254,0.5833333333333333,0.5,0.5,0.5,0.5
h2-_bQdTZYY.004.mp4,0.5,0.3883495145631068,0.588785046728972,0.5274725274725275,0.3645833333333333,0.5,0.5,0.5,0.5
H6s9aFAQP3M.000.mp4,0.7888888888888888,0.8252427184466018,0.822429906542056,0.7032967032967032,0.7916666666666667,0.5,0.5,0.5,0.5
H6yu96w7tUc.000.mp4,0.4444444444444445,0.4854368932038835,0.30841121495327106,0.6593406593406592,0.3854166666666667,0.5,0.5,0.5,0.5
H6yu96w7tUc.002.mp4,0.5222222222222223,0.5436893203883495,0.4205607476635514,0.6043956043956044,0.5625,0.5,0.5,0.5,0.5
H6yu96w7tUc.005.mp4,0.45555555555555555,0.6019417475728155,0.39252336448598135,0.6263736263736264,0.46875,0.5,0.5,0.5,0.5
h7qbP1GS50U.003.mp4,0.6444444444444444,0.5728155339805825,0.5981308411214954,0.5494505494505494,0.6458333333333333,0.5,0.5,0.5,0.5
h7qbP1GS50U.004.mp4,0.4666666666666667,0.4368932038834952,0.6168224299065421,0.4835164835164835,0.5208333333333334,0.5,0.5,0.5,0.5
H8h4fAGgV18.001.mp4,0.4777777777777778,0.42718446601941745,0.4672897196261683,0.5274725274725275,0.4791666666666667,0.5,0.5,0.5,0.5
H8h4fAGgV18.005.mp4,0.5333333333333333,0.5728155339805825,0.37383177570093457,0.6263736263736264,0.5416666666666666,0.5,0.5,0.5,0.5
h9jIdLBaMEo.000.mp4,0.8333333333333333,0.7766990291262136,0.7102803738317757,0.6923076923076923,0.7916666666666667,0.5,0.5,0.5,0.5
h9jIdLBaMEo.001.mp4,0.8222222222222221,0.4660194174757281,0.6542056074766356,0.6923076923076923,0.7291666666666667,0.5,0.5,0.5,0.5
h9jIdLBaMEo.002.mp4,0.9777777777777777,0.6893203883495147,0.7476635514018694,0.6923076923076923,0.8020833333333334,0.5,0.5,0.5,0.5
h9jIdLBaMEo.004.mp4,0.7888888888888888,0.4854368932038835,0.6261682242990655,0.5934065934065933,0.6875,0.5,0.5,0.5,0.5
h_GDQ9_H1es.002.mp4,0.711111111111111,0.6019417475728155,0.691588785046729,0.5164835164835165,0.6770833333333334,0.5,0.5,0.5,0.5
h_kjgcJ_bqU.002.mp4,0.5111111111111111,0.3883495145631068,0.5046728971962617,0.5164835164835165,0.37499999999999994,0.5,0.5,0.5,0.5
h_kjgcJ_bqU.003.mp4,0.6666666666666666,0.5339805825242718,0.5981308411214954,0.7142857142857143,0.6770833333333334,0.5,0.5,0.5,0.5
h_kjgcJ_bqU.004.mp4,0.6555555555555556,0.6407766990291262,0.5140186915887851,0.4835164835164835,0.6041666666666666,0.5,0.5,0.5,0.5
h_kjgcJ_bqU.005.mp4,0.6444444444444444,0.6796116504854369,0.7102803738317757,0.6593406593406592,0.7291666666666667,0.5,0.5,0.5,0.5
haxhAfuccuE.000.mp4,0.6555555555555556,0.5922330097087379,0.5514018691588786,0.6153846153846153,0.7291666666666667,0.5,0.5,0.5,0.5
HbGeoKBULAA.001.mp4,0.6666666666666666,0.6601941747572816,0.5514018691588786,0.6153846153846153,0.65625,0.5,0.5,0.5,0.5
HCkDd0UnUgo.000.mp4,0.5333333333333333,0.6990291262135921,0.30841121495327106,0.4835164835164835,0.5104166666666666,0.5,0.5,0.5,0.5
HCkDd0UnUgo.002.mp4,0.5,0.6601941747572816,0.37383177570093457,0.5714285714285714,0.5520833333333334,0.5,0.5,0.5,0.5
HCkDd0UnUgo.003.mp4,0.41111111111111115,0.5825242718446602,0.4299065420560748,0.3516483516483516,0.3645833333333333,0.5,0.5,0.5,0.5
HCkDd0UnUgo.004.mp4,0.45555555555555555,0.7281553398058251,0.36448598130841126,0.6153846153846153,0.5416666666666666,0.5,0.5,0.5,0.5
hd2-msVu9-g.000.mp4,0.4777777777777778,0.4660194174757281,0.3457943925233645,0.5604395604395604,0.32291666666666663,0.5,0.5,0.5,0.5
hDqsuyVeWmw.000.mp4,0.711111111111111,0.6019417475728155,0.5700934579439253,0.6483516483516484,0.625,0.5,0.5,0.5,0.5
hDqsuyVeWmw.004.mp4,0.5444444444444444,0.4368932038834952,0.5700934579439253,0.3626373626373627,0.5625,0.5,0.5,0.5,0.5
heE4ZZXwehI.002.mp4,0.811111111111111,0.5339805825242718,0.5981308411214954,0.5274725274725275,0.6875,0.5,0.5,0.5,0.5
HegkSmkiBos.005.mp4,0.6777777777777777,0.6213592233009709,0.6728971962616823,0.6373626373626373,0.65625,0.5,0.5,0.5,0.5
HEHMW0uiFa4.000.mp4,0.33333333333333337,0.3495145631067961,0.29906542056074764,0.4945054945054945,0.29166666666666663,0.5,0.5,0.5,0.5
HEHMW0uiFa4.002.mp4,0.3777777777777778,0.2912621359223301,0.4112149532710281,0.30769230769230765,0.35416666666666663,0.5,0.5,0.5,0.5
HekcZ0Em60E.000.mp4,0.5555555555555556,0.5533980582524272,0.5981308411214954,0.5824175824175825,0.5208333333333334,0.5,0.5,0.5,0.5
HekcZ0Em60E.002.mp4,0.33333333333333337,0.4174757281553398,0.3177570093457944,0.4945054945054945,0.28125,0.5,0.5,0.5,0.5
HekcZ0Em60E.004.mp4,0.5666666666666667,0.4563106796116505,0.663551401869159,0.6153846153846153,0.5208333333333334,0.5,0.5,0.5,0.5
HekcZ0Em60E.005.mp4,0.5777777777777777,0.4951456310679611,0.5327102803738318,0.7362637362637363,0.4479166666666667,0.5,0.5,0.5,0.5
hF3yR5rmga8.001.mp4,0.811111111111111,0.7184466019417477,0.7757009345794394,0.6483516483516484,0.84375,0.5,0.5,0.5,0.5
hF3yR5rmga8.003.mp4,0.5777777777777777,0.5145631067961165,0.4112149532710281,0.4395604395604395,0.5729166666666666,0.5,0.5,0.5,0.5
hF3yR5rmga8.004.mp4,0.5777777777777777,0.6990291262135921,0.4018691588785047,0.4945054945054945,0.5520833333333334,0.5,0.5,0.5,0.5
hfUH9Am-Izs.000.mp4,0.5888888888888889,0.5436893203883495,0.4018691588785047,0.4615384615384615,0.5,0.5,0.5,0.5,0.5
hG-pwa191bw.000.mp4,0.6,0.42718446601941745,0.5046728971962617,0.5604395604395604,0.4479166666666667,0.5,0.5,0.5,0.5
hG-pwa191bw.002.mp4,0.5555555555555556,0.3786407766990291,0.4672897196261683,0.4285714285714285,0.3854166666666667,0.5,0.5,0.5,0.5
hG0I7DLSSYg.001.mp4,0.6666666666666666,0.5922330097087379,0.588785046728972,0.7362637362637363,0.59375,0.5,0.5,0.5,0.5
hG0I7DLSSYg.002.mp4,0.6444444444444444,0.5922330097087379,0.588785046728972,0.5604395604395604,0.6666666666666667,0.5,0.5,0.5,0.5
hG0I7DLSSYg.003.mp4,0.7888888888888888,0.6310679611650486,0.6261682242990655,0.7472527472527474,0.6458333333333333,0.5,0.5,0.5,0.5
hG0I7DLSSYg.005.mp4,0.9111111111111111,0.6796116504854369,0.6448598130841123,0.7472527472527474,0.6979166666666666,0.5,0.5,0.5,0.5
HH03EXo0TB0.001.mp4,0.5333333333333333,0.4368932038834952,0.25233644859813087,0.4945054945054945,0.4479166666666667,0.5,0.5,0.5,0.5
HH03EXo0TB0.002.mp4,0.5,0.4174757281553398,0.4672897196261683,0.4505494505494505,0.5208333333333334,0.5,0.5,0.5,0.5
HH03EXo0TB0.004.mp4,0.5666666666666667,0.4174757281553398,0.4672897196261683,0.6923076923076923,0.6145833333333333,0.5,0.5,0.5,0.5
HH14jGFGuL0.005.mp4,0.6777777777777777,0.5242718446601942,0.5700934579439253,0.7252747252747254,0.5625,0.5,0.5,0.5,0.5
HhC2cGFFZeY.000.mp4,0.5111111111111111,0.3495145631067961,0.29906542056074764,0.4285714285714285,0.4895833333333333,0.5,0.5,0.5,0.5
HhC2cGFFZeY.001.mp4,0.28888888888888886,0.30097087378640774,0.18691588785046728,0.4175824175824176,0.2395833333333333,0.5,0.5,0.5,0.5
HhC2cGFFZeY.005.mp4,0.3111111111111111,0.42718446601941745,0.36448598130841126,0.4175824175824176,0.40625000000000006,0.5,0.5,0.5,0.5
hhdoeK8SsiI.000.mp4,0.7888888888888888,0.7378640776699029,0.6355140186915887,0.7582417582417583,0.6770833333333334,0.5,0.5,0.5,0.5
hhdoeK8SsiI.001.mp4,0.611111111111111,0.5242718446601942,0.6542056074766356,0.4395604395604395,0.5208333333333334,0.5,0.5,0.5,0.5
hhdoeK8SsiI.002.mp4,0.5333333333333333,0.4368932038834952,0.4672897196261683,0.5164835164835165,0.3333333333333333,0.5,0.5,0.5,0.5
hhdoeK8SsiI.003.mp4,0.5444444444444444,0.6601941747572816,0.6822429906542057,0.6153846153846153,0.6145833333333333,0.5,0.5,0.5,0.5
hhdoeK8SsiI.005.mp4,0.5555555555555556,0.5631067961165048,0.6261682242990655,0.5494505494505494,0.5833333333333333,0.5,0.5,0.5,0.5
hhdzTOyFIo8.001.mp4,0.6666666666666666,0.36893203883495146,0.47663551401869164,0.32967032967032966,0.3854166666666667,0.5,0.5,0.5,0.5
hhdzTOyFIo8.002.mp4,0.6777777777777777,0.33980582524271846,0.4672897196261683,0.4505494505494505,0.5104166666666666,0.5,0.5,0.5,0.5
hhdzTOyFIo8.003.mp4,0.6222222222222222,0.23300970873786406,0.5046728971962617,0.4835164835164835,0.42708333333333337,0.5,0.5,0.5,0.5
hi8A0nUHnL8.003.mp4,0.7444444444444444,0.5922330097087379,0.6448598130841123,0.6593406593406592,0.5729166666666666,0.5,0.5,0.5,0.5
hIFNZ_ycngg.001.mp4,0.5666666666666667,0.4563106796116505,0.38317757009345793,0.4835164835164835,0.37499999999999994,0.5,0.5,0.5,0.5
hIFNZ_ycngg.002.mp4,0.45555555555555555,0.4466019417475728,0.37383177570093457,0.5274725274725275,0.5208333333333334,0.5,0.5,0.5,0.5
hIxLNK_x_QA.002.mp4,0.5,0.3980582524271845,0.33644859813084116,0.4615384615384615,0.46875,0.5,0.5,0.5,0.5
hIxLNK_x_QA.005.mp4,0.6555555555555556,0.4951456310679611,0.5700934579439253,0.5164835164835165,0.40625000000000006,0.5,0.5,0.5,0.5
HJkoeB_F4c4.000.mp4,0.5,0.5145631067961165,0.48598130841121495,0.3846153846153846,0.5833333333333333,0.5,0.5,0.5,0.5
HJkoeB_F4c4.001.mp4,0.7555555555555554,0.5728155339805825,0.7476635514018694,0.6263736263736264,0.625,0.5,0.5,0.5,0.5
hK5lmI9pwck.003.mp4,0.6444444444444444,0.7961165048543688,0.6168224299065421,0.6483516483516484,0.65625,0.5,0.5,0.5,0.5
HkBs4_vaCcs.000.mp4,0.7666666666666666,0.6990291262135921,0.5514018691588786,0.7032967032967032,0.6666666666666667,0.5,0.5,0.5,0.5
Hklc55y7vUI.000.mp4,0.3555555555555556,0.36893203883495146,0.30841121495327106,0.4835164835164835,0.34374999999999994,0.5,0.5,0.5,0.5
Hklc55y7vUI.005.mp4,0.5,0.47572815533980584,0.4205607476635514,0.4725274725274725,0.5625,0.5,0.5,0.5,0.5
HL-K_PZXFR4.005.mp4,0.5444444444444444,0.8058252427184466,0.7289719626168225,0.7912087912087912,0.6979166666666666,0.5,0.5,0.5,0.5
hl70w5drc_4.003.mp4,0.6666666666666666,0.47572815533980584,0.5794392523364487,0.5164835164835165,0.6458333333333333,0.5,0.5,0.5,0.5
Hm5K_K0v718.000.mp4,0.711111111111111,0.6990291262135921,0.5607476635514019,0.6923076923076923,0.7083333333333334,0.5,0.5,0.5,0.5
Hm5K_K0v718.003.mp4,0.7888888888888888,0.6699029126213591,0.5514018691588786,0.4945054945054945,0.7500000000000001,0.5,0.5,0.5,0.5
Hm5K_K0v718.004.mp4,0.7555555555555554,0.6796116504854369,0.5700934579439253,0.6703296703296703,0.7083333333333334,0.5,0.5,0.5,0.5
hM96SfN5_F4.004.mp4,0.5666666666666667,0.35922330097087385,0.48598130841121495,0.6373626373626373,0.45833333333333337,0.5,0.5,0.5,0.5
hmTY4CubpiE.002.mp4,0.5888888888888889,0.5145631067961165,0.5420560747663552,0.6153846153846153,0.7083333333333334,0.5,0.5,0.5,0.5
hmy9XEvT2v4.000.mp4,0.5666666666666667,0.5825242718446602,0.47663551401869164,0.5714285714285714,0.53125,0.5,0.5,0.5,0.5
hmy9XEvT2v4.004.mp4,0.5666666666666667,0.3786407766990291,0.37383177570093457,0.3516483516483516,0.3645833333333333,0.5,0.5,0.5,0.5
HNKnvSmTkC4.001.mp4,0.5444444444444444,0.6019417475728155,0.4579439252336449,0.5494505494505494,0.59375,0.5,0.5,0.5,0.5
HNKnvSmTkC4.002.mp4,0.5444444444444444,0.5048543689320388,0.3177570093457944,0.32967032967032966,0.39583333333333337,0.5,0.5,0.5,0.5
HNKnvSmTkC4.005.mp4,0.6333333333333333,0.7475728155339806,0.5420560747663552,0.5274725274725275,0.7291666666666667,0.5,0.5,0.5,0.5
hnMp0eX28es.001.mp4,0.4777777777777778,0.33980582524271846,0.5233644859813085,0.6483516483516484,0.5104166666666666,0.5,0.5,0.5,0.5
hnWMsZEQWt4.001.mp4,0.7222222222222221,0.7184466019417477,0.663551401869159,0.813186813186813,0.8333333333333334,0.5,0.5,0.5,0.5
hnWMsZEQWt4.003.mp4,0.7333333333333333,0.8834951456310681,0.6728971962616823,0.5824175824175825,0.7500000000000001,0.5,0.5,0.5,0.5
HoJXPFp9hYo.000.mp4,0.6333333333333333,0.6699029126213591,0.5607476635514019,0.5494505494505494,0.5833333333333333,0.5,0.5,0.5,0.5
HoJXPFp9hYo.004.mp4,0.611111111111111,0.7475728155339806,0.691588785046729,0.6813186813186812,0.7916666666666667,0.5,0.5,0.5,0.5
HONL8ha-1BE.000.mp4,0.7555555555555554,0.8640776699029126,0.7102803738317757,0.6483516483516484,0.7812499999999999,0.5,0.5,0.5,0.5
HONL8ha-1BE.002.mp4,0.6555555555555556,0.7572815533980582,0.7570093457943926,0.7252747252747254,0.7187499999999999,0.5,0.5,0.5,0.5
HONL8ha-1BE.003.mp4,0.6777777777777777,0.7475728155339806,0.5233644859813085,0.6813186813186812,0.5625,0.5,0.5,0.5,0.5
HONL8ha-1BE.004.mp4,0.4444444444444445,0.6116504854368932,0.5140186915887851,0.5054945054945055,0.5,0.5,0.5,0.5,0.5
HONL8ha-1BE.005.mp4,0.6666666666666666,0.7281553398058251,0.6542056074766356,0.835164835164835,0.59375,0.5,0.5,0.5,0.5
hOXvRgxjfik.000.mp4,0.6333333333333333,0.3300970873786408,0.25233644859813087,0.2747252747252747,0.3854166666666667,0.5,0.5,0.5,0.5
hOXvRgxjfik.001.mp4,0.6222222222222222,0.4563106796116505,0.38317757009345793,0.4285714285714285,0.35416666666666663,0.5,0.5,0.5,0.5
hOXvRgxjfik.003.mp4,0.6444444444444444,0.42718446601941745,0.38317757009345793,0.3516483516483516,0.37499999999999994,0.5,0.5,0.5,0.5
hOXvRgxjfik.004.mp4,0.7333333333333333,0.42718446601941745,0.38317757009345793,0.3956043956043956,0.37499999999999994,0.5,0.5,0.5,0.5
HP8f3oqJwz0.000.mp4,0.5111111111111111,0.47572815533980584,0.48598130841121495,0.6263736263736264,0.42708333333333337,0.5,0.5,0.5,0.5
HP8f3oqJwz0.001.mp4,0.5222222222222223,0.5339805825242718,0.5420560747663552,0.6923076923076923,0.6145833333333333,0.5,0.5,0.5,0.5
HP8f3oqJwz0.002.mp4,0.5,0.5631067961165048,0.5607476635514019,0.5274725274725275,0.53125,0.5,0.5,0.5,0.5
HP8f3oqJwz0.003.mp4,0.6333333333333333,0.5145631067961165,0.588785046728972,0.6263736263736264,0.5104166666666666,0.5,0.5,0.5,0.5
HP8f3oqJwz0.005.mp4,0.5,0.5048543689320388,0.5140186915887851,0.6923076923076923,0.5104166666666666,0.5,0.5,0.5,0.5
HPEemWelY1E.000.mp4,0.6555555555555556,0.5339805825242718,0.6074766355140188,0.5714285714285714,0.6041666666666666,0.5,0.5,0.5,0.5
HPEemWelY1E.001.mp4,0.4666666666666667,0.3980582524271845,0.37383177570093457,0.4175824175824176,0.34374999999999994,0.5,0.5,0.5,0.5
HPEemWelY1E.002.mp4,0.8444444444444444,0.6407766990291262,0.7289719626168225,0.7362637362637363,0.7500000000000001,0.5,0.5,0.5,0.5
HPEemWelY1E.004.mp4,0.7,0.5922330097087379,0.7476635514018694,0.6043956043956044,0.5833333333333333,0.5,0.5,0.5,0.5
hPguTv1Zvg8.001.mp4,0.5222222222222223,0.6407766990291262,0.5607476635514019,0.6813186813186812,0.6666666666666667,0.5,0.5,0.5,0.5
hPguTv1Zvg8.002.mp4,0.6888888888888889,0.6796116504854369,0.5514018691588786,0.7362637362637363,0.65625,0.5,0.5,0.5,0.5
hPguTv1Zvg8.003.mp4,0.5333333333333333,0.6990291262135921,0.4579439252336449,0.7142857142857143,0.5833333333333333,0.5,0.5,0.5,0.5
hPguTv1Zvg8.004.mp4,0.4777777777777778,0.6699029126213591,0.4485981308411215,0.5494505494505494,0.45833333333333337,0.5,0.5,0.5,0.5
hqe-8SMJGmc.003.mp4,0.7,0.6310679611650486,0.588785046728972,0.6373626373626373,0.6875,0.5,0.5,0.5,0.5
hQImLccateA.002.mp4,0.7777777777777777,0.5631067961165048,0.691588785046729,0.6373626373626373,0.6458333333333333,0.5,0.5,0.5,0.5
hquzfo9MVDo.001.mp4,0.3,0.27184466019417475,0.25233644859813087,0.16483516483516483,0.2395833333333333,0.5,0.5,0.5,0.5
hquzfo9MVDo.002.mp4,0.22222222222222224,0.18446601941747573,0.2149532710280374,0.21978021978021975,0.15624999999999994,0.5,0.5,0.5,0.5
hquzfo9MVDo.003.mp4,0.26666666666666666,0.23300970873786406,0.19626168224299068,0.21978021978021975,0.19791666666666666,0.5,0.5,0.5,0.5
HQZD4j8_FR8.003.mp4,0.6777777777777777,0.33980582524271846,0.4392523364485981,0.4725274725274725,0.4479166666666667,0.5,0.5,0.5,0.5
hrat_RJczFM.001.mp4,0.4444444444444445,0.4563106796116505,0.38317757009345793,0.4175824175824176,0.3645833333333333,0.5,0.5,0.5,0.5
hrat_RJczFM.002.mp4,0.3555555555555556,0.3980582524271845,0.26168224299065423,0.4615384615384615,0.29166666666666663,0.5,0.5,0.5,0.5
hrat_RJczFM.004.mp4,0.4222222222222222,0.3786407766990291,0.3457943925233645,0.5494505494505494,0.28125,0.5,0.5,0.5,0.5
HrddpXxWFns.002.mp4,0.611111111111111,0.6310679611650486,0.4299065420560748,0.5714285714285714,0.6666666666666667,0.5,0.5,0.5,0.5
hspeWl-Bip0.002.mp4,0.811111111111111,0.7184466019417477,0.7196261682242993,0.7362637362637363,0.7500000000000001,0.5,0.5,0.5,0.5
hspeWl-Bip0.003.mp4,0.6444444444444444,0.6019417475728155,0.7102803738317757,0.6263736263736264,0.59375,0.5,0.5,0.5,0.5
hspeWl-Bip0.004.mp4,0.5444444444444444,0.5436893203883495,0.691588785046729,0.6043956043956044,0.6875,0.5,0.5,0.5,0.5
hsXn0N8bAYs.005.mp4,0.4666666666666667,0.36893203883495146,0.37383177570093457,0.5054945054945055,0.25,0.5,0.5,0.5,0.5
hT83GkLYIFs.001.mp4,0.41111111111111115,0.3786407766990291,0.5327102803738318,0.5604395604395604,0.3854166666666667,0.5,0.5,0.5,0.5
hT83GkLYIFs.002.mp4,0.611111111111111,0.5533980582524272,0.5327102803738318,0.6043956043956044,0.4895833333333333,0.5,0.5,0.5,0.5
HT_8WpgGqjk.000.mp4,0.5222222222222223,0.5631067961165048,0.5233644859813085,0.6813186813186812,0.5104166666666666,0.5,0.5,0.5,0.5
HT_8WpgGqjk.001.mp4,0.4666666666666667,0.5631067961165048,0.5420560747663552,0.4835164835164835,0.5520833333333334,0.5,0.5,0.5,0.5
HT_8WpgGqjk.003.mp4,0.7999999999999999,0.6504854368932039,0.6728971962616823,0.6153846153846153,0.6458333333333333,0.5,0.5,0.5,0.5
HT_8WpgGqjk.004.mp4,0.5222222222222223,0.5922330097087379,0.4485981308411215,0.6703296703296703,0.4375,0.5,0.5,0.5,0.5
HTF8k56_Oxo.001.mp4,0.5666666666666667,0.3883495145631068,0.39252336448598135,0.5384615384615384,0.2708333333333333,0.5,0.5,0.5,0.5
HTF8k56_Oxo.004.mp4,0.6444444444444444,0.3203883495145631,0.5046728971962617,0.4835164835164835,0.5625,0.5,0.5,0.5,0.5
HTF8k56_Oxo.005.mp4,0.7777777777777777,0.6310679611650486,0.47663551401869164,0.6373626373626373,0.5208333333333334,0.5,0.5,0.5,0.5
htH89DBizno.000.mp4,0.5222222222222223,0.6699029126213591,0.5981308411214954,0.6593406593406592,0.4791666666666667,0.5,0.5,0.5,0.5
htH89DBizno.001.mp4,0.4666666666666667,0.3786407766990291,0.4018691588785047,0.4505494505494505,0.29166666666666663,0.5,0.5,0.5,0.5
htH89DBizno.002.mp4,0.8444444444444444,0.6990291262135921,0.7009345794392524,0.6923076923076923,0.7291666666666667,0.5,0.5,0.5,0.5
htH89DBizno.003.mp4,0.5111111111111111,0.4563106796116505,0.4672897196261683,0.5714285714285714,0.4895833333333333,0.5,0.5,0.5,0.5
htH89DBizno.005.mp4,0.4666666666666667,0.6116504854368932,0.5327102803738318,0.7032967032967032,0.5208333333333334,0.5,0.5,0.5,0.5
HUHFlCs3YJ8.000.mp4,0.4888888888888889,0.3883495145631068,0.18691588785046728,0.4395604395604395,0.39583333333333337,0.5,0.5,0.5,0.5
HUHFlCs3YJ8.001.mp4,0.6333333333333333,0.4854368932038835,0.4392523364485981,0.6813186813186812,0.5833333333333333,0.5,0.5,0.5,0.5
HUHFlCs3YJ8.003.mp4,0.7333333333333333,0.5825242718446602,0.5327102803738318,0.7032967032967032,0.65625,0.5,0.5,0.5,0.5
HUHFlCs3YJ8.005.mp4,0.7333333333333333,0.6990291262135921,0.35514018691588783,0.6153846153846153,0.5416666666666666,0.5,0.5,0.5,0.5
huIQlWsIEvY.000.mp4,0.4222222222222222,0.4563106796116505,0.4672897196261683,0.5384615384615384,0.4479166666666667,0.5,0.5,0.5,0.5
huIQlWsIEvY.003.mp4,0.3777777777777778,0.36893203883495146,0.5140186915887851,0.5714285714285714,0.53125,0.5,0.5,0.5,0.5
huIQlWsIEvY.004.mp4,0.6666666666666666,0.5825242718446602,0.5140186915887851,0.6043956043956044,0.6666666666666667,0.5,0.5,0.5,0.5
huIQlWsIEvY.005.mp4,0.38888888888888895,0.5922330097087379,0.35514018691588783,0.5714285714285714,0.5625,0.5,0.5,0.5,0.5
HUJt0I1UKzo.000.mp4,0.6777777777777777,0.6116504854368932,0.6168224299065421,0.7472527472527474,0.6041666666666666,0.5,0.5,0.5,0.5
HUJt0I1UKzo.001.mp4,0.711111111111111,0.7766990291262136,0.6822429906542057,0.7032967032967032,0.65625,0.5,0.5,0.5,0.5
HUJt0I1UKzo.002.mp4,0.7666666666666666,0.7087378640776699,0.588785046728972,0.824175824175824,0.6354166666666666,0.5,0.5,0.5,0.5
HUJt0I1UKzo.003.mp4,0.5666666666666667,0.7378640776699029,0.588785046728972,0.5824175824175825,0.5729166666666666,0.5,0.5,0.5,0.5
HUxtuDE-YNE.003.mp4,0.711111111111111,0.4563106796116505,0.663551401869159,0.6043956043956044,0.65625,0.5,0.5,0.5,0.5
HUxtuDE-YNE.004.mp4,0.7,0.30097087378640774,0.7196261682242993,0.5384615384615384,0.6875,0.5,0.5,0.5,0.5
HWuh0biZQ_c.000.mp4,0.6,0.42718446601941745,0.4112149532710281,0.4175824175824176,0.4375,0.5,0.5,0.5,0.5
HWuh0biZQ_c.001.mp4,0.41111111111111115,0.22330097087378642,0.39252336448598135,0.23076923076923075,0.3333333333333333,0.5,0.5,0.5,0.5
HWuh0biZQ_c.002.mp4,0.38888888888888895,0.4077669902912622,0.2149532710280374,0.3736263736263736,0.3020833333333333,0.5,0.5,0.5,0.5
HX-3jJdK7HM.001.mp4,0.711111111111111,0.7087378640776699,0.5140186915887851,0.5384615384615384,0.6458333333333333,0.5,0.5,0.5,0.5
HX-3jJdK7HM.004.mp4,0.4222222222222222,0.42718446601941745,0.5327102803738318,0.5604395604395604,0.4895833333333333,0.5,0.5,0.5,0.5
hX2TVefa5bQ.002.mp4,0.6666666666666666,0.5728155339805825,0.6448598130841123,0.5824175824175825,0.6354166666666666,0.5,0.5,0.5,0.5
hX2TVefa5bQ.005.mp4,0.6777777777777777,0.5631067961165048,0.6448598130841123,0.6813186813186812,0.59375,0.5,0.5,0.5,0.5
hZIGQXercNA.001.mp4,0.6222222222222222,0.7184466019417477,0.6542056074766356,0.6923076923076923,0.6041666666666666,0.5,0.5,0.5,0.5
I01_ubtktEQ.001.mp4,0.43333333333333335,0.42718446601941745,0.35514018691588783,0.4945054945054945,0.35416666666666663,0.5,0.5,0.5,0.5
I01_ubtktEQ.003.mp4,0.34444444444444444,0.23300970873786406,0.18691588785046728,0.3516483516483516,0.15624999999999994,0.5,0.5,0.5,0.5
I01_ubtktEQ.004.mp4,0.5555555555555556,0.4951456310679611,0.4953271028037384,0.6593406593406592,0.3854166666666667,0.5,0.5,0.5,0.5
I01_ubtktEQ.005.mp4,0.3666666666666667,0.42718446601941745,0.47663551401869164,0.5384615384615384,0.28125,0.5,0.5,0.5,0.5
i1cAYtXA2Xs.002.mp4,0.5,0.6019417475728155,0.5046728971962617,0.5274725274725275,0.6041666666666666,0.5,0.5,0.5,0.5
i1cAYtXA2Xs.003.mp4,0.6555555555555556,0.6407766990291262,0.4672897196261683,0.5714285714285714,0.5729166666666666,0.5,0.5,0.5,0.5
i1gouUmZumY.001.mp4,0.34444444444444444,0.6310679611650486,0.4672897196261683,0.5164835164835165,0.53125,0.5,0.5,0.5,0.5
i1gouUmZumY.002.mp4,0.6777777777777777,0.6116504854368932,0.5607476635514019,0.7362637362637363,0.5833333333333333,0.5,0.5,0.5,0.5
i1gouUmZumY.003.mp4,0.5666666666666667,0.7087378640776699,0.5607476635514019,0.6703296703296703,0.65625,0.5,0.5,0.5,0.5
i4IVTm3uvoM.000.mp4,0.5,0.6310679611650486,0.6448598130841123,0.6593406593406592,0.46875,0.5,0.5,0.5,0.5
i4IVTm3uvoM.002.mp4,0.6333333333333333,0.5048543689320388,0.47663551401869164,0.6263736263736264,0.5625,0.5,0.5,0.5,0.5
i4IVTm3uvoM.005.mp4,0.5111111111111111,0.4466019417475728,0.39252336448598135,0.4065934065934066,0.4791666666666667,0.5,0.5,0.5,0.5
I53JQFtiQxM.000.mp4,0.4777777777777778,0.5533980582524272,0.5233644859813085,0.4175824175824176,0.4791666666666667,0.5,0.5,0.5,0.5
I5x9T9ftW18.000.mp4,0.711111111111111,0.7184466019417477,0.7102803738317757,0.7362637362637363,0.7395833333333333,0.5,0.5,0.5,0.5
I5x9T9ftW18.004.mp4,0.6222222222222222,0.6699029126213591,0.5700934579439253,0.5384615384615384,0.5833333333333333,0.5,0.5,0.5,0.5
I5x9T9ftW18.005.mp4,0.6222222222222222,0.6601941747572816,0.663551401869159,0.7032967032967032,0.6979166666666666,0.5,0.5,0.5,0.5
I8jMoBAMtVA.000.mp4,0.5111111111111111,0.5533980582524272,0.33644859813084116,0.4835164835164835,0.42708333333333337,0.5,0.5,0.5,0.5
I8jMoBAMtVA.005.mp4,0.6555555555555556,0.4854368932038835,0.5981308411214954,0.6373626373626373,0.53125,0.5,0.5,0.5,0.5
I_ncZcYgFjw.000.mp4,0.6222222222222222,0.5728155339805825,0.5327102803738318,0.6043956043956044,0.5208333333333334,0.5,0.5,0.5,0.5
I_ncZcYgFjw.002.mp4,0.611111111111111,0.4660194174757281,0.6168224299065421,0.5274725274725275,0.6354166666666666,0.5,0.5,0.5,0.5
iaCYb7um0Lw.000.mp4,0.43333333333333335,0.24271844660194175,0.4672897196261683,0.3846153846153846,0.35416666666666663,0.5,0.5,0.5,0.5
iAgu-wDe2MQ.000.mp4,0.5666666666666667,0.3786407766990291,0.588785046728972,0.5274725274725275,0.4166666666666667,0.5,0.5,0.5,0.5
iAgu-wDe2MQ.002.mp4,0.5777777777777777,0.4174757281553398,0.47663551401869164,0.6263736263736264,0.4375,0.5,0.5,0.5,0.5
iAgu-wDe2MQ.003.mp4,0.5,0.5242718446601942,0.5607476635514019,0.4615384615384615,0.59375,0.5,0.5,0.5,0.5
ibawV2tqKug.001.mp4,0.611111111111111,0.3980582524271845,0.5794392523364487,0.5824175824175825,0.40625000000000006,0.5,0.5,0.5,0.5
ibawV2tqKug.004.mp4,0.6666666666666666,0.5436893203883495,0.5607476635514019,0.6593406593406592,0.6666666666666667,0.5,0.5,0.5,0.5
ibawV2tqKug.005.mp4,0.5,0.3883495145631068,0.4205607476635514,0.5604395604395604,0.5416666666666666,0.5,0.5,0.5,0.5
IBqmyEhgnHM.005.mp4,0.4666666666666667,0.5339805825242718,0.4112149532710281,0.24175824175824176,0.4479166666666667,0.5,0.5,0.5,0.5
ic_LECbCm5M.002.mp4,0.611111111111111,0.5339805825242718,0.4018691588785047,0.4835164835164835,0.4375,0.5,0.5,0.5,0.5
ic_LECbCm5M.004.mp4,0.6222222222222222,0.5922330097087379,0.4672897196261683,0.6263736263736264,0.46875,0.5,0.5,0.5,0.5
idsEawKW4X8.000.mp4,0.5888888888888889,0.7572815533980582,0.7476635514018694,0.7582417582417583,0.6041666666666666,0.5,0.5,0.5,0.5
idsEawKW4X8.004.mp4,0.7555555555555554,0.6990291262135921,0.7850467289719627,0.8021978021978021,0.7604166666666666,0.5,0.5,0.5,0.5
idsEawKW4X8.005.mp4,0.5666666666666667,0.5339805825242718,0.5327102803738318,0.5384615384615384,0.5104166666666666,0.5,0.5,0.5,0.5
Ie2y_yOeKpo.004.mp4,0.6555555555555556,0.5242718446601942,0.6168224299065421,0.5274725274725275,0.625,0.5,0.5,0.5,0.5
IFF47jVKMj8.002.mp4,0.5333333333333333,0.6699029126213591,0.6168224299065421,0.6373626373626373,0.59375,0.5,0.5,0.5,0.5
IFF47jVKMj8.003.mp4,0.6666666666666666,0.5436893203883495,0.5794392523364487,0.6153846153846153,0.6041666666666666,0.5,0.5,0.5,0.5
IFF47jVKMj8.004.mp4,0.5666666666666667,0.5728155339805825,0.4579439252336449,0.5714285714285714,0.42708333333333337,0.5,0.5,0.5,0.5
iFSF6v3xw_k.002.mp4,0.38888888888888895,0.5339805825242718,0.38317757009345793,0.4725274725274725,0.3125,0.5,0.5,0.5,0.5
iFSF6v3xw_k.005.mp4,0.5777777777777777,0.6699029126213591,0.5607476635514019,0.6043956043956044,0.6354166666666666,0.5,0.5,0.5,0.5
IFXaH_E54iA.002.mp4,0.4888888888888889,0.4466019417475728,0.4018691588785047,0.5164835164835165,0.5,0.5,0.5,0.5,0.5
IFXaH_E54iA.004.mp4,0.5444444444444444,0.4466019417475728,0.47663551401869164,0.5384615384615384,0.46875,0.5,0.5,0.5,0.5
IFXaH_E54iA.005.mp4,0.6333333333333333,0.6796116504854369,0.5140186915887851,0.5824175824175825,0.5833333333333333,0.5,0.5,0.5,0.5
iGBVrJMr62U.000.mp4,0.45555555555555555,0.4368932038834952,0.3457943925233645,0.4725274725274725,0.29166666666666663,0.5,0.5,0.5,0.5
iGBVrJMr62U.002.mp4,0.4444444444444445,0.3883495145631068,0.39252336448598135,0.4065934065934066,0.29166666666666663,0.5,0.5,0.5,0.5
iGBVrJMr62U.003.mp4,0.7333333333333333,0.3980582524271845,0.5046728971962617,0.5714285714285714,0.46875,0.5,0.5,0.5,0.5
iGBVrJMr62U.005.mp4,0.5444444444444444,0.5533980582524272,0.5514018691588786,0.4945054945054945,0.53125,0.5,0.5,0.5,0.5
iGlLSkRAsJc.000.mp4,0.6888888888888889,0.5728155339805825,0.5607476635514019,0.4395604395604395,0.59375,0.5,0.5,0.5,0.5
iGlLSkRAsJc.003.mp4,0.6777777777777777,0.6601941747572816,0.6728971962616823,0.4285714285714285,0.6041666666666666,0.5,0.5,0.5,0.5
iGlLSkRAsJc.004.mp4,0.6888888888888889,0.7378640776699029,0.5981308411214954,0.5164835164835165,0.625,0.5,0.5,0.5,0.5
iGlLSkRAsJc.005.mp4,0.5444444444444444,0.5533980582524272,0.29906542056074764,0.4065934065934066,0.53125,0.5,0.5,0.5,0.5
ihA8DzHWyiU.001.mp4,0.6666666666666666,0.6116504854368932,0.6168224299065421,0.5824175824175825,0.6979166666666666,0.5,0.5,0.5,0.5
ihEFzP5S57g.000.mp4,0.3555555555555556,0.14563106796116504,0.25233644859813087,0.12087912087912084,0.20833333333333331,0.5,0.5,0.5,0.5
ihEFzP5S57g.003.mp4,0.4666666666666667,0.4368932038834952,0.5700934579439253,0.5604395604395604,0.4479166666666667,0.5,0.5,0.5,0.5
IHJn3UHXCMs.000.mp4,0.5444444444444444,0.4174757281553398,0.30841121495327106,0.2637362637362637,0.4166666666666667,0.5,0.5,0.5,0.5
IHJn3UHXCMs.001.mp4,0.5444444444444444,0.6019417475728155,0.30841121495327106,0.4395604395604395,0.5625,0.5,0.5,0.5,0.5
IHJn3UHXCMs.003.mp4,0.4666666666666667,0.4077669902912622,0.2897196261682243,0.31868131868131866,0.39583333333333337,0.5,0.5,0.5,0.5
IHJn3UHXCMs.004.mp4,0.4222222222222222,0.36893203883495146,0.2336448598130841,0.3516483516483516,0.28125,0.5,0.5,0.5,0.5
II2KVV-uLNI.000.mp4,0.45555555555555555,0.5145631067961165,0.5327102803738318,0.5714285714285714,0.4375,0.5,0.5,0.5,0.5
II2KVV-uLNI.001.mp4,0.7888888888888888,0.6213592233009709,0.6728971962616823,0.846153846153846,0.5729166666666666,0.5,0.5,0.5,0.5
II2KVV-uLNI.002.mp4,0.5333333333333333,0.5922330097087379,0.5140186915887851,0.6153846153846153,0.5208333333333334,0.5,0.5,0.5,0.5
II2KVV-uLNI.003.mp4,0.711111111111111,0.6019417475728155,0.7850467289719627,0.7582417582417583,0.6458333333333333,0.5,0.5,0.5,0.5
II2KVV-uLNI.004.mp4,0.6333333333333333,0.5242718446601942,0.5140186915887851,0.5494505494505494,0.5729166666666666,0.5,0.5,0.5,0.5
II2KVV-uLNI.005.mp4,0.611111111111111,0.6213592233009709,0.4205607476635514,0.5714285714285714,0.5625,0.5,0.5,0.5,0.5
iiW_nu6JITY.001.mp4,0.6222222222222222,0.6310679611650486,0.5514018691588786,0.6153846153846153,0.6666666666666667,0.5,0.5,0.5,0.5
iiW_nu6JITY.002.mp4,0.6333333333333333,0.6213592233009709,0.39252336448598135,0.5714285714285714,0.5833333333333333,0.5,0.5,0.5,0.5
iiW_nu6JITY.004.mp4,0.5555555555555556,0.6601941747572816,0.5327102803738318,0.7142857142857143,0.5729166666666666,0.5,0.5,0.5,0.5
iiW_nu6JITY.005.mp4,0.8222222222222221,0.6504854368932039,0.6448598130841123,0.7362637362637363,0.6666666666666667,0.5,0.5,0.5,0.5
iJGHwoJKEpA.002.mp4,0.15555555555555559,0.0,0.06542056074766356,0.15384615384615383,0.12499999999999996,0.5,0.5,0.5,0.5
iJGHwoJKEpA.003.mp4,0.33333333333333337,0.3883495145631068,0.25233644859813087,0.4835164835164835,0.3125,0.5,0.5,0.5,0.5
IL5VgGakSNw.000.mp4,0.38888888888888895,0.5533980582524272,0.33644859813084116,0.3956043956043956,0.3645833333333333,0.5,0.5,0.5,0.5
IL5VgGakSNw.003.mp4,0.6888888888888889,0.6019417475728155,0.4672897196261683,0.5384615384615384,0.6145833333333333,0.5,0.5,0.5,0.5
IL5VgGakSNw.005.mp4,0.6333333333333333,0.7087378640776699,0.37383177570093457,0.5714285714285714,0.5833333333333333,0.5,0.5,0.5,0.5
iL6lNdRS0ZU.000.mp4,0.5111111111111111,0.5242718446601942,0.4953271028037384,0.6813186813186812,0.53125,0.5,0.5,0.5,0.5
IlbODduDCb4.000.mp4,0.41111111111111115,0.4660194174757281,0.4112149532710281,0.5274725274725275,0.4791666666666667,0.5,0.5,0.5,0.5
IlbODduDCb4.001.mp4,0.4777777777777778,0.3980582524271845,0.22429906542056074,0.32967032967032966,0.20833333333333331,0.5,0.5,0.5,0.5
IlbODduDCb4.002.mp4,0.4,0.3980582524271845,0.4112149532710281,0.3956043956043956,0.34374999999999994,0.5,0.5,0.5,0.5
IlbODduDCb4.003.mp4,0.26666666666666666,0.3883495145631068,0.2897196261682243,0.4065934065934066,0.32291666666666663,0.5,0.5,0.5,0.5
IlbODduDCb4.004.mp4,0.4,0.4077669902912622,0.2897196261682243,0.4615384615384615,0.34374999999999994,0.5,0.5,0.5,0.5
IlbODduDCb4.005.mp4,0.3666666666666667,0.5242718446601942,0.39252336448598135,0.3736263736263736,0.4479166666666667,0.5,0.5,0.5,0.5
ilOi-sQo9HI.001.mp4,0.41111111111111115,0.4466019417475728,0.33644859813084116,0.4945054945054945,0.25,0.5,0.5,0.5,0.5
ilOi-sQo9HI.005.mp4,0.5222222222222223,0.4660194174757281,0.36448598130841126,0.4835164835164835,0.3645833333333333,0.5,0.5,0.5,0.5
IMCEXoAkZv4.000.mp4,0.6666666666666666,0.8349514563106796,0.4485981308411215,0.7252747252747254,0.7604166666666666,0.5,0.5,0.5,0.5
IMCEXoAkZv4.002.mp4,0.611111111111111,0.8543689320388351,0.4205607476635514,0.6813186813186812,0.6979166666666666,0.5,0.5,0.5,0.5
IMCEXoAkZv4.005.mp4,0.7333333333333333,0.9514563106796118,0.6448598130841123,0.6923076923076923,0.8541666666666667,0.5,0.5,0.5,0.5
in-HuMgiDCE.001.mp4,0.4666666666666667,0.47572815533980584,0.4392523364485981,0.6153846153846153,0.5104166666666666,0.5,0.5,0.5,0.5
in-HuMgiDCE.002.mp4,0.6222222222222222,0.6601941747572816,0.5794392523364487,0.7912087912087912,0.59375,0.5,0.5,0.5,0.5
in-HuMgiDCE.003.mp4,0.5111111111111111,0.4466019417475728,0.4205607476635514,0.4835164835164835,0.5520833333333334,0.5,0.5,0.5,0.5
in-HuMgiDCE.004.mp4,0.7222222222222221,0.47572815533980584,0.5607476635514019,0.6373626373626373,0.5625,0.5,0.5,0.5,0.5
io0aNQE8En8.000.mp4,0.38888888888888895,0.3883495145631068,0.3271028037383178,0.4395604395604395,0.42708333333333337,0.5,0.5,0.5,0.5
io0aNQE8En8.002.mp4,0.4777777777777778,0.2815533980582524,0.2336448598130841,0.4615384615384615,0.3020833333333333,0.5,0.5,0.5,0.5
io0aNQE8En8.003.mp4,0.3,0.22330097087378642,0.14018691588785046,0.29670329670329665,0.2708333333333333,0.5,0.5,0.5,0.5
io0aNQE8En8.005.mp4,0.2777777777777778,0.2524271844660194,0.2149532710280374,0.4505494505494505,0.28125,0.5,0.5,0.5,0.5
io8dFIfl9Go.000.mp4,0.6,0.6893203883495147,0.5327102803738318,0.7692307692307692,0.59375,0.5,0.5,0.5,0.5
ioaBnmfoHgo.000.mp4,0.7333333333333333,0.7184466019417477,0.8411214953271028,0.7912087912087912,0.7916666666666667,0.5,0.5,0.5,0.5
iOB65zCiOFM.001.mp4,0.38888888888888895,0.6019417475728155,0.2710280373831776,0.6703296703296703,0.4791666666666667,0.5,0.5,0.5,0.5
iOB65zCiOFM.003.mp4,0.5666666666666667,0.6407766990291262,0.4485981308411215,0.6043956043956044,0.6770833333333334,0.5,0.5,0.5,0.5
iOv0_RdVPCM.000.mp4,0.6555555555555556,0.6796116504854369,0.6168224299065421,0.6483516483516484,0.6979166666666666,0.5,0.5,0.5,0.5
iOv0_RdVPCM.003.mp4,0.5777777777777777,0.6116504854368932,0.5514018691588786,0.5714285714285714,0.7083333333333334,0.5,0.5,0.5,0.5
iOv0_RdVPCM.005.mp4,0.5666666666666667,0.6116504854368932,0.6168224299065421,0.5384615384615384,0.6354166666666666,0.5,0.5,0.5,0.5
iPblZBQpafs.001.mp4,0.5222222222222223,0.35922330097087385,0.37383177570093457,0.4285714285714285,0.32291666666666663,0.5,0.5,0.5,0.5
iPblZBQpafs.002.mp4,0.32222222222222224,0.27184466019417475,0.30841121495327106,0.3846153846153846,0.34374999999999994,0.5,0.5,0.5,0.5
iPblZBQpafs.003.mp4,0.5555555555555556,0.3980582524271845,0.47663551401869164,0.4615384615384615,0.4895833333333333,0.5,0.5,0.5,0.5
iPblZBQpafs.004.mp4,0.38888888888888895,0.27184466019417475,0.4205607476635514,0.5934065934065933,0.35416666666666663,0.5,0.5,0.5,0.5
iPblZBQpafs.005.mp4,0.4444444444444445,0.36893203883495146,0.30841121495327106,0.4285714285714285,0.4375,0.5,0.5,0.5,0.5
IPjl2LdPMn0.000.mp4,0.5333333333333333,0.5436893203883495,0.4392523364485981,0.5714285714285714,0.625,0.5,0.5,0.5,0.5
IPjl2LdPMn0.003.mp4,0.5222222222222223,0.5533980582524272,0.4672897196261683,0.4835164835164835,0.6041666666666666,0.5,0.5,0.5,0.5
IPjl2LdPMn0.004.mp4,0.611111111111111,0.6796116504854369,0.5514018691588786,0.6923076923076923,0.6145833333333333,0.5,0.5,0.5,0.5
ipP--IqIuWU.001.mp4,0.5888888888888889,0.2815533980582524,0.4579439252336449,0.6153846153846153,0.4375,0.5,0.5,0.5,0.5
ipP--IqIuWU.002.mp4,0.6,0.42718446601941745,0.48598130841121495,0.6483516483516484,0.5520833333333334,0.5,0.5,0.5,0.5
ipP--IqIuWU.003.mp4,0.4222222222222222,0.4368932038834952,0.3457943925233645,0.4505494505494505,0.3854166666666667,0.5,0.5,0.5,0.5
Iqbg3CwVpXA.004.mp4,0.4,0.5145631067961165,0.28037383177570097,0.4725274725274725,0.3854166666666667,0.5,0.5,0.5,0.5
IQdz0Pd-L2Y.001.mp4,0.5666666666666667,0.33980582524271846,0.4205607476635514,0.5164835164835165,0.4895833333333333,0.5,0.5,0.5,0.5
IQdz0Pd-L2Y.003.mp4,0.6666666666666666,0.5242718446601942,0.6261682242990655,0.5384615384615384,0.5833333333333333,0.5,0.5,0.5,0.5
IQdz0Pd-L2Y.004.mp4,0.4222222222222222,0.2621359223300971,0.2336448598130841,0.4175824175824176,0.2395833333333333,0.5,0.5,0.5,0.5
IQdz0Pd-L2Y.005.mp4,0.5777777777777777,0.3300970873786408,0.4018691588785047,0.5934065934065933,0.3854166666666667,0.5,0.5,0.5,0.5
IQNNEfYYYiw.005.mp4,0.7222222222222221,0.5728155339805825,0.5700934579439253,0.5274725274725275,0.6979166666666666,0.5,0.5,0.5,0.5
iqs7mZbg5UI.001.mp4,0.45555555555555555,0.5825242718446602,0.38317757009345793,0.5494505494505494,0.46875,0.5,0.5,0.5,0.5
iqs7mZbg5UI.005.mp4,0.45555555555555555,0.4563106796116505,0.3271028037383178,0.5274725274725275,0.3854166666666667,0.5,0.5,0.5,0.5
iQvoDdxt06M.000.mp4,0.6666666666666666,0.7087378640776699,0.4579439252336449,0.7032967032967032,0.5833333333333333,0.5,0.5,0.5,0.5
iQvoDdxt06M.003.mp4,0.4888888888888889,0.6504854368932039,0.3177570093457944,0.6373626373626373,0.5,0.5,0.5,0.5,0.5
iQvoDdxt06M.005.mp4,0.5888888888888889,0.5825242718446602,0.4112149532710281,0.6483516483516484,0.5729166666666666,0.5,0.5,0.5,0.5
isaP2l3rlBQ.001.mp4,0.5,0.33980582524271846,0.39252336448598135,0.5604395604395604,0.45833333333333337,0.5,0.5,0.5,0.5
isqmQc9AfBc.000.mp4,0.4666666666666667,0.3883495145631068,0.3457943925233645,0.5714285714285714,0.46875,0.5,0.5,0.5,0.5
isqmQc9AfBc.001.mp4,0.5111111111111111,0.5048543689320388,0.22429906542056074,0.5604395604395604,0.5833333333333333,0.5,0.5,0.5,0.5
isqmQc9AfBc.003.mp4,0.5111111111111111,0.6699029126213591,0.25233644859813087,0.5824175824175825,0.5,0.5,0.5,0.5,0.5
isqmQc9AfBc.005.mp4,0.5,0.5631067961165048,0.3457943925233645,0.5274725274725275,0.6041666666666666,0.5,0.5,0.5,0.5
It0-yCwOc5k.000.mp4,0.45555555555555555,0.4951456310679611,0.3457943925233645,0.4505494505494505,0.4166666666666667,0.5,0.5,0.5,0.5
It0-yCwOc5k.002.mp4,0.5,0.6019417475728155,0.30841121495327106,0.5494505494505494,0.45833333333333337,0.5,0.5,0.5,0.5
It0-yCwOc5k.003.mp4,0.38888888888888895,0.31067961165048547,0.20560747663551404,0.3846153846153846,0.3854166666666667,0.5,0.5,0.5,0.5
ItkIHtgVhIk.000.mp4,0.5222222222222223,0.3883495145631068,0.30841121495327106,0.5274725274725275,0.5104166666666666,0.5,0.5,0.5,0.5
ItkIHtgVhIk.001.mp4,0.43333333333333335,0.5533980582524272,0.33644859813084116,0.5164835164835165,0.53125,0.5,0.5,0.5,0.5
ItkIHtgVhIk.004.mp4,0.38888888888888895,0.5922330097087379,0.4018691588785047,0.5714285714285714,0.59375,0.5,0.5,0.5,0.5
iuiuZuWtEH8.001.mp4,0.6444444444444444,0.6601941747572816,0.5327102803738318,0.7472527472527474,0.65625,0.5,0.5,0.5,0.5
IV01x2GS61g.000.mp4,0.41111111111111115,0.6990291262135921,0.4579439252336449,0.5604395604395604,0.6145833333333333,0.5,0.5,0.5,0.5
ivcVlDXJCDo.000.mp4,0.6,0.4854368932038835,0.6728971962616823,0.6043956043956044,0.6145833333333333,0.5,0.5,0.5,0.5
ivcVlDXJCDo.001.mp4,0.6777777777777777,0.5825242718446602,0.588785046728972,0.5494505494505494,0.6145833333333333,0.5,0.5,0.5,0.5
ivcVlDXJCDo.002.mp4,0.9111111111111111,0.7475728155339806,0.7289719626168225,0.7362637362637363,0.8333333333333334,0.5,0.5,0.5,0.5
ivecmGb711M.001.mp4,0.6777777777777777,0.5145631067961165,0.4205607476635514,0.5274725274725275,0.5104166666666666,0.5,0.5,0.5,0.5
IveGfOJ86wY.000.mp4,0.5666666666666667,0.4466019417475728,0.4579439252336449,0.4945054945054945,0.4479166666666667,0.5,0.5,0.5,0.5
IveGfOJ86wY.001.mp4,0.5444444444444444,0.4368932038834952,0.4672897196261683,0.6043956043956044,0.4166666666666667,0.5,0.5,0.5,0.5
IveGfOJ86wY.002.mp4,0.5222222222222223,0.47572815533980584,0.47663551401869164,0.5824175824175825,0.45833333333333337,0.5,0.5,0.5,0.5
IveGfOJ86wY.004.mp4,0.4888888888888889,0.4174757281553398,0.47663551401869164,0.4505494505494505,0.4375,0.5,0.5,0.5,0.5
ivpw58MIRtQ.003.mp4,0.611111111111111,0.6990291262135921,0.5794392523364487,0.6483516483516484,0.65625,0.5,0.5,0.5,0.5
ivpw58MIRtQ.005.mp4,0.6333333333333333,0.7961165048543688,0.6448598130841123,0.6373626373626373,0.65625,0.5,0.5,0.5,0.5
iW1t-ZiG2rc.000.mp4,0.6,0.6990291262135921,0.4953271028037384,0.6813186813186812,0.6666666666666667,0.5,0.5,0.5,0.5
iW1t-ZiG2rc.001.mp4,0.5333333333333333,0.47572815533980584,0.4672897196261683,0.5934065934065933,0.625,0.5,0.5,0.5,0.5
IWAT58l2Chg.001.mp4,0.5666666666666667,0.5242718446601942,0.5607476635514019,0.7142857142857143,0.6458333333333333,0.5,0.5,0.5,0.5
IwfA-squ7Oo.000.mp4,0.6,0.5631067961165048,0.5514018691588786,0.7142857142857143,0.5729166666666666,0.5,0.5,0.5,0.5
IwfA-squ7Oo.001.mp4,0.6777777777777777,0.6310679611650486,0.5046728971962617,0.7032967032967032,0.53125,0.5,0.5,0.5,0.5
IwfA-squ7Oo.002.mp4,0.5,0.4466019417475728,0.37383177570093457,0.7252747252747254,0.39583333333333337,0.5,0.5,0.5,0.5
IwfA-squ7Oo.004.mp4,0.7999999999999999,0.5436893203883495,0.588785046728972,0.6813186813186812,0.59375,0.5,0.5,0.5,0.5
IwfA-squ7Oo.005.mp4,0.6,0.5533980582524272,0.39252336448598135,0.5494505494505494,0.5208333333333334,0.5,0.5,0.5,0.5
iWyAQkMVNfM.003.mp4,0.4777777777777778,0.3495145631067961,0.35514018691588783,0.3736263736263736,0.3020833333333333,0.5,0.5,0.5,0.5
iWyAQkMVNfM.004.mp4,0.2111111111111111,0.12621359223300968,0.25233644859813087,0.15384615384615383,0.2708333333333333,0.5,0.5,0.5,0.5
iXaqqRE76lI.000.mp4,0.7222222222222221,0.7475728155339806,0.5420560747663552,0.5714285714285714,0.53125,0.5,0.5,0.5,0.5
iXaqqRE76lI.001.mp4,0.5,0.4077669902912622,0.30841121495327106,0.2857142857142857,0.42708333333333337,0.5,0.5,0.5,0.5
iXaqqRE76lI.003.mp4,0.6777777777777777,0.5631067961165048,0.5046728971962617,0.6043956043956044,0.5208333333333334,0.5,0.5,0.5,0.5
ixkHBIX84SE.000.mp4,0.6555555555555556,0.5728155339805825,0.4579439252336449,0.5164835164835165,0.5729166666666666,0.5,0.5,0.5,0.5
ixPqs7L8oAE.003.mp4,0.6666666666666666,0.7572815533980582,0.5607476635514019,0.6153846153846153,0.625,0.5,0.5,0.5,0.5
ixPqs7L8oAE.004.mp4,0.6777777777777777,0.6699029126213591,0.4672897196261683,0.5934065934065933,0.6354166666666666,0.5,0.5,0.5,0.5
ixPqs7L8oAE.005.mp4,0.7222222222222221,0.5922330097087379,0.6448598130841123,0.7032967032967032,0.59375,0.5,0.5,0.5,0.5
IXVf5VWxOAg.000.mp4,0.3666666666666667,0.36893203883495146,0.3177570093457944,0.4945054945054945,0.4166666666666667,0.5,0.5,0.5,0.5
IXVf5VWxOAg.002.mp4,0.4444444444444445,0.3300970873786408,0.24299065420560748,0.32967032967032966,0.29166666666666663,0.5,0.5,0.5,0.5
IXVf5VWxOAg.003.mp4,0.25555555555555554,0.18446601941747573,0.16822429906542055,0.3736263736263736,0.22916666666666663,0.5,0.5,0.5,0.5
IXVf5VWxOAg.004.mp4,0.3777777777777778,0.27184466019417475,0.22429906542056074,0.29670329670329665,0.34374999999999994,0.5,0.5,0.5,0.5
IXVf5VWxOAg.005.mp4,0.34444444444444444,0.33980582524271846,0.2336448598130841,0.5714285714285714,0.32291666666666663,0.5,0.5,0.5,0.5
IyBCZySg-c4.000.mp4,0.5333333333333333,0.4368932038834952,0.39252336448598135,0.6263736263736264,0.65625,0.5,0.5,0.5,0.5
IyBCZySg-c4.001.mp4,0.5,0.4563106796116505,0.3457943925233645,0.3846153846153846,0.5104166666666666,0.5,0.5,0.5,0.5
IyBCZySg-c4.003.mp4,0.5111111111111111,0.3300970873786408,0.4205607476635514,0.5384615384615384,0.42708333333333337,0.5,0.5,0.5,0.5
iYVJt41_q7M.002.mp4,0.41111111111111115,0.4077669902912622,0.36448598130841126,0.31868131868131866,0.5,0.5,0.5,0.5,0.5
IzKWDY_QNTU.000.mp4,0.7,0.9514563106796118,0.6728971962616823,0.6923076923076923,0.8854166666666667,0.5,0.5,0.5,0.5
izq1ogkfedI.002.mp4,0.5666666666666667,0.7475728155339806,0.4485981308411215,0.5494505494505494,0.4895833333333333,0.5,0.5,0.5,0.5
izq1ogkfedI.004.mp4,0.6555555555555556,0.7572815533980582,0.5327102803738318,0.6813186813186812,0.6354166666666666,0.5,0.5,0.5,0.5
izqyworQEEM.000.mp4,0.6333333333333333,0.5631067961165048,0.30841121495327106,0.3406593406593406,0.3854166666666667,0.5,0.5,0.5,0.5
izqyworQEEM.001.mp4,0.4888888888888889,0.42718446601941745,0.4299065420560748,0.5054945054945055,0.5208333333333334,0.5,0.5,0.5,0.5
izqyworQEEM.002.mp4,0.5222222222222223,0.4368932038834952,0.4299065420560748,0.5714285714285714,0.5416666666666666,0.5,0.5,0.5,0.5
IzsP0TRzFbo.002.mp4,0.5666666666666667,0.5825242718446602,0.5700934579439253,0.5604395604395604,0.6770833333333334,0.5,0.5,0.5,0.5
j-XUQ3Rmq6w.001.mp4,0.6444444444444444,0.6116504854368932,0.4953271028037384,0.5714285714285714,0.6145833333333333,0.5,0.5,0.5,0.5
j-XUQ3Rmq6w.002.mp4,0.3666666666666667,0.5145631067961165,0.33644859813084116,0.4285714285714285,0.32291666666666663,0.5,0.5,0.5,0.5
j-XUQ3Rmq6w.003.mp4,0.45555555555555555,0.5242718446601942,0.2336448598130841,0.5054945054945055,0.39583333333333337,0.5,0.5,0.5,0.5
j-XUQ3Rmq6w.004.mp4,0.5666666666666667,0.6310679611650486,0.5140186915887851,0.7692307692307692,0.5416666666666666,0.5,0.5,0.5,0.5
j-XUQ3Rmq6w.005.mp4,0.5666666666666667,0.5922330097087379,0.4112149532710281,0.6153846153846153,0.46875,0.5,0.5,0.5,0.5
j0dnDXTyUBA.001.mp4,0.4222222222222222,0.3883495145631068,0.3271028037383178,0.5494505494505494,0.28125,0.5,0.5,0.5,0.5
J0I8JzMR4IE.005.mp4,0.7444444444444444,0.6893203883495147,0.663551401869159,0.6373626373626373,0.6979166666666666,0.5,0.5,0.5,0.5
J0JrzUmZGcA.001.mp4,0.4444444444444445,0.4466019417475728,0.38317757009345793,0.5604395604395604,0.39583333333333337,0.5,0.5,0.5,0.5
J0JrzUmZGcA.002.mp4,0.3777777777777778,0.3495145631067961,0.38317757009345793,0.4835164835164835,0.4166666666666667,0.5,0.5,0.5,0.5
J0JrzUmZGcA.003.mp4,0.5444444444444444,0.7184466019417477,0.5233644859813085,0.6263736263736264,0.5,0.5,0.5,0.5,0.5
J0JrzUmZGcA.005.mp4,0.4777777777777778,0.6699029126213591,0.4953271028037384,0.6483516483516484,0.6458333333333333,0.5,0.5,0.5,0.5
j1idNSoB7tA.000.mp4,0.7222222222222221,0.4368932038834952,0.4953271028037384,0.5494505494505494,0.5208333333333334,0.5,0.5,0.5,0.5
J28DwJsK8Do.000.mp4,0.7333333333333333,0.6407766990291262,0.6728971962616823,0.6263736263736264,0.7604166666666666,0.5,0.5,0.5,0.5
J28DwJsK8Do.002.mp4,0.8444444444444444,0.8932038834951456,0.7383177570093458,0.857142857142857,0.7291666666666667,0.5,0.5,0.5,0.5
J28DwJsK8Do.003.mp4,0.6555555555555556,0.6310679611650486,0.6822429906542057,0.6483516483516484,0.7083333333333334,0.5,0.5,0.5,0.5
J28DwJsK8Do.004.mp4,0.6,0.6116504854368932,0.7009345794392524,0.7142857142857143,0.59375,0.5,0.5,0.5,0.5
J30sMEMrKjA.000.mp4,0.6,0.6407766990291262,0.4953271028037384,0.4725274725274725,0.65625,0.5,0.5,0.5,0.5
J30sMEMrKjA.001.mp4,0.5777777777777777,0.4951456310679611,0.6261682242990655,0.6043956043956044,0.6458333333333333,0.5,0.5,0.5,0.5
J30sMEMrKjA.002.mp4,0.6666666666666666,0.6893203883495147,0.5794392523364487,0.6263736263736264,0.7083333333333334,0.5,0.5,0.5,0.5
j3jdT1V-DeI.000.mp4,0.32222222222222224,0.2621359223300971,0.14018691588785046,0.23076923076923075,0.20833333333333331,0.5,0.5,0.5,0.5
j3jdT1V-DeI.001.mp4,0.3777777777777778,0.24271844660194175,0.29906542056074764,0.3736263736263736,0.2604166666666667,0.5,0.5,0.5,0.5
j3jdT1V-DeI.002.mp4,0.3666666666666667,0.24271844660194175,0.25233644859813087,0.17582417582417584,0.32291666666666663,0.5,0.5,0.5,0.5
j3jdT1V-DeI.003.mp4,0.33333333333333337,0.3300970873786408,0.3457943925233645,0.3406593406593406,0.29166666666666663,0.5,0.5,0.5,0.5
j3jdT1V-DeI.004.mp4,0.24444444444444444,0.2038834951456311,0.11214953271028037,0.16483516483516483,0.15624999999999994,0.5,0.5,0.5,0.5
j3jdT1V-DeI.005.mp4,0.2777777777777778,0.22330097087378642,0.20560747663551404,0.2747252747252747,0.15624999999999994,0.5,0.5,0.5,0.5
J4GQm9j0JZ0.000.mp4,0.4888888888888889,0.4368932038834952,0.33644859813084116,0.4615384615384615,0.3854166666666667,0.5,0.5,0.5,0.5
J4GQm9j0JZ0.001.mp4,0.43333333333333335,0.3786407766990291,0.4485981308411215,0.4725274725274725,0.4166666666666667,0.5,0.5,0.5,0.5
J4GQm9j0JZ0.003.mp4,0.4888888888888889,0.6019417475728155,0.5233644859813085,0.6263736263736264,0.5520833333333334,0.5,0.5,0.5,0.5
J4GQm9j0JZ0.005.mp4,0.5111111111111111,0.5339805825242718,0.4672897196261683,0.4945054945054945,0.5104166666666666,0.5,0.5,0.5,0.5
j5fXaXrNPoA.000.mp4,0.7222222222222221,0.6796116504854369,0.48598130841121495,0.6153846153846153,0.46875,0.5,0.5,0.5,0.5
j5fXaXrNPoA.004.mp4,0.5333333333333333,0.5339805825242718,0.4205607476635514,0.6263736263736264,0.4895833333333333,0.5,0.5,0.5,0.5
j5fXaXrNPoA.005.mp4,0.7222222222222221,0.7281553398058251,0.5420560747663552,0.5164835164835165,0.6145833333333333,0.5,0.5,0.5,0.5
j6d-KRDXnUI.001.mp4,0.3777777777777778,0.4368932038834952,0.4953271028037384,0.3406593406593406,0.4479166666666667,0.5,0.5,0.5,0.5
J6RHl6U6Jcw.000.mp4,0.5111111111111111,0.31067961165048547,0.2336448598130841,0.3626373626373627,0.2708333333333333,0.5,0.5,0.5,0.5
j7VLzb0qw8Q.001.mp4,0.4222222222222222,0.35922330097087385,0.37383177570093457,0.4175824175824176,0.29166666666666663,0.5,0.5,0.5,0.5
j7VLzb0qw8Q.004.mp4,0.7888888888888888,0.5436893203883495,0.5514018691588786,0.6813186813186812,0.5729166666666666,0.5,0.5,0.5,0.5
J8N2OCqM6N0.001.mp4,0.4888888888888889,0.3300970873786408,0.4672897196261683,0.4395604395604395,0.46875,0.5,0.5,0.5,0.5
J8YpOUmN_aI.000.mp4,0.5,0.4660194174757281,0.5981308411214954,0.6153846153846153,0.6145833333333333,0.5,0.5,0.5,0.5
J8YpOUmN_aI.001.mp4,0.611111111111111,0.5048543689320388,0.5233644859813085,0.5494505494505494,0.5729166666666666,0.5,0.5,0.5,0.5
J8YpOUmN_aI.003.mp4,0.5,0.4951456310679611,0.48598130841121495,0.4505494505494505,0.6145833333333333,0.5,0.5,0.5,0.5
J8YpOUmN_aI.005.mp4,0.6222222222222222,0.5145631067961165,0.5140186915887851,0.5824175824175825,0.5208333333333334,0.5,0.5,0.5,0.5
J9MfhPoJOaw.003.mp4,0.8555555555555554,0.7572815533980582,0.8130841121495327,0.912087912087912,0.7916666666666667,0.5,0.5,0.5,0.5
J9MfhPoJOaw.004.mp4,0.6777777777777777,0.6699029126213591,0.691588785046729,0.4835164835164835,0.6145833333333333,0.5,0.5,0.5,0.5
J9WyswA0vow.001.mp4,0.5666666666666667,0.5242718446601942,0.5327102803738318,0.4725274725274725,0.5520833333333334,0.5,0.5,0.5,0.5
J9WyswA0vow.002.mp4,0.6333333333333333,0.31067961165048547,0.4299065420560748,0.5274725274725275,0.625,0.5,0.5,0.5,0.5
J9WyswA0vow.003.mp4,0.611111111111111,0.5631067961165048,0.7289719626168225,0.7142857142857143,0.6770833333333334,0.5,0.5,0.5,0.5
jaWY130zc1U.001.mp4,0.5444444444444444,0.7087378640776699,0.7850467289719627,0.6813186813186812,0.7083333333333334,0.5,0.5,0.5,0.5
JBdLI6AhJrw.000.mp4,0.5666666666666667,0.4368932038834952,0.5514018691588786,0.5824175824175825,0.4895833333333333,0.5,0.5,0.5,0.5
JBdLI6AhJrw.001.mp4,0.7888888888888888,0.4077669902912622,0.7009345794392524,0.5604395604395604,0.6666666666666667,0.5,0.5,0.5,0.5
JBdLI6AhJrw.002.mp4,0.43333333333333335,0.4174757281553398,0.4018691588785047,0.4175824175824176,0.37499999999999994,0.5,0.5,0.5,0.5
JBiq9X_-r84.000.mp4,0.6222222222222222,0.5339805825242718,0.4579439252336449,0.6373626373626373,0.5,0.5,0.5,0.5,0.5
JBiq9X_-r84.002.mp4,0.5222222222222223,0.6019417475728155,0.4579439252336449,0.4945054945054945,0.46875,0.5,0.5,0.5,0.5
JBiq9X_-r84.004.mp4,0.5222222222222223,0.4077669902912622,0.37383177570093457,0.6043956043956044,0.4375,0.5,0.5,0.5,0.5
JbXgnjVWEoM.002.mp4,0.4,0.3980582524271845,0.22429906542056074,0.4615384615384615,0.28125,0.5,0.5,0.5,0.5
JciLbidX1Q8.003.mp4,0.7999999999999999,0.7864077669902914,0.6261682242990655,0.5604395604395604,0.7916666666666667,0.5,0.5,0.5,0.5
JcNmLCtlKok.001.mp4,0.6,0.5728155339805825,0.39252336448598135,0.5714285714285714,0.40625000000000006,0.5,0.5,0.5,0.5
Jcw9NZkMn6I.004.mp4,0.4888888888888889,0.5631067961165048,0.4205607476635514,0.6043956043956044,0.4479166666666667,0.5,0.5,0.5,0.5
jDdRrqRcSzM.000.mp4,0.6,0.6213592233009709,0.691588785046729,0.7032967032967032,0.7187499999999999,0.5,0.5,0.5,0.5
jDdRrqRcSzM.001.mp4,0.7999999999999999,0.6504854368932039,0.5794392523364487,0.6153846153846153,0.7083333333333334,0.5,0.5,0.5,0.5
jDdRrqRcSzM.002.mp4,0.8444444444444444,0.7184466019417477,0.663551401869159,0.7142857142857143,0.6979166666666666,0.5,0.5,0.5,0.5
jdli4DDP7XM.003.mp4,0.7222222222222221,0.6796116504854369,0.7850467289719627,0.7252747252747254,0.7708333333333334,0.5,0.5,0.5,0.5
jdli4DDP7XM.004.mp4,0.7666666666666666,0.6893203883495147,0.6168224299065421,0.6263736263736264,0.7083333333333334,0.5,0.5,0.5,0.5
jdli4DDP7XM.005.mp4,0.7777777777777777,0.6310679611650486,0.6542056074766356,0.6373626373626373,0.6041666666666666,0.5,0.5,0.5,0.5
JEhC58vobs4.001.mp4,0.6555555555555556,0.5728155339805825,0.3271028037383178,0.5274725274725275,0.5520833333333334,0.5,0.5,0.5,0.5
JEualxMkaE4.002.mp4,0.43333333333333335,0.4951456310679611,0.6822429906542057,0.4505494505494505,0.4791666666666667,0.5,0.5,0.5,0.5
JEualxMkaE4.003.mp4,0.6333333333333333,0.4077669902912622,0.5420560747663552,0.4395604395604395,0.4895833333333333,0.5,0.5,0.5,0.5
JEualxMkaE4.004.mp4,0.6222222222222222,0.5145631067961165,0.4953271028037384,0.6263736263736264,0.5833333333333333,0.5,0.5,0.5,0.5
Jf8lqSpAjZ8.001.mp4,0.6777777777777777,0.5339805825242718,0.6355140186915887,0.5714285714285714,0.625,0.5,0.5,0.5,0.5
Jf8lqSpAjZ8.002.mp4,0.6666666666666666,0.5145631067961165,0.5700934579439253,0.5494505494505494,0.6458333333333333,0.5,0.5,0.5,0.5
Jf8lqSpAjZ8.004.mp4,0.8444444444444444,0.4854368932038835,0.6355140186915887,0.6813186813186812,0.625,0.5,0.5,0.5,0.5
JFKZEGDhcRs.000.mp4,0.5777777777777777,0.3980582524271845,0.48598130841121495,0.5274725274725275,0.4166666666666667,0.5,0.5,0.5,0.5
JFKZEGDhcRs.001.mp4,0.5,0.4174757281553398,0.4299065420560748,0.4945054945054945,0.39583333333333337,0.5,0.5,0.5,0.5
JFKZEGDhcRs.002.mp4,0.5333333333333333,0.33980582524271846,0.588785046728972,0.5384615384615384,0.5520833333333334,0.5,0.5,0.5,0.5
JFKZEGDhcRs.003.mp4,0.5333333333333333,0.5242718446601942,0.4299065420560748,0.6373626373626373,0.53125,0.5,0.5,0.5,0.5
JFKZEGDhcRs.004.mp4,0.5666666666666667,0.5145631067961165,0.48598130841121495,0.6923076923076923,0.5104166666666666,0.5,0.5,0.5,0.5
JFKZEGDhcRs.005.mp4,0.5222222222222223,0.42718446601941745,0.5327102803738318,0.5824175824175825,0.4895833333333333,0.5,0.5,0.5,0.5
jFx6AEw6viQ.002.mp4,0.3111111111111111,0.3495145631067961,0.30841121495327106,0.3846153846153846,0.3125,0.5,0.5,0.5,0.5
jFx6AEw6viQ.004.mp4,0.5,0.3980582524271845,0.14018691588785046,0.30769230769230765,0.19791666666666666,0.5,0.5,0.5,0.5
jFx6AEw6viQ.005.mp4,0.28888888888888886,0.21359223300970873,0.2336448598130841,0.3736263736263736,0.21874999999999997,0.5,0.5,0.5,0.5
jgyDXrhO3n4.000.mp4,0.32222222222222224,0.23300970873786406,0.24299065420560748,0.3406593406593406,0.3854166666666667,0.5,0.5,0.5,0.5
jgyDXrhO3n4.003.mp4,0.32222222222222224,0.3495145631067961,0.30841121495327106,0.4175824175824176,0.32291666666666663,0.5,0.5,0.5,0.5
Jh7Wk5fYeMk.001.mp4,0.4222222222222222,0.3203883495145631,0.4953271028037384,0.4395604395604395,0.37499999999999994,0.5,0.5,0.5,0.5
Jh7Wk5fYeMk.002.mp4,0.5444444444444444,0.5533980582524272,0.4953271028037384,0.4615384615384615,0.4791666666666667,0.5,0.5,0.5,0.5
JhdFmuwquHM.003.mp4,0.3555555555555556,0.2912621359223301,0.3271028037383178,0.2857142857142857,0.2395833333333333,0.5,0.5,0.5,0.5
Jhz5ssCKaug.001.mp4,0.4222222222222222,0.4368932038834952,0.3457943925233645,0.5384615384615384,0.3125,0.5,0.5,0.5,0.5
Jhz5ssCKaug.002.mp4,0.4888888888888889,0.4951456310679611,0.47663551401869164,0.5824175824175825,0.4895833333333333,0.5,0.5,0.5,0.5
Jhz5ssCKaug.003.mp4,0.5666666666666667,0.5048543689320388,0.6822429906542057,0.6593406593406592,0.6354166666666666,0.5,0.5,0.5,0.5
JIR4aPcyrn8.000.mp4,0.3555555555555556,0.2912621359223301,0.22429906542056074,0.3406593406593406,0.3125,0.5,0.5,0.5,0.5
JIR4aPcyrn8.001.mp4,0.26666666666666666,0.2912621359223301,0.29906542056074764,0.30769230769230765,0.2708333333333333,0.5,0.5,0.5,0.5
JiXJeI5_jGM.000.mp4,0.5555555555555556,0.5145631067961165,0.35514018691588783,0.5274725274725275,0.42708333333333337,0.5,0.5,0.5,0.5
JiXJeI5_jGM.002.mp4,0.4888888888888889,0.5436893203883495,0.5514018691588786,0.6483516483516484,0.7291666666666667,0.5,0.5,0.5,0.5
JiXJeI5_jGM.003.mp4,0.5666666666666667,0.5533980582524272,0.4672897196261683,0.5604395604395604,0.7083333333333334,0.5,0.5,0.5,0.5
JiXJeI5_jGM.005.mp4,0.6777777777777777,0.4854368932038835,0.5046728971962617,0.4835164835164835,0.5104166666666666,0.5,0.5,0.5,0.5
JIYZTruMpiI.000.mp4,0.7,0.6213592233009709,0.5046728971962617,0.6593406593406592,0.7083333333333334,0.5,0.5,0.5,0.5
JIYZTruMpiI.001.mp4,0.6222222222222222,0.7184466019417477,0.48598130841121495,0.5934065934065933,0.5208333333333334,0.5,0.5,0.5,0.5
JIYZTruMpiI.003.mp4,0.6777777777777777,0.8834951456310681,0.6355140186915887,0.6153846153846153,0.6875,0.5,0.5,0.5,0.5
JIYZTruMpiI.005.mp4,0.7444444444444444,0.7087378640776699,0.6822429906542057,0.5604395604395604,0.65625,0.5,0.5,0.5,0.5
jjFzwsootdM.000.mp4,0.8666666666666667,0.970873786407767,0.7570093457943926,0.879120879120879,0.9791666666666666,0.5,0.5,0.5,0.5
jjFzwsootdM.004.mp4,0.7444444444444444,0.8834951456310681,0.6542056074766356,0.7362637362637363,0.84375,0.5,0.5,0.5,0.5
JJs_HTelie4.002.mp4,0.4888888888888889,0.6019417475728155,0.3271028037383178,0.4505494505494505,0.4479166666666667,0.5,0.5,0.5,0.5
JKDEEwxZwrw.001.mp4,0.6,0.4854368932038835,0.3177570093457944,0.4395604395604395,0.5208333333333334,0.5,0.5,0.5,0.5
JKDEEwxZwrw.005.mp4,0.4888888888888889,0.4951456310679611,0.38317757009345793,0.4505494505494505,0.5,0.5,0.5,0.5,0.5
jKHaHWuaU14.001.mp4,0.5222222222222223,0.36893203883495146,0.33644859813084116,0.32967032967032966,0.34374999999999994,0.5,0.5,0.5,0.5
jlDYn537Pd0.001.mp4,0.7,0.4174757281553398,0.5233644859813085,0.6263736263736264,0.6354166666666666,0.5,0.5,0.5,0.5
jlDYn537Pd0.002.mp4,0.711111111111111,0.4854368932038835,0.4299065420560748,0.5494505494505494,0.5208333333333334,0.5,0.5,0.5,0.5
jlDYn537Pd0.004.mp4,0.6,0.42718446601941745,0.5046728971962617,0.4725274725274725,0.4895833333333333,0.5,0.5,0.5,0.5
jlHKgXrxCu8.000.mp4,0.38888888888888895,0.3883495145631068,0.24299065420560748,0.30769230769230765,0.3333333333333333,0.5,0.5,0.5,0.5
jlHKgXrxCu8.004.mp4,0.6888888888888889,0.5728155339805825,0.5420560747663552,0.5714285714285714,0.6041666666666666,0.5,0.5,0.5,0.5
JlMPF03b8SM.001.mp4,0.5777777777777777,0.33980582524271846,0.37383177570093457,0.4945054945054945,0.4791666666666667,0.5,0.5,0.5,0.5
JmAQlC-FEV8.003.mp4,0.13333333333333336,0.2815533980582524,0.09345794392523363,0.17582417582417584,0.06249999999999998,0.5,0.5,0.5,0.5
jmbAPNTJ3Vk.002.mp4,0.28888888888888886,0.4854368932038835,0.4112149532710281,0.3626373626373627,0.37499999999999994,0.5,0.5,0.5,0.5
jmbAPNTJ3Vk.003.mp4,0.6888888888888889,0.6019417475728155,0.6822429906542057,0.5714285714285714,0.7187499999999999,0.5,0.5,0.5,0.5
jmbAPNTJ3Vk.005.mp4,0.5666666666666667,0.5728155339805825,0.6074766355140188,0.5384615384615384,0.6458333333333333,0.5,0.5,0.5,0.5
Jn76eAPxjNA.002.mp4,0.5666666666666667,0.5339805825242718,0.35514018691588783,0.4615384615384615,0.6145833333333333,0.5,0.5,0.5,0.5
Jn76eAPxjNA.003.mp4,0.4222222222222222,0.3203883495145631,0.5046728971962617,0.3736263736263736,0.5104166666666666,0.5,0.5,0.5,0.5
Jn76eAPxjNA.005.mp4,0.6555555555555556,0.4854368932038835,0.4953271028037384,0.4835164835164835,0.6145833333333333,0.5,0.5,0.5,0.5
JN_LH6fs868.005.mp4,0.7999999999999999,0.4368932038834952,0.6542056074766356,0.4395604395604395,0.6354166666666666,0.5,0.5,0.5,0.5
jnEHHvlBgxE.002.mp4,0.6444444444444444,0.5242718446601942,0.6074766355140188,0.7142857142857143,0.5729166666666666,0.5,0.5,0.5,0.5
JO44XCaQGVY.000.mp4,0.7999999999999999,0.5145631067961165,0.6542056074766356,0.7692307692307692,0.6458333333333333,0.5,0.5,0.5,0.5
JO44XCaQGVY.003.mp4,0.5777777777777777,0.5145631067961165,0.6074766355140188,0.5604395604395604,0.5520833333333334,0.5,0.5,0.5,0.5
JO44XCaQGVY.004.mp4,0.5111111111111111,0.47572815533980584,0.6448598130841123,0.7252747252747254,0.6354166666666666,0.5,0.5,0.5,0.5
Jog1-pYOSD0.000.mp4,0.611111111111111,0.6699029126213591,0.38317757009345793,0.5384615384615384,0.53125,0.5,0.5,0.5,0.5
Jog1-pYOSD0.001.mp4,0.4222222222222222,0.4951456310679611,0.25233644859813087,0.4285714285714285,0.4479166666666667,0.5,0.5,0.5,0.5
Jog1-pYOSD0.002.mp4,0.43333333333333335,0.5339805825242718,0.25233644859813087,0.4285714285714285,0.37499999999999994,0.5,0.5,0.5,0.5
Jog1-pYOSD0.003.mp4,0.5888888888888889,0.5533980582524272,0.39252336448598135,0.6593406593406592,0.53125,0.5,0.5,0.5,0.5
Jog1-pYOSD0.005.mp4,0.3666666666666667,0.6213592233009709,0.28037383177570097,0.3736263736263736,0.32291666666666663,0.5,0.5,0.5,0.5
jolhoLhAurM.001.mp4,0.6555555555555556,0.6504854368932039,0.7102803738317757,0.7582417582417583,0.8333333333333334,0.5,0.5,0.5,0.5
jolhoLhAurM.002.mp4,0.811111111111111,0.6601941747572816,0.7102803738317757,0.6153846153846153,0.7083333333333334,0.5,0.5,0.5,0.5
jolhoLhAurM.004.mp4,0.7777777777777777,0.6601941747572816,0.794392523364486,0.6593406593406592,0.8125000000000001,0.5,0.5,0.5,0.5
jolhoLhAurM.005.mp4,0.7666666666666666,0.6893203883495147,0.6822429906542057,0.7472527472527474,0.7812499999999999,0.5,0.5,0.5,0.5
joOfhNyKRjE.004.mp4,0.5666666666666667,0.6310679611650486,0.5981308411214954,0.6813186813186812,0.6145833333333333,0.5,0.5,0.5,0.5
JoQRNgGQCgY.000.mp4,0.811111111111111,0.5825242718446602,0.6542056074766356,0.7032967032967032,0.7708333333333334,0.5,0.5,0.5,0.5
JoQRNgGQCgY.002.mp4,0.6555555555555556,0.6601941747572816,0.6355140186915887,0.7032967032967032,0.65625,0.5,0.5,0.5,0.5
JoQRNgGQCgY.003.mp4,0.7,0.6504854368932039,0.6355140186915887,0.4395604395604395,0.5520833333333334,0.5,0.5,0.5,0.5
JoQRNgGQCgY.004.mp4,0.7777777777777777,0.6019417475728155,0.7102803738317757,0.7032967032967032,0.6979166666666666,0.5,0.5,0.5,0.5
jOTlJwOBSd4.002.mp4,0.34444444444444444,0.3786407766990291,0.28037383177570097,0.3736263736263736,0.3125,0.5,0.5,0.5,0.5
jOTlJwOBSd4.003.mp4,0.5111111111111111,0.5242718446601942,0.5233644859813085,0.5714285714285714,0.6354166666666666,0.5,0.5,0.5,0.5
jOTlJwOBSd4.004.mp4,0.5,0.4951456310679611,0.4299065420560748,0.5934065934065933,0.46875,0.5,0.5,0.5,0.5
jOTlJwOBSd4.005.mp4,0.6,0.4951456310679611,0.38317757009345793,0.5604395604395604,0.42708333333333337,0.5,0.5,0.5,0.5
Jp-Hu7yxqR8.000.mp4,0.3555555555555556,0.27184466019417475,0.3457943925233645,0.5494505494505494,0.40625000000000006,0.5,0.5,0.5,0.5
jpbz8CA4RvI.000.mp4,0.4222222222222222,0.4854368932038835,0.48598130841121495,0.5274725274725275,0.37499999999999994,0.5,0.5,0.5,0.5
jpbz8CA4RvI.004.mp4,0.45555555555555555,0.4077669902912622,0.2897196261682243,0.5714285714285714,0.3333333333333333,0.5,0.5,0.5,0.5
jPpZkVzQywk.000.mp4,0.43333333333333335,0.42718446601941745,0.4205607476635514,0.4285714285714285,0.4166666666666667,0.5,0.5,0.5,0.5
jPpZkVzQywk.001.mp4,0.4777777777777778,0.3495145631067961,0.35514018691588783,0.4505494505494505,0.40625000000000006,0.5,0.5,0.5,0.5
jPpZkVzQywk.003.mp4,0.6777777777777777,0.5145631067961165,0.5046728971962617,0.5164835164835165,0.4479166666666667,0.5,0.5,0.5,0.5
jpPZVmzleAo.001.mp4,0.5222222222222223,0.4466019417475728,0.4672897196261683,0.3956043956043956,0.5625,0.5,0.5,0.5,0.5
jpPZVmzleAo.002.mp4,0.5666666666666667,0.7087378640776699,0.48598130841121495,0.5164835164835165,0.5520833333333334,0.5,0.5,0.5,0.5
jpRnHWTLDUs.003.mp4,0.7777777777777777,0.6310679611650486,0.5233644859813085,0.6373626373626373,0.5520833333333334,0.5,0.5,0.5,0.5
jpRnHWTLDUs.005.mp4,0.6555555555555556,0.6601941747572816,0.5046728971962617,0.6483516483516484,0.625,0.5,0.5,0.5,0.5
jpyU48DzGTY.001.mp4,0.43333333333333335,0.36893203883495146,0.35514018691588783,0.4835164835164835,0.35416666666666663,0.5,0.5,0.5,0.5
jpyU48DzGTY.002.mp4,0.4777777777777778,0.42718446601941745,0.4112149532710281,0.4945054945054945,0.40625000000000006,0.5,0.5,0.5,0.5
jpyU48DzGTY.004.mp4,0.3666666666666667,0.3786407766990291,0.35514018691588783,0.3956043956043956,0.2708333333333333,0.5,0.5,0.5,0.5
jpyU48DzGTY.005.mp4,0.33333333333333337,0.3203883495145631,0.2336448598130841,0.3516483516483516,0.3333333333333333,0.5,0.5,0.5,0.5
jq1dLOVUQJA.000.mp4,0.8777777777777777,0.6796116504854369,0.7663551401869159,0.7142857142857143,0.6770833333333334,0.5,0.5,0.5,0.5
jQRFHBVs0dA.004.mp4,0.6,0.47572815533980584,0.4299065420560748,0.6483516483516484,0.6666666666666667,0.5,0.5,0.5,0.5
jQRFHBVs0dA.005.mp4,0.4777777777777778,0.3786407766990291,0.5046728971962617,0.4505494505494505,0.3333333333333333,0.5,0.5,0.5,0.5
Jr6GmDtvTK0.000.mp4,0.43333333333333335,0.31067961165048547,0.38317757009345793,0.4945054945054945,0.32291666666666663,0.5,0.5,0.5,0.5
jrhvXPaXo-0.000.mp4,0.23333333333333334,0.4174757281553398,0.4018691588785047,0.3516483516483516,0.3125,0.5,0.5,0.5,0.5
jSw-grsJCnE.000.mp4,0.6555555555555556,0.6407766990291262,0.6448598130841123,0.5714285714285714,0.6145833333333333,0.5,0.5,0.5,0.5
jSw-grsJCnE.003.mp4,1.0,0.6893203883495147,0.8504672897196264,0.813186813186813,0.8020833333333334,0.5,0.5,0.5,0.5
jTkEWnuDnbA.001.mp4,0.7333333333333333,0.5728155339805825,0.7196261682242993,0.6703296703296703,0.6770833333333334,0.5,0.5,0.5,0.5
jTkEWnuDnbA.002.mp4,0.8222222222222221,0.7184466019417477,0.6168224299065421,0.6263736263736264,0.7187499999999999,0.5,0.5,0.5,0.5
jTkEWnuDnbA.004.mp4,0.6888888888888889,0.6116504854368932,0.5794392523364487,0.5714285714285714,0.5625,0.5,0.5,0.5,0.5
JTmq4k4uQCY.000.mp4,0.8222222222222221,0.6504854368932039,0.5794392523364487,0.7582417582417583,0.625,0.5,0.5,0.5,0.5
JTmq4k4uQCY.001.mp4,0.7777777777777777,0.7281553398058251,0.4672897196261683,0.813186813186813,0.5625,0.5,0.5,0.5,0.5
JTmq4k4uQCY.002.mp4,0.7555555555555554,0.5922330097087379,0.6168224299065421,0.6373626373626373,0.6354166666666666,0.5,0.5,0.5,0.5
JTmq4k4uQCY.003.mp4,0.888888888888889,0.6990291262135921,0.6074766355140188,0.5494505494505494,0.65625,0.5,0.5,0.5,0.5
ju7N5w4XZ4A.000.mp4,0.5333333333333333,0.6601941747572816,0.6355140186915887,0.7032967032967032,0.6354166666666666,0.5,0.5,0.5,0.5
ju7N5w4XZ4A.002.mp4,0.711111111111111,0.7184466019417477,0.7009345794392524,0.7802197802197802,0.5416666666666666,0.5,0.5,0.5,0.5
jub-AHFTH_g.000.mp4,0.6555555555555556,0.6019417475728155,0.663551401869159,0.5274725274725275,0.7916666666666667,0.5,0.5,0.5,0.5
Jv2lyDcOmEM.001.mp4,0.25555555555555554,0.23300970873786406,0.18691588785046728,0.25274725274725274,0.13541666666666663,0.5,0.5,0.5,0.5
Jv2lyDcOmEM.002.mp4,0.13333333333333336,0.03883495145631067,0.18691588785046728,0.16483516483516483,0.12499999999999996,0.5,0.5,0.5,0.5
Jv2lyDcOmEM.003.mp4,0.1777777777777778,0.23300970873786406,0.24299065420560748,0.23076923076923075,0.21874999999999997,0.5,0.5,0.5,0.5
Jv2lyDcOmEM.004.mp4,0.28888888888888886,0.22330097087378642,0.14018691588785046,0.25274725274725274,0.1458333333333333,0.5,0.5,0.5,0.5
Jv2lyDcOmEM.005.mp4,0.2111111111111111,0.2621359223300971,0.2336448598130841,0.13186813186813184,0.12499999999999996,0.5,0.5,0.5,0.5
jVGTEDAYWZ8.001.mp4,0.7333333333333333,0.7961165048543688,0.6074766355140188,0.7802197802197802,0.7187499999999999,0.5,0.5,0.5,0.5
jVGTEDAYWZ8.003.mp4,0.5666666666666667,0.6310679611650486,0.4672897196261683,0.6923076923076923,0.42708333333333337,0.5,0.5,0.5,0.5
jvHDFrgu9PA.005.mp4,0.888888888888889,0.7961165048543688,0.7476635514018694,0.6263736263736264,0.7395833333333333,0.5,0.5,0.5,0.5
JVzG-zy9CO0.004.mp4,0.34444444444444444,0.17475728155339804,0.09345794392523363,0.31868131868131866,0.2395833333333333,0.5,0.5,0.5,0.5
jwbHWwySJW8.004.mp4,0.7555555555555554,0.6699029126213591,0.7102803738317757,0.7362637362637363,0.7812499999999999,0.5,0.5,0.5,0.5
jwcSbw4NDn0.002.mp4,0.5666666666666667,0.6019417475728155,0.5046728971962617,0.5824175824175825,0.5104166666666666,0.5,0.5,0.5,0.5
jwcSbw4NDn0.004.mp4,0.45555555555555555,0.42718446601941745,0.3271028037383178,0.3516483516483516,0.32291666666666663,0.5,0.5,0.5,0.5
jwcSbw4NDn0.005.mp4,0.6444444444444444,0.6407766990291262,0.4579439252336449,0.4725274725274725,0.53125,0.5,0.5,0.5,0.5
jwPTGuWAnSI.004.mp4,0.8333333333333333,0.5339805825242718,0.7570093457943926,0.6373626373626373,0.7187499999999999,0.5,0.5,0.5,0.5
jxoOEkSq0uM.001.mp4,0.6555555555555556,0.7766990291262136,0.6448598130841123,0.7582417582417583,0.6354166666666666,0.5,0.5,0.5,0.5
jxt1W2WRNHQ.000.mp4,0.5,0.6116504854368932,0.4672897196261683,0.6923076923076923,0.5104166666666666,0.5,0.5,0.5,0.5
jxt1W2WRNHQ.002.mp4,0.5444444444444444,0.7961165048543688,0.6355140186915887,0.7692307692307692,0.6145833333333333,0.5,0.5,0.5,0.5
jxt1W2WRNHQ.003.mp4,0.5,0.6019417475728155,0.4485981308411215,0.4945054945054945,0.5416666666666666,0.5,0.5,0.5,0.5
jxt1W2WRNHQ.004.mp4,0.5222222222222223,0.7184466019417477,0.35514018691588783,0.5054945054945055,0.5625,0.5,0.5,0.5,0.5
jxt1W2WRNHQ.005.mp4,0.4666666666666667,0.5922330097087379,0.33644859813084116,0.4065934065934066,0.3854166666666667,0.5,0.5,0.5,0.5
JxxF9y61ujA.000.mp4,0.6222222222222222,0.6407766990291262,0.35514018691588783,0.6153846153846153,0.6770833333333334,0.5,0.5,0.5,0.5
JxxF9y61ujA.003.mp4,0.5888888888888889,0.5825242718446602,0.4579439252336449,0.6923076923076923,0.6666666666666667,0.5,0.5,0.5,0.5
JxxF9y61ujA.004.mp4,0.4222222222222222,0.4466019417475728,0.48598130841121495,0.6263736263736264,0.5833333333333333,0.5,0.5,0.5,0.5
JxxF9y61ujA.005.mp4,0.6,0.5242718446601942,0.47663551401869164,0.5934065934065933,0.6458333333333333,0.5,0.5,0.5,0.5
jz9kgvYbBYA.003.mp4,0.5777777777777777,0.6796116504854369,0.48598130841121495,0.5604395604395604,0.6041666666666666,0.5,0.5,0.5,0.5
jz9kgvYbBYA.005.mp4,0.6777777777777777,0.6601941747572816,0.6074766355140188,0.6043956043956044,0.5625,0.5,0.5,0.5,0.5
jZDlFzVUZwY.001.mp4,0.6666666666666666,0.7184466019417477,0.588785046728972,0.6263736263736264,0.6770833333333334,0.5,0.5,0.5,0.5
jZDlFzVUZwY.002.mp4,0.5666666666666667,0.6213592233009709,0.5700934579439253,0.5494505494505494,0.46875,0.5,0.5,0.5,0.5
jZDlFzVUZwY.003.mp4,0.5333333333333333,0.5922330097087379,0.5607476635514019,0.4175824175824176,0.5625,0.5,0.5,0.5,0.5
jZDlFzVUZwY.005.mp4,0.5777777777777777,0.5631067961165048,0.6261682242990655,0.5604395604395604,0.65625,0.5,0.5,0.5,0.5
jZhlaIUFMLc.000.mp4,0.6333333333333333,0.7184466019417477,0.6074766355140188,0.6813186813186812,0.7187499999999999,0.5,0.5,0.5,0.5
jZhlaIUFMLc.001.mp4,0.8555555555555554,0.6504854368932039,0.8598130841121496,0.6923076923076923,0.84375,0.5,0.5,0.5,0.5
jZhlaIUFMLc.003.mp4,0.7555555555555554,0.6504854368932039,0.7383177570093458,0.7252747252747254,0.7812499999999999,0.5,0.5,0.5,0.5
jZhlaIUFMLc.004.mp4,0.6888888888888889,0.7572815533980582,0.7757009345794394,0.7032967032967032,0.7916666666666667,0.5,0.5,0.5,0.5
jZhlaIUFMLc.005.mp4,0.6888888888888889,0.5533980582524272,0.7757009345794394,0.4945054945054945,0.6666666666666667,0.5,0.5,0.5,0.5
jZl3Rq1MRQg.000.mp4,0.7333333333333333,0.5339805825242718,0.5607476635514019,0.5494505494505494,0.5625,0.5,0.5,0.5,0.5
jZl3Rq1MRQg.003.mp4,0.5444444444444444,0.4854368932038835,0.5607476635514019,0.4945054945054945,0.4791666666666667,0.5,0.5,0.5,0.5
JZNMxa3OKHY.005.mp4,0.611111111111111,0.47572815533980584,0.5046728971962617,0.5714285714285714,0.45833333333333337,0.5,0.5,0.5,0.5
JzXnxQDnwWE.002.mp4,0.7444444444444444,0.5825242718446602,0.6168224299065421,0.4395604395604395,0.59375,0.5,0.5,0.5,0.5
K-fMyzPB7FI.005.mp4,0.7333333333333333,0.6407766990291262,0.7383177570093458,0.7912087912087912,0.7083333333333334,0.5,0.5,0.5,0.5
K-iwJMxjyx4.000.mp4,0.6,0.4854368932038835,0.7102803738317757,0.6813186813186812,0.6979166666666666,0.5,0.5,0.5,0.5
K-iwJMxjyx4.001.mp4,0.5555555555555556,0.33980582524271846,0.6074766355140188,0.6373626373626373,0.5729166666666666,0.5,0.5,0.5,0.5
K-iwJMxjyx4.003.mp4,0.5555555555555556,0.42718446601941745,0.4392523364485981,0.5934065934065933,0.6041666666666666,0.5,0.5,0.5,0.5
K-iwJMxjyx4.004.mp4,0.3555555555555556,0.4174757281553398,0.5420560747663552,0.4505494505494505,0.42708333333333337,0.5,0.5,0.5,0.5
K-iwJMxjyx4.005.mp4,0.6444444444444444,0.3786407766990291,0.5981308411214954,0.6263736263736264,0.5833333333333333,0.5,0.5,0.5,0.5
K-Z_mLE8nlo.004.mp4,0.6777777777777777,0.7572815533980582,0.6822429906542057,0.6813186813186812,0.6770833333333334,0.5,0.5,0.5,0.5
k1eXxMAfnIY.005.mp4,0.888888888888889,0.5728155339805825,0.663551401869159,0.5714285714285714,0.7291666666666667,0.5,0.5,0.5,0.5
k2buv6xZ4_o.000.mp4,0.5555555555555556,0.7087378640776699,0.30841121495327106,0.5274725274725275,0.4479166666666667,0.5,0.5,0.5,0.5
k2buv6xZ4_o.001.mp4,0.3666666666666667,0.6796116504854369,0.37383177570093457,0.4505494505494505,0.4479166666666667,0.5,0.5,0.5,0.5
k2buv6xZ4_o.003.mp4,0.45555555555555555,0.6213592233009709,0.4299065420560748,0.5604395604395604,0.5,0.5,0.5,0.5,0.5
k2buv6xZ4_o.004.mp4,0.5333333333333333,0.6990291262135921,0.5420560747663552,0.6263736263736264,0.5625,0.5,0.5,0.5,0.5
k2buv6xZ4_o.005.mp4,0.5,0.7087378640776699,0.4392523364485981,0.7142857142857143,0.4479166666666667,0.5,0.5,0.5,0.5
K3-YXXLR0Ho.000.mp4,0.43333333333333335,0.6407766990291262,0.33644859813084116,0.5714285714285714,0.3645833333333333,0.5,0.5,0.5,0.5
k3iu-fhIkeI.000.mp4,0.5111111111111111,0.5728155339805825,0.5794392523364487,0.5384615384615384,0.5729166666666666,0.5,0.5,0.5,0.5
k3iu-fhIkeI.002.mp4,0.43333333333333335,0.4174757281553398,0.4392523364485981,0.5494505494505494,0.32291666666666663,0.5,0.5,0.5,0.5
k3iu-fhIkeI.003.mp4,0.4888888888888889,0.5825242718446602,0.4112149532710281,0.4505494505494505,0.5625,0.5,0.5,0.5,0.5
k4eeYoHtnnI.000.mp4,0.5888888888888889,0.7475728155339806,0.47663551401869164,0.7472527472527474,0.6666666666666667,0.5,0.5,0.5,0.5
k4eeYoHtnnI.001.mp4,0.5888888888888889,0.4951456310679611,0.47663551401869164,0.5824175824175825,0.6041666666666666,0.5,0.5,0.5,0.5
k4eeYoHtnnI.004.mp4,0.4888888888888889,0.5048543689320388,0.5420560747663552,0.5054945054945055,0.5104166666666666,0.5,0.5,0.5,0.5
k4QmzZuQl9s.003.mp4,0.5666666666666667,0.5825242718446602,0.5607476635514019,0.7142857142857143,0.59375,0.5,0.5,0.5,0.5
k4QmzZuQl9s.004.mp4,0.5777777777777777,0.6019417475728155,0.5700934579439253,0.5934065934065933,0.6666666666666667,0.5,0.5,0.5,0.5
K4UcCvZOxWo.001.mp4,0.4888888888888889,0.5048543689320388,0.48598130841121495,0.5604395604395604,0.32291666666666663,0.5,0.5,0.5,0.5
K4UcCvZOxWo.004.mp4,0.5777777777777777,0.4660194174757281,0.3457943925233645,0.5604395604395604,0.35416666666666663,0.5,0.5,0.5,0.5
K5WDz2jxtuI.000.mp4,0.5,0.5436893203883495,0.4112149532710281,0.5494505494505494,0.4479166666666667,0.5,0.5,0.5,0.5
K63T9l1xY7U.000.mp4,0.6555555555555556,0.4077669902912622,0.4953271028037384,0.4945054945054945,0.5625,0.5,0.5,0.5,0.5
K63T9l1xY7U.001.mp4,0.4777777777777778,0.5048543689320388,0.3457943925233645,0.4285714285714285,0.39583333333333337,0.5,0.5,0.5,0.5
K63T9l1xY7U.003.mp4,0.7222222222222221,0.5533980582524272,0.5140186915887851,0.6153846153846153,0.5208333333333334,0.5,0.5,0.5,0.5
K7vBdKrcFKo.001.mp4,0.41111111111111115,0.3786407766990291,0.2897196261682243,0.3846153846153846,0.39583333333333337,0.5,0.5,0.5,0.5
k99PI3FGEj0.000.mp4,0.5333333333333333,0.36893203883495146,0.5514018691588786,0.3736263736263736,0.37499999999999994,0.5,0.5,0.5,0.5
K9h_wA30XgM.002.mp4,0.43333333333333335,0.4174757281553398,0.35514018691588783,0.4175824175824176,0.34374999999999994,0.5,0.5,0.5,0.5
K9U_Z8GdGRo.001.mp4,0.611111111111111,0.5048543689320388,0.5420560747663552,0.4285714285714285,0.5625,0.5,0.5,0.5,0.5
K9U_Z8GdGRo.005.mp4,0.6444444444444444,0.5825242718446602,0.5327102803738318,0.5824175824175825,0.7187499999999999,0.5,0.5,0.5,0.5
K9ZTOb6PbfQ.000.mp4,0.6,0.8932038834951456,0.5420560747663552,0.6153846153846153,0.53125,0.5,0.5,0.5,0.5
K9ZTOb6PbfQ.004.mp4,0.6,0.8252427184466018,0.37383177570093457,0.5274725274725275,0.5104166666666666,0.5,0.5,0.5,0.5
kAbMWBsPKR4.000.mp4,0.6777777777777777,0.5533980582524272,0.5514018691588786,0.6483516483516484,0.59375,0.5,0.5,0.5,0.5
kAbMWBsPKR4.002.mp4,0.7999999999999999,0.7087378640776699,0.7570093457943926,0.7032967032967032,0.7083333333333334,0.5,0.5,0.5,0.5
KAGTaM0Z9tA.001.mp4,0.5111111111111111,0.42718446601941745,0.4485981308411215,0.5384615384615384,0.4375,0.5,0.5,0.5,0.5
KAGTaM0Z9tA.004.mp4,0.711111111111111,0.5533980582524272,0.6355140186915887,0.5824175824175825,0.6145833333333333,0.5,0.5,0.5,0.5
KAGTaM0Z9tA.005.mp4,0.7666666666666666,0.4174757281553398,0.7009345794392524,0.6703296703296703,0.5104166666666666,0.5,0.5,0.5,0.5
KahSwziq8F0.000.mp4,0.5666666666666667,0.5436893203883495,0.7289719626168225,0.6923076923076923,0.6145833333333333,0.5,0.5,0.5,0.5
KahSwziq8F0.001.mp4,0.7222222222222221,0.5436893203883495,0.6168224299065421,0.7692307692307692,0.6458333333333333,0.5,0.5,0.5,0.5
KahSwziq8F0.002.mp4,0.6444444444444444,0.5631067961165048,0.794392523364486,0.6263736263736264,0.65625,0.5,0.5,0.5,0.5
KahSwziq8F0.003.mp4,0.5,0.42718446601941745,0.5046728971962617,0.3956043956043956,0.4375,0.5,0.5,0.5,0.5
KahSwziq8F0.004.mp4,0.4777777777777778,0.35922330097087385,0.4953271028037384,0.4615384615384615,0.39583333333333337,0.5,0.5,0.5,0.5
kAjPHyfol4w.001.mp4,0.7666666666666666,0.5825242718446602,0.6542056074766356,0.4615384615384615,0.4479166666666667,0.5,0.5,0.5,0.5
kAjPHyfol4w.004.mp4,0.8222222222222221,0.4563106796116505,0.6448598130841123,0.6153846153846153,0.5,0.5,0.5,0.5,0.5
kAjvzIWWrWA.002.mp4,0.5888888888888889,0.4368932038834952,0.6822429906542057,0.5604395604395604,0.6979166666666666,0.5,0.5,0.5,0.5
kAjvzIWWrWA.003.mp4,0.6444444444444444,0.5728155339805825,0.6728971962616823,0.813186813186813,0.6875,0.5,0.5,0.5,0.5
kAjvzIWWrWA.005.mp4,0.7444444444444444,0.5533980582524272,0.5514018691588786,0.5494505494505494,0.7812499999999999,0.5,0.5,0.5,0.5
kare8QF7vrE.000.mp4,0.7222222222222221,0.4660194174757281,0.7757009345794394,0.6593406593406592,0.6979166666666666,0.5,0.5,0.5,0.5
KB09jENVJ_0.002.mp4,0.4777777777777778,0.35922330097087385,0.48598130841121495,0.4835164835164835,0.45833333333333337,0.5,0.5,0.5,0.5
KB09jENVJ_0.004.mp4,0.6777777777777777,0.47572815533980584,0.6168224299065421,0.6153846153846153,0.6354166666666666,0.5,0.5,0.5,0.5
Kbcvurfuvhk.000.mp4,0.4777777777777778,0.5922330097087379,0.37383177570093457,0.5934065934065933,0.3645833333333333,0.5,0.5,0.5,0.5
Kbcvurfuvhk.002.mp4,0.5333333333333333,0.5533980582524272,0.4299065420560748,0.6263736263736264,0.53125,0.5,0.5,0.5,0.5
Kbcvurfuvhk.004.mp4,0.3777777777777778,0.4466019417475728,0.26168224299065423,0.4615384615384615,0.3854166666666667,0.5,0.5,0.5,0.5
kcHvO5ins50.002.mp4,0.5555555555555556,0.42718446601941745,0.4299065420560748,0.5274725274725275,0.5416666666666666,0.5,0.5,0.5,0.5
kcHvO5ins50.003.mp4,0.4,0.4077669902912622,0.4018691588785047,0.5274725274725275,0.37499999999999994,0.5,0.5,0.5,0.5
KD9rExmTXcE.005.mp4,0.6222222222222222,0.6699029126213591,0.48598130841121495,0.7032967032967032,0.7083333333333334,0.5,0.5,0.5,0.5
kDInh1O8p5w.005.mp4,0.5444444444444444,0.4854368932038835,0.5700934579439253,0.6813186813186812,0.4895833333333333,0.5,0.5,0.5,0.5
kDJigDGDJTo.000.mp4,0.711111111111111,0.4951456310679611,0.6168224299065421,0.7252747252747254,0.6354166666666666,0.5,0.5,0.5,0.5
kDJigDGDJTo.001.mp4,0.6,0.3300970873786408,0.5046728971962617,0.5164835164835165,0.5729166666666666,0.5,0.5,0.5,0.5
kDJigDGDJTo.003.mp4,0.5333333333333333,0.5145631067961165,0.5233644859813085,0.6923076923076923,0.5208333333333334,0.5,0.5,0.5,0.5
kDJigDGDJTo.005.mp4,0.811111111111111,0.4563106796116505,0.7009345794392524,0.7142857142857143,0.7916666666666667,0.5,0.5,0.5,0.5
KdMiQUWNByk.001.mp4,0.6777777777777777,0.5048543689320388,0.6074766355140188,0.5164835164835165,0.6145833333333333,0.5,0.5,0.5,0.5
kDP6_hiBR0o.002.mp4,0.5888888888888889,0.6699029126213591,0.4485981308411215,0.5164835164835165,0.5833333333333333,0.5,0.5,0.5,0.5
kDP6_hiBR0o.003.mp4,0.7555555555555554,0.5631067961165048,0.48598130841121495,0.4395604395604395,0.5833333333333333,0.5,0.5,0.5,0.5
kDP6_hiBR0o.005.mp4,0.711111111111111,0.5048543689320388,0.5794392523364487,0.4945054945054945,0.6770833333333334,0.5,0.5,0.5,0.5
kdPRPO3wgg0.000.mp4,0.7,0.6601941747572816,0.6074766355140188,0.7472527472527474,0.7083333333333334,0.5,0.5,0.5,0.5
kdPRPO3wgg0.001.mp4,0.6888888888888889,0.5339805825242718,0.6448598130841123,0.6483516483516484,0.7604166666666666,0.5,0.5,0.5,0.5
kdPRPO3wgg0.004.mp4,0.7777777777777777,0.5631067961165048,0.6822429906542057,0.7802197802197802,0.6666666666666667,0.5,0.5,0.5,0.5
KDwpjQiIfjY.000.mp4,0.6666666666666666,0.5339805825242718,0.5233644859813085,0.5934065934065933,0.7083333333333334,0.5,0.5,0.5,0.5
KDwpjQiIfjY.003.mp4,0.6555555555555556,0.6990291262135921,0.5327102803738318,0.6813186813186812,0.5729166666666666,0.5,0.5,0.5,0.5
KDwpjQiIfjY.005.mp4,0.8444444444444444,0.5631067961165048,0.7383177570093458,0.6153846153846153,0.7708333333333334,0.5,0.5,0.5,0.5
kDXYolv-8p8.000.mp4,0.5111111111111111,0.4174757281553398,0.5140186915887851,0.5384615384615384,0.4895833333333333,0.5,0.5,0.5,0.5
kDXYolv-8p8.002.mp4,0.611111111111111,0.4563106796116505,0.4392523364485981,0.6483516483516484,0.5729166666666666,0.5,0.5,0.5,0.5
kDXYolv-8p8.003.mp4,0.7444444444444444,0.5436893203883495,0.5981308411214954,0.6593406593406592,0.6354166666666666,0.5,0.5,0.5,0.5
kDXYolv-8p8.005.mp4,0.7222222222222221,0.5436893203883495,0.5607476635514019,0.7032967032967032,0.59375,0.5,0.5,0.5,0.5
keGXYAcUXmA.001.mp4,0.7666666666666666,0.5728155339805825,0.7196261682242993,0.6373626373626373,0.8020833333333334,0.5,0.5,0.5,0.5
keGXYAcUXmA.002.mp4,0.5555555555555556,0.31067961165048547,0.37383177570093457,0.31868131868131866,0.6666666666666667,0.5,0.5,0.5,0.5
keGXYAcUXmA.005.mp4,0.611111111111111,0.6310679611650486,0.6074766355140188,0.6373626373626373,0.7395833333333333,0.5,0.5,0.5,0.5
keW8-eSiQ70.003.mp4,0.7888888888888888,0.4854368932038835,0.5700934579439253,0.5384615384615384,0.5729166666666666,0.5,0.5,0.5,0.5
kFak4VnRnRM.001.mp4,0.6555555555555556,0.4563106796116505,0.691588785046729,0.6483516483516484,0.59375,0.5,0.5,0.5,0.5
kFak4VnRnRM.004.mp4,0.45555555555555555,0.4951456310679611,0.5700934579439253,0.4175824175824176,0.4479166666666667,0.5,0.5,0.5,0.5
kFak4VnRnRM.005.mp4,0.7666666666666666,0.5922330097087379,0.5981308411214954,0.6263736263736264,0.5833333333333333,0.5,0.5,0.5,0.5
KfurkMyjD-c.001.mp4,0.6555555555555556,0.3980582524271845,0.4205607476635514,0.6153846153846153,0.625,0.5,0.5,0.5,0.5
KfurkMyjD-c.002.mp4,0.6666666666666666,0.5631067961165048,0.588785046728972,0.7362637362637363,0.5520833333333334,0.5,0.5,0.5,0.5
KfurkMyjD-c.003.mp4,0.6222222222222222,0.4951456310679611,0.5327102803738318,0.6703296703296703,0.7187499999999999,0.5,0.5,0.5,0.5
KfurkMyjD-c.004.mp4,0.7222222222222221,0.47572815533980584,0.4018691588785047,0.7142857142857143,0.5833333333333333,0.5,0.5,0.5,0.5
Kga18VO9VwY.000.mp4,0.5444444444444444,0.2912621359223301,0.4953271028037384,0.4285714285714285,0.5208333333333334,0.5,0.5,0.5,0.5
Kga18VO9VwY.002.mp4,0.6333333333333333,0.4368932038834952,0.47663551401869164,0.5274725274725275,0.4791666666666667,0.5,0.5,0.5,0.5
KGRUaRe3r7I.001.mp4,0.8444444444444444,0.7766990291262136,0.7476635514018694,0.934065934065934,0.8020833333333334,0.5,0.5,0.5,0.5
KGRUaRe3r7I.002.mp4,0.7666666666666666,0.8058252427184466,0.7102803738317757,0.813186813186813,0.6979166666666666,0.5,0.5,0.5,0.5
KGRUaRe3r7I.005.mp4,0.7888888888888888,0.6893203883495147,0.5700934579439253,0.6593406593406592,0.7187499999999999,0.5,0.5,0.5,0.5
khCsAN1Bk_I.000.mp4,0.6,0.4174757281553398,0.5514018691588786,0.4615384615384615,0.46875,0.5,0.5,0.5,0.5
khCsAN1Bk_I.001.mp4,0.3555555555555556,0.31067961165048547,0.2149532710280374,0.2857142857142857,0.1458333333333333,0.5,0.5,0.5,0.5
khCsAN1Bk_I.002.mp4,0.3111111111111111,0.2621359223300971,0.26168224299065423,0.2637362637362637,0.2708333333333333,0.5,0.5,0.5,0.5
kHK5PkwJS7Y.003.mp4,0.5444444444444444,0.22330097087378642,0.4953271028037384,0.29670329670329665,0.34374999999999994,0.5,0.5,0.5,0.5
KhMsmtSC5Lg.000.mp4,0.5888888888888889,0.6601941747572816,0.5420560747663552,0.5274725274725275,0.5416666666666666,0.5,0.5,0.5,0.5
KhMsmtSC5Lg.001.mp4,0.7222222222222221,0.6893203883495147,0.6168224299065421,0.5164835164835165,0.53125,0.5,0.5,0.5,0.5
KhMsmtSC5Lg.005.mp4,0.6444444444444444,0.6893203883495147,0.5794392523364487,0.4615384615384615,0.6770833333333334,0.5,0.5,0.5,0.5
KHQJhOzdrYo.002.mp4,0.5777777777777777,0.5533980582524272,0.3457943925233645,0.5054945054945055,0.53125,0.5,0.5,0.5,0.5
KHQJhOzdrYo.003.mp4,0.5111111111111111,0.5339805825242718,0.3457943925233645,0.5824175824175825,0.42708333333333337,0.5,0.5,0.5,0.5
KHQJhOzdrYo.004.mp4,0.5888888888888889,0.5436893203883495,0.4953271028037384,0.4945054945054945,0.4791666666666667,0.5,0.5,0.5,0.5
KIhpjwf5uAA.000.mp4,0.6888888888888889,0.8834951456310681,0.588785046728972,0.8021978021978021,0.6979166666666666,0.5,0.5,0.5,0.5
KIhpjwf5uAA.001.mp4,0.6555555555555556,0.7572815533980582,0.4579439252336449,0.5824175824175825,0.5833333333333333,0.5,0.5,0.5,0.5
KIhpjwf5uAA.002.mp4,0.711111111111111,0.8155339805825244,0.4112149532710281,0.6923076923076923,0.5625,0.5,0.5,0.5,0.5
KIhpjwf5uAA.003.mp4,0.5555555555555556,0.7766990291262136,0.4485981308411215,0.3846153846153846,0.5625,0.5,0.5,0.5,0.5
KIJ9IYETe38.001.mp4,0.8777777777777777,0.8446601941747574,0.8130841121495327,0.7472527472527474,0.90625,0.5,0.5,0.5,0.5
KIJ9IYETe38.002.mp4,0.6444444444444444,0.4951456310679611,0.4299065420560748,0.4725274725274725,0.4895833333333333,0.5,0.5,0.5,0.5
KIJ9IYETe38.003.mp4,0.6,0.6310679611650486,0.4205607476635514,0.6153846153846153,0.5,0.5,0.5,0.5,0.5
KiM9P_FJVHg.004.mp4,0.8666666666666667,0.47572815533980584,0.7383177570093458,0.7142857142857143,0.6770833333333334,0.5,0.5,0.5,0.5
KiM9P_FJVHg.005.mp4,0.8333333333333333,0.27184466019417475,0.38317757009345793,0.3736263736263736,0.4895833333333333,0.5,0.5,0.5,0.5
KJ643kfjqLY.001.mp4,0.6777777777777777,0.5533980582524272,0.588785046728972,0.6373626373626373,0.45833333333333337,0.5,0.5,0.5,0.5
KJ643kfjqLY.002.mp4,0.7999999999999999,0.5922330097087379,0.4299065420560748,0.6153846153846153,0.5625,0.5,0.5,0.5,0.5
KJ643kfjqLY.003.mp4,0.6666666666666666,0.4951456310679611,0.5514018691588786,0.6593406593406592,0.5729166666666666,0.5,0.5,0.5,0.5
kJLeYUobR0M.001.mp4,0.6555555555555556,0.4563106796116505,0.5140186915887851,0.6593406593406592,0.5416666666666666,0.5,0.5,0.5,0.5
KJP4SKS2vtY.000.mp4,0.5333333333333333,0.6407766990291262,0.4672897196261683,0.6483516483516484,0.5,0.5,0.5,0.5,0.5
KJP4SKS2vtY.003.mp4,0.5444444444444444,0.5631067961165048,0.5794392523364487,0.6813186813186812,0.4791666666666667,0.5,0.5,0.5,0.5
kK4QL7pOrhs.002.mp4,0.7555555555555554,0.6601941747572816,0.6542056074766356,0.6593406593406592,0.7500000000000001,0.5,0.5,0.5,0.5
kK4QL7pOrhs.003.mp4,0.5888888888888889,0.7087378640776699,0.6542056074766356,0.7142857142857143,0.625,0.5,0.5,0.5,0.5
kK534gUcRF4.004.mp4,0.5444444444444444,0.6019417475728155,0.5607476635514019,0.5604395604395604,0.5625,0.5,0.5,0.5,0.5
kKRc2aXzQyM.002.mp4,0.711111111111111,0.3980582524271845,0.4672897196261683,0.5054945054945055,0.4895833333333333,0.5,0.5,0.5,0.5
kKRc2aXzQyM.004.mp4,0.611111111111111,0.3300970873786408,0.37383177570093457,0.5274725274725275,0.4895833333333333,0.5,0.5,0.5,0.5
kL-CeaXG9jM.000.mp4,0.4888888888888889,0.6019417475728155,0.4579439252336449,0.6593406593406592,0.4791666666666667,0.5,0.5,0.5,0.5
kL-CeaXG9jM.001.mp4,0.4666666666666667,0.5825242718446602,0.4112149532710281,0.6153846153846153,0.5104166666666666,0.5,0.5,0.5,0.5
kL-CeaXG9jM.002.mp4,0.5,0.5631067961165048,0.5514018691588786,0.6483516483516484,0.5,0.5,0.5,0.5,0.5
kL-CeaXG9jM.004.mp4,0.5222222222222223,0.5048543689320388,0.39252336448598135,0.6373626373626373,0.46875,0.5,0.5,0.5,0.5
KLY518hfGhU.000.mp4,0.5333333333333333,0.4466019417475728,0.4299065420560748,0.4945054945054945,0.4791666666666667,0.5,0.5,0.5,0.5
KLY518hfGhU.001.mp4,0.6444444444444444,0.6601941747572816,0.6074766355140188,0.7252747252747254,0.5520833333333334,0.5,0.5,0.5,0.5
KLY518hfGhU.004.mp4,0.6222222222222222,0.4563106796116505,0.5140186915887851,0.5274725274725275,0.4479166666666667,0.5,0.5,0.5,0.5
KLY518hfGhU.005.mp4,0.611111111111111,0.5631067961165048,0.5327102803738318,0.5494505494505494,0.6875,0.5,0.5,0.5,0.5
KM6Nc_VipyQ.001.mp4,0.6777777777777777,0.6796116504854369,0.5420560747663552,0.7692307692307692,0.7604166666666666,0.5,0.5,0.5,0.5
KM6Nc_VipyQ.005.mp4,0.7555555555555554,0.6893203883495147,0.4953271028037384,0.6923076923076923,0.6354166666666666,0.5,0.5,0.5,0.5
KmHe8urs3LI.002.mp4,0.41111111111111115,0.22330097087378642,0.3177570093457944,0.3956043956043956,0.40625000000000006,0.5,0.5,0.5,0.5
KmHe8urs3LI.003.mp4,0.45555555555555555,0.4368932038834952,0.38317757009345793,0.5164835164835165,0.5208333333333334,0.5,0.5,0.5,0.5
KmHe8urs3LI.005.mp4,0.3111111111111111,0.24271844660194175,0.18691588785046728,0.4175824175824176,0.39583333333333337,0.5,0.5,0.5,0.5
Kmrd1MsZKmQ.000.mp4,0.6444444444444444,0.4563106796116505,0.5140186915887851,0.5604395604395604,0.5,0.5,0.5,0.5,0.5
Kmrd1MsZKmQ.001.mp4,0.5888888888888889,0.6504854368932039,0.35514018691588783,0.4945054945054945,0.5833333333333333,0.5,0.5,0.5,0.5
Kmrd1MsZKmQ.002.mp4,0.4444444444444445,0.5242718446601942,0.38317757009345793,0.4835164835164835,0.3854166666666667,0.5,0.5,0.5,0.5
Kmrd1MsZKmQ.003.mp4,0.43333333333333335,0.4951456310679611,0.5514018691588786,0.5824175824175825,0.29166666666666663,0.5,0.5,0.5,0.5
kmV6Qtv0amA.001.mp4,0.7666666666666666,0.5825242718446602,0.6822429906542057,0.7252747252747254,0.5416666666666666,0.5,0.5,0.5,0.5
kmV6Qtv0amA.003.mp4,0.6,0.5145631067961165,0.5794392523364487,0.6043956043956044,0.6458333333333333,0.5,0.5,0.5,0.5
kmV6Qtv0amA.005.mp4,0.711111111111111,0.4174757281553398,0.6448598130841123,0.4505494505494505,0.5729166666666666,0.5,0.5,0.5,0.5
kn6I8LdQFN0.004.mp4,0.32222222222222224,0.18446601941747573,0.18691588785046728,0.17582417582417584,0.13541666666666663,0.5,0.5,0.5,0.5
kN9cs2nFhM4.002.mp4,0.5,0.4951456310679611,0.5607476635514019,0.4175824175824176,0.40625000000000006,0.5,0.5,0.5,0.5
kN9cs2nFhM4.003.mp4,0.4444444444444445,0.4466019417475728,0.5327102803738318,0.4945054945054945,0.53125,0.5,0.5,0.5,0.5
kN9cs2nFhM4.004.mp4,0.5666666666666667,0.3203883495145631,0.5607476635514019,0.5274725274725275,0.45833333333333337,0.5,0.5,0.5,0.5
kN9cs2nFhM4.005.mp4,0.7222222222222221,0.4368932038834952,0.663551401869159,0.6263736263736264,0.6041666666666666,0.5,0.5,0.5,0.5
kN_bFMVnfzY.001.mp4,0.6888888888888889,0.5825242718446602,0.5607476635514019,0.3846153846153846,0.6145833333333333,0.5,0.5,0.5,0.5
KnbEca4Ibwk.000.mp4,0.4777777777777778,0.4077669902912622,0.3271028037383178,0.4615384615384615,0.3854166666666667,0.5,0.5,0.5,0.5
KnbEca4Ibwk.002.mp4,0.4888888888888889,0.4174757281553398,0.4953271028037384,0.5604395604395604,0.3645833333333333,0.5,0.5,0.5,0.5
KnbEca4Ibwk.005.mp4,0.6333333333333333,0.5533980582524272,0.5233644859813085,0.6263736263736264,0.5,0.5,0.5,0.5,0.5
knK0zyX8bS4.004.mp4,0.7333333333333333,0.4951456310679611,0.4579439252336449,0.6153846153846153,0.5625,0.5,0.5,0.5,0.5
KNOHhnRMpSw.000.mp4,0.3666666666666667,0.24271844660194175,0.26168224299065423,0.3956043956043956,0.34374999999999994,0.5,0.5,0.5,0.5
KNOHhnRMpSw.001.mp4,0.34444444444444444,0.17475728155339804,0.29906542056074764,0.3736263736263736,0.25,0.5,0.5,0.5,0.5
KNOHhnRMpSw.002.mp4,0.2111111111111111,0.23300970873786406,0.19626168224299068,0.29670329670329665,0.2708333333333333,0.5,0.5,0.5,0.5
KNOHhnRMpSw.003.mp4,0.3111111111111111,0.21359223300970873,0.2336448598130841,0.2857142857142857,0.25,0.5,0.5,0.5,0.5
KNOHhnRMpSw.005.mp4,0.4444444444444445,0.21359223300970873,0.35514018691588783,0.4065934065934066,0.39583333333333337,0.5,0.5,0.5,0.5
knpgk7LAMb0.000.mp4,0.43333333333333335,0.2621359223300971,0.2336448598130841,0.3626373626373627,0.40625000000000006,0.5,0.5,0.5,0.5
knpgk7LAMb0.002.mp4,0.33333333333333337,0.16504854368932043,0.29906542056074764,0.3626373626373627,0.20833333333333331,0.5,0.5,0.5,0.5
knpgk7LAMb0.005.mp4,0.33333333333333337,0.2621359223300971,0.22429906542056074,0.5274725274725275,0.22916666666666663,0.5,0.5,0.5,0.5
KO7ZGXwPu-Y.000.mp4,0.45555555555555555,0.36893203883495146,0.47663551401869164,0.5824175824175825,0.4166666666666667,0.5,0.5,0.5,0.5
KO7ZGXwPu-Y.002.mp4,0.5888888888888889,0.36893203883495146,0.4953271028037384,0.5604395604395604,0.4166666666666667,0.5,0.5,0.5,0.5
kp3c66Igyr8.001.mp4,0.7444444444444444,0.6893203883495147,0.691588785046729,0.6153846153846153,0.7812499999999999,0.5,0.5,0.5,0.5
kp3c66Igyr8.002.mp4,0.5111111111111111,0.4174757281553398,0.6448598130841123,0.5714285714285714,0.6875,0.5,0.5,0.5,0.5
kp3c66Igyr8.004.mp4,0.6444444444444444,0.6019417475728155,0.5420560747663552,0.6373626373626373,0.5833333333333333,0.5,0.5,0.5,0.5
kp3c66Igyr8.005.mp4,0.7666666666666666,0.5922330097087379,0.8317757009345795,0.7912087912087912,0.8229166666666667,0.5,0.5,0.5,0.5
kPife9TY9Pw.000.mp4,0.7222222222222221,0.7475728155339806,0.7102803738317757,0.5604395604395604,0.7604166666666666,0.5,0.5,0.5,0.5
kPJzHs5jclg.001.mp4,0.5555555555555556,0.6699029126213591,0.4018691588785047,0.5714285714285714,0.5,0.5,0.5,0.5,0.5
KppCIwj0hC4.000.mp4,0.5777777777777777,0.7572815533980582,0.38317757009345793,0.4395604395604395,0.53125,0.5,0.5,0.5,0.5
KppCIwj0hC4.002.mp4,0.7,0.5631067961165048,0.6728971962616823,0.7362637362637363,0.625,0.5,0.5,0.5,0.5
KppCIwj0hC4.004.mp4,0.6555555555555556,0.5728155339805825,0.4392523364485981,0.4725274725274725,0.5,0.5,0.5,0.5,0.5
kppgmuWEv-A.000.mp4,0.7888888888888888,0.4174757281553398,0.6168224299065421,0.4835164835164835,0.59375,0.5,0.5,0.5,0.5
kppgmuWEv-A.001.mp4,0.7999999999999999,0.36893203883495146,0.4485981308411215,0.3406593406593406,0.3125,0.5,0.5,0.5,0.5
kppgmuWEv-A.003.mp4,0.922222222222222,0.4174757281553398,0.5981308411214954,0.6263736263736264,0.6875,0.5,0.5,0.5,0.5
kppgmuWEv-A.004.mp4,0.8333333333333333,0.42718446601941745,0.4953271028037384,0.4505494505494505,0.5416666666666666,0.5,0.5,0.5,0.5
kppgmuWEv-A.005.mp4,0.6444444444444444,0.2621359223300971,0.3177570093457944,0.30769230769230765,0.37499999999999994,0.5,0.5,0.5,0.5
KpTHRBaYny8.001.mp4,0.711111111111111,0.5825242718446602,0.5700934579439253,0.6923076923076923,0.7291666666666667,0.5,0.5,0.5,0.5
KpTHRBaYny8.005.mp4,0.6,0.6893203883495147,0.5046728971962617,0.5714285714285714,0.5104166666666666,0.5,0.5,0.5,0.5
Kpto8K_B-5A.002.mp4,0.7999999999999999,0.4368932038834952,0.4579439252336449,0.7142857142857143,0.59375,0.5,0.5,0.5,0.5
Kpto8K_B-5A.004.mp4,0.711111111111111,0.5533980582524272,0.5981308411214954,0.7472527472527474,0.6770833333333334,0.5,0.5,0.5,0.5
Kpto8K_B-5A.005.mp4,0.5666666666666667,0.4174757281553398,0.4112149532710281,0.5164835164835165,0.46875,0.5,0.5,0.5,0.5
kPXVZD3ac8s.005.mp4,0.7444444444444444,0.5728155339805825,0.5607476635514019,0.7912087912087912,0.7083333333333334,0.5,0.5,0.5,0.5
Kq-c6lqGNlo.000.mp4,0.6,0.4951456310679611,0.7476635514018694,0.835164835164835,0.5416666666666666,0.5,0.5,0.5,0.5
Kq-c6lqGNlo.001.mp4,0.7222222222222221,0.6310679611650486,0.7663551401869159,0.7362637362637363,0.65625,0.5,0.5,0.5,0.5
Kq-c6lqGNlo.002.mp4,0.5888888888888889,0.6019417475728155,0.6168224299065421,0.6373626373626373,0.6354166666666666,0.5,0.5,0.5,0.5
Kq-c6lqGNlo.004.mp4,0.7,0.6504854368932039,0.7663551401869159,0.7802197802197802,0.6875,0.5,0.5,0.5,0.5
Kq-c6lqGNlo.005.mp4,0.6,0.6310679611650486,0.5794392523364487,0.6263736263736264,0.5729166666666666,0.5,0.5,0.5,0.5
kQ8HhrysfaA.003.mp4,0.6333333333333333,0.33980582524271846,0.5420560747663552,0.4285714285714285,0.5729166666666666,0.5,0.5,0.5,0.5
kQ8HhrysfaA.005.mp4,0.5666666666666667,0.4077669902912622,0.4299065420560748,0.5714285714285714,0.46875,0.5,0.5,0.5,0.5
KRo-x2uoHUg.003.mp4,0.5111111111111111,0.5145631067961165,0.4299065420560748,0.5714285714285714,0.5208333333333334,0.5,0.5,0.5,0.5
krTAAqQ8_A8.005.mp4,0.6444444444444444,0.6407766990291262,0.6448598130841123,0.7472527472527474,0.5833333333333333,0.5,0.5,0.5,0.5
ksCoS_ghDfM.000.mp4,0.8222222222222221,0.7475728155339806,0.663551401869159,0.6593406593406592,0.8229166666666667,0.5,0.5,0.5,0.5
ksCoS_ghDfM.002.mp4,0.5777777777777777,0.7961165048543688,0.5981308411214954,0.4945054945054945,0.625,0.5,0.5,0.5,0.5
kSk-rf7a1Ig.000.mp4,0.3777777777777778,0.5048543689320388,0.37383177570093457,0.5384615384615384,0.40625000000000006,0.5,0.5,0.5,0.5
kSk-rf7a1Ig.001.mp4,0.5,0.5436893203883495,0.4392523364485981,0.7142857142857143,0.6041666666666666,0.5,0.5,0.5,0.5
kSk-rf7a1Ig.003.mp4,0.34444444444444444,0.3786407766990291,0.30841121495327106,0.5494505494505494,0.35416666666666663,0.5,0.5,0.5,0.5
KsToJAKi7xQ.000.mp4,0.4444444444444445,0.5339805825242718,0.3177570093457944,0.4725274725274725,0.32291666666666663,0.5,0.5,0.5,0.5
KTdbKiGFzJY.000.mp4,0.3555555555555556,0.5922330097087379,0.25233644859813087,0.5164835164835165,0.3645833333333333,0.5,0.5,0.5,0.5
KTdbKiGFzJY.003.mp4,0.41111111111111115,0.42718446601941745,0.19626168224299068,0.30769230769230765,0.42708333333333337,0.5,0.5,0.5,0.5
KtY6C83o2rs.004.mp4,0.6333333333333333,0.6213592233009709,0.5327102803738318,0.7582417582417583,0.4791666666666667,0.5,0.5,0.5,0.5
KtY6C83o2rs.005.mp4,0.5333333333333333,0.6116504854368932,0.4205607476635514,0.4505494505494505,0.42708333333333337,0.5,0.5,0.5,0.5
kUpkeJDcxaE.000.mp4,0.5777777777777777,0.5436893203883495,0.4579439252336449,0.5714285714285714,0.5104166666666666,0.5,0.5,0.5,0.5
kUpkeJDcxaE.002.mp4,0.5222222222222223,0.5728155339805825,0.37383177570093457,0.6703296703296703,0.4791666666666667,0.5,0.5,0.5,0.5
kUpkeJDcxaE.003.mp4,0.6,0.5242718446601942,0.5514018691588786,0.5934065934065933,0.5416666666666666,0.5,0.5,0.5,0.5
kUv0BJQmKq0.000.mp4,0.7,0.7475728155339806,0.6448598130841123,0.7362637362637363,0.7291666666666667,0.5,0.5,0.5,0.5
kUv0BJQmKq0.001.mp4,0.7444444444444444,0.7087378640776699,0.5981308411214954,0.6703296703296703,0.5833333333333333,0.5,0.5,0.5,0.5
kUv0BJQmKq0.002.mp4,0.7,0.7766990291262136,0.663551401869159,0.6703296703296703,0.7291666666666667,0.5,0.5,0.5,0.5
kUv0BJQmKq0.003.mp4,0.8555555555555554,0.6796116504854369,0.6542056074766356,0.7032967032967032,0.6770833333333334,0.5,0.5,0.5,0.5
Kv0kZgqZEM0.003.mp4,0.4,0.6019417475728155,0.2897196261682243,0.4505494505494505,0.42708333333333337,0.5,0.5,0.5,0.5
Kv0kZgqZEM0.004.mp4,0.5,0.6601941747572816,0.4112149532710281,0.7032967032967032,0.5520833333333334,0.5,0.5,0.5,0.5
kV7MFI2_ddo.000.mp4,0.3666666666666667,0.5825242718446602,0.26168224299065423,0.3406593406593406,0.34374999999999994,0.5,0.5,0.5,0.5
kV7MFI2_ddo.002.mp4,0.6,0.5242718446601942,0.5046728971962617,0.5164835164835165,0.4791666666666667,0.5,0.5,0.5,0.5
kV7MFI2_ddo.005.mp4,0.43333333333333335,0.5728155339805825,0.24299065420560748,0.5164835164835165,0.37499999999999994,0.5,0.5,0.5,0.5
KVepk_9iPEU.002.mp4,0.5444444444444444,0.7184466019417477,0.4953271028037384,0.6593406593406592,0.5625,0.5,0.5,0.5,0.5
kwcpINU9LLk.001.mp4,0.6222222222222222,0.6601941747572816,0.38317757009345793,0.6153846153846153,0.5520833333333334,0.5,0.5,0.5,0.5
kwcpINU9LLk.004.mp4,0.6888888888888889,0.7281553398058251,0.5140186915887851,0.5384615384615384,0.65625,0.5,0.5,0.5,0.5
kX-o1qmgWvc.002.mp4,0.5444444444444444,0.6310679611650486,0.3271028037383178,0.6593406593406592,0.5729166666666666,0.5,0.5,0.5,0.5
kX-o1qmgWvc.004.mp4,0.5888888888888889,0.8058252427184466,0.4672897196261683,0.6043956043956044,0.5833333333333333,0.5,0.5,0.5,0.5
kxlqIrk0WnY.002.mp4,0.6888888888888889,0.4563106796116505,0.4392523364485981,0.3956043956043956,0.53125,0.5,0.5,0.5,0.5
KXUERmhPyr8.002.mp4,0.5444444444444444,0.6310679611650486,0.3271028037383178,0.4725274725274725,0.4479166666666667,0.5,0.5,0.5,0.5
KXUERmhPyr8.004.mp4,0.3777777777777778,0.5339805825242718,0.24299065420560748,0.5054945054945055,0.3020833333333333,0.5,0.5,0.5,0.5
KXUERmhPyr8.005.mp4,0.4666666666666667,0.4077669902912622,0.20560747663551404,0.25274725274725274,0.35416666666666663,0.5,0.5,0.5,0.5
kY_4WyAXxrQ.000.mp4,0.5555555555555556,0.5145631067961165,0.5233644859813085,0.6373626373626373,0.45833333333333337,0.5,0.5,0.5,0.5
kY_4WyAXxrQ.003.mp4,0.4888888888888889,0.5825242718446602,0.47663551401869164,0.4395604395604395,0.46875,0.5,0.5,0.5,0.5
kY_4WyAXxrQ.004.mp4,0.28888888888888886,0.4951456310679611,0.25233644859813087,0.3626373626373627,0.40625000000000006,0.5,0.5,0.5,0.5
KYkfjIZEScM.005.mp4,0.7222222222222221,0.7766990291262136,0.47663551401869164,0.5494505494505494,0.7291666666666667,0.5,0.5,0.5,0.5
kyq-X4IFMtw.001.mp4,0.4444444444444445,0.3786407766990291,0.5233644859813085,0.32967032967032966,0.42708333333333337,0.5,0.5,0.5,0.5
KYvbRwTCtaU.000.mp4,0.5222222222222223,0.4466019417475728,0.39252336448598135,0.6153846153846153,0.3854166666666667,0.5,0.5,0.5,0.5
KYvbRwTCtaU.001.mp4,0.6888888888888889,0.4951456310679611,0.4953271028037384,0.5384615384615384,0.6354166666666666,0.5,0.5,0.5,0.5
KYvbRwTCtaU.002.mp4,0.5222222222222223,0.4854368932038835,0.35514018691588783,0.4175824175824176,0.4166666666666667,0.5,0.5,0.5,0.5
KYvbRwTCtaU.003.mp4,0.5777777777777777,0.4077669902912622,0.6261682242990655,0.5494505494505494,0.5208333333333334,0.5,0.5,0.5,0.5
KYvbRwTCtaU.005.mp4,0.611111111111111,0.3980582524271845,0.5607476635514019,0.6153846153846153,0.46875,0.5,0.5,0.5,0.5
KYvMsMLNGvY.005.mp4,0.43333333333333335,0.42718446601941745,0.38317757009345793,0.6483516483516484,0.4479166666666667,0.5,0.5,0.5,0.5
kzDQXSGGomg.002.mp4,0.7333333333333333,0.8446601941747574,0.663551401869159,0.5934065934065933,0.7187499999999999,0.5,0.5,0.5,0.5
kzDQXSGGomg.004.mp4,0.7222222222222221,0.6893203883495147,0.6728971962616823,0.6043956043956044,0.7395833333333333,0.5,0.5,0.5,0.5
kzDQXSGGomg.005.mp4,0.7666666666666666,0.6990291262135921,0.7570093457943926,0.6813186813186812,0.7187499999999999,0.5,0.5,0.5,0.5
L-C1blPD_ec.000.mp4,0.4222222222222222,0.4174757281553398,0.28037383177570097,0.4065934065934066,0.4479166666666667,0.5,0.5,0.5,0.5
L-C1blPD_ec.001.mp4,0.5666666666666667,0.5533980582524272,0.4672897196261683,0.6043956043956044,0.5833333333333333,0.5,0.5,0.5,0.5
L-C1blPD_ec.004.mp4,0.4444444444444445,0.6019417475728155,0.38317757009345793,0.6813186813186812,0.5416666666666666,0.5,0.5,0.5,0.5
L-C1blPD_ec.005.mp4,0.5,0.5048543689320388,0.3271028037383178,0.5934065934065933,0.4479166666666667,0.5,0.5,0.5,0.5
L-rmZZP_wj8.003.mp4,0.6777777777777777,0.33980582524271846,0.588785046728972,0.4945054945054945,0.4791666666666667,0.5,0.5,0.5,0.5
L-rmZZP_wj8.004.mp4,0.6444444444444444,0.4077669902912622,0.7009345794392524,0.5824175824175825,0.5729166666666666,0.5,0.5,0.5,0.5
l-WgXcGLdZk.002.mp4,0.5888888888888889,0.4854368932038835,0.6261682242990655,0.5824175824175825,0.6041666666666666,0.5,0.5,0.5,0.5
l-WgXcGLdZk.003.mp4,0.7555555555555554,0.4466019417475728,0.7476635514018694,0.6813186813186812,0.59375,0.5,0.5,0.5,0.5
l-WgXcGLdZk.004.mp4,0.6333333333333333,0.5145631067961165,0.6448598130841123,0.6703296703296703,0.42708333333333337,0.5,0.5,0.5,0.5
l-WgXcGLdZk.005.mp4,0.7222222222222221,0.5533980582524272,0.5700934579439253,0.6483516483516484,0.6770833333333334,0.5,0.5,0.5,0.5
l0qApUuiDjo.005.mp4,0.38888888888888895,0.24271844660194175,0.36448598130841126,0.30769230769230765,0.2708333333333333,0.5,0.5,0.5,0.5
l1L61qbiV2U.001.mp4,0.4888888888888889,0.31067961165048547,0.4018691588785047,0.4065934065934066,0.2708333333333333,0.5,0.5,0.5,0.5
l1V-DuJ-WgU.000.mp4,0.6444444444444444,0.6601941747572816,0.588785046728972,0.4505494505494505,0.5729166666666666,0.5,0.5,0.5,0.5
l1V-DuJ-WgU.002.mp4,0.41111111111111115,0.5825242718446602,0.38317757009345793,0.5714285714285714,0.39583333333333337,0.5,0.5,0.5,0.5
l1V-DuJ-WgU.004.mp4,0.6888888888888889,0.6019417475728155,0.5607476635514019,0.5604395604395604,0.5520833333333334,0.5,0.5,0.5,0.5
l2YS_qsF7SQ.004.mp4,0.6222222222222222,0.5048543689320388,0.5046728971962617,0.5934065934065933,0.6041666666666666,0.5,0.5,0.5,0.5
l3IoZ_QmOQo.001.mp4,0.811111111111111,0.6116504854368932,0.6822429906542057,0.7472527472527474,0.8125000000000001,0.5,0.5,0.5,0.5
l3IoZ_QmOQo.004.mp4,0.7666666666666666,0.5048543689320388,0.7009345794392524,0.7252747252747254,0.7291666666666667,0.5,0.5,0.5,0.5
l3MXBCviqE8.004.mp4,0.6,0.4563106796116505,0.36448598130841126,0.4615384615384615,0.42708333333333337,0.5,0.5,0.5,0.5
l3RE0rN7oEg.001.mp4,0.8999999999999999,0.7864077669902914,0.8037383177570094,0.7582417582417583,0.7291666666666667,0.5,0.5,0.5,0.5
l3RE0rN7oEg.003.mp4,0.7999999999999999,0.7572815533980582,0.8317757009345795,1.0,0.8645833333333334,0.5,0.5,0.5,0.5
L4Jlm0vGsvc.000.mp4,0.7333333333333333,0.6310679611650486,0.691588785046729,0.6813186813186812,0.6979166666666666,0.5,0.5,0.5,0.5
L4Jlm0vGsvc.002.mp4,0.7999999999999999,0.6601941747572816,0.663551401869159,0.6373626373626373,0.59375,0.5,0.5,0.5,0.5
L4Jlm0vGsvc.004.mp4,0.7999999999999999,0.6990291262135921,0.7383177570093458,0.6813186813186812,0.7604166666666666,0.5,0.5,0.5,0.5
L5kpy0SA7os.000.mp4,0.2777777777777778,0.3980582524271845,0.33644859813084116,0.3846153846153846,0.34374999999999994,0.5,0.5,0.5,0.5
L5kpy0SA7os.003.mp4,0.5555555555555556,0.4174757281553398,0.39252336448598135,0.4285714285714285,0.42708333333333337,0.5,0.5,0.5,0.5
L5kpy0SA7os.005.mp4,0.4444444444444445,0.47572815533980584,0.37383177570093457,0.4945054945054945,0.40625000000000006,0.5,0.5,0.5,0.5
L5PkZA1ErYY.002.mp4,0.5444444444444444,0.4174757281553398,0.36448598130841126,0.3516483516483516,0.3333333333333333,0.5,0.5,0.5,0.5
L5PkZA1ErYY.005.mp4,0.6888888888888889,0.4563106796116505,0.4112149532710281,0.5934065934065933,0.5416666666666666,0.5,0.5,0.5,0.5
L7HDCG2PsII.001.mp4,0.5777777777777777,0.5048543689320388,0.4485981308411215,0.4615384615384615,0.42708333333333337,0.5,0.5,0.5,0.5
L7HDCG2PsII.003.mp4,0.5333333333333333,0.4854368932038835,0.4485981308411215,0.4505494505494505,0.4791666666666667,0.5,0.5,0.5,0.5
l7U3YDIOE_s.000.mp4,0.4,0.2912621359223301,0.5140186915887851,0.4615384615384615,0.45833333333333337,0.5,0.5,0.5,0.5
l7U3YDIOE_s.003.mp4,0.45555555555555555,0.2912621359223301,0.36448598130841126,0.3626373626373627,0.22916666666666663,0.5,0.5,0.5,0.5
l8weBJSCHbA.000.mp4,0.711111111111111,0.27184466019417475,0.4112149532710281,0.5054945054945055,0.4166666666666667,0.5,0.5,0.5,0.5
l8weBJSCHbA.001.mp4,0.6444444444444444,0.23300970873786406,0.38317757009345793,0.4285714285714285,0.3645833333333333,0.5,0.5,0.5,0.5
l8weBJSCHbA.002.mp4,0.7333333333333333,0.4563106796116505,0.2897196261682243,0.3846153846153846,0.35416666666666663,0.5,0.5,0.5,0.5
l8weBJSCHbA.003.mp4,0.6,0.3300970873786408,0.37383177570093457,0.3956043956043956,0.5104166666666666,0.5,0.5,0.5,0.5
l8weBJSCHbA.005.mp4,0.5444444444444444,0.2524271844660194,0.2897196261682243,0.2747252747252747,0.4166666666666667,0.5,0.5,0.5,0.5
L9sG80PI1Gw.003.mp4,0.7555555555555554,0.47572815533980584,0.6261682242990655,0.6043956043956044,0.6145833333333333,0.5,0.5,0.5,0.5
L_gmlaz-0s4.001.mp4,0.4444444444444445,0.47572815533980584,0.5327102803738318,0.5714285714285714,0.5104166666666666,0.5,0.5,0.5,0.5
L_gmlaz-0s4.003.mp4,0.5333333333333333,0.5728155339805825,0.5233644859813085,0.6813186813186812,0.59375,0.5,0.5,0.5,0.5
L_gmlaz-0s4.005.mp4,0.5222222222222223,0.47572815533980584,0.4672897196261683,0.5274725274725275,0.42708333333333337,0.5,0.5,0.5,0.5
lAJWoIcgXlU.000.mp4,0.7555555555555554,0.7669902912621359,0.691588785046729,0.5054945054945055,0.6145833333333333,0.5,0.5,0.5,0.5
lAJWoIcgXlU.001.mp4,0.7666666666666666,0.6893203883495147,0.794392523364486,0.5934065934065933,0.7291666666666667,0.5,0.5,0.5,0.5
laPGbkC87us.004.mp4,0.6444444444444444,0.6601941747572816,0.5327102803738318,0.4835164835164835,0.5520833333333334,0.5,0.5,0.5,0.5
LaxnVuOM6kE.002.mp4,0.4222222222222222,0.4368932038834952,0.36448598130841126,0.5604395604395604,0.4479166666666667,0.5,0.5,0.5,0.5
lAy2z5PN80E.000.mp4,0.611111111111111,0.4563106796116505,0.5233644859813085,0.5604395604395604,0.59375,0.5,0.5,0.5,0.5
lAy2z5PN80E.001.mp4,0.811111111111111,0.5242718446601942,0.6728971962616823,0.6593406593406592,0.6875,0.5,0.5,0.5,0.5
LBKbubsgpE8.001.mp4,0.6,0.5339805825242718,0.7663551401869159,0.5604395604395604,0.6145833333333333,0.5,0.5,0.5,0.5
LBKbubsgpE8.003.mp4,0.8444444444444444,0.7087378640776699,0.5607476635514019,0.6373626373626373,0.7395833333333333,0.5,0.5,0.5,0.5
LBrmHHzyIiY.000.mp4,0.5,0.36893203883495146,0.3271028037383178,0.6483516483516484,0.3645833333333333,0.5,0.5,0.5,0.5
LBrmHHzyIiY.001.mp4,0.7,0.5436893203883495,0.5140186915887851,0.5714285714285714,0.46875,0.5,0.5,0.5,0.5
LBrmHHzyIiY.002.mp4,0.4,0.5145631067961165,0.2336448598130841,0.4285714285714285,0.34374999999999994,0.5,0.5,0.5,0.5
LBrmHHzyIiY.003.mp4,0.7,0.7184466019417477,0.5794392523364487,0.912087912087912,0.5520833333333334,0.5,0.5,0.5,0.5
LCafv-LfC3Y.000.mp4,0.6,0.4951456310679611,0.588785046728972,0.5604395604395604,0.5520833333333334,0.5,0.5,0.5,0.5
LCafv-LfC3Y.001.mp4,0.6777777777777777,0.6407766990291262,0.39252336448598135,0.6263736263736264,0.5625,0.5,0.5,0.5,0.5
LCafv-LfC3Y.003.mp4,0.6444444444444444,0.5922330097087379,0.6542056074766356,0.6263736263736264,0.6041666666666666,0.5,0.5,0.5,0.5
LCafv-LfC3Y.004.mp4,0.6333333333333333,0.6796116504854369,0.6074766355140188,0.5714285714285714,0.5833333333333333,0.5,0.5,0.5,0.5
lCWWjATDrRM.003.mp4,0.7777777777777777,0.7087378640776699,0.5420560747663552,0.4505494505494505,0.5833333333333333,0.5,0.5,0.5,0.5
ld7mBR4v3yU.001.mp4,0.4888888888888889,0.7961165048543688,0.4672897196261683,0.4835164835164835,0.4791666666666667,0.5,0.5,0.5,0.5
ld7mBR4v3yU.002.mp4,0.41111111111111115,0.7669902912621359,0.36448598130841126,0.4505494505494505,0.59375,0.5,0.5,0.5,0.5
ldq15dfuaLg.001.mp4,0.6888888888888889,0.7475728155339806,0.6355140186915887,0.7142857142857143,0.625,0.5,0.5,0.5,0.5
LeQKH1vAVpg.001.mp4,0.4888888888888889,0.7961165048543688,0.6355140186915887,0.6703296703296703,0.6041666666666666,0.5,0.5,0.5,0.5
LeQKH1vAVpg.003.mp4,0.5,0.6601941747572816,0.48598130841121495,0.4505494505494505,0.6041666666666666,0.5,0.5,0.5,0.5
LeQKH1vAVpg.004.mp4,0.3777777777777778,0.6213592233009709,0.30841121495327106,0.3736263736263736,0.3854166666666667,0.5,0.5,0.5,0.5
LeQKH1vAVpg.005.mp4,0.5666666666666667,0.7281553398058251,0.5327102803738318,0.5604395604395604,0.6458333333333333,0.5,0.5,0.5,0.5
lErjGxBb1Bk.002.mp4,0.7888888888888888,0.8349514563106796,0.7196261682242993,0.6703296703296703,0.6770833333333334,0.5,0.5,0.5,0.5
lErjGxBb1Bk.004.mp4,0.6444444444444444,0.6796116504854369,0.6355140186915887,0.5494505494505494,0.5520833333333334,0.5,0.5,0.5,0.5
leslBYwG8kc.002.mp4,0.5777777777777777,0.5145631067961165,0.588785046728972,0.7142857142857143,0.59375,0.5,0.5,0.5,0.5
LeuT6NgJ6N8.004.mp4,0.5111111111111111,0.6019417475728155,0.663551401869159,0.5824175824175825,0.53125,0.5,0.5,0.5,0.5
LfvTKoMYLEE.004.mp4,0.6,0.33980582524271846,0.4953271028037384,0.6483516483516484,0.40625000000000006,0.5,0.5,0.5,0.5
LGdzP-r_G3U.001.mp4,0.8999999999999999,0.7572815533980582,0.7476635514018694,0.6813186813186812,0.7395833333333333,0.5,0.5,0.5,0.5
LGdzP-r_G3U.004.mp4,0.922222222222222,0.7864077669902914,0.6822429906542057,0.6263736263736264,0.6875,0.5,0.5,0.5,0.5
LGdzP-r_G3U.005.mp4,0.4888888888888889,0.4660194174757281,0.33644859813084116,0.3406593406593406,0.37499999999999994,0.5,0.5,0.5,0.5
LGgx7RVdL2Y.000.mp4,0.4222222222222222,0.4174757281553398,0.2710280373831776,0.4725274725274725,0.3645833333333333,0.5,0.5,0.5,0.5
LGgx7RVdL2Y.002.mp4,0.25555555555555554,0.3495145631067961,0.30841121495327106,0.4285714285714285,0.3645833333333333,0.5,0.5,0.5,0.5
LGgx7RVdL2Y.004.mp4,0.5,0.3300970873786408,0.2710280373831776,0.4065934065934066,0.2708333333333333,0.5,0.5,0.5,0.5
LGgx7RVdL2Y.005.mp4,0.38888888888888895,0.3203883495145631,0.2897196261682243,0.4835164835164835,0.32291666666666663,0.5,0.5,0.5,0.5
lGIHEaCvWEA.000.mp4,0.8222222222222221,0.6893203883495147,0.6542056074766356,0.6263736263736264,0.7083333333333334,0.5,0.5,0.5,0.5
LglT6Gp5oQg.003.mp4,0.32222222222222224,0.30097087378640774,0.3271028037383178,0.3626373626373627,0.19791666666666666,0.5,0.5,0.5,0.5
LGPm8ok6kVo.001.mp4,0.7333333333333333,0.6019417475728155,0.48598130841121495,0.6593406593406592,0.625,0.5,0.5,0.5,0.5
LHV4HNK35pM.001.mp4,0.6888888888888889,0.6504854368932039,0.6261682242990655,0.6483516483516484,0.4791666666666667,0.5,0.5,0.5,0.5
LHV4HNK35pM.005.mp4,0.6,0.47572815533980584,0.7289719626168225,0.6043956043956044,0.5729166666666666,0.5,0.5,0.5,0.5
liRQoL7SsPw.001.mp4,0.6666666666666666,0.6504854368932039,0.691588785046729,0.7362637362637363,0.6979166666666666,0.5,0.5,0.5,0.5
Lj1WuMXFa-4.001.mp4,0.7222222222222221,0.4563106796116505,0.47663551401869164,0.5494505494505494,0.5208333333333334,0.5,0.5,0.5,0.5
Lj1WuMXFa-4.002.mp4,0.7555555555555554,0.4951456310679611,0.48598130841121495,0.5054945054945055,0.5104166666666666,0.5,0.5,0.5,0.5
Lj1WuMXFa-4.004.mp4,0.6222222222222222,0.4854368932038835,0.4392523364485981,0.4505494505494505,0.45833333333333337,0.5,0.5,0.5,0.5
lK1HFH7j93c.000.mp4,0.7888888888888888,0.7669902912621359,0.6728971962616823,0.7692307692307692,0.7916666666666667,0.5,0.5,0.5,0.5
Lk6Ts7y4OPY.000.mp4,0.32222222222222224,0.3495145631067961,0.3271028037383178,0.29670329670329665,0.22916666666666663,0.5,0.5,0.5,0.5
LKBoLbWHJYI.002.mp4,0.6,0.4660194174757281,0.47663551401869164,0.6593406593406592,0.6458333333333333,0.5,0.5,0.5,0.5
LKBoLbWHJYI.003.mp4,0.7333333333333333,0.5339805825242718,0.5327102803738318,0.5054945054945055,0.6145833333333333,0.5,0.5,0.5,0.5
LKc69Et2Jg8.004.mp4,0.7,0.5922330097087379,0.6448598130841123,0.7032967032967032,0.6458333333333333,0.5,0.5,0.5,0.5
lkdQjIunxSE.000.mp4,0.6,0.8058252427184466,0.7757009345794394,0.6263736263736264,0.6145833333333333,0.5,0.5,0.5,0.5
lkdQjIunxSE.002.mp4,0.7555555555555554,0.6504854368932039,0.5046728971962617,0.5164835164835165,0.6458333333333333,0.5,0.5,0.5,0.5
lkdQjIunxSE.003.mp4,0.6444444444444444,0.6213592233009709,0.5794392523364487,0.5604395604395604,0.625,0.5,0.5,0.5,0.5
lKePJbjYiy0.000.mp4,0.8444444444444444,0.6796116504854369,0.6355140186915887,0.6153846153846153,0.6875,0.5,0.5,0.5,0.5
lKePJbjYiy0.002.mp4,0.7444444444444444,0.8640776699029126,0.8317757009345795,0.901098901098901,0.8020833333333334,0.5,0.5,0.5,0.5
lkeXyB-3Gs0.001.mp4,0.38888888888888895,0.3300970873786408,0.2336448598130841,0.4725274725274725,0.3020833333333333,0.5,0.5,0.5,0.5
LKqN07ryM5I.001.mp4,0.5,0.6310679611650486,0.5327102803738318,0.5824175824175825,0.5104166666666666,0.5,0.5,0.5,0.5
LKqN07ryM5I.004.mp4,0.6888888888888889,0.5631067961165048,0.6261682242990655,0.6153846153846153,0.4375,0.5,0.5,0.5,0.5
LKqO2BhfAvM.002.mp4,0.3777777777777778,0.5242718446601942,0.30841121495327106,0.30769230769230765,0.3333333333333333,0.5,0.5,0.5,0.5
LKvxVEI8uVA.001.mp4,0.5555555555555556,0.4854368932038835,0.5607476635514019,0.6043956043956044,0.6666666666666667,0.5,0.5,0.5,0.5
LKvxVEI8uVA.004.mp4,0.5888888888888889,0.4951456310679611,0.48598130841121495,0.3736263736263736,0.3854166666666667,0.5,0.5,0.5,0.5
ll_chn4R32Y.000.mp4,0.5222222222222223,0.4854368932038835,0.4392523364485981,0.6263736263736264,0.37499999999999994,0.5,0.5,0.5,0.5
lLKwlPLdYig.000.mp4,0.2777777777777778,0.31067961165048547,0.33644859813084116,0.4725274725274725,0.39583333333333337,0.5,0.5,0.5,0.5
lLKwlPLdYig.001.mp4,0.34444444444444444,0.27184466019417475,0.33644859813084116,0.3626373626373627,0.40625000000000006,0.5,0.5,0.5,0.5
lLObIVKYDUI.000.mp4,0.5444444444444444,0.6019417475728155,0.3271028037383178,0.3516483516483516,0.4375,0.5,0.5,0.5,0.5
lLObIVKYDUI.004.mp4,0.3555555555555556,0.4466019417475728,0.19626168224299068,0.3846153846153846,0.25,0.5,0.5,0.5,0.5
lLObIVKYDUI.005.mp4,0.38888888888888895,0.4466019417475728,0.30841121495327106,0.29670329670329665,0.39583333333333337,0.5,0.5,0.5,0.5
LLP-oZfo8oE.002.mp4,0.41111111111111115,0.36893203883495146,0.2149532710280374,0.30769230769230765,0.4166666666666667,0.5,0.5,0.5,0.5
LLP-oZfo8oE.003.mp4,0.5444444444444444,0.6504854368932039,0.5514018691588786,0.7142857142857143,0.59375,0.5,0.5,0.5,0.5
LLP-oZfo8oE.004.mp4,0.5777777777777777,0.5728155339805825,0.39252336448598135,0.6263736263736264,0.4791666666666667,0.5,0.5,0.5,0.5
LLP-oZfo8oE.005.mp4,0.5888888888888889,0.6213592233009709,0.47663551401869164,0.6043956043956044,0.53125,0.5,0.5,0.5,0.5
lLWOcztaIBI.000.mp4,0.6666666666666666,0.6893203883495147,0.6074766355140188,0.6593406593406592,0.7187499999999999,0.5,0.5,0.5,0.5
lLWOcztaIBI.001.mp4,0.5222222222222223,0.6893203883495147,0.47663551401869164,0.4395604395604395,0.6354166666666666,0.5,0.5,0.5,0.5
lLWOcztaIBI.002.mp4,0.6444444444444444,0.5533980582524272,0.47663551401869164,0.5384615384615384,0.6458333333333333,0.5,0.5,0.5,0.5
lLWOcztaIBI.003.mp4,0.7333333333333333,0.6601941747572816,0.48598130841121495,0.4945054945054945,0.6875,0.5,0.5,0.5,0.5
lLWOcztaIBI.004.mp4,0.711111111111111,0.8252427184466018,0.5794392523364487,0.7472527472527474,0.8333333333333334,0.5,0.5,0.5,0.5
LmA23EIaXqg.000.mp4,0.45555555555555555,0.33980582524271846,0.3177570093457944,0.4065934065934066,0.4791666666666667,0.5,0.5,0.5,0.5
LmA23EIaXqg.001.mp4,0.3666666666666667,0.21359223300970873,0.13084112149532712,0.3516483516483516,0.12499999999999996,0.5,0.5,0.5,0.5
LmA23EIaXqg.003.mp4,0.41111111111111115,0.2815533980582524,0.39252336448598135,0.4175824175824176,0.34374999999999994,0.5,0.5,0.5,0.5
LmA23EIaXqg.005.mp4,0.3666666666666667,0.2621359223300971,0.3177570093457944,0.3736263736263736,0.25,0.5,0.5,0.5,0.5
lmz3nj1VLzY.003.mp4,0.5,0.6310679611650486,0.3457943925233645,0.5604395604395604,0.3333333333333333,0.5,0.5,0.5,0.5
lnawWqnGpMc.000.mp4,0.5555555555555556,0.47572815533980584,0.5794392523364487,0.4835164835164835,0.4479166666666667,0.5,0.5,0.5,0.5
lnawWqnGpMc.002.mp4,0.4888888888888889,0.47572815533980584,0.35514018691588783,0.4065934065934066,0.3854166666666667,0.5,0.5,0.5,0.5
lnawWqnGpMc.004.mp4,0.5888888888888889,0.47572815533980584,0.48598130841121495,0.5164835164835165,0.4895833333333333,0.5,0.5,0.5,0.5
lnawWqnGpMc.005.mp4,0.3111111111111111,0.2524271844660194,0.13084112149532712,0.23076923076923075,0.1145833333333333,0.5,0.5,0.5,0.5
lNaZ4aJaiBU.000.mp4,0.5,0.4368932038834952,0.5140186915887851,0.6813186813186812,0.46875,0.5,0.5,0.5,0.5
LNiiKncirQA.000.mp4,0.5333333333333333,0.5631067961165048,0.48598130841121495,0.5714285714285714,0.6145833333333333,0.5,0.5,0.5,0.5
LNM1i-a9q_A.002.mp4,0.5777777777777777,0.5145631067961165,0.4953271028037384,0.6593406593406592,0.53125,0.5,0.5,0.5,0.5
LNM1i-a9q_A.004.mp4,0.5777777777777777,0.6310679611650486,0.5514018691588786,0.6813186813186812,0.6458333333333333,0.5,0.5,0.5,0.5
lNY0BdE4NqY.000.mp4,0.6333333333333333,0.4854368932038835,0.39252336448598135,0.3516483516483516,0.37499999999999994,0.5,0.5,0.5,0.5
lNY0BdE4NqY.004.mp4,0.5888888888888889,0.4368932038834952,0.39252336448598135,0.4395604395604395,0.46875,0.5,0.5,0.5,0.5
LP5N5uPfTdA.004.mp4,0.6555555555555556,0.5145631067961165,0.48598130841121495,0.6263736263736264,0.5104166666666666,0.5,0.5,0.5,0.5
LP5N5uPfTdA.005.mp4,0.6222222222222222,0.5631067961165048,0.4579439252336449,0.5714285714285714,0.6145833333333333,0.5,0.5,0.5,0.5
Lq4uvcHNiy8.000.mp4,0.43333333333333335,0.5048543689320388,0.4672897196261683,0.4285714285714285,0.39583333333333337,0.5,0.5,0.5,0.5
Lq4uvcHNiy8.001.mp4,0.6888888888888889,0.5922330097087379,0.5607476635514019,0.6043956043956044,0.6041666666666666,0.5,0.5,0.5,0.5
Lq4uvcHNiy8.002.mp4,0.4777777777777778,0.4660194174757281,0.47663551401869164,0.5164835164835165,0.3854166666666667,0.5,0.5,0.5,0.5
Lq4uvcHNiy8.003.mp4,0.32222222222222224,0.4077669902912622,0.38317757009345793,0.32967032967032966,0.5,0.5,0.5,0.5,0.5
LqtBNNM2jIw.004.mp4,0.5111111111111111,0.4951456310679611,0.4112149532710281,0.5604395604395604,0.40625000000000006,0.5,0.5,0.5,0.5
LRczShwIVbM.004.mp4,0.5666666666666667,0.5533980582524272,0.4112149532710281,0.5164835164835165,0.5208333333333334,0.5,0.5,0.5,0.5
LRczShwIVbM.005.mp4,0.7,0.6796116504854369,0.7663551401869159,0.6263736263736264,0.7812499999999999,0.5,0.5,0.5,0.5
LRU4jLhKaak.003.mp4,0.6777777777777777,0.8058252427184466,0.5420560747663552,0.7692307692307692,0.6875,0.5,0.5,0.5,0.5
LsPKxJgefks.003.mp4,0.6666666666666666,0.5048543689320388,0.39252336448598135,0.4835164835164835,0.5416666666666666,0.5,0.5,0.5,0.5
LsPKxJgefks.004.mp4,0.8333333333333333,0.6019417475728155,0.4485981308411215,0.5824175824175825,0.5520833333333334,0.5,0.5,0.5,0.5
LsqAIHhFpLE.002.mp4,0.5444444444444444,0.4854368932038835,0.5700934579439253,0.5494505494505494,0.4895833333333333,0.5,0.5,0.5,0.5
LSqijVxP0EM.000.mp4,0.4222222222222222,0.30097087378640774,0.30841121495327106,0.3736263736263736,0.3333333333333333,0.5,0.5,0.5,0.5
LSqijVxP0EM.001.mp4,0.6222222222222222,0.4660194174757281,0.2897196261682243,0.4505494505494505,0.5,0.5,0.5,0.5,0.5
LSqijVxP0EM.002.mp4,0.5222222222222223,0.3980582524271845,0.3457943925233645,0.23076923076923075,0.18749999999999997,0.5,0.5,0.5,0.5
LSqijVxP0EM.004.mp4,0.6222222222222222,0.36893203883495146,0.37383177570093457,0.4395604395604395,0.46875,0.5,0.5,0.5,0.5
lsVwEApsljU.003.mp4,0.5,0.5728155339805825,0.29906542056074764,0.4615384615384615,0.3854166666666667,0.5,0.5,0.5,0.5
lsVwEApsljU.005.mp4,0.6333333333333333,0.5825242718446602,0.5327102803738318,0.4835164835164835,0.4791666666666667,0.5,0.5,0.5,0.5
lsXw8u4QXIU.001.mp4,0.4666666666666667,0.5048543689320388,0.36448598130841126,0.4945054945054945,0.5,0.5,0.5,0.5,0.5
Lt89YrQHF_w.002.mp4,0.5666666666666667,0.4660194174757281,0.5140186915887851,0.5604395604395604,0.4895833333333333,0.5,0.5,0.5,0.5
Lt89YrQHF_w.004.mp4,0.5,0.31067961165048547,0.4018691588785047,0.4945054945054945,0.4791666666666667,0.5,0.5,0.5,0.5
Lt89YrQHF_w.005.mp4,0.5222222222222223,0.4174757281553398,0.3457943925233645,0.5384615384615384,0.4479166666666667,0.5,0.5,0.5,0.5
LtBYojIGYEc.000.mp4,0.6,0.6601941747572816,0.5140186915887851,0.6593406593406592,0.6979166666666666,0.5,0.5,0.5,0.5
LtBYojIGYEc.001.mp4,0.7222222222222221,0.7864077669902914,0.6542056074766356,0.7472527472527474,0.6145833333333333,0.5,0.5,0.5,0.5
LtBYojIGYEc.003.mp4,0.4777777777777778,0.5339805825242718,0.36448598130841126,0.7142857142857143,0.4895833333333333,0.5,0.5,0.5,0.5
Lu9UNCSpQZM.003.mp4,0.7666666666666666,0.42718446601941745,0.7102803738317757,0.7032967032967032,0.5416666666666666,0.5,0.5,0.5,0.5
Lu9UNCSpQZM.004.mp4,0.4888888888888889,0.42718446601941745,0.588785046728972,0.5164835164835165,0.4479166666666667,0.5,0.5,0.5,0.5
luH2RoZW-eY.001.mp4,0.5111111111111111,0.3980582524271845,0.4205607476635514,0.5054945054945055,0.40625000000000006,0.5,0.5,0.5,0.5
luH2RoZW-eY.003.mp4,0.38888888888888895,0.27184466019417475,0.4672897196261683,0.29670329670329665,0.3645833333333333,0.5,0.5,0.5,0.5
LuLUAwn0aWU.000.mp4,0.5666666666666667,0.4854368932038835,0.5607476635514019,0.5824175824175825,0.59375,0.5,0.5,0.5,0.5
LuLUAwn0aWU.001.mp4,0.5666666666666667,0.4466019417475728,0.4299065420560748,0.5494505494505494,0.4895833333333333,0.5,0.5,0.5,0.5
LuLUAwn0aWU.002.mp4,0.5777777777777777,0.4660194174757281,0.48598130841121495,0.7582417582417583,0.6666666666666667,0.5,0.5,0.5,0.5
LuLUAwn0aWU.003.mp4,0.6444444444444444,0.5339805825242718,0.5700934579439253,0.6263736263736264,0.45833333333333337,0.5,0.5,0.5,0.5
LuLUAwn0aWU.004.mp4,0.5333333333333333,0.5436893203883495,0.47663551401869164,0.5714285714285714,0.5416666666666666,0.5,0.5,0.5,0.5
LuLUAwn0aWU.005.mp4,0.4666666666666667,0.4466019417475728,0.33644859813084116,0.5164835164835165,0.3854166666666667,0.5,0.5,0.5,0.5
lvae9lRUugE.000.mp4,0.41111111111111115,0.3883495145631068,0.4485981308411215,0.4945054945054945,0.40625000000000006,0.5,0.5,0.5,0.5
lvae9lRUugE.003.mp4,0.5555555555555556,0.5145631067961165,0.5607476635514019,0.5714285714285714,0.53125,0.5,0.5,0.5,0.5
lvae9lRUugE.004.mp4,0.4444444444444445,0.3300970873786408,0.4299065420560748,0.5824175824175825,0.40625000000000006,0.5,0.5,0.5,0.5
lvae9lRUugE.005.mp4,0.7222222222222221,0.5533980582524272,0.6261682242990655,0.6153846153846153,0.5729166666666666,0.5,0.5,0.5,0.5
LvpUVPQKWcQ.005.mp4,0.8666666666666667,0.6601941747572816,0.7196261682242993,0.7142857142857143,0.7500000000000001,0.5,0.5,0.5,0.5
LWO2ZhalAEY.004.mp4,0.7999999999999999,0.5922330097087379,0.6542056074766356,0.6923076923076923,0.6458333333333333,0.5,0.5,0.5,0.5
LWO2ZhalAEY.005.mp4,0.6555555555555556,0.5631067961165048,0.4392523364485981,0.4725274725274725,0.5833333333333333,0.5,0.5,0.5,0.5
LWylAwr9kJI.001.mp4,0.6444444444444444,0.6019417475728155,0.4579439252336449,0.4615384615384615,0.4479166666666667,0.5,0.5,0.5,0.5
LWylAwr9kJI.002.mp4,0.611111111111111,0.4951456310679611,0.4018691588785047,0.5494505494505494,0.3645833333333333,0.5,0.5,0.5,0.5
LWylAwr9kJI.004.mp4,0.5111111111111111,0.5339805825242718,0.3177570093457944,0.3846153846153846,0.3125,0.5,0.5,0.5,0.5
lWz3uSk1qms.000.mp4,0.7333333333333333,0.6601941747572816,0.6542056074766356,0.5054945054945055,0.8125000000000001,0.5,0.5,0.5,0.5
lx6A8s_Ega8.000.mp4,0.8333333333333333,0.8252427184466018,0.7476635514018694,0.7692307692307692,0.7812499999999999,0.5,0.5,0.5,0.5
lx6A8s_Ega8.003.mp4,0.8333333333333333,0.6699029126213591,0.7009345794392524,0.7692307692307692,0.7083333333333334,0.5,0.5,0.5,0.5
LXmwDq89LdA.000.mp4,0.43333333333333335,0.5048543689320388,0.6168224299065421,0.5274725274725275,0.5520833333333334,0.5,0.5,0.5,0.5
LXmwDq89LdA.002.mp4,0.23333333333333334,0.3495145631067961,0.4579439252336449,0.3406593406593406,0.40625000000000006,0.5,0.5,0.5,0.5
LXmwDq89LdA.005.mp4,0.5777777777777777,0.5339805825242718,0.38317757009345793,0.5164835164835165,0.6145833333333333,0.5,0.5,0.5,0.5
lxnV9X8T2Zc.000.mp4,0.6888888888888889,0.6699029126213591,0.5794392523364487,0.6813186813186812,0.7916666666666667,0.5,0.5,0.5,0.5
lxnV9X8T2Zc.003.mp4,0.6555555555555556,0.7572815533980582,0.7196261682242993,0.7912087912087912,0.8020833333333334,0.5,0.5,0.5,0.5
lxnV9X8T2Zc.004.mp4,0.922222222222222,0.6893203883495147,0.6168224299065421,0.6813186813186812,0.8333333333333334,0.5,0.5,0.5,0.5
ly_0m16694Q.000.mp4,0.3666666666666667,0.30097087378640774,0.19626168224299068,0.3846153846153846,0.22916666666666663,0.5,0.5,0.5,0.5
ly_0m16694Q.003.mp4,0.33333333333333337,0.3300970873786408,0.30841121495327106,0.4065934065934066,0.40625000000000006,0.5,0.5,0.5,0.5
lyznxF-Pj6g.001.mp4,0.5555555555555556,0.4563106796116505,0.4672897196261683,0.4945054945054945,0.4479166666666667,0.5,0.5,0.5,0.5
lyZZSU1ziCQ.001.mp4,0.6666666666666666,0.5825242718446602,0.663551401869159,0.6593406593406592,0.6041666666666666,0.5,0.5,0.5,0.5
lyZZSU1ziCQ.002.mp4,0.34444444444444444,0.6116504854368932,0.4485981308411215,0.5164835164835165,0.39583333333333337,0.5,0.5,0.5,0.5
lyZZSU1ziCQ.003.mp4,0.28888888888888886,0.6893203883495147,0.3271028037383178,0.4065934065934066,0.5104166666666666,0.5,0.5,0.5,0.5
lyZZSU1ziCQ.005.mp4,0.5,0.5436893203883495,0.4299065420560748,0.6153846153846153,0.5,0.5,0.5,0.5,0.5
Lz3hYPF6aIM.000.mp4,0.5777777777777777,0.4660194174757281,0.30841121495327106,0.3956043956043956,0.5104166666666666,0.5,0.5,0.5,0.5
Lz3hYPF6aIM.003.mp4,0.5333333333333333,0.42718446601941745,0.20560747663551404,0.32967032967032966,0.37499999999999994,0.5,0.5,0.5,0.5
Lz3hYPF6aIM.004.mp4,0.5444444444444444,0.4368932038834952,0.2897196261682243,0.2857142857142857,0.3645833333333333,0.5,0.5,0.5,0.5
Lz3hYPF6aIM.005.mp4,0.5333333333333333,0.4077669902912622,0.26168224299065423,0.32967032967032966,0.45833333333333337,0.5,0.5,0.5,0.5
Lz3suTodXQM.002.mp4,0.5555555555555556,0.5242718446601942,0.5794392523364487,0.7142857142857143,0.59375,0.5,0.5,0.5,0.5
Lz3suTodXQM.005.mp4,0.5444444444444444,0.4563106796116505,0.4112149532710281,0.5714285714285714,0.5208333333333334,0.5,0.5,0.5,0.5
LzT4m85N17o.002.mp4,0.41111111111111115,0.47572815533980584,0.3271028037383178,0.5054945054945055,0.40625000000000006,0.5,0.5,0.5,0.5
M-SuraqmC9s.000.mp4,0.3777777777777778,0.4174757281553398,0.24299065420560748,0.3736263736263736,0.2604166666666667,0.5,0.5,0.5,0.5
m04e9ylCoK0.000.mp4,0.4222222222222222,0.27184466019417475,0.35514018691588783,0.2087912087912088,0.3020833333333333,0.5,0.5,0.5,0.5
m04e9ylCoK0.003.mp4,0.4666666666666667,0.4854368932038835,0.36448598130841126,0.3516483516483516,0.4479166666666667,0.5,0.5,0.5,0.5
m0iznoJi8hw.001.mp4,0.8222222222222221,0.6213592233009709,0.47663551401869164,0.6373626373626373,0.625,0.5,0.5,0.5,0.5
m0iznoJi8hw.002.mp4,0.8777777777777777,0.7475728155339806,0.663551401869159,0.7692307692307692,0.7604166666666666,0.5,0.5,0.5,0.5
m0iznoJi8hw.003.mp4,0.7333333333333333,0.5922330097087379,0.5046728971962617,0.6043956043956044,0.6666666666666667,0.5,0.5,0.5,0.5
M0O87_LiyMw.001.mp4,0.5333333333333333,0.3786407766990291,0.39252336448598135,0.3956043956043956,0.5416666666666666,0.5,0.5,0.5,0.5
M0O87_LiyMw.002.mp4,0.38888888888888895,0.35922330097087385,0.29906542056074764,0.3406593406593406,0.3645833333333333,0.5,0.5,0.5,0.5
M0O87_LiyMw.004.mp4,0.4777777777777778,0.3883495145631068,0.4205607476635514,0.4725274725274725,0.46875,0.5,0.5,0.5,0.5
M0O87_LiyMw.005.mp4,0.4666666666666667,0.5048543689320388,0.30841121495327106,0.4175824175824176,0.4166666666666667,0.5,0.5,0.5,0.5
m0tNIKbEwHE.003.mp4,0.8444444444444444,0.7864077669902914,0.822429906542056,0.7802197802197802,0.84375,0.5,0.5,0.5,0.5
m0tNIKbEwHE.004.mp4,0.811111111111111,0.4951456310679611,0.691588785046729,0.824175824175824,0.7604166666666666,0.5,0.5,0.5,0.5
M0U48Lm33A8.000.mp4,0.5666666666666667,0.4466019417475728,0.4299065420560748,0.5934065934065933,0.5104166666666666,0.5,0.5,0.5,0.5
M0U48Lm33A8.001.mp4,0.7222222222222221,0.4951456310679611,0.5140186915887851,0.6703296703296703,0.65625,0.5,0.5,0.5,0.5
M0U48Lm33A8.002.mp4,0.6666666666666666,0.5145631067961165,0.47663551401869164,0.6043956043956044,0.59375,0.5,0.5,0.5,0.5
M0U48Lm33A8.003.mp4,0.5888888888888889,0.5145631067961165,0.4485981308411215,0.8021978021978021,0.6458333333333333,0.5,0.5,0.5,0.5
M0U48Lm33A8.004.mp4,0.4666666666666667,0.4466019417475728,0.30841121495327106,0.6483516483516484,0.53125,0.5,0.5,0.5,0.5
M0U48Lm33A8.005.mp4,0.4888888888888889,0.33980582524271846,0.4018691588785047,0.5274725274725275,0.4479166666666667,0.5,0.5,0.5,0.5
M20gRMBy-4I.000.mp4,0.5444444444444444,0.47572815533980584,0.4672897196261683,0.5494505494505494,0.53125,0.5,0.5,0.5,0.5
m2uxFfpb5xU.001.mp4,0.6,0.6213592233009709,0.5514018691588786,0.7472527472527474,0.4479166666666667,0.5,0.5,0.5,0.5
m2uxFfpb5xU.005.mp4,0.5666666666666667,0.7378640776699029,0.4392523364485981,0.4615384615384615,0.5208333333333334,0.5,0.5,0.5,0.5
M39PNQ8Omhc.001.mp4,0.5666666666666667,0.5728155339805825,0.5794392523364487,0.5384615384615384,0.53125,0.5,0.5,0.5,0.5
M39PNQ8Omhc.005.mp4,0.6444444444444444,0.6990291262135921,0.47663551401869164,0.6043956043956044,0.5729166666666666,0.5,0.5,0.5,0.5
m3z_a0l0FRk.000.mp4,0.3777777777777778,0.27184466019417475,0.35514018691588783,0.3406593406593406,0.39583333333333337,0.5,0.5,0.5,0.5
m3z_a0l0FRk.002.mp4,0.4,0.3203883495145631,0.3271028037383178,0.5714285714285714,0.3854166666666667,0.5,0.5,0.5,0.5
m4-vvEeWP8s.000.mp4,0.5777777777777777,0.6990291262135921,0.47663551401869164,0.5604395604395604,0.4791666666666667,0.5,0.5,0.5,0.5
m4-vvEeWP8s.001.mp4,0.5222222222222223,0.7669902912621359,0.5514018691588786,0.5824175824175825,0.6354166666666666,0.5,0.5,0.5,0.5
m4-vvEeWP8s.002.mp4,0.7333333333333333,0.7961165048543688,0.6355140186915887,0.6813186813186812,0.7187499999999999,0.5,0.5,0.5,0.5
m4KKYcD6CZw.002.mp4,0.6777777777777777,0.5533980582524272,0.5233644859813085,0.5824175824175825,0.5833333333333333,0.5,0.5,0.5,0.5
m4KKYcD6CZw.003.mp4,0.5888888888888889,0.3495145631067961,0.36448598130841126,0.4285714285714285,0.42708333333333337,0.5,0.5,0.5,0.5
m4ZmRZCv6VA.005.mp4,0.5,0.3786407766990291,0.4392523364485981,0.5274725274725275,0.5104166666666666,0.5,0.5,0.5,0.5
m536hegSuKI.002.mp4,0.7888888888888888,0.5922330097087379,0.5794392523364487,0.5164835164835165,0.65625,0.5,0.5,0.5,0.5
m536hegSuKI.004.mp4,0.6222222222222222,0.4660194174757281,0.6261682242990655,0.3956043956043956,0.59375,0.5,0.5,0.5,0.5
M56UFrEgXnI.004.mp4,0.6,0.3786407766990291,0.35514018691588783,0.5274725274725275,0.5,0.5,0.5,0.5,0.5
M5_x5J-H2I0.001.mp4,0.7777777777777777,0.4174757281553398,0.6074766355140188,0.5054945054945055,0.5208333333333334,0.5,0.5,0.5,0.5
M5_x5J-H2I0.003.mp4,0.6555555555555556,0.4563106796116505,0.4672897196261683,0.4065934065934066,0.4375,0.5,0.5,0.5,0.5
m5kTITzj1bY.001.mp4,0.3777777777777778,0.4174757281553398,0.6168224299065421,0.7032967032967032,0.5104166666666666,0.5,0.5,0.5,0.5
m5kTITzj1bY.005.mp4,0.6555555555555556,0.5339805825242718,0.5420560747663552,0.6263736263736264,0.65625,0.5,0.5,0.5,0.5
m6JOFpKvkE0.001.mp4,0.6888888888888889,0.6310679611650486,0.6168224299065421,0.4395604395604395,0.7500000000000001,0.5,0.5,0.5,0.5
m7zdWVDT-34.001.mp4,0.6666666666666666,0.7184466019417477,0.6168224299065421,0.6153846153846153,0.53125,0.5,0.5,0.5,0.5
m7zdWVDT-34.002.mp4,0.7222222222222221,0.8252427184466018,0.7009345794392524,0.7582417582417583,0.7291666666666667,0.5,0.5,0.5,0.5
m7zdWVDT-34.004.mp4,0.8222222222222221,0.7475728155339806,0.6542056074766356,0.6813186813186812,0.6979166666666666,0.5,0.5,0.5,0.5
m7zdWVDT-34.005.mp4,0.6666666666666666,0.5436893203883495,0.4953271028037384,0.5824175824175825,0.4895833333333333,0.5,0.5,0.5,0.5
M9nVAfSPOZ8.005.mp4,0.7222222222222221,0.5728155339805825,0.6542056074766356,0.813186813186813,0.6041666666666666,0.5,0.5,0.5,0.5
m_2k0dL8CRM.001.mp4,0.811111111111111,0.7766990291262136,0.7476635514018694,0.813186813186813,0.65625,0.5,0.5,0.5,0.5
m_9aygJNij8.004.mp4,0.5555555555555556,0.4174757281553398,0.4018691588785047,0.4505494505494505,0.40625000000000006,0.5,0.5,0.5,0.5
M_OpMKBEOyU.000.mp4,0.3555555555555556,0.2524271844660194,0.4485981308411215,0.3956043956043956,0.3020833333333333,0.5,0.5,0.5,0.5
M_OpMKBEOyU.001.mp4,0.3111111111111111,0.2912621359223301,0.29906542056074764,0.4065934065934066,0.3020833333333333,0.5,0.5,0.5,0.5
M_OpMKBEOyU.002.mp4,0.4222222222222222,0.31067961165048547,0.3177570093457944,0.4835164835164835,0.32291666666666663,0.5,0.5,0.5,0.5
M_OpMKBEOyU.003.mp4,0.41111111111111115,0.31067961165048547,0.19626168224299068,0.4065934065934066,0.35416666666666663,0.5,0.5,0.5,0.5
M_OpMKBEOyU.004.mp4,0.24444444444444444,0.1941747572815534,0.2149532710280374,0.4615384615384615,0.1458333333333333,0.5,0.5,0.5,0.5
maDObxiOQRo.000.mp4,0.5555555555555556,0.3980582524271845,0.38317757009345793,0.5054945054945055,0.5208333333333334,0.5,0.5,0.5,0.5
maDObxiOQRo.003.mp4,0.34444444444444444,0.47572815533980584,0.2710280373831776,0.4615384615384615,0.35416666666666663,0.5,0.5,0.5,0.5
MajYvFTkKnk.002.mp4,0.7777777777777777,0.7572815533980582,0.4953271028037384,0.6263736263736264,0.7395833333333333,0.5,0.5,0.5,0.5
MajYvFTkKnk.003.mp4,0.7,0.6310679611650486,0.4299065420560748,0.31868131868131866,0.5104166666666666,0.5,0.5,0.5,0.5
MajYvFTkKnk.004.mp4,0.45555555555555555,0.5728155339805825,0.39252336448598135,0.3846153846153846,0.5208333333333334,0.5,0.5,0.5,0.5
MajYvFTkKnk.005.mp4,0.5111111111111111,0.5145631067961165,0.35514018691588783,0.5054945054945055,0.4166666666666667,0.5,0.5,0.5,0.5
mBdVuEXRlfQ.000.mp4,0.6333333333333333,0.5436893203883495,0.48598130841121495,0.4835164835164835,0.6875,0.5,0.5,0.5,0.5
mBdVuEXRlfQ.001.mp4,0.5888888888888889,0.5728155339805825,0.5140186915887851,0.5274725274725275,0.5833333333333333,0.5,0.5,0.5,0.5
MBgwyWKYWVM.002.mp4,0.43333333333333335,0.24271844660194175,0.28037383177570097,0.1978021978021978,0.21874999999999997,0.5,0.5,0.5,0.5
mBJTwQsDC4M.002.mp4,0.5444444444444444,0.5728155339805825,0.5327102803738318,0.6263736263736264,0.5833333333333333,0.5,0.5,0.5,0.5
mBJTwQsDC4M.003.mp4,0.5444444444444444,0.5533980582524272,0.5327102803738318,0.5054945054945055,0.53125,0.5,0.5,0.5,0.5
MbufNmC0JL0.004.mp4,0.5888888888888889,0.6504854368932039,0.4485981308411215,0.4835164835164835,0.5,0.5,0.5,0.5,0.5
MbunPsukPnQ.001.mp4,0.5444444444444444,0.5631067961165048,0.5046728971962617,0.4835164835164835,0.46875,0.5,0.5,0.5,0.5
MCr6FmFAhak.001.mp4,0.811111111111111,0.6310679611650486,0.6448598130841123,0.7252747252747254,0.7604166666666666,0.5,0.5,0.5,0.5
MCr6FmFAhak.004.mp4,0.5888888888888889,0.4466019417475728,0.47663551401869164,0.5824175824175825,0.6354166666666666,0.5,0.5,0.5,0.5
mcxi2vtevb4.000.mp4,0.6555555555555556,0.5339805825242718,0.4392523364485981,0.4615384615384615,0.53125,0.5,0.5,0.5,0.5
MD9yyz-OSRs.002.mp4,0.6,0.4660194174757281,0.5794392523364487,0.4945054945054945,0.6666666666666667,0.5,0.5,0.5,0.5
MD9yyz-OSRs.004.mp4,0.5444444444444444,0.4563106796116505,0.48598130841121495,0.4065934065934066,0.53125,0.5,0.5,0.5,0.5
MD9yyz-OSRs.005.mp4,0.888888888888889,0.5436893203883495,0.6448598130841123,0.7252747252747254,0.7083333333333334,0.5,0.5,0.5,0.5
MDoZUDTSayc.000.mp4,0.811111111111111,0.7378640776699029,0.6168224299065421,0.7032967032967032,0.7812499999999999,0.5,0.5,0.5,0.5
MDoZUDTSayc.003.mp4,0.6555555555555556,0.6699029126213591,0.5140186915887851,0.5274725274725275,0.625,0.5,0.5,0.5,0.5
me15sHPOjKo.002.mp4,0.5777777777777777,0.33980582524271846,0.5140186915887851,0.5934065934065933,0.46875,0.5,0.5,0.5,0.5
me15sHPOjKo.005.mp4,0.6777777777777777,0.6699029126213591,0.5794392523364487,0.6043956043956044,0.6770833333333334,0.5,0.5,0.5,0.5
Me22JENkhJA.000.mp4,0.2777777777777778,0.23300970873786406,0.2710280373831776,0.5164835164835165,0.32291666666666663,0.5,0.5,0.5,0.5
Me22JENkhJA.005.mp4,0.3666666666666667,0.4174757281553398,0.24299065420560748,0.25274725274725274,0.3125,0.5,0.5,0.5,0.5
me5UoRny6NU.005.mp4,0.6222222222222222,0.42718446601941745,0.4018691588785047,0.3956043956043956,0.5520833333333334,0.5,0.5,0.5,0.5
ME6JLtAM160.001.mp4,0.7777777777777777,0.5339805825242718,0.6542056074766356,0.6373626373626373,0.65625,0.5,0.5,0.5,0.5
mEQBB6XsJFk.001.mp4,0.7888888888888888,0.5825242718446602,0.663551401869159,0.6593406593406592,0.625,0.5,0.5,0.5,0.5
mEQBB6XsJFk.005.mp4,0.7888888888888888,0.6310679611650486,0.6542056074766356,0.6483516483516484,0.6875,0.5,0.5,0.5,0.5
merppcmY6y0.000.mp4,0.38888888888888895,0.33980582524271846,0.26168224299065423,0.4505494505494505,0.34374999999999994,0.5,0.5,0.5,0.5
merppcmY6y0.002.mp4,0.4888888888888889,0.3495145631067961,0.25233644859813087,0.3956043956043956,0.21874999999999997,0.5,0.5,0.5,0.5
merppcmY6y0.003.mp4,0.4777777777777778,0.3300970873786408,0.3177570093457944,0.4395604395604395,0.40625000000000006,0.5,0.5,0.5,0.5
merppcmY6y0.004.mp4,0.43333333333333335,0.35922330097087385,0.48598130841121495,0.4175824175824176,0.3645833333333333,0.5,0.5,0.5,0.5
mf0LqiLJYr0.001.mp4,0.45555555555555555,0.2815533980582524,0.35514018691588783,0.4725274725274725,0.32291666666666663,0.5,0.5,0.5,0.5
MFGGMnNE6Q0.000.mp4,0.7888888888888888,0.6504854368932039,0.7383177570093458,0.6483516483516484,0.7500000000000001,0.5,0.5,0.5,0.5
MFGGMnNE6Q0.002.mp4,0.6888888888888889,0.7281553398058251,0.6448598130841123,0.6373626373626373,0.65625,0.5,0.5,0.5,0.5
mfGhtr0zy3k.001.mp4,0.5444444444444444,0.7572815533980582,0.4392523364485981,0.6153846153846153,0.6458333333333333,0.5,0.5,0.5,0.5
mfGhtr0zy3k.002.mp4,0.4777777777777778,0.7281553398058251,0.4018691588785047,0.5384615384615384,0.5729166666666666,0.5,0.5,0.5,0.5
mflgXFsGU9w.000.mp4,0.4888888888888889,0.5436893203883495,0.28037383177570097,0.5384615384615384,0.5104166666666666,0.5,0.5,0.5,0.5
mflgXFsGU9w.002.mp4,0.4777777777777778,0.5339805825242718,0.36448598130841126,0.5824175824175825,0.4166666666666667,0.5,0.5,0.5,0.5
mflgXFsGU9w.003.mp4,0.5888888888888889,0.5825242718446602,0.4579439252336449,0.6153846153846153,0.45833333333333337,0.5,0.5,0.5,0.5
mflgXFsGU9w.004.mp4,0.4222222222222222,0.4563106796116505,0.35514018691588783,0.4725274725274725,0.42708333333333337,0.5,0.5,0.5,0.5
mFz5Fbs97QA.002.mp4,0.34444444444444444,0.4174757281553398,0.38317757009345793,0.4285714285714285,0.4166666666666667,0.5,0.5,0.5,0.5
mFz5Fbs97QA.003.mp4,0.4,0.3786407766990291,0.36448598130841126,0.3516483516483516,0.28125,0.5,0.5,0.5,0.5
mGWS0Akp08E.000.mp4,0.8666666666666667,0.4854368932038835,0.7476635514018694,0.6263736263736264,0.6875,0.5,0.5,0.5,0.5
mGWS0Akp08E.001.mp4,0.8222222222222221,0.5533980582524272,0.794392523364486,0.6703296703296703,0.7291666666666667,0.5,0.5,0.5,0.5
mhF4kYTlVUE.000.mp4,0.33333333333333337,0.22330097087378642,0.13084112149532712,0.4395604395604395,0.29166666666666663,0.5,0.5,0.5,0.5
mhF4kYTlVUE.001.mp4,0.4666666666666667,0.4854368932038835,0.4018691588785047,0.5714285714285714,0.42708333333333337,0.5,0.5,0.5,0.5
mhF4kYTlVUE.002.mp4,0.5,0.4563106796116505,0.6355140186915887,0.5494505494505494,0.5208333333333334,0.5,0.5,0.5,0.5
mhF4kYTlVUE.003.mp4,0.26666666666666666,0.14563106796116504,0.26168224299065423,0.2857142857142857,0.1666666666666666,0.5,0.5,0.5,0.5
mhF4kYTlVUE.004.mp4,0.34444444444444444,0.35922330097087385,0.3177570093457944,0.4065934065934066,0.32291666666666663,0.5,0.5,0.5,0.5
mhvkJjOAjYI.004.mp4,0.7,0.6699029126213591,0.6168224299065421,0.6703296703296703,0.5625,0.5,0.5,0.5,0.5
mhvkJjOAjYI.005.mp4,0.6,0.5048543689320388,0.588785046728972,0.4395604395604395,0.4479166666666667,0.5,0.5,0.5,0.5
MI_GQLbnoew.000.mp4,0.5444444444444444,0.7766990291262136,0.5233644859813085,0.6263736263736264,0.59375,0.5,0.5,0.5,0.5
MI_GQLbnoew.001.mp4,0.611111111111111,0.6310679611650486,0.7009345794392524,0.7582417582417583,0.5625,0.5,0.5,0.5,0.5
mIcktEhNxRo.003.mp4,0.6555555555555556,0.4563106796116505,0.5794392523364487,0.6153846153846153,0.53125,0.5,0.5,0.5,0.5
mIQnQ8Nmj-c.001.mp4,0.3555555555555556,0.3883495145631068,0.3457943925233645,0.29670329670329665,0.29166666666666663,0.5,0.5,0.5,0.5
mIQnQ8Nmj-c.005.mp4,0.41111111111111115,0.3883495145631068,0.26168224299065423,0.4285714285714285,0.2708333333333333,0.5,0.5,0.5,0.5
mIxTz3tOgmQ.000.mp4,0.5888888888888889,0.6990291262135921,0.48598130841121495,0.6373626373626373,0.5416666666666666,0.5,0.5,0.5,0.5
MK7KveAeb6Y.000.mp4,0.4666666666666667,0.36893203883495146,0.37383177570093457,0.4285714285714285,0.3020833333333333,0.5,0.5,0.5,0.5
MK7KveAeb6Y.002.mp4,0.4777777777777778,0.35922330097087385,0.2897196261682243,0.2747252747252747,0.2708333333333333,0.5,0.5,0.5,0.5
MK7KveAeb6Y.004.mp4,0.5666666666666667,0.47572815533980584,0.5420560747663552,0.6923076923076923,0.59375,0.5,0.5,0.5,0.5
mK8ebTJyrCI.002.mp4,0.611111111111111,0.2912621359223301,0.35514018691588783,0.6263736263736264,0.4166666666666667,0.5,0.5,0.5,0.5
mkJjaOADfj4.001.mp4,0.6222222222222222,0.6796116504854369,0.7289719626168225,0.6923076923076923,0.6770833333333334,0.5,0.5,0.5,0.5
mkJjaOADfj4.002.mp4,0.8333333333333333,0.6990291262135921,0.7850467289719627,0.813186813186813,0.8125000000000001,0.5,0.5,0.5,0.5
mkJjaOADfj4.003.mp4,0.7666666666666666,0.7475728155339806,0.6542056074766356,0.6483516483516484,0.8125000000000001,0.5,0.5,0.5,0.5
mkJjaOADfj4.005.mp4,0.6333333333333333,0.5825242718446602,0.8037383177570094,0.5714285714285714,0.6875,0.5,0.5,0.5,0.5
mKsGK9nCTxw.000.mp4,0.5333333333333333,0.6213592233009709,0.48598130841121495,0.3736263736263736,0.5,0.5,0.5,0.5,0.5
mKsGK9nCTxw.001.mp4,0.4888888888888889,0.5339805825242718,0.4579439252336449,0.4615384615384615,0.4791666666666667,0.5,0.5,0.5,0.5
MkVsl0hdphE.000.mp4,0.4888888888888889,0.36893203883495146,0.4485981308411215,0.5714285714285714,0.4166666666666667,0.5,0.5,0.5,0.5
MkVsl0hdphE.003.mp4,0.8222222222222221,0.6504854368932039,0.7102803738317757,0.7032967032967032,0.7083333333333334,0.5,0.5,0.5,0.5
mkWfG-4vvGc.000.mp4,0.6888888888888889,0.7669902912621359,0.6074766355140188,0.6043956043956044,0.6041666666666666,0.5,0.5,0.5,0.5
mkWfG-4vvGc.003.mp4,0.811111111111111,0.7378640776699029,0.6261682242990655,0.7692307692307692,0.7500000000000001,0.5,0.5,0.5,0.5
mkWfG-4vvGc.004.mp4,0.7666666666666666,0.7378640776699029,0.7383177570093458,0.813186813186813,0.8125000000000001,0.5,0.5,0.5,0.5
mKWscEow1U8.000.mp4,0.32222222222222224,0.4660194174757281,0.33644859813084116,0.4615384615384615,0.35416666666666663,0.5,0.5,0.5,0.5
mKWscEow1U8.002.mp4,0.6666666666666666,0.5533980582524272,0.5607476635514019,0.7472527472527474,0.7500000000000001,0.5,0.5,0.5,0.5
MLCIfM5jYlI.000.mp4,0.5111111111111111,0.42718446601941745,0.4112149532710281,0.6593406593406592,0.4895833333333333,0.5,0.5,0.5,0.5
mlsiYewUwO0.002.mp4,0.8555555555555554,0.9223300970873788,0.8411214953271028,0.868131868131868,0.9270833333333334,0.5,0.5,0.5,0.5
mlsiYewUwO0.003.mp4,0.7999999999999999,0.7669902912621359,0.7102803738317757,0.813186813186813,0.7395833333333333,0.5,0.5,0.5,0.5
mlsiYewUwO0.005.mp4,0.6444444444444444,0.8932038834951456,0.7476635514018694,0.6923076923076923,0.875,0.5,0.5,0.5,0.5
mlXZQ8dO0nQ.004.mp4,0.6222222222222222,0.5533980582524272,0.6168224299065421,0.5604395604395604,0.7604166666666666,0.5,0.5,0.5,0.5
mlXZQ8dO0nQ.005.mp4,0.6888888888888889,0.5825242718446602,0.5700934579439253,0.4615384615384615,0.53125,0.5,0.5,0.5,0.5
mLZw7Hf8AYI.004.mp4,0.5777777777777777,0.5825242718446602,0.6728971962616823,0.6923076923076923,0.6458333333333333,0.5,0.5,0.5,0.5
mM6QbrCrdLo.000.mp4,0.6777777777777777,0.5728155339805825,0.7196261682242993,0.846153846153846,0.625,0.5,0.5,0.5,0.5
mMNjlGNWsZA.001.mp4,0.28888888888888886,0.33980582524271846,0.20560747663551404,0.18681318681318684,0.2395833333333333,0.5,0.5,0.5,0.5
mmTbHy5iftA.002.mp4,0.6888888888888889,0.6407766990291262,0.7289719626168225,0.6263736263736264,0.6875,0.5,0.5,0.5,0.5
MnARi5OWW9Q.000.mp4,0.5888888888888889,0.31067961165048547,0.33644859813084116,0.5054945054945055,0.3854166666666667,0.5,0.5,0.5,0.5
MnARi5OWW9Q.002.mp4,0.3555555555555556,0.4563106796116505,0.19626168224299068,0.3956043956043956,0.3333333333333333,0.5,0.5,0.5,0.5
mnRuiwFx_Z8.000.mp4,0.6333333333333333,0.21359223300970873,0.3271028037383178,0.5164835164835165,0.46875,0.5,0.5,0.5,0.5
mnRuiwFx_Z8.002.mp4,0.5,0.4660194174757281,0.6355140186915887,0.5604395604395604,0.6041666666666666,0.5,0.5,0.5,0.5
mnRuiwFx_Z8.005.mp4,0.5555555555555556,0.4660194174757281,0.47663551401869164,0.5714285714285714,0.5104166666666666,0.5,0.5,0.5,0.5
modNfUPt3F4.000.mp4,0.6777777777777777,0.5631067961165048,0.5514018691588786,0.7252747252747254,0.6666666666666667,0.5,0.5,0.5,0.5
modNfUPt3F4.005.mp4,0.6777777777777777,0.6504854368932039,0.5233644859813085,0.6703296703296703,0.5520833333333334,0.5,0.5,0.5,0.5
MOobNUpfWiY.000.mp4,0.24444444444444444,0.14563106796116504,0.1588785046728972,0.4505494505494505,0.17708333333333331,0.5,0.5,0.5,0.5
MOobNUpfWiY.002.mp4,0.43333333333333335,0.3300970873786408,0.3177570093457944,0.5054945054945055,0.4375,0.5,0.5,0.5,0.5
MOobNUpfWiY.004.mp4,0.26666666666666666,0.31067961165048547,0.26168224299065423,0.31868131868131866,0.3125,0.5,0.5,0.5,0.5
MOobNUpfWiY.005.mp4,0.4777777777777778,0.3980582524271845,0.3177570093457944,0.4945054945054945,0.53125,0.5,0.5,0.5,0.5
MOXPVzRBDPo.002.mp4,0.7444444444444444,0.7281553398058251,0.7289719626168225,0.6153846153846153,0.7500000000000001,0.5,0.5,0.5,0.5
MOXPVzRBDPo.004.mp4,0.7333333333333333,0.8252427184466018,0.7476635514018694,0.6813186813186812,0.7083333333333334,0.5,0.5,0.5,0.5
mpk5Ubw2fj8.000.mp4,0.34444444444444444,0.5145631067961165,0.36448598130841126,0.5384615384615384,0.4375,0.5,0.5,0.5,0.5
mpk5Ubw2fj8.004.mp4,0.4,0.7475728155339806,0.37383177570093457,0.5274725274725275,0.4375,0.5,0.5,0.5,0.5
mpXOSY5dW7c.000.mp4,0.4888888888888889,0.5728155339805825,0.3271028037383178,0.4725274725274725,0.3645833333333333,0.5,0.5,0.5,0.5
mpXOSY5dW7c.002.mp4,0.5666666666666667,0.6019417475728155,0.6355140186915887,0.6593406593406592,0.6979166666666666,0.5,0.5,0.5,0.5
mpXOSY5dW7c.004.mp4,0.6222222222222222,0.5533980582524272,0.48598130841121495,0.6593406593406592,0.5520833333333334,0.5,0.5,0.5,0.5
mpXOSY5dW7c.005.mp4,0.4444444444444445,0.4563106796116505,0.37383177570093457,0.4945054945054945,0.46875,0.5,0.5,0.5,0.5
mq9NNKmKYdk.000.mp4,0.7555555555555554,0.7864077669902914,0.7663551401869159,0.6703296703296703,0.7916666666666667,0.5,0.5,0.5,0.5
mq9NNKmKYdk.003.mp4,0.6,0.6116504854368932,0.6448598130841123,0.5274725274725275,0.6770833333333334,0.5,0.5,0.5,0.5
mq9NNKmKYdk.004.mp4,0.888888888888889,0.7864077669902914,0.8037383177570094,0.7582417582417583,0.6979166666666666,0.5,0.5,0.5,0.5
mq9NNKmKYdk.005.mp4,0.7666666666666666,0.7087378640776699,0.8598130841121496,0.7912087912087912,0.9375,0.5,0.5,0.5,0.5
mqDv8688ztg.004.mp4,0.43333333333333335,0.4368932038834952,0.33644859813084116,0.4615384615384615,0.39583333333333337,0.5,0.5,0.5,0.5
mQpNe8f5xA8.003.mp4,0.7555555555555554,0.6699029126213591,0.6355140186915887,0.5934065934065933,0.53125,0.5,0.5,0.5,0.5
mQTBqDY71dU.002.mp4,0.6666666666666666,0.5922330097087379,0.5046728971962617,0.7472527472527474,0.7291666666666667,0.5,0.5,0.5,0.5
MrfJ1qDJAwo.001.mp4,0.6777777777777777,0.4077669902912622,0.8130841121495327,0.7252747252747254,0.7187499999999999,0.5,0.5,0.5,0.5
MrfJ1qDJAwo.002.mp4,0.5777777777777777,0.4563106796116505,0.4205607476635514,0.5384615384615384,0.6145833333333333,0.5,0.5,0.5,0.5
MrfJ1qDJAwo.003.mp4,0.6222222222222222,0.4660194174757281,0.4205607476635514,0.6043956043956044,0.5520833333333334,0.5,0.5,0.5,0.5
MrfJ1qDJAwo.004.mp4,0.5333333333333333,0.5339805825242718,0.47663551401869164,0.5934065934065933,0.6354166666666666,0.5,0.5,0.5,0.5
MrfJ1qDJAwo.005.mp4,0.6222222222222222,0.4951456310679611,0.4392523364485981,0.6483516483516484,0.4791666666666667,0.5,0.5,0.5,0.5
mRfkHyx__4w.000.mp4,0.711111111111111,0.35922330097087385,0.4205607476635514,0.4615384615384615,0.625,0.5,0.5,0.5,0.5
mRKGI6hq4UU.003.mp4,0.711111111111111,0.6407766990291262,0.588785046728972,0.5384615384615384,0.5104166666666666,0.5,0.5,0.5,0.5
mRKGI6hq4UU.004.mp4,0.811111111111111,0.6019417475728155,0.6822429906542057,0.5714285714285714,0.59375,0.5,0.5,0.5,0.5
MRquWhqw4Jw.000.mp4,0.5555555555555556,0.35922330097087385,0.5327102803738318,0.5824175824175825,0.5,0.5,0.5,0.5,0.5
MRquWhqw4Jw.004.mp4,0.5222222222222223,0.3495145631067961,0.5514018691588786,0.5934065934065933,0.5104166666666666,0.5,0.5,0.5,0.5
MrYEK0nvnAo.001.mp4,0.6777777777777777,0.8543689320388351,0.588785046728972,0.7692307692307692,0.7187499999999999,0.5,0.5,0.5,0.5
MrYEK0nvnAo.002.mp4,0.5777777777777777,0.6504854368932039,0.5420560747663552,0.6703296703296703,0.5625,0.5,0.5,0.5,0.5
MrYEK0nvnAo.003.mp4,0.6777777777777777,0.6796116504854369,0.5046728971962617,0.6263736263736264,0.5625,0.5,0.5,0.5,0.5
MswJxdf-3Fc.002.mp4,0.6555555555555556,0.5533980582524272,0.4579439252336449,0.5824175824175825,0.5208333333333334,0.5,0.5,0.5,0.5
MswJxdf-3Fc.005.mp4,0.7444444444444444,0.6504854368932039,0.5420560747663552,0.6813186813186812,0.7083333333333334,0.5,0.5,0.5,0.5
MT3tOBpG5II.000.mp4,0.2111111111111111,0.31067961165048547,0.35514018691588783,0.3626373626373627,0.3125,0.5,0.5,0.5,0.5
MT3tOBpG5II.004.mp4,0.5666666666666667,0.4951456310679611,0.4579439252336449,0.4835164835164835,0.53125,0.5,0.5,0.5,0.5
muKwyr-hrkc.001.mp4,0.5777777777777777,0.3786407766990291,0.47663551401869164,0.3736263736263736,0.46875,0.5,0.5,0.5,0.5
muLgzV1gGao.001.mp4,0.611111111111111,0.5533980582524272,0.48598130841121495,0.5494505494505494,0.46875,0.5,0.5,0.5,0.5
muLgzV1gGao.004.mp4,0.611111111111111,0.6310679611650486,0.4579439252336449,0.5604395604395604,0.6041666666666666,0.5,0.5,0.5,0.5
muLgzV1gGao.005.mp4,0.4222222222222222,0.5145631067961165,0.3271028037383178,0.4835164835164835,0.45833333333333337,0.5,0.5,0.5,0.5
MuYYY3XaJ7Q.002.mp4,0.7222222222222221,0.5631067961165048,0.7102803738317757,0.7472527472527474,0.7187499999999999,0.5,0.5,0.5,0.5
MuYYY3XaJ7Q.003.mp4,0.8222222222222221,0.6213592233009709,0.8504672897196264,0.7252747252747254,0.7395833333333333,0.5,0.5,0.5,0.5
MuYYY3XaJ7Q.004.mp4,0.7222222222222221,0.6213592233009709,0.7289719626168225,0.7692307692307692,0.7812499999999999,0.5,0.5,0.5,0.5
MuYYY3XaJ7Q.005.mp4,0.888888888888889,0.7184466019417477,0.8037383177570094,0.7802197802197802,0.8333333333333334,0.5,0.5,0.5,0.5
MvWDky9ZaWU.000.mp4,0.8555555555555554,0.8640776699029126,0.5981308411214954,0.923076923076923,0.84375,0.5,0.5,0.5,0.5
MvWDky9ZaWU.003.mp4,0.6,0.7572815533980582,0.47663551401869164,0.7582417582417583,0.6354166666666666,0.5,0.5,0.5,0.5
MvWDky9ZaWU.005.mp4,0.6777777777777777,0.7766990291262136,0.6261682242990655,0.7142857142857143,0.7083333333333334,0.5,0.5,0.5,0.5
MVwxnf6L8po.004.mp4,0.5777777777777777,0.42718446601941745,0.5607476635514019,0.6153846153846153,0.5833333333333333,0.5,0.5,0.5,0.5
mXaI17Dx7u0.000.mp4,0.5555555555555556,0.4077669902912622,0.2710280373831776,0.3846153846153846,0.40625000000000006,0.5,0.5,0.5,0.5
mXaI17Dx7u0.001.mp4,0.4666666666666667,0.35922330097087385,0.18691588785046728,0.29670329670329665,0.3125,0.5,0.5,0.5,0.5
mXaI17Dx7u0.003.mp4,0.4222222222222222,0.2524271844660194,0.19626168224299068,0.32967032967032966,0.1458333333333333,0.5,0.5,0.5,0.5
mXgUV0o6a20.000.mp4,0.5444444444444444,0.7378640776699029,0.5700934579439253,0.6043956043956044,0.7187499999999999,0.5,0.5,0.5,0.5
mXgUV0o6a20.001.mp4,0.5444444444444444,0.7184466019417477,0.47663551401869164,0.5164835164835165,0.6666666666666667,0.5,0.5,0.5,0.5
mxLRr3YqgMU.000.mp4,0.34444444444444444,0.7087378640776699,0.22429906542056074,0.6593406593406592,0.5208333333333334,0.5,0.5,0.5,0.5
mxLRr3YqgMU.001.mp4,0.4222222222222222,0.7281553398058251,0.14953271028037385,0.5604395604395604,0.39583333333333337,0.5,0.5,0.5,0.5
mxLRr3YqgMU.004.mp4,0.3,0.6893203883495147,0.17757009345794392,0.4395604395604395,0.42708333333333337,0.5,0.5,0.5,0.5
mY1ZTvNVkSA.002.mp4,0.9111111111111111,0.6699029126213591,0.7196261682242993,0.7362637362637363,0.7708333333333334,0.5,0.5,0.5,0.5
mY1ZTvNVkSA.003.mp4,0.5111111111111111,0.5145631067961165,0.5327102803738318,0.6483516483516484,0.59375,0.5,0.5,0.5,0.5
mY1ZTvNVkSA.005.mp4,0.6333333333333333,0.4563106796116505,0.4579439252336449,0.5274725274725275,0.5416666666666666,0.5,0.5,0.5,0.5
myhEW1aZRg4.000.mp4,0.8555555555555554,0.7087378640776699,0.7757009345794394,0.6813186813186812,0.7083333333333334,0.5,0.5,0.5,0.5
mZ2CHgzwDt0.000.mp4,0.7,0.8834951456310681,0.6822429906542057,0.7692307692307692,0.7604166666666666,0.5,0.5,0.5,0.5
mZ2CHgzwDt0.001.mp4,0.7777777777777777,0.7669902912621359,0.663551401869159,0.7142857142857143,0.8020833333333334,0.5,0.5,0.5,0.5
mZ2CHgzwDt0.002.mp4,0.6444444444444444,0.8349514563106796,0.4392523364485981,0.6703296703296703,0.6875,0.5,0.5,0.5,0.5
mZ2CHgzwDt0.003.mp4,0.8333333333333333,0.912621359223301,0.7102803738317757,0.6923076923076923,0.7916666666666667,0.5,0.5,0.5,0.5
mZ3vypXAfHg.000.mp4,0.6555555555555556,0.3980582524271845,0.6261682242990655,0.7142857142857143,0.5520833333333334,0.5,0.5,0.5,0.5
mZ3vypXAfHg.003.mp4,0.5555555555555556,0.5242718446601942,0.5327102803738318,0.4835164835164835,0.6145833333333333,0.5,0.5,0.5,0.5
MZkDsB04kt8.000.mp4,0.8333333333333333,0.5825242718446602,0.7289719626168225,0.6923076923076923,0.7604166666666666,0.5,0.5,0.5,0.5
MZkDsB04kt8.004.mp4,0.7555555555555554,0.6504854368932039,0.6355140186915887,0.6153846153846153,0.6458333333333333,0.5,0.5,0.5,0.5
mZQP06F94u8.003.mp4,0.4888888888888889,0.4563106796116505,0.4953271028037384,0.6153846153846153,0.4791666666666667,0.5,0.5,0.5,0.5
mZQP06F94u8.004.mp4,0.4666666666666667,0.3786407766990291,0.4953271028037384,0.4175824175824176,0.4166666666666667,0.5,0.5,0.5,0.5
mZzWhUI0CP0.005.mp4,0.7,0.7766990291262136,0.6355140186915887,0.7252747252747254,0.6458333333333333,0.5,0.5,0.5,0.5
n0acEDmc0mA.000.mp4,0.5666666666666667,0.6601941747572816,0.47663551401869164,0.6593406593406592,0.6145833333333333,0.5,0.5,0.5,0.5
N0QizgPLLbs.000.mp4,0.6,0.6601941747572816,0.5700934579439253,0.5384615384615384,0.6458333333333333,0.5,0.5,0.5,0.5
N0QizgPLLbs.005.mp4,0.6444444444444444,0.6407766990291262,0.5420560747663552,0.6813186813186812,0.5729166666666666,0.5,0.5,0.5,0.5
N0s2M3bJkUk.002.mp4,0.611111111111111,0.6407766990291262,0.7009345794392524,0.7692307692307692,0.65625,0.5,0.5,0.5,0.5
N0s2M3bJkUk.003.mp4,0.811111111111111,0.7864077669902914,0.7009345794392524,0.7032967032967032,0.8541666666666667,0.5,0.5,0.5,0.5
N0s2M3bJkUk.005.mp4,0.7,0.6019417475728155,0.663551401869159,0.6483516483516484,0.4791666666666667,0.5,0.5,0.5,0.5
N0UweTwwQqQ.000.mp4,0.6333333333333333,0.6407766990291262,0.5607476635514019,0.6813186813186812,0.6145833333333333,0.5,0.5,0.5,0.5
N1ZOAktFbI0.001.mp4,0.6777777777777777,0.7475728155339806,0.588785046728972,0.6373626373626373,0.7083333333333334,0.5,0.5,0.5,0.5
N1ZOAktFbI0.002.mp4,0.8333333333333333,0.7669902912621359,0.7196261682242993,0.7912087912087912,0.65625,0.5,0.5,0.5,0.5
N1ZOAktFbI0.004.mp4,0.5888888888888889,0.7864077669902914,0.7383177570093458,0.5714285714285714,0.7395833333333333,0.5,0.5,0.5,0.5
n2BuwHbdilY.002.mp4,0.6444444444444444,0.6796116504854369,0.4953271028037384,0.6593406593406592,0.5833333333333333,0.5,0.5,0.5,0.5
n4NkVZ1_dfk.000.mp4,0.6666666666666666,0.5242718446601942,0.5140186915887851,0.7142857142857143,0.6458333333333333,0.5,0.5,0.5,0.5
n4NkVZ1_dfk.003.mp4,0.4444444444444445,0.4174757281553398,0.29906542056074764,0.5054945054945055,0.45833333333333337,0.5,0.5,0.5,0.5
n4NkVZ1_dfk.004.mp4,0.7888888888888888,0.6699029126213591,0.4205607476635514,0.813186813186813,0.7395833333333333,0.5,0.5,0.5,0.5
n4NkVZ1_dfk.005.mp4,0.5222222222222223,0.31067961165048547,0.36448598130841126,0.4505494505494505,0.4375,0.5,0.5,0.5,0.5
N4tuu9aCXkw.003.mp4,0.5111111111111111,0.31067961165048547,0.38317757009345793,0.4835164835164835,0.3333333333333333,0.5,0.5,0.5,0.5
N4tuu9aCXkw.004.mp4,0.6,0.3786407766990291,0.48598130841121495,0.5494505494505494,0.4895833333333333,0.5,0.5,0.5,0.5
n5Jeeqfj2_U.000.mp4,0.6777777777777777,0.8543689320388351,0.4579439252336449,0.5824175824175825,0.6145833333333333,0.5,0.5,0.5,0.5
n5Jeeqfj2_U.005.mp4,0.6888888888888889,0.912621359223301,0.6822429906542057,0.8021978021978021,0.7708333333333334,0.5,0.5,0.5,0.5
N5nIQZMW_ig.003.mp4,0.6777777777777777,0.4660194174757281,0.5327102803738318,0.6923076923076923,0.65625,0.5,0.5,0.5,0.5
n6JNJurop2U.000.mp4,0.5666666666666667,0.6796116504854369,0.6261682242990655,0.5934065934065933,0.6458333333333333,0.5,0.5,0.5,0.5
n6JNJurop2U.003.mp4,0.6666666666666666,0.6310679611650486,0.7850467289719627,0.7582417582417583,0.6770833333333334,0.5,0.5,0.5,0.5
N7oR6_oMBFk.000.mp4,0.7444444444444444,0.6699029126213591,0.6728971962616823,0.5824175824175825,0.7708333333333334,0.5,0.5,0.5,0.5
N7oR6_oMBFk.004.mp4,0.6333333333333333,0.5339805825242718,0.5981308411214954,0.6703296703296703,0.6666666666666667,0.5,0.5,0.5,0.5
n8IiQJyqjiE.000.mp4,0.8444444444444444,0.5048543689320388,0.6074766355140188,0.6813186813186812,0.6354166666666666,0.5,0.5,0.5,0.5
n8IiQJyqjiE.001.mp4,0.9555555555555556,0.5922330097087379,0.7476635514018694,0.6153846153846153,0.7291666666666667,0.5,0.5,0.5,0.5
n8IiQJyqjiE.003.mp4,0.7333333333333333,0.5339805825242718,0.4953271028037384,0.6043956043956044,0.5833333333333333,0.5,0.5,0.5,0.5
n8IiQJyqjiE.004.mp4,0.7777777777777777,0.42718446601941745,0.6355140186915887,0.6483516483516484,0.6770833333333334,0.5,0.5,0.5,0.5
n_4vw3RKaog.002.mp4,0.5222222222222223,0.5533980582524272,0.4392523364485981,0.6153846153846153,0.5,0.5,0.5,0.5,0.5
N_PICgkFxAM.002.mp4,0.6333333333333333,0.4466019417475728,0.5233644859813085,0.4725274725274725,0.5833333333333333,0.5,0.5,0.5,0.5
naAGy30bnwA.000.mp4,0.4222222222222222,0.4077669902912622,0.37383177570093457,0.3626373626373627,0.3125,0.5,0.5,0.5,0.5
naAGy30bnwA.005.mp4,0.5444444444444444,0.3883495145631068,0.4112149532710281,0.4725274725274725,0.42708333333333337,0.5,0.5,0.5,0.5
nB-fPmvZg3U.005.mp4,0.5666666666666667,0.3883495145631068,0.39252336448598135,0.4835164835164835,0.4375,0.5,0.5,0.5,0.5
NBacfF-K2eQ.000.mp4,0.2,0.3203883495145631,0.24299065420560748,0.25274725274725274,0.28125,0.5,0.5,0.5,0.5
NBacfF-K2eQ.001.mp4,0.32222222222222224,0.36893203883495146,0.20560747663551404,0.2637362637362637,0.1666666666666666,0.5,0.5,0.5,0.5
NBacfF-K2eQ.004.mp4,0.1888888888888889,0.1941747572815534,0.25233644859813087,0.08791208791208792,0.10416666666666663,0.5,0.5,0.5,0.5
nBjBfN9SbpM.001.mp4,0.611111111111111,0.4174757281553398,0.4672897196261683,0.5384615384615384,0.5104166666666666,0.5,0.5,0.5,0.5
nBjBfN9SbpM.002.mp4,0.611111111111111,0.3300970873786408,0.39252336448598135,0.5164835164835165,0.5520833333333334,0.5,0.5,0.5,0.5
nBjBfN9SbpM.003.mp4,0.4777777777777778,0.35922330097087385,0.2149532710280374,0.31868131868131866,0.2604166666666667,0.5,0.5,0.5,0.5
nBjBfN9SbpM.004.mp4,0.5888888888888889,0.3203883495145631,0.37383177570093457,0.4945054945054945,0.46875,0.5,0.5,0.5,0.5
nBjBfN9SbpM.005.mp4,0.4444444444444445,0.31067961165048547,0.4112149532710281,0.5384615384615384,0.37499999999999994,0.5,0.5,0.5,0.5
nCc8XfmSvf8.001.mp4,0.6222222222222222,0.5631067961165048,0.5233644859813085,0.5824175824175825,0.5520833333333334,0.5,0.5,0.5,0.5
nClvfVFYzbM.000.mp4,0.5222222222222223,0.7087378640776699,0.37383177570093457,0.6813186813186812,0.5208333333333334,0.5,0.5,0.5,0.5
nClvfVFYzbM.003.mp4,0.41111111111111115,0.5145631067961165,0.2710280373831776,0.4835164835164835,0.37499999999999994,0.5,0.5,0.5,0.5
nClvfVFYzbM.005.mp4,0.4888888888888889,0.5145631067961165,0.33644859813084116,0.5824175824175825,0.4375,0.5,0.5,0.5,0.5
NCm736FngNo.000.mp4,0.24444444444444444,0.2038834951456311,0.26168224299065423,0.24175824175824176,0.20833333333333331,0.5,0.5,0.5,0.5
ncmnmmmWEpU.000.mp4,0.8222222222222221,0.6310679611650486,0.7476635514018694,0.6373626373626373,0.8541666666666667,0.5,0.5,0.5,0.5
ncmnmmmWEpU.004.mp4,0.7222222222222221,0.7281553398058251,0.588785046728972,0.7472527472527474,0.6770833333333334,0.5,0.5,0.5,0.5
ncmnmmmWEpU.005.mp4,0.6666666666666666,0.6407766990291262,0.6261682242990655,0.6483516483516484,0.7604166666666666,0.5,0.5,0.5,0.5
nCWEEoJfjgE.000.mp4,0.5222222222222223,0.5728155339805825,0.5140186915887851,0.6923076923076923,0.6145833333333333,0.5,0.5,0.5,0.5
nCWEEoJfjgE.002.mp4,0.6,0.4368932038834952,0.5794392523364487,0.6703296703296703,0.6145833333333333,0.5,0.5,0.5,0.5
nCWEEoJfjgE.004.mp4,0.6444444444444444,0.5339805825242718,0.5046728971962617,0.5934065934065933,0.5625,0.5,0.5,0.5,0.5
nCWEEoJfjgE.005.mp4,0.7888888888888888,0.5339805825242718,0.4953271028037384,0.7142857142857143,0.5833333333333333,0.5,0.5,0.5,0.5
NdAJGXf8aos.002.mp4,0.4888888888888889,0.6116504854368932,0.6168224299065421,0.5604395604395604,0.6041666666666666,0.5,0.5,0.5,0.5
NdAJGXf8aos.005.mp4,0.6666666666666666,0.5631067961165048,0.6261682242990655,0.6153846153846153,0.625,0.5,0.5,0.5,0.5
NDBCrVvp0Vg.000.mp4,0.7444444444444444,0.5533980582524272,0.6355140186915887,0.4945054945054945,0.6666666666666667,0.5,0.5,0.5,0.5
NDBCrVvp0Vg.003.mp4,0.5555555555555556,0.5145631067961165,0.5233644859813085,0.4285714285714285,0.53125,0.5,0.5,0.5,0.5
NDC375coN1o.001.mp4,0.28888888888888886,0.2912621359223301,0.33644859813084116,0.32967032967032966,0.22916666666666663,0.5,0.5,0.5,0.5
NDC375coN1o.002.mp4,0.41111111111111115,0.11650485436893207,0.14953271028037385,0.2747252747252747,0.09374999999999997,0.5,0.5,0.5,0.5
NDC375coN1o.005.mp4,0.4777777777777778,0.2912621359223301,0.29906542056074764,0.4725274725274725,0.3125,0.5,0.5,0.5,0.5
nDcl8Jo2tYg.002.mp4,0.8555555555555554,0.8058252427184466,0.5327102803738318,0.7142857142857143,0.7291666666666667,0.5,0.5,0.5,0.5
ndLtwmvPpr8.000.mp4,0.5888888888888889,0.7378640776699029,0.5981308411214954,0.7142857142857143,0.625,0.5,0.5,0.5,0.5
ndLtwmvPpr8.003.mp4,0.6333333333333333,0.6699029126213591,0.663551401869159,0.6923076923076923,0.7083333333333334,0.5,0.5,0.5,0.5
nDsTSmE73M0.000.mp4,0.5555555555555556,0.4563106796116505,0.48598130841121495,0.5824175824175825,0.5520833333333334,0.5,0.5,0.5,0.5
nDsTSmE73M0.005.mp4,0.5777777777777777,0.4563106796116505,0.5794392523364487,0.5494505494505494,0.5,0.5,0.5,0.5,0.5
nEm44UpCKmA.000.mp4,0.41111111111111115,0.5533980582524272,0.4018691588785047,0.4285714285714285,0.4479166666666667,0.5,0.5,0.5,0.5
nex61B854Ms.003.mp4,0.41111111111111115,0.3495145631067961,0.4392523364485981,0.6373626373626373,0.4895833333333333,0.5,0.5,0.5,0.5
nex61B854Ms.004.mp4,0.5,0.3980582524271845,0.3271028037383178,0.4615384615384615,0.37499999999999994,0.5,0.5,0.5,0.5
nex61B854Ms.005.mp4,0.3555555555555556,0.4077669902912622,0.4205607476635514,0.5164835164835165,0.3645833333333333,0.5,0.5,0.5,0.5
NF8nb3SQPNg.002.mp4,0.611111111111111,0.4563106796116505,0.5327102803738318,0.5274725274725275,0.6041666666666666,0.5,0.5,0.5,0.5
NFAlff6GUpA.000.mp4,0.4222222222222222,0.5533980582524272,0.4485981308411215,0.6043956043956044,0.5208333333333334,0.5,0.5,0.5,0.5
NFAlff6GUpA.003.mp4,0.6333333333333333,0.5922330097087379,0.663551401869159,0.7252747252747254,0.6979166666666666,0.5,0.5,0.5,0.5
NFAlff6GUpA.005.mp4,0.6222222222222222,0.6407766990291262,0.4392523364485981,0.6153846153846153,0.5416666666666666,0.5,0.5,0.5,0.5
nfEhF5GBQpo.000.mp4,0.6444444444444444,0.5533980582524272,0.33644859813084116,0.6593406593406592,0.6770833333333334,0.5,0.5,0.5,0.5
nfN9qJSVank.000.mp4,0.5111111111111111,0.5145631067961165,0.38317757009345793,0.4615384615384615,0.37499999999999994,0.5,0.5,0.5,0.5
nfN9qJSVank.002.mp4,0.3777777777777778,0.4466019417475728,0.4299065420560748,0.4615384615384615,0.4791666666666667,0.5,0.5,0.5,0.5
nfN9qJSVank.003.mp4,0.6,0.6504854368932039,0.47663551401869164,0.4395604395604395,0.6666666666666667,0.5,0.5,0.5,0.5
nfN9qJSVank.004.mp4,0.4666666666666667,0.5242718446601942,0.28037383177570097,0.2747252747252747,0.34374999999999994,0.5,0.5,0.5,0.5
nfN9qJSVank.005.mp4,0.5555555555555556,0.42718446601941745,0.3457943925233645,0.4175824175824176,0.3854166666666667,0.5,0.5,0.5,0.5
nFP7EEgz0Xg.002.mp4,0.5777777777777777,0.31067961165048547,0.28037383177570097,0.4395604395604395,0.2395833333333333,0.5,0.5,0.5,0.5
Ng2E0E5tiZQ.003.mp4,0.6888888888888889,0.4466019417475728,0.2710280373831776,0.5714285714285714,0.5104166666666666,0.5,0.5,0.5,0.5
Ng2E0E5tiZQ.005.mp4,0.6222222222222222,0.3883495145631068,0.5514018691588786,0.5604395604395604,0.5,0.5,0.5,0.5,0.5
ng42eoHytOA.001.mp4,0.4222222222222222,0.3495145631067961,0.4579439252336449,0.4175824175824176,0.4375,0.5,0.5,0.5,0.5
ng42eoHytOA.002.mp4,0.3555555555555556,0.15533980582524273,0.24299065420560748,0.32967032967032966,0.4375,0.5,0.5,0.5,0.5
ng42eoHytOA.003.mp4,0.38888888888888895,0.30097087378640774,0.33644859813084116,0.4065934065934066,0.35416666666666663,0.5,0.5,0.5,0.5
ng42eoHytOA.005.mp4,0.4777777777777778,0.42718446601941745,0.20560747663551404,0.4175824175824176,0.3125,0.5,0.5,0.5,0.5
NG8qWulkRM4.000.mp4,0.2777777777777778,0.2038834951456311,0.28037383177570097,0.2747252747252747,0.21874999999999997,0.5,0.5,0.5,0.5
NG8qWulkRM4.001.mp4,0.32222222222222224,0.36893203883495146,0.2149532710280374,0.24175824175824176,0.3020833333333333,0.5,0.5,0.5,0.5
NG8qWulkRM4.002.mp4,0.34444444444444444,0.22330097087378642,0.16822429906542055,0.18681318681318684,0.20833333333333331,0.5,0.5,0.5,0.5
NG8qWulkRM4.005.mp4,0.3555555555555556,0.3203883495145631,0.24299065420560748,0.21978021978021975,0.3020833333333333,0.5,0.5,0.5,0.5
nGe8dIc-ecc.000.mp4,0.6444444444444444,0.5825242718446602,0.5981308411214954,0.6923076923076923,0.5416666666666666,0.5,0.5,0.5,0.5
nGe8dIc-ecc.002.mp4,0.6222222222222222,0.6601941747572816,0.5233644859813085,0.6373626373626373,0.625,0.5,0.5,0.5,0.5
nGe8dIc-ecc.003.mp4,0.6222222222222222,0.6116504854368932,0.5794392523364487,0.5714285714285714,0.6666666666666667,0.5,0.5,0.5,0.5
nGe8dIc-ecc.005.mp4,0.7999999999999999,0.7184466019417477,0.6822429906542057,0.7362637362637363,0.8645833333333334,0.5,0.5,0.5,0.5
nGGtTu6dSJE.000.mp4,0.32222222222222224,0.23300970873786406,0.29906542056074764,0.30769230769230765,0.34374999999999994,0.5,0.5,0.5,0.5
nghDz0el8iI.000.mp4,0.6888888888888889,0.6407766990291262,0.5514018691588786,0.6813186813186812,0.6875,0.5,0.5,0.5,0.5
nghDz0el8iI.001.mp4,0.888888888888889,0.8058252427184466,0.7757009345794394,0.7032967032967032,0.7812499999999999,0.5,0.5,0.5,0.5
NhyVkwcZbTA.002.mp4,0.8555555555555554,0.6504854368932039,0.7476635514018694,0.7692307692307692,0.6770833333333334,0.5,0.5,0.5,0.5
NhyVkwcZbTA.003.mp4,0.6222222222222222,0.5631067961165048,0.5046728971962617,0.5824175824175825,0.625,0.5,0.5,0.5,0.5
NhyVkwcZbTA.004.mp4,0.6222222222222222,0.5825242718446602,0.5981308411214954,0.5494505494505494,0.5625,0.5,0.5,0.5,0.5
NhyVkwcZbTA.005.mp4,0.811111111111111,0.6601941747572816,0.6822429906542057,0.7692307692307692,0.6875,0.5,0.5,0.5,0.5
NI-tZF3gfes.002.mp4,0.7333333333333333,0.7281553398058251,0.5514018691588786,0.5934065934065933,0.5520833333333334,0.5,0.5,0.5,0.5
NI-tZF3gfes.003.mp4,0.7555555555555554,0.7669902912621359,0.6448598130841123,0.7142857142857143,0.5729166666666666,0.5,0.5,0.5,0.5
NI-tZF3gfes.004.mp4,0.6444444444444444,0.6019417475728155,0.6448598130841123,0.5714285714285714,0.6875,0.5,0.5,0.5,0.5
nI6qUE8N8hk.000.mp4,0.5555555555555556,0.36893203883495146,0.4112149532710281,0.5824175824175825,0.42708333333333337,0.5,0.5,0.5,0.5
nIwFocnmRFY.000.mp4,0.4444444444444445,0.4368932038834952,0.24299065420560748,0.3846153846153846,0.3125,0.5,0.5,0.5,0.5
nIwFocnmRFY.003.mp4,0.5444444444444444,0.3980582524271845,0.4299065420560748,0.5934065934065933,0.45833333333333337,0.5,0.5,0.5,0.5
niWi1hcuSmo.005.mp4,0.5888888888888889,0.5048543689320388,0.4205607476635514,0.5934065934065933,0.5208333333333334,0.5,0.5,0.5,0.5
NkFJuN8fBDU.000.mp4,0.6222222222222222,0.6310679611650486,0.5233644859813085,0.5274725274725275,0.5416666666666666,0.5,0.5,0.5,0.5
NkFJuN8fBDU.001.mp4,0.611111111111111,0.6407766990291262,0.5607476635514019,0.5494505494505494,0.5104166666666666,0.5,0.5,0.5,0.5
NkFJuN8fBDU.004.mp4,0.5333333333333333,0.5533980582524272,0.35514018691588783,0.3406593406593406,0.45833333333333337,0.5,0.5,0.5,0.5
nKLhatlbqEw.000.mp4,0.6888888888888889,0.5825242718446602,0.7383177570093458,0.5054945054945055,0.625,0.5,0.5,0.5,0.5
nKLhatlbqEw.001.mp4,0.5444444444444444,0.5631067961165048,0.4112149532710281,0.6373626373626373,0.39583333333333337,0.5,0.5,0.5,0.5
nKLhatlbqEw.002.mp4,0.5444444444444444,0.5436893203883495,0.5046728971962617,0.6263736263736264,0.65625,0.5,0.5,0.5,0.5
nKLhatlbqEw.005.mp4,0.5666666666666667,0.5242718446601942,0.5700934579439253,0.5934065934065933,0.5625,0.5,0.5,0.5,0.5
nkmYbzMmrYw.001.mp4,0.8222222222222221,0.5242718446601942,0.663551401869159,0.7142857142857143,0.6770833333333334,0.5,0.5,0.5,0.5
nkmYbzMmrYw.003.mp4,0.6777777777777777,0.6213592233009709,0.48598130841121495,0.5274725274725275,0.5520833333333334,0.5,0.5,0.5,0.5
nkmYbzMmrYw.004.mp4,0.7333333333333333,0.5728155339805825,0.7009345794392524,0.5714285714285714,0.6666666666666667,0.5,0.5,0.5,0.5
nKx64KH7Xks.001.mp4,0.6222222222222222,0.47572815533980584,0.4485981308411215,0.5934065934065933,0.6354166666666666,0.5,0.5,0.5,0.5
nKx64KH7Xks.002.mp4,0.7,0.6213592233009709,0.5794392523364487,0.7802197802197802,0.7395833333333333,0.5,0.5,0.5,0.5
nKx64KH7Xks.003.mp4,0.7222222222222221,0.5922330097087379,0.6728971962616823,0.6593406593406592,0.6979166666666666,0.5,0.5,0.5,0.5
nKx64KH7Xks.004.mp4,0.5888888888888889,0.47572815533980584,0.4672897196261683,0.4505494505494505,0.6458333333333333,0.5,0.5,0.5,0.5
nKx64KH7Xks.005.mp4,0.6444444444444444,0.6601941747572816,0.4205607476635514,0.6263736263736264,0.59375,0.5,0.5,0.5,0.5
nLB29nx1Jp4.001.mp4,0.7333333333333333,0.5922330097087379,0.6822429906542057,0.7032967032967032,0.6458333333333333,0.5,0.5,0.5,0.5
nlIrqbcvqLk.001.mp4,0.5,0.5242718446601942,0.5140186915887851,0.6153846153846153,0.5625,0.5,0.5,0.5,0.5
nLuAoNAOGcQ.000.mp4,0.922222222222222,0.7864077669902914,0.8037383177570094,0.8021978021978021,0.6979166666666666,0.5,0.5,0.5,0.5
nmZRXxKPPuQ.002.mp4,0.6666666666666666,0.6893203883495147,0.5700934579439253,0.6043956043956044,0.6354166666666666,0.5,0.5,0.5,0.5
nmZRXxKPPuQ.005.mp4,0.5777777777777777,0.5922330097087379,0.28037383177570097,0.5714285714285714,0.5,0.5,0.5,0.5,0.5
nndDX4RgU1w.000.mp4,0.5,0.4368932038834952,0.4392523364485981,0.6043956043956044,0.5104166666666666,0.5,0.5,0.5,0.5
nOCSTnpB_F4.001.mp4,0.6555555555555556,0.5242718446601942,0.6448598130841123,0.4835164835164835,0.5729166666666666,0.5,0.5,0.5,0.5
nOCSTnpB_F4.002.mp4,0.6888888888888889,0.47572815533980584,0.4485981308411215,0.6813186813186812,0.6041666666666666,0.5,0.5,0.5,0.5
noepjVnUVFY.000.mp4,0.5444444444444444,0.2912621359223301,0.3177570093457944,0.3516483516483516,0.37499999999999994,0.5,0.5,0.5,0.5
noepjVnUVFY.001.mp4,0.611111111111111,0.4951456310679611,0.39252336448598135,0.3956043956043956,0.5,0.5,0.5,0.5,0.5
nOFHZ_s7Et4.001.mp4,0.6888888888888889,0.5339805825242718,0.6542056074766356,0.5494505494505494,0.7291666666666667,0.5,0.5,0.5,0.5
nOFHZ_s7Et4.005.mp4,0.6333333333333333,0.4563106796116505,0.6168224299065421,0.6923076923076923,0.65625,0.5,0.5,0.5,0.5
NoHext7JXYU.000.mp4,0.611111111111111,0.42718446601941745,0.5514018691588786,0.6703296703296703,0.6145833333333333,0.5,0.5,0.5,0.5
NoHext7JXYU.003.mp4,0.6666666666666666,0.5242718446601942,0.5140186915887851,0.6043956043956044,0.59375,0.5,0.5,0.5,0.5
NOrjfF0-pQ4.004.mp4,0.43333333333333335,0.6504854368932039,0.29906542056074764,0.5054945054945055,0.5,0.5,0.5,0.5,0.5
NOrjfF0-pQ4.005.mp4,0.5222222222222223,0.7087378640776699,0.4579439252336449,0.6373626373626373,0.5729166666666666,0.5,0.5,0.5,0.5
NpiglwrZzsA.001.mp4,0.5555555555555556,0.4077669902912622,0.38317757009345793,0.3846153846153846,0.35416666666666663,0.5,0.5,0.5,0.5
NpiglwrZzsA.002.mp4,0.6222222222222222,0.3980582524271845,0.5420560747663552,0.5384615384615384,0.3333333333333333,0.5,0.5,0.5,0.5
NpiglwrZzsA.004.mp4,0.5777777777777777,0.33980582524271846,0.2710280373831776,0.2857142857142857,0.20833333333333331,0.5,0.5,0.5,0.5
nQtiqrceBhg.001.mp4,0.3666666666666667,0.27184466019417475,0.3271028037383178,0.5934065934065933,0.2708333333333333,0.5,0.5,0.5,0.5
nQtiqrceBhg.003.mp4,0.4222222222222222,0.35922330097087385,0.35514018691588783,0.4835164835164835,0.34374999999999994,0.5,0.5,0.5,0.5
nQxTTYWy7pA.001.mp4,0.6555555555555556,0.5242718446601942,0.4672897196261683,0.5384615384615384,0.53125,0.5,0.5,0.5,0.5
nQxTTYWy7pA.002.mp4,0.33333333333333337,0.4077669902912622,0.2897196261682243,0.4175824175824176,0.3333333333333333,0.5,0.5,0.5,0.5
nR0h3WFbPfA.000.mp4,0.8333333333333333,0.5145631067961165,0.7476635514018694,0.8021978021978021,0.84375,0.5,0.5,0.5,0.5
nR0h3WFbPfA.001.mp4,0.5666666666666667,0.4466019417475728,0.5700934579439253,0.4835164835164835,0.5520833333333334,0.5,0.5,0.5,0.5
nR0h3WFbPfA.003.mp4,0.9111111111111111,0.47572815533980584,0.7196261682242993,0.6923076923076923,0.6979166666666666,0.5,0.5,0.5,0.5
nR0h3WFbPfA.004.mp4,0.6333333333333333,0.47572815533980584,0.5514018691588786,0.6593406593406592,0.53125,0.5,0.5,0.5,0.5
nskJh7v6v1U.002.mp4,0.6888888888888889,0.6796116504854369,0.6074766355140188,0.5604395604395604,0.625,0.5,0.5,0.5,0.5
nskJh7v6v1U.004.mp4,0.5111111111111111,0.4854368932038835,0.25233644859813087,0.4065934065934066,0.29166666666666663,0.5,0.5,0.5,0.5
nskJh7v6v1U.005.mp4,0.711111111111111,0.6699029126213591,0.691588785046729,0.5494505494505494,0.7083333333333334,0.5,0.5,0.5,0.5
NTATNIs2sSc.001.mp4,0.32222222222222224,0.4660194174757281,0.33644859813084116,0.3626373626373627,0.3854166666666667,0.5,0.5,0.5,0.5
NTSMogqhvBg.001.mp4,0.7555555555555554,0.4951456310679611,0.5607476635514019,0.5934065934065933,0.5520833333333334,0.5,0.5,0.5,0.5
NTSMogqhvBg.002.mp4,0.6888888888888889,0.3495145631067961,0.3271028037383178,0.4615384615384615,0.42708333333333337,0.5,0.5,0.5,0.5
NTxMChSejQE.001.mp4,0.6444444444444444,0.24271844660194175,0.30841121495327106,0.4505494505494505,0.45833333333333337,0.5,0.5,0.5,0.5
nUazOUcW_AM.004.mp4,0.7444444444444444,0.5339805825242718,0.4672897196261683,0.4395604395604395,0.6354166666666666,0.5,0.5,0.5,0.5
nUazOUcW_AM.005.mp4,0.7333333333333333,0.7281553398058251,0.7102803738317757,0.6153846153846153,0.7604166666666666,0.5,0.5,0.5,0.5
nUbhRInpVbA.001.mp4,0.43333333333333335,0.35922330097087385,0.24299065420560748,0.5164835164835165,0.32291666666666663,0.5,0.5,0.5,0.5
nUbhRInpVbA.004.mp4,0.5111111111111111,0.5145631067961165,0.38317757009345793,0.4725274725274725,0.4166666666666667,0.5,0.5,0.5,0.5
nUbhRInpVbA.005.mp4,0.5333333333333333,0.6019417475728155,0.4112149532710281,0.5824175824175825,0.4479166666666667,0.5,0.5,0.5,0.5
Nv0-x4K9YFI.000.mp4,0.24444444444444444,0.18446601941747573,0.2149532710280374,0.2857142857142857,0.1458333333333333,0.5,0.5,0.5,0.5
Nv0-x4K9YFI.001.mp4,0.5555555555555556,0.4077669902912622,0.2336448598130841,0.5494505494505494,0.46875,0.5,0.5,0.5,0.5
Nv0-x4K9YFI.002.mp4,0.38888888888888895,0.2815533980582524,0.26168224299065423,0.4065934065934066,0.3125,0.5,0.5,0.5,0.5
Nv0-x4K9YFI.004.mp4,0.33333333333333337,0.33980582524271846,0.19626168224299068,0.4505494505494505,0.39583333333333337,0.5,0.5,0.5,0.5
Nv0-x4K9YFI.005.mp4,0.2777777777777778,0.2038834951456311,0.20560747663551404,0.30769230769230765,0.37499999999999994,0.5,0.5,0.5,0.5
NvJ4jRPUuS0.001.mp4,0.5333333333333333,0.30097087378640774,0.30841121495327106,0.4945054945054945,0.4479166666666667,0.5,0.5,0.5,0.5
nvlqJbHk_Lc.000.mp4,0.4444444444444445,0.3786407766990291,0.35514018691588783,0.4285714285714285,0.3645833333333333,0.5,0.5,0.5,0.5
NVvKBE5FTMk.005.mp4,0.5333333333333333,0.6116504854368932,0.5514018691588786,0.5604395604395604,0.5729166666666666,0.5,0.5,0.5,0.5
NvwD448H-40.001.mp4,0.4777777777777778,0.5339805825242718,0.4672897196261683,0.5494505494505494,0.4375,0.5,0.5,0.5,0.5
NWlCdMyKlE0.000.mp4,0.611111111111111,0.6893203883495147,0.5981308411214954,0.5934065934065933,0.6041666666666666,0.5,0.5,0.5,0.5
NWlCdMyKlE0.001.mp4,0.6444444444444444,0.7864077669902914,0.6728971962616823,0.6923076923076923,0.59375,0.5,0.5,0.5,0.5
NWlCdMyKlE0.002.mp4,0.6555555555555556,0.6019417475728155,0.6355140186915887,0.6373626373626373,0.6875,0.5,0.5,0.5,0.5
NWlCdMyKlE0.003.mp4,0.7333333333333333,0.7378640776699029,0.7196261682242993,0.7142857142857143,0.6770833333333334,0.5,0.5,0.5,0.5
NXG4n1pr4Ok.001.mp4,0.611111111111111,0.3495145631067961,0.33644859813084116,0.4615384615384615,0.4375,0.5,0.5,0.5,0.5
NXG4n1pr4Ok.002.mp4,0.6777777777777777,0.5825242718446602,0.6355140186915887,0.7362637362637363,0.5833333333333333,0.5,0.5,0.5,0.5
NXG4n1pr4Ok.004.mp4,0.5888888888888889,0.5242718446601942,0.5700934579439253,0.6153846153846153,0.5729166666666666,0.5,0.5,0.5,0.5
NYlFsljF0VM.003.mp4,0.6444444444444444,0.6699029126213591,0.36448598130841126,0.4945054945054945,0.4166666666666667,0.5,0.5,0.5,0.5
NYlFsljF0VM.005.mp4,0.3111111111111111,0.6601941747572816,0.4579439252336449,0.4945054945054945,0.46875,0.5,0.5,0.5,0.5
nZC82V87Pm0.002.mp4,0.4888888888888889,0.6601941747572816,0.3271028037383178,0.6153846153846153,0.39583333333333337,0.5,0.5,0.5,0.5
nZC82V87Pm0.004.mp4,0.5444444444444444,0.7475728155339806,0.4672897196261683,0.5494505494505494,0.4375,0.5,0.5,0.5,0.5
nZC82V87Pm0.005.mp4,0.4444444444444445,0.7281553398058251,0.2897196261682243,0.4175824175824176,0.4479166666666667,0.5,0.5,0.5,0.5
NzCflfxgvwo.003.mp4,0.2,0.17475728155339804,0.18691588785046728,0.2747252747252747,0.25,0.5,0.5,0.5,0.5
NZXtEENlWL4.003.mp4,0.5777777777777777,0.6213592233009709,0.4299065420560748,0.4395604395604395,0.59375,0.5,0.5,0.5,0.5
nZz1hK90gwA.002.mp4,0.5333333333333333,0.15533980582524273,0.38317757009345793,0.3406593406593406,0.29166666666666663,0.5,0.5,0.5,0.5
nZz1hK90gwA.003.mp4,0.34444444444444444,0.30097087378640774,0.4485981308411215,0.4065934065934066,0.3854166666666667,0.5,0.5,0.5,0.5
nZz1hK90gwA.004.mp4,0.4222222222222222,0.21359223300970873,0.5420560747663552,0.32967032967032966,0.39583333333333337,0.5,0.5,0.5,0.5
o-fNF5QVMNo.004.mp4,0.7222222222222221,0.6213592233009709,0.48598130841121495,0.5714285714285714,0.625,0.5,0.5,0.5,0.5
o-fNF5QVMNo.005.mp4,0.5888888888888889,0.22330097087378642,0.36448598130841126,0.4175824175824176,0.4166666666666667,0.5,0.5,0.5,0.5
o0zIPrIQY4o.005.mp4,0.5777777777777777,0.42718446601941745,0.5420560747663552,0.5604395604395604,0.6145833333333333,0.5,0.5,0.5,0.5
O14mSiNfYDo.001.mp4,0.5777777777777777,0.5436893203883495,0.5420560747663552,0.4945054945054945,0.5208333333333334,0.5,0.5,0.5,0.5
O14mSiNfYDo.002.mp4,0.5555555555555556,0.5048543689320388,0.5700934579439253,0.6153846153846153,0.5,0.5,0.5,0.5,0.5
O14mSiNfYDo.005.mp4,0.6333333333333333,0.4368932038834952,0.7476635514018694,0.5934065934065933,0.7291666666666667,0.5,0.5,0.5,0.5
o1mTIo1vPas.000.mp4,0.6222222222222222,0.3495145631067961,0.39252336448598135,0.5384615384615384,0.32291666666666663,0.5,0.5,0.5,0.5
o2iolmvadac.002.mp4,0.6666666666666666,0.6796116504854369,0.48598130841121495,0.7142857142857143,0.7395833333333333,0.5,0.5,0.5,0.5
O2J_3ScUCUQ.004.mp4,0.5333333333333333,0.36893203883495146,0.5046728971962617,0.5164835164835165,0.3854166666666667,0.5,0.5,0.5,0.5
o2lu6rkd5-Y.001.mp4,0.6333333333333333,0.5339805825242718,0.48598130841121495,0.6043956043956044,0.5104166666666666,0.5,0.5,0.5,0.5
o2lu6rkd5-Y.004.mp4,0.3555555555555556,0.5242718446601942,0.37383177570093457,0.4725274725274725,0.42708333333333337,0.5,0.5,0.5,0.5
O2wMPdp2-Is.002.mp4,0.9666666666666666,0.8446601941747574,0.8411214953271028,0.7582417582417583,0.84375,0.5,0.5,0.5,0.5
o2wtRccAgjE.003.mp4,0.5555555555555556,0.6019417475728155,0.39252336448598135,0.7032967032967032,0.4895833333333333,0.5,0.5,0.5,0.5
O3_j0d7mq7k.001.mp4,0.3555555555555556,0.36893203883495146,0.36448598130841126,0.4285714285714285,0.42708333333333337,0.5,0.5,0.5,0.5
O3_j0d7mq7k.002.mp4,0.5666666666666667,0.3203883495145631,0.6355140186915887,0.4835164835164835,0.6770833333333334,0.5,0.5,0.5,0.5
O3_j0d7mq7k.004.mp4,0.5111111111111111,0.33980582524271846,0.4392523364485981,0.24175824175824176,0.42708333333333337,0.5,0.5,0.5,0.5
o5eCmKiomvo.001.mp4,0.4666666666666667,0.6407766990291262,0.39252336448598135,0.4065934065934066,0.5208333333333334,0.5,0.5,0.5,0.5
o5eCmKiomvo.002.mp4,0.3666666666666667,0.6504854368932039,0.30841121495327106,0.2857142857142857,0.3645833333333333,0.5,0.5,0.5,0.5
o6JCQlOC3oE.002.mp4,0.4444444444444445,0.21359223300970873,0.2897196261682243,0.3516483516483516,0.4479166666666667,0.5,0.5,0.5,0.5
O7h-kf7hPIU.001.mp4,0.7666666666666666,0.7087378640776699,0.6822429906542057,0.4835164835164835,0.7187499999999999,0.5,0.5,0.5,0.5
O7h-kf7hPIU.005.mp4,0.8444444444444444,0.5825242718446602,0.7383177570093458,0.5384615384615384,0.7500000000000001,0.5,0.5,0.5,0.5
o7J2fWIJndQ.005.mp4,0.7999999999999999,0.4368932038834952,0.691588785046729,0.5714285714285714,0.7395833333333333,0.5,0.5,0.5,0.5
O7ke1Wjb1ZM.003.mp4,0.5444444444444444,0.4077669902912622,0.3271028037383178,0.5274725274725275,0.46875,0.5,0.5,0.5,0.5
O8L2pHEIcuo.004.mp4,0.6444444444444444,0.7378640776699029,0.6542056074766356,0.6373626373626373,0.6145833333333333,0.5,0.5,0.5,0.5
o_kTWEEjtyw.001.mp4,0.4888888888888889,0.35922330097087385,0.28037383177570097,0.4395604395604395,0.3020833333333333,0.5,0.5,0.5,0.5
o_kTWEEjtyw.003.mp4,0.26666666666666666,0.33980582524271846,0.18691588785046728,0.2747252747252747,0.1666666666666666,0.5,0.5,0.5,0.5
o_kTWEEjtyw.005.mp4,0.2111111111111111,0.2621359223300971,0.13084112149532712,0.23076923076923075,0.17708333333333331,0.5,0.5,0.5,0.5
OACoHiwOdXQ.002.mp4,0.5,0.6990291262135921,0.33644859813084116,0.5604395604395604,0.39583333333333337,0.5,0.5,0.5,0.5
OACoHiwOdXQ.003.mp4,0.32222222222222224,0.5631067961165048,0.20560747663551404,0.3956043956043956,0.32291666666666663,0.5,0.5,0.5,0.5
OACoHiwOdXQ.005.mp4,0.4222222222222222,0.5339805825242718,0.4112149532710281,0.5824175824175825,0.35416666666666663,0.5,0.5,0.5,0.5
oANKg9_grdA.004.mp4,0.5888888888888889,0.5825242718446602,0.4299065420560748,0.6263736263736264,0.5833333333333333,0.5,0.5,0.5,0.5
oBE9f5xD9rk.000.mp4,0.7777777777777777,0.6699029126213591,0.5700934579439253,0.7252747252747254,0.6979166666666666,0.5,0.5,0.5,0.5
oBE9f5xD9rk.002.mp4,0.8222222222222221,0.7184466019417477,0.7476635514018694,0.7142857142857143,0.8020833333333334,0.5,0.5,0.5,0.5
oBE9f5xD9rk.004.mp4,0.6555555555555556,0.7378640776699029,0.7289719626168225,0.6483516483516484,0.7395833333333333,0.5,0.5,0.5,0.5
oBE9f5xD9rk.005.mp4,0.7999999999999999,0.5339805825242718,0.7009345794392524,0.6043956043956044,0.625,0.5,0.5,0.5,0.5
obr7ktzX8w8.001.mp4,0.5,0.5242718446601942,0.6074766355140188,0.6593406593406592,0.3645833333333333,0.5,0.5,0.5,0.5
obr7ktzX8w8.003.mp4,0.4222222222222222,0.4077669902912622,0.4205607476635514,0.5494505494505494,0.28125,0.5,0.5,0.5,0.5
obr7ktzX8w8.004.mp4,0.41111111111111115,0.42718446601941745,0.39252336448598135,0.4725274725274725,0.3125,0.5,0.5,0.5,0.5
oC-qxnrmJws.000.mp4,0.7777777777777777,0.6893203883495147,0.7570093457943926,0.6923076923076923,0.8333333333333334,0.5,0.5,0.5,0.5
oC-qxnrmJws.002.mp4,0.7666666666666666,0.6893203883495147,0.7757009345794394,0.6263736263736264,0.6354166666666666,0.5,0.5,0.5,0.5
oC-qxnrmJws.003.mp4,0.9333333333333333,0.8252427184466018,0.8598130841121496,0.835164835164835,0.9166666666666667,0.5,0.5,0.5,0.5
oC-qxnrmJws.005.mp4,0.7444444444444444,0.5825242718446602,0.7196261682242993,0.6153846153846153,0.7916666666666667,0.5,0.5,0.5,0.5
oCb9DK3M1DU.000.mp4,0.7333333333333333,0.6019417475728155,0.5140186915887851,0.6153846153846153,0.5,0.5,0.5,0.5,0.5
oCb9DK3M1DU.001.mp4,0.6,0.4660194174757281,0.33644859813084116,0.4945054945054945,0.32291666666666663,0.5,0.5,0.5,0.5
oCb9DK3M1DU.002.mp4,0.5666666666666667,0.4854368932038835,0.4579439252336449,0.5384615384615384,0.5208333333333334,0.5,0.5,0.5,0.5
oCb9DK3M1DU.003.mp4,0.45555555555555555,0.4466019417475728,0.3457943925233645,0.4945054945054945,0.32291666666666663,0.5,0.5,0.5,0.5
oCb9DK3M1DU.004.mp4,0.6222222222222222,0.47572815533980584,0.38317757009345793,0.5934065934065933,0.4479166666666667,0.5,0.5,0.5,0.5
oCb9DK3M1DU.005.mp4,0.5888888888888889,0.4563106796116505,0.4579439252336449,0.6153846153846153,0.6458333333333333,0.5,0.5,0.5,0.5
OckL7z_nBGg.002.mp4,0.5444444444444444,0.6407766990291262,0.7383177570093458,0.6483516483516484,0.7916666666666667,0.5,0.5,0.5,0.5
OckL7z_nBGg.003.mp4,0.6,0.7572815533980582,0.5794392523364487,0.5824175824175825,0.7187499999999999,0.5,0.5,0.5,0.5
OckL7z_nBGg.004.mp4,0.5,0.6116504854368932,0.35514018691588783,0.5824175824175825,0.42708333333333337,0.5,0.5,0.5,0.5
OckL7z_nBGg.005.mp4,0.5111111111111111,0.5631067961165048,0.5140186915887851,0.6483516483516484,0.39583333333333337,0.5,0.5,0.5,0.5
OCMseWyLuBQ.001.mp4,0.5444444444444444,0.7281553398058251,0.33644859813084116,0.6153846153846153,0.6354166666666666,0.5,0.5,0.5,0.5
oCN_9daCssU.002.mp4,0.8444444444444444,0.6504854368932039,0.6728971962616823,0.6043956043956044,0.7812499999999999,0.5,0.5,0.5,0.5
OcS4H_dFeOc.001.mp4,0.5111111111111111,0.2815533980582524,0.4485981308411215,0.3846153846153846,0.5104166666666666,0.5,0.5,0.5,0.5
OD3cfWeJaOY.003.mp4,0.5333333333333333,0.6893203883495147,0.5794392523364487,0.6153846153846153,0.6770833333333334,0.5,0.5,0.5,0.5
OD3cfWeJaOY.004.mp4,0.5111111111111111,0.7281553398058251,0.5046728971962617,0.5384615384615384,0.6875,0.5,0.5,0.5,0.5
OD3cfWeJaOY.005.mp4,0.5111111111111111,0.6893203883495147,0.48598130841121495,0.4505494505494505,0.5833333333333333,0.5,0.5,0.5,0.5
OD_gyCYpR8U.002.mp4,0.6777777777777777,0.4660194174757281,0.6261682242990655,0.5384615384615384,0.5625,0.5,0.5,0.5,0.5
ODDGS0hTcUc.000.mp4,0.5333333333333333,0.4854368932038835,0.4018691588785047,0.6813186813186812,0.4479166666666667,0.5,0.5,0.5,0.5
ODDGS0hTcUc.001.mp4,0.6,0.4563106796116505,0.4672897196261683,0.6483516483516484,0.5104166666666666,0.5,0.5,0.5,0.5
ODDGS0hTcUc.004.mp4,0.5555555555555556,0.33980582524271846,0.4392523364485981,0.5494505494505494,0.5416666666666666,0.5,0.5,0.5,0.5
odHogR_36Dc.000.mp4,0.7,0.5339805825242718,0.588785046728972,0.6923076923076923,0.6145833333333333,0.5,0.5,0.5,0.5
odHogR_36Dc.002.mp4,0.6777777777777777,0.3980582524271845,0.5327102803738318,0.5164835164835165,0.5104166666666666,0.5,0.5,0.5,0.5
odHogR_36Dc.003.mp4,0.7555555555555554,0.6310679611650486,0.6261682242990655,0.6483516483516484,0.7187499999999999,0.5,0.5,0.5,0.5
oDOoG0vX-7U.005.mp4,0.5,0.33980582524271846,0.22429906542056074,0.3846153846153846,0.29166666666666663,0.5,0.5,0.5,0.5
odRqijkG28U.000.mp4,0.6888888888888889,0.6213592233009709,0.5607476635514019,0.4725274725274725,0.625,0.5,0.5,0.5,0.5
odRqijkG28U.001.mp4,0.6777777777777777,0.6796116504854369,0.6728971962616823,0.7472527472527474,0.6354166666666666,0.5,0.5,0.5,0.5
odRqijkG28U.004.mp4,0.7666666666666666,0.6116504854368932,0.7009345794392524,0.5714285714285714,0.7187499999999999,0.5,0.5,0.5,0.5
OdwK_oMdfSU.000.mp4,0.4777777777777778,0.5436893203883495,0.48598130841121495,0.5054945054945055,0.6458333333333333,0.5,0.5,0.5,0.5
OdwK_oMdfSU.002.mp4,0.4666666666666667,0.5242718446601942,0.4299065420560748,0.32967032967032966,0.5,0.5,0.5,0.5,0.5
OdwK_oMdfSU.003.mp4,0.7,0.6504854368932039,0.6261682242990655,0.7032967032967032,0.7083333333333334,0.5,0.5,0.5,0.5
OdwK_oMdfSU.005.mp4,0.6444444444444444,0.4951456310679611,0.5327102803738318,0.4505494505494505,0.65625,0.5,0.5,0.5,0.5
oe1PZxExhzc.001.mp4,0.5888888888888889,0.6504854368932039,0.5046728971962617,0.4945054945054945,0.5416666666666666,0.5,0.5,0.5,0.5
oe1PZxExhzc.003.mp4,0.5333333333333333,0.5048543689320388,0.2897196261682243,0.5824175824175825,0.4791666666666667,0.5,0.5,0.5,0.5
oe6q_ZByIxQ.000.mp4,0.6222222222222222,0.3786407766990291,0.3271028037383178,0.4505494505494505,0.4375,0.5,0.5,0.5,0.5
Oe7ItP7gS4w.000.mp4,0.7444444444444444,0.6019417475728155,0.5700934579439253,0.5604395604395604,0.8229166666666667,0.5,0.5,0.5,0.5
Oe7ItP7gS4w.002.mp4,0.7999999999999999,0.5533980582524272,0.663551401869159,0.6373626373626373,0.6979166666666666,0.5,0.5,0.5,0.5
Oe7ItP7gS4w.004.mp4,0.6444444444444444,0.3980582524271845,0.5046728971962617,0.5384615384615384,0.5208333333333334,0.5,0.5,0.5,0.5
OeGMd58Wgsk.000.mp4,0.5,0.5533980582524272,0.30841121495327106,0.5164835164835165,0.3854166666666667,0.5,0.5,0.5,0.5
OeGMd58Wgsk.003.mp4,0.4,0.6116504854368932,0.24299065420560748,0.3516483516483516,0.3854166666666667,0.5,0.5,0.5,0.5
OEKg-Tvwcbk.000.mp4,0.7222222222222221,0.5533980582524272,0.5327102803738318,0.7032967032967032,0.65625,0.5,0.5,0.5,0.5
OEKg-Tvwcbk.003.mp4,0.7222222222222221,0.4951456310679611,0.5420560747663552,0.846153846153846,0.5520833333333334,0.5,0.5,0.5,0.5
OeT6Skotv7g.004.mp4,0.5,0.2621359223300971,0.36448598130841126,0.31868131868131866,0.42708333333333337,0.5,0.5,0.5,0.5
oG84VxrGfj0.001.mp4,0.45555555555555555,0.3203883495145631,0.4392523364485981,0.4065934065934066,0.46875,0.5,0.5,0.5,0.5
og8vtyRh_bc.000.mp4,0.6,0.3980582524271845,0.5607476635514019,0.5494505494505494,0.53125,0.5,0.5,0.5,0.5
og8vtyRh_bc.001.mp4,0.5666666666666667,0.4368932038834952,0.5046728971962617,0.5714285714285714,0.5520833333333334,0.5,0.5,0.5,0.5
og8vtyRh_bc.003.mp4,0.6222222222222222,0.3980582524271845,0.6261682242990655,0.6373626373626373,0.53125,0.5,0.5,0.5,0.5
oGa05H9UXxU.002.mp4,0.4888888888888889,0.3786407766990291,0.3177570093457944,0.4615384615384615,0.4791666666666667,0.5,0.5,0.5,0.5
oGa05H9UXxU.004.mp4,0.5333333333333333,0.4368932038834952,0.4205607476635514,0.5164835164835165,0.45833333333333337,0.5,0.5,0.5,0.5
OgPC4wnLJR0.001.mp4,0.26666666666666666,0.21359223300970873,0.16822429906542055,0.10989010989010992,0.13541666666666663,0.5,0.5,0.5,0.5
OgPC4wnLJR0.002.mp4,0.3111111111111111,0.42718446601941745,0.39252336448598135,0.3736263736263736,0.29166666666666663,0.5,0.5,0.5,0.5
OgPC4wnLJR0.003.mp4,0.23333333333333334,0.2621359223300971,0.26168224299065423,0.15384615384615383,0.1666666666666666,0.5,0.5,0.5,0.5
OgPC4wnLJR0.004.mp4,0.23333333333333334,0.31067961165048547,0.2710280373831776,0.31868131868131866,0.3333333333333333,0.5,0.5,0.5,0.5
OgPC4wnLJR0.005.mp4,0.2777777777777778,0.2038834951456311,0.2710280373831776,0.2747252747252747,0.18749999999999997,0.5,0.5,0.5,0.5
ogSLrHVeqLI.003.mp4,0.5777777777777777,0.4951456310679611,0.48598130841121495,0.5054945054945055,0.4791666666666667,0.5,0.5,0.5,0.5
OhHg1lyxe4I.000.mp4,0.3,0.23300970873786406,0.14953271028037385,0.3516483516483516,0.22916666666666663,0.5,0.5,0.5,0.5
OhHg1lyxe4I.001.mp4,0.1888888888888889,0.16504854368932043,0.14018691588785046,0.30769230769230765,0.19791666666666666,0.5,0.5,0.5,0.5
OhHg1lyxe4I.002.mp4,0.1888888888888889,0.15533980582524273,0.12149532710280371,0.23076923076923075,0.09374999999999997,0.5,0.5,0.5,0.5
oHudDVcT5Lg.002.mp4,0.8333333333333333,0.5048543689320388,0.7663551401869159,0.6703296703296703,0.7083333333333334,0.5,0.5,0.5,0.5
oHudDVcT5Lg.004.mp4,0.7,0.47572815533980584,0.5981308411214954,0.6373626373626373,0.6458333333333333,0.5,0.5,0.5,0.5
oHudDVcT5Lg.005.mp4,0.7222222222222221,0.6019417475728155,0.5514018691588786,0.5384615384615384,0.45833333333333337,0.5,0.5,0.5,0.5
OIRq4d8IyKc.002.mp4,0.2,0.36893203883495146,0.25233644859813087,0.3626373626373627,0.40625000000000006,0.5,0.5,0.5,0.5
OIRq4d8IyKc.003.mp4,0.33333333333333337,0.2621359223300971,0.4205607476635514,0.4835164835164835,0.4166666666666667,0.5,0.5,0.5,0.5
oJPdfhG4hT0.001.mp4,0.41111111111111115,0.5825242718446602,0.37383177570093457,0.5824175824175825,0.5416666666666666,0.5,0.5,0.5,0.5
oJPdfhG4hT0.002.mp4,0.45555555555555555,0.4660194174757281,0.4299065420560748,0.5824175824175825,0.46875,0.5,0.5,0.5,0.5
okdZnQbLnf8.001.mp4,0.7555555555555554,0.7281553398058251,0.6822429906542057,0.7472527472527474,0.6145833333333333,0.5,0.5,0.5,0.5
okdZnQbLnf8.002.mp4,0.6,0.5922330097087379,0.4485981308411215,0.6263736263736264,0.5416666666666666,0.5,0.5,0.5,0.5
okdZnQbLnf8.004.mp4,0.5222222222222223,0.6019417475728155,0.4299065420560748,0.5494505494505494,0.42708333333333337,0.5,0.5,0.5,0.5
okl467xvgOw.001.mp4,0.4,0.4951456310679611,0.3271028037383178,0.3626373626373627,0.39583333333333337,0.5,0.5,0.5,0.5
okSmKH2k5lE.002.mp4,0.3555555555555556,0.6990291262135921,0.20560747663551404,0.3956043956043956,0.3645833333333333,0.5,0.5,0.5,0.5
OLFhKCgexRU.000.mp4,0.8999999999999999,0.970873786407767,0.691588785046729,0.7582417582417583,0.9479166666666666,0.5,0.5,0.5,0.5
OLFhKCgexRU.001.mp4,0.6222222222222222,0.8058252427184466,0.5327102803738318,0.6923076923076923,0.65625,0.5,0.5,0.5,0.5
OLFhKCgexRU.002.mp4,0.711111111111111,0.8640776699029126,0.5514018691588786,0.6483516483516484,0.7291666666666667,0.5,0.5,0.5,0.5
OLFhKCgexRU.004.mp4,0.7666666666666666,0.7766990291262136,0.5140186915887851,0.7582417582417583,0.6875,0.5,0.5,0.5,0.5
oLO05QNhhGg.000.mp4,0.34444444444444444,0.4951456310679611,0.39252336448598135,0.3956043956043956,0.3645833333333333,0.5,0.5,0.5,0.5
oLO05QNhhGg.001.mp4,0.5888888888888889,0.6310679611650486,0.4579439252336449,0.6043956043956044,0.5416666666666666,0.5,0.5,0.5,0.5
oLO05QNhhGg.002.mp4,0.4777777777777778,0.3980582524271845,0.4018691588785047,0.4835164835164835,0.5208333333333334,0.5,0.5,0.5,0.5
oLO05QNhhGg.003.mp4,0.33333333333333337,0.5728155339805825,0.22429906542056074,0.3736263736263736,0.4166666666666667,0.5,0.5,0.5,0.5
oLO05QNhhGg.004.mp4,0.4777777777777778,0.5825242718446602,0.6074766355140188,0.6593406593406592,0.5833333333333333,0.5,0.5,0.5,0.5
oLO05QNhhGg.005.mp4,0.3,0.4951456310679611,0.26168224299065423,0.24175824175824176,0.32291666666666663,0.5,0.5,0.5,0.5
om-9kFEKJIs.000.mp4,0.5777777777777777,0.5145631067961165,0.4299065420560748,0.6593406593406592,0.5625,0.5,0.5,0.5,0.5
om-9kFEKJIs.001.mp4,0.5555555555555556,0.5436893203883495,0.3457943925233645,0.5934065934065933,0.5625,0.5,0.5,0.5,0.5
om-9kFEKJIs.004.mp4,0.4666666666666667,0.6990291262135921,0.39252336448598135,0.5714285714285714,0.5520833333333334,0.5,0.5,0.5,0.5
omeHsKF7InA.000.mp4,0.3666666666666667,0.24271844660194175,0.14018691588785046,0.3736263736263736,0.29166666666666663,0.5,0.5,0.5,0.5
omeHsKF7InA.001.mp4,0.2111111111111111,0.1941747572815534,0.12149532710280371,0.1978021978021978,0.18749999999999997,0.5,0.5,0.5,0.5
OMHlfDF99Mw.000.mp4,0.6333333333333333,0.5728155339805825,0.4953271028037384,0.5054945054945055,0.5625,0.5,0.5,0.5,0.5
OMHlfDF99Mw.003.mp4,0.7555555555555554,0.5145631067961165,0.5981308411214954,0.4945054945054945,0.625,0.5,0.5,0.5,0.5
OMHlfDF99Mw.004.mp4,0.5222222222222223,0.4660194174757281,0.4205607476635514,0.4505494505494505,0.53125,0.5,0.5,0.5,0.5
omQ5CGXJKS8.001.mp4,0.711111111111111,0.6699029126213591,0.6355140186915887,0.6043956043956044,0.6354166666666666,0.5,0.5,0.5,0.5
omQ5CGXJKS8.002.mp4,0.8777777777777777,0.6407766990291262,0.8130841121495327,0.6483516483516484,0.8020833333333334,0.5,0.5,0.5,0.5
OmXuhT4yJpo.000.mp4,0.7333333333333333,0.6601941747572816,0.8130841121495327,0.8021978021978021,0.59375,0.5,0.5,0.5,0.5
OmXuhT4yJpo.005.mp4,0.7,0.7961165048543688,0.8130841121495327,0.6153846153846153,0.7395833333333333,0.5,0.5,0.5,0.5
On2c_8sU8Vw.001.mp4,0.6444444444444444,0.6407766990291262,0.5514018691588786,0.7252747252747254,0.7187499999999999,0.5,0.5,0.5,0.5
On2c_8sU8Vw.002.mp4,0.6222222222222222,0.5728155339805825,0.5327102803738318,0.4285714285714285,0.6041666666666666,0.5,0.5,0.5,0.5
On2c_8sU8Vw.004.mp4,0.8555555555555554,0.8155339805825244,0.822429906542056,0.6263736263736264,0.8020833333333334,0.5,0.5,0.5,0.5
onbyz01BC_Y.003.mp4,0.6222222222222222,0.6019417475728155,0.48598130841121495,0.5824175824175825,0.5208333333333334,0.5,0.5,0.5,0.5
OovRk5U9_GY.000.mp4,0.5222222222222223,0.5728155339805825,0.5233644859813085,0.5164835164835165,0.65625,0.5,0.5,0.5,0.5
OovRk5U9_GY.004.mp4,0.5222222222222223,0.5145631067961165,0.4579439252336449,0.6153846153846153,0.625,0.5,0.5,0.5,0.5
OoxYhDbzWwg.002.mp4,0.3666666666666667,0.5728155339805825,0.22429906542056074,0.4175824175824176,0.34374999999999994,0.5,0.5,0.5,0.5
OoxYhDbzWwg.005.mp4,0.3555555555555556,0.2524271844660194,0.16822429906542055,0.2747252747252747,0.2395833333333333,0.5,0.5,0.5,0.5
opEoJBrcmbI.001.mp4,0.3777777777777778,0.4466019417475728,0.48598130841121495,0.4615384615384615,0.2708333333333333,0.5,0.5,0.5,0.5
opEoJBrcmbI.002.mp4,0.5,0.5631067961165048,0.4485981308411215,0.4835164835164835,0.5625,0.5,0.5,0.5,0.5
opEoJBrcmbI.003.mp4,0.5666666666666667,0.5339805825242718,0.5420560747663552,0.5054945054945055,0.53125,0.5,0.5,0.5,0.5
opEoJBrcmbI.005.mp4,0.5333333333333333,0.33980582524271846,0.5233644859813085,0.5824175824175825,0.37499999999999994,0.5,0.5,0.5,0.5
opqoflph5ZE.004.mp4,0.6555555555555556,0.6504854368932039,0.4953271028037384,0.4725274725274725,0.6145833333333333,0.5,0.5,0.5,0.5
opyTSeVCYtE.002.mp4,0.5888888888888889,0.4466019417475728,0.4299065420560748,0.4285714285714285,0.53125,0.5,0.5,0.5,0.5
opyTSeVCYtE.003.mp4,0.7333333333333333,0.6504854368932039,0.5794392523364487,0.6483516483516484,0.7291666666666667,0.5,0.5,0.5,0.5
opyTSeVCYtE.005.mp4,0.6333333333333333,0.4563106796116505,0.3457943925233645,0.4285714285714285,0.5625,0.5,0.5,0.5,0.5
oq_v2yocx34.004.mp4,0.5222222222222223,0.6504854368932039,0.5327102803738318,0.6043956043956044,0.6979166666666666,0.5,0.5,0.5,0.5
oQOvtrP52As.002.mp4,0.611111111111111,0.5242718446601942,0.5794392523364487,0.5054945054945055,0.4895833333333333,0.5,0.5,0.5,0.5
oqXx6ipHfUE.000.mp4,0.6888888888888889,0.2912621359223301,0.22429906542056074,0.2747252747252747,0.3020833333333333,0.5,0.5,0.5,0.5
oqXx6ipHfUE.005.mp4,0.611111111111111,0.31067961165048547,0.3177570093457944,0.3406593406593406,0.37499999999999994,0.5,0.5,0.5,0.5
Or2_bP4lWYI.000.mp4,0.5222222222222223,0.8155339805825244,0.4018691588785047,0.6263736263736264,0.5833333333333333,0.5,0.5,0.5,0.5
Or2_bP4lWYI.001.mp4,0.5444444444444444,0.6019417475728155,0.4953271028037384,0.6043956043956044,0.5625,0.5,0.5,0.5,0.5
Or2_bP4lWYI.002.mp4,0.5,0.7087378640776699,0.38317757009345793,0.5494505494505494,0.6458333333333333,0.5,0.5,0.5,0.5
Or2_bP4lWYI.004.mp4,0.4777777777777778,0.7087378640776699,0.4579439252336449,0.6483516483516484,0.6458333333333333,0.5,0.5,0.5,0.5
Or2_bP4lWYI.005.mp4,0.7666666666666666,0.8155339805825244,0.588785046728972,0.6263736263736264,0.6666666666666667,0.5,0.5,0.5,0.5
orlXEgAepGo.000.mp4,0.5111111111111111,0.4466019417475728,0.35514018691588783,0.5164835164835165,0.5,0.5,0.5,0.5,0.5
orlXEgAepGo.002.mp4,0.6333333333333333,0.36893203883495146,0.5327102803738318,0.4835164835164835,0.3020833333333333,0.5,0.5,0.5,0.5
orlXEgAepGo.003.mp4,0.4888888888888889,0.3786407766990291,0.4205607476635514,0.3956043956043956,0.4375,0.5,0.5,0.5,0.5
Os7L5C-i9Fw.000.mp4,0.3777777777777778,0.4951456310679611,0.29906542056074764,0.5494505494505494,0.4166666666666667,0.5,0.5,0.5,0.5
Os7L5C-i9Fw.003.mp4,0.3111111111111111,0.5339805825242718,0.2149532710280374,0.4615384615384615,0.45833333333333337,0.5,0.5,0.5,0.5
Os7L5C-i9Fw.004.mp4,0.4,0.7281553398058251,0.30841121495327106,0.7142857142857143,0.5104166666666666,0.5,0.5,0.5,0.5
OSDlyk5ZgAk.004.mp4,0.6666666666666666,0.3883495145631068,0.5233644859813085,0.4395604395604395,0.5104166666666666,0.5,0.5,0.5,0.5
osqQpQsJNPQ.000.mp4,0.7333333333333333,0.6116504854368932,0.4953271028037384,0.6153846153846153,0.6041666666666666,0.5,0.5,0.5,0.5
osqQpQsJNPQ.001.mp4,0.6444444444444444,0.6213592233009709,0.48598130841121495,0.4725274725274725,0.5520833333333334,0.5,0.5,0.5,0.5
osqQpQsJNPQ.004.mp4,0.7666666666666666,0.7378640776699029,0.588785046728972,0.7252747252747254,0.8229166666666667,0.5,0.5,0.5,0.5
OtGJDbI9qkM.000.mp4,0.5666666666666667,0.6699029126213591,0.4579439252336449,0.6043956043956044,0.6458333333333333,0.5,0.5,0.5,0.5
OtGJDbI9qkM.002.mp4,0.5333333333333333,0.6699029126213591,0.6074766355140188,0.6483516483516484,0.6458333333333333,0.5,0.5,0.5,0.5
OtGJDbI9qkM.004.mp4,0.4444444444444445,0.5631067961165048,0.37383177570093457,0.5824175824175825,0.5520833333333334,0.5,0.5,0.5,0.5
OtGJDbI9qkM.005.mp4,0.6666666666666666,0.7184466019417477,0.5420560747663552,0.7912087912087912,0.6979166666666666,0.5,0.5,0.5,0.5
OTXGM3Guxy4.000.mp4,0.611111111111111,0.36893203883495146,0.47663551401869164,0.5494505494505494,0.4895833333333333,0.5,0.5,0.5,0.5
OTXGM3Guxy4.003.mp4,0.4888888888888889,0.31067961165048547,0.36448598130841126,0.4615384615384615,0.39583333333333337,0.5,0.5,0.5,0.5
OTXGM3Guxy4.004.mp4,0.5888888888888889,0.4854368932038835,0.4672897196261683,0.6483516483516484,0.4895833333333333,0.5,0.5,0.5,0.5
OTXGM3Guxy4.005.mp4,0.5666666666666667,0.3883495145631068,0.4205607476635514,0.5164835164835165,0.4166666666666667,0.5,0.5,0.5,0.5
oU7zAWm_01o.000.mp4,0.5777777777777777,0.6699029126213591,0.5140186915887851,0.4615384615384615,0.7291666666666667,0.5,0.5,0.5,0.5
oU7zAWm_01o.002.mp4,0.5888888888888889,0.5436893203883495,0.6355140186915887,0.5934065934065933,0.6041666666666666,0.5,0.5,0.5,0.5
oU7zAWm_01o.003.mp4,0.5777777777777777,0.6601941747572816,0.5420560747663552,0.5934065934065933,0.6041666666666666,0.5,0.5,0.5,0.5
oU7zAWm_01o.004.mp4,0.7222222222222221,0.7766990291262136,0.7289719626168225,0.7802197802197802,0.8020833333333334,0.5,0.5,0.5,0.5
OuE91U_n04E.000.mp4,0.6444444444444444,0.6019417475728155,0.6355140186915887,0.4835164835164835,0.65625,0.5,0.5,0.5,0.5
OuE91U_n04E.001.mp4,0.8222222222222221,0.7281553398058251,0.7757009345794394,0.5934065934065933,0.8229166666666667,0.5,0.5,0.5,0.5
OugdInDyt9s.000.mp4,0.5333333333333333,0.4368932038834952,0.39252336448598135,0.4395604395604395,0.3333333333333333,0.5,0.5,0.5,0.5
OugdInDyt9s.003.mp4,0.7,0.5825242718446602,0.6261682242990655,0.6593406593406592,0.53125,0.5,0.5,0.5,0.5
OugdInDyt9s.005.mp4,0.7333333333333333,0.6407766990291262,0.6355140186915887,0.6483516483516484,0.6875,0.5,0.5,0.5,0.5
outvbZgNX58.000.mp4,0.4,0.5048543689320388,0.36448598130841126,0.5494505494505494,0.37499999999999994,0.5,0.5,0.5,0.5
outvbZgNX58.002.mp4,0.5888888888888889,0.5436893203883495,0.4485981308411215,0.5934065934065933,0.39583333333333337,0.5,0.5,0.5,0.5
outvbZgNX58.004.mp4,0.5666666666666667,0.5533980582524272,0.4205607476635514,0.6153846153846153,0.4375,0.5,0.5,0.5,0.5
ouYYWCY__5A.000.mp4,0.5888888888888889,0.7281553398058251,0.36448598130841126,0.5054945054945055,0.4791666666666667,0.5,0.5,0.5,0.5
ouYYWCY__5A.001.mp4,0.711111111111111,0.5145631067961165,0.5607476635514019,0.6373626373626373,0.625,0.5,0.5,0.5,0.5
ouYYWCY__5A.005.mp4,0.5111111111111111,0.4077669902912622,0.37383177570093457,0.5714285714285714,0.4166666666666667,0.5,0.5,0.5,0.5
oVSMxtPpQ0M.002.mp4,0.811111111111111,0.42718446601941745,0.4672897196261683,0.6483516483516484,0.40625000000000006,0.5,0.5,0.5,0.5
oVSMxtPpQ0M.003.mp4,0.8444444444444444,0.5145631067961165,0.5981308411214954,0.7142857142857143,0.6458333333333333,0.5,0.5,0.5,0.5
oVSMxtPpQ0M.005.mp4,0.811111111111111,0.4563106796116505,0.5607476635514019,0.7362637362637363,0.6145833333333333,0.5,0.5,0.5,0.5
oWDh03tstic.002.mp4,0.6777777777777777,0.4368932038834952,0.5700934579439253,0.7032967032967032,0.6041666666666666,0.5,0.5,0.5,0.5
OwI3Q-qUqDw.000.mp4,0.3666666666666667,0.4174757281553398,0.3177570093457944,0.3956043956043956,0.3020833333333333,0.5,0.5,0.5,0.5
OwI3Q-qUqDw.001.mp4,0.4444444444444445,0.5533980582524272,0.2710280373831776,0.2747252747252747,0.3854166666666667,0.5,0.5,0.5,0.5
OwI3Q-qUqDw.002.mp4,0.4,0.3786407766990291,0.10280373831775697,0.4065934065934066,0.19791666666666666,0.5,0.5,0.5,0.5
OwI3Q-qUqDw.005.mp4,0.5222222222222223,0.5048543689320388,0.20560747663551404,0.3626373626373627,0.2604166666666667,0.5,0.5,0.5,0.5
OwlFAiE0Qrg.000.mp4,0.5333333333333333,0.7864077669902914,0.4672897196261683,0.5494505494505494,0.6666666666666667,0.5,0.5,0.5,0.5
OwlFAiE0Qrg.002.mp4,0.5666666666666667,0.7184466019417477,0.37383177570093457,0.5604395604395604,0.6354166666666666,0.5,0.5,0.5,0.5
owRKOW0ymCM.002.mp4,0.5555555555555556,0.4077669902912622,0.5046728971962617,0.5054945054945055,0.4895833333333333,0.5,0.5,0.5,0.5
owRKOW0ymCM.003.mp4,0.5333333333333333,0.5533980582524272,0.4112149532710281,0.5054945054945055,0.4479166666666667,0.5,0.5,0.5,0.5
OWZ-qVZG14A.000.mp4,0.3111111111111111,0.4368932038834952,0.17757009345794392,0.2747252747252747,0.35416666666666663,0.5,0.5,0.5,0.5
OWZ-qVZG14A.002.mp4,0.32222222222222224,0.4951456310679611,0.29906542056074764,0.4175824175824176,0.4375,0.5,0.5,0.5,0.5
OWZ-qVZG14A.003.mp4,0.4444444444444445,0.6504854368932039,0.38317757009345793,0.5494505494505494,0.5520833333333334,0.5,0.5,0.5,0.5
OWZ-qVZG14A.004.mp4,0.4888888888888889,0.4951456310679611,0.35514018691588783,0.6483516483516484,0.4479166666666667,0.5,0.5,0.5,0.5
OWZ-qVZG14A.005.mp4,0.3,0.5048543689320388,0.2336448598130841,0.4615384615384615,0.32291666666666663,0.5,0.5,0.5,0.5
ox-qZvCLtls.005.mp4,0.5888888888888889,0.5048543689320388,0.4299065420560748,0.4395604395604395,0.34374999999999994,0.5,0.5,0.5,0.5
OxaBanUE6KE.001.mp4,0.6888888888888889,0.6893203883495147,0.5327102803738318,0.5714285714285714,0.5729166666666666,0.5,0.5,0.5,0.5
OxaBanUE6KE.002.mp4,0.711111111111111,0.7766990291262136,0.6074766355140188,0.6043956043956044,0.6770833333333334,0.5,0.5,0.5,0.5
OxaBanUE6KE.004.mp4,0.611111111111111,0.6699029126213591,0.5420560747663552,0.5604395604395604,0.5625,0.5,0.5,0.5,0.5
OXkDmd3nA94.000.mp4,0.4222222222222222,0.3495145631067961,0.4018691588785047,0.4065934065934066,0.34374999999999994,0.5,0.5,0.5,0.5
OXkDmd3nA94.002.mp4,0.38888888888888895,0.4466019417475728,0.4112149532710281,0.4615384615384615,0.39583333333333337,0.5,0.5,0.5,0.5
OXkDmd3nA94.003.mp4,0.6555555555555556,0.5242718446601942,0.5514018691588786,0.5384615384615384,0.46875,0.5,0.5,0.5,0.5
OXkDmd3nA94.004.mp4,0.3555555555555556,0.21359223300970873,0.30841121495327106,0.3516483516483516,0.19791666666666666,0.5,0.5,0.5,0.5
oXRhk1PUPcQ.002.mp4,0.5666666666666667,0.4854368932038835,0.4485981308411215,0.6593406593406592,0.5729166666666666,0.5,0.5,0.5,0.5
oxw3nT9LSsg.000.mp4,0.13333333333333336,0.058252427184466035,0.01869158878504674,0.021978021978022,0.09374999999999997,0.5,0.5,0.5,0.5
oYhWw97JYyU.000.mp4,0.5666666666666667,0.5922330097087379,0.5140186915887851,0.5384615384615384,0.6145833333333333,0.5,0.5,0.5,0.5
oYhWw97JYyU.001.mp4,0.7555555555555554,0.6213592233009709,0.663551401869159,0.6263736263736264,0.7500000000000001,0.5,0.5,0.5,0.5
oYiWW-Qc0rs.000.mp4,0.7,0.8834951456310681,0.6074766355140188,0.5164835164835165,0.6666666666666667,0.5,0.5,0.5,0.5
oYiWW-Qc0rs.001.mp4,0.6,0.7766990291262136,0.37383177570093457,0.4945054945054945,0.59375,0.5,0.5,0.5,0.5
oYiWW-Qc0rs.002.mp4,0.7,0.8058252427184466,0.5046728971962617,0.4945054945054945,0.6354166666666666,0.5,0.5,0.5,0.5
oYiWW-Qc0rs.005.mp4,0.7999999999999999,0.9029126213592233,0.7289719626168225,0.7032967032967032,0.8125000000000001,0.5,0.5,0.5,0.5
OZaP2T74bLI.000.mp4,0.7444444444444444,0.47572815533980584,0.7570093457943926,0.5494505494505494,0.6770833333333334,0.5,0.5,0.5,0.5
OZaP2T74bLI.001.mp4,0.6666666666666666,0.5145631067961165,0.6728971962616823,0.7362637362637363,0.6770833333333334,0.5,0.5,0.5,0.5
OZaP2T74bLI.004.mp4,0.7999999999999999,0.6699029126213591,0.8504672897196264,0.6703296703296703,0.7500000000000001,0.5,0.5,0.5,0.5
OZaP2T74bLI.005.mp4,0.711111111111111,0.6796116504854369,0.7383177570093458,0.5164835164835165,0.7812499999999999,0.5,0.5,0.5,0.5
OZlpENU9h28.000.mp4,0.4666666666666667,0.3203883495145631,0.3177570093457944,0.3736263736263736,0.3333333333333333,0.5,0.5,0.5,0.5
OZlpENU9h28.002.mp4,0.6444444444444444,0.4077669902912622,0.4205607476635514,0.7032967032967032,0.4895833333333333,0.5,0.5,0.5,0.5
OZlpENU9h28.003.mp4,0.25555555555555554,0.4077669902912622,0.16822429906542055,0.4395604395604395,0.2604166666666667,0.5,0.5,0.5,0.5
OZlpENU9h28.005.mp4,0.4,0.3495145631067961,0.3177570093457944,0.4285714285714285,0.4166666666666667,0.5,0.5,0.5,0.5
p-OcwNFQB0U.001.mp4,0.6222222222222222,0.3300970873786408,0.36448598130841126,0.32967032967032966,0.39583333333333337,0.5,0.5,0.5,0.5
p-OcwNFQB0U.002.mp4,0.6777777777777777,0.4368932038834952,0.5233644859813085,0.5934065934065933,0.6145833333333333,0.5,0.5,0.5,0.5
p-OcwNFQB0U.005.mp4,0.4444444444444445,0.31067961165048547,0.30841121495327106,0.5164835164835165,0.39583333333333337,0.5,0.5,0.5,0.5
p-V78q8dtYo.001.mp4,0.34444444444444444,0.2621359223300971,0.35514018691588783,0.4175824175824176,0.42708333333333337,0.5,0.5,0.5,0.5
p-V78q8dtYo.005.mp4,0.26666666666666666,0.21359223300970873,0.17757009345794392,0.2087912087912088,0.25,0.5,0.5,0.5,0.5
P0a209IS614.002.mp4,0.5888888888888889,0.7864077669902914,0.35514018691588783,0.6813186813186812,0.6145833333333333,0.5,0.5,0.5,0.5
P0a209IS614.004.mp4,0.5666666666666667,0.6116504854368932,0.33644859813084116,0.6703296703296703,0.5520833333333334,0.5,0.5,0.5,0.5
P0a209IS614.005.mp4,0.5888888888888889,0.8543689320388351,0.4205607476635514,0.7582417582417583,0.6354166666666666,0.5,0.5,0.5,0.5
P0ZzjnS8E24.000.mp4,0.6666666666666666,0.5922330097087379,0.6448598130841123,0.7142857142857143,0.5833333333333333,0.5,0.5,0.5,0.5
p1ORMiJ0fPU.002.mp4,0.7,0.7184466019417477,0.7663551401869159,0.901098901098901,0.7812499999999999,0.5,0.5,0.5,0.5
p1ORMiJ0fPU.003.mp4,0.6666666666666666,0.47572815533980584,0.6074766355140188,0.6153846153846153,0.4895833333333333,0.5,0.5,0.5,0.5
p1qyJ_mE-2U.002.mp4,0.5888888888888889,0.5533980582524272,0.48598130841121495,0.4835164835164835,0.45833333333333337,0.5,0.5,0.5,0.5
p5QXPhJS8Ks.000.mp4,0.3111111111111111,0.3883495145631068,0.26168224299065423,0.3736263736263736,0.2604166666666667,0.5,0.5,0.5,0.5
p5QXPhJS8Ks.005.mp4,0.3555555555555556,0.35922330097087385,0.2710280373831776,0.3956043956043956,0.3020833333333333,0.5,0.5,0.5,0.5
p5v75vAZ7F0.003.mp4,0.4777777777777778,0.22330097087378642,0.4205607476635514,0.3626373626373627,0.35416666666666663,0.5,0.5,0.5,0.5
p5v75vAZ7F0.005.mp4,0.5333333333333333,0.3980582524271845,0.5327102803738318,0.5384615384615384,0.42708333333333337,0.5,0.5,0.5,0.5
P63CUj9KnSw.001.mp4,0.4,0.4466019417475728,0.3271028037383178,0.4395604395604395,0.32291666666666663,0.5,0.5,0.5,0.5
P63CUj9KnSw.004.mp4,0.25555555555555554,0.3495145631067961,0.30841121495327106,0.5164835164835165,0.37499999999999994,0.5,0.5,0.5,0.5
P6g1mZ3f76U.001.mp4,0.5888888888888889,0.6893203883495147,0.5700934579439253,0.6263736263736264,0.59375,0.5,0.5,0.5,0.5
P6g1mZ3f76U.002.mp4,0.611111111111111,0.7378640776699029,0.4205607476635514,0.6813186813186812,0.4895833333333333,0.5,0.5,0.5,0.5
P6g1mZ3f76U.003.mp4,0.4444444444444445,0.4466019417475728,0.47663551401869164,0.5494505494505494,0.45833333333333337,0.5,0.5,0.5,0.5
p6jjj6jn2fM.003.mp4,0.5111111111111111,0.3980582524271845,0.48598130841121495,0.4175824175824176,0.5104166666666666,0.5,0.5,0.5,0.5
p6UMx8dwHZQ.000.mp4,0.5111111111111111,0.3495145631067961,0.4392523364485981,0.5604395604395604,0.42708333333333337,0.5,0.5,0.5,0.5
p6UMx8dwHZQ.001.mp4,0.4666666666666667,0.2912621359223301,0.33644859813084116,0.4615384615384615,0.4166666666666667,0.5,0.5,0.5,0.5
p6UMx8dwHZQ.002.mp4,0.41111111111111115,0.3300970873786408,0.1588785046728972,0.4285714285714285,0.3333333333333333,0.5,0.5,0.5,0.5
p6UMx8dwHZQ.003.mp4,0.45555555555555555,0.4660194174757281,0.26168224299065423,0.24175824175824176,0.25,0.5,0.5,0.5,0.5
p6UMx8dwHZQ.004.mp4,0.43333333333333335,0.3883495145631068,0.4112149532710281,0.4285714285714285,0.4375,0.5,0.5,0.5,0.5
p7-JUvStF4w.000.mp4,0.6888888888888889,0.5242718446601942,0.38317757009345793,0.5714285714285714,0.37499999999999994,0.5,0.5,0.5,0.5
p7-JUvStF4w.002.mp4,0.7999999999999999,0.6310679611650486,0.6074766355140188,0.6923076923076923,0.7604166666666666,0.5,0.5,0.5,0.5
p7-JUvStF4w.003.mp4,0.7555555555555554,0.6601941747572816,0.6448598130841123,0.5494505494505494,0.53125,0.5,0.5,0.5,0.5
p7-JUvStF4w.004.mp4,0.5111111111111111,0.3203883495145631,0.20560747663551404,0.3956043956043956,0.29166666666666663,0.5,0.5,0.5,0.5
p7-JUvStF4w.005.mp4,0.5,0.3980582524271845,0.29906542056074764,0.4175824175824176,0.29166666666666663,0.5,0.5,0.5,0.5
p7_MVQ3uGJc.003.mp4,0.711111111111111,0.6116504854368932,0.4392523364485981,0.5384615384615384,0.6354166666666666,0.5,0.5,0.5,0.5
p7aNK5GKwEc.000.mp4,0.4777777777777778,0.42718446601941745,0.4485981308411215,0.5824175824175825,0.6041666666666666,0.5,0.5,0.5,0.5
P7poMmhYnM0.001.mp4,0.5,0.4368932038834952,0.4392523364485981,0.5384615384615384,0.4375,0.5,0.5,0.5,0.5
p8ce3grr9XE.001.mp4,0.6888888888888889,0.3980582524271845,0.4579439252336449,0.5714285714285714,0.59375,0.5,0.5,0.5,0.5
p9l1MBw-5ic.002.mp4,0.26666666666666666,0.33980582524271846,0.30841121495327106,0.4285714285714285,0.34374999999999994,0.5,0.5,0.5,0.5
p9tAC-RqZPI.002.mp4,0.5444444444444444,0.4174757281553398,0.37383177570093457,0.5934065934065933,0.4791666666666667,0.5,0.5,0.5,0.5
P9WDAY-MFzk.000.mp4,0.5333333333333333,0.7184466019417477,0.5233644859813085,0.6373626373626373,0.5208333333333334,0.5,0.5,0.5,0.5
P9WDAY-MFzk.002.mp4,0.5,0.5339805825242718,0.4392523364485981,0.6483516483516484,0.5104166666666666,0.5,0.5,0.5,0.5
P9WDAY-MFzk.003.mp4,0.611111111111111,0.7281553398058251,0.5327102803738318,0.6153846153846153,0.53125,0.5,0.5,0.5,0.5
p_kPnCD7WzU.002.mp4,0.6,0.4854368932038835,0.36448598130841126,0.4945054945054945,0.5104166666666666,0.5,0.5,0.5,0.5
P_wDFLJnW-o.000.mp4,0.3666666666666667,0.42718446601941745,0.26168224299065423,0.5164835164835165,0.29166666666666663,0.5,0.5,0.5,0.5
P_wDFLJnW-o.001.mp4,0.5333333333333333,0.5145631067961165,0.36448598130841126,0.5934065934065933,0.5104166666666666,0.5,0.5,0.5,0.5
P_wDFLJnW-o.004.mp4,0.3666666666666667,0.36893203883495146,0.2710280373831776,0.4505494505494505,0.42708333333333337,0.5,0.5,0.5,0.5
p_Z4QGqu4Qo.001.mp4,0.6555555555555556,0.6116504854368932,0.5607476635514019,0.6483516483516484,0.5104166666666666,0.5,0.5,0.5,0.5
p_Z4QGqu4Qo.004.mp4,0.7222222222222221,0.3883495145631068,0.588785046728972,0.5604395604395604,0.7187499999999999,0.5,0.5,0.5,0.5
Pb7aNc6Kd40.001.mp4,0.6666666666666666,0.7087378640776699,0.5233644859813085,0.6703296703296703,0.6145833333333333,0.5,0.5,0.5,0.5
Pb7aNc6Kd40.003.mp4,0.611111111111111,0.6407766990291262,0.4112149532710281,0.5604395604395604,0.625,0.5,0.5,0.5,0.5
Pb7aNc6Kd40.005.mp4,0.6222222222222222,0.7766990291262136,0.4299065420560748,0.6703296703296703,0.6875,0.5,0.5,0.5,0.5
Pb9GhzCRnqs.001.mp4,0.32222222222222224,0.27184466019417475,0.3177570093457944,0.3626373626373627,0.40625000000000006,0.5,0.5,0.5,0.5
Pc-oQQwkIv8.000.mp4,0.4444444444444445,0.12621359223300968,0.18691588785046728,0.30769230769230765,0.15624999999999994,0.5,0.5,0.5,0.5
Pc-oQQwkIv8.001.mp4,0.2777777777777778,0.18446601941747573,0.08411214953271029,0.2637362637362637,0.13541666666666663,0.5,0.5,0.5,0.5
Pc-oQQwkIv8.003.mp4,0.4888888888888889,0.2524271844660194,0.14018691588785046,0.32967032967032966,0.3125,0.5,0.5,0.5,0.5
Pc-oQQwkIv8.004.mp4,0.4,0.22330097087378642,0.3271028037383178,0.3736263736263736,0.3020833333333333,0.5,0.5,0.5,0.5
Pc3NjyhtVd0.003.mp4,0.6333333333333333,0.5922330097087379,0.5607476635514019,0.6813186813186812,0.65625,0.5,0.5,0.5,0.5
PCmec_zcu_w.002.mp4,0.8222222222222221,0.5048543689320388,0.7289719626168225,0.6263736263736264,0.7916666666666667,0.5,0.5,0.5,0.5
pDih4zWqYQw.001.mp4,0.6777777777777777,0.7281553398058251,0.588785046728972,0.4945054945054945,0.625,0.5,0.5,0.5,0.5
pDt0F4zFfBs.003.mp4,0.6444444444444444,0.6116504854368932,0.5327102803738318,0.5274725274725275,0.5104166666666666,0.5,0.5,0.5,0.5
pDt0F4zFfBs.005.mp4,0.7444444444444444,0.6019417475728155,0.6542056074766356,0.6593406593406592,0.53125,0.5,0.5,0.5,0.5
pEr7WTIPW64.000.mp4,0.4777777777777778,0.4077669902912622,0.5327102803738318,0.5054945054945055,0.35416666666666663,0.5,0.5,0.5,0.5
pEr7WTIPW64.005.mp4,0.6666666666666666,0.42718446601941745,0.47663551401869164,0.5824175824175825,0.46875,0.5,0.5,0.5,0.5
pEYFpmjwKC0.001.mp4,0.5,0.5242718446601942,0.47663551401869164,0.5494505494505494,0.4895833333333333,0.5,0.5,0.5,0.5
pEYFpmjwKC0.002.mp4,0.5333333333333333,0.5728155339805825,0.3271028037383178,0.6263736263736264,0.37499999999999994,0.5,0.5,0.5,0.5
pEYFpmjwKC0.003.mp4,0.611111111111111,0.6504854368932039,0.5794392523364487,0.5494505494505494,0.6770833333333334,0.5,0.5,0.5,0.5
pEYFpmjwKC0.004.mp4,0.38888888888888895,0.3495145631067961,0.30841121495327106,0.3736263736263736,0.40625000000000006,0.5,0.5,0.5,0.5
PgpMUHH8lEI.000.mp4,0.4444444444444445,0.4951456310679611,0.5140186915887851,0.5164835164835165,0.4895833333333333,0.5,0.5,0.5,0.5
PgpMUHH8lEI.002.mp4,0.4222222222222222,0.5631067961165048,0.4299065420560748,0.4395604395604395,0.37499999999999994,0.5,0.5,0.5,0.5
PgpMUHH8lEI.003.mp4,0.6555555555555556,0.5825242718446602,0.663551401869159,0.4175824175824176,0.6041666666666666,0.5,0.5,0.5,0.5
PgpMUHH8lEI.004.mp4,0.5444444444444444,0.6213592233009709,0.6168224299065421,0.6593406593406592,0.6041666666666666,0.5,0.5,0.5,0.5
PgpMUHH8lEI.005.mp4,0.7,0.6310679611650486,0.6355140186915887,0.6043956043956044,0.5729166666666666,0.5,0.5,0.5,0.5
pHCPbKprJGY.001.mp4,0.6777777777777777,0.6990291262135921,0.6074766355140188,0.6923076923076923,0.5729166666666666,0.5,0.5,0.5,0.5
pHCPbKprJGY.003.mp4,0.5333333333333333,0.6893203883495147,0.4018691588785047,0.6813186813186812,0.3645833333333333,0.5,0.5,0.5,0.5
phjVMKGYBKs.005.mp4,0.7444444444444444,0.6699029126213591,0.4299065420560748,0.4285714285714285,0.625,0.5,0.5,0.5,0.5
PHmkN1cPl10.003.mp4,0.1777777777777778,0.6019417475728155,0.1588785046728972,0.4175824175824176,0.3645833333333333,0.5,0.5,0.5,0.5
PHmkN1cPl10.005.mp4,0.28888888888888886,0.5825242718446602,0.28037383177570097,0.5824175824175825,0.45833333333333337,0.5,0.5,0.5,0.5
PHUlL5ZzX5U.001.mp4,0.4444444444444445,0.36893203883495146,0.2149532710280374,0.23076923076923075,0.22916666666666663,0.5,0.5,0.5,0.5
PHUlL5ZzX5U.005.mp4,0.5,0.2621359223300971,0.25233644859813087,0.21978021978021975,0.22916666666666663,0.5,0.5,0.5,0.5
PHv6CzBIC5E.001.mp4,0.0,0.18446601941747573,0.09345794392523363,0.06593406593406592,0.03124999999999999,0.5,0.5,0.5,0.5
PHv6CzBIC5E.002.mp4,0.25555555555555554,0.3495145631067961,0.11214953271028037,0.30769230769230765,0.15624999999999994,0.5,0.5,0.5,0.5
PHv6CzBIC5E.004.mp4,0.033333333333333326,0.15533980582524273,0.037383177570093414,0.2087912087912088,0.07291666666666664,0.5,0.5,0.5,0.5
PHv6CzBIC5E.005.mp4,0.3,0.33980582524271846,0.09345794392523363,0.30769230769230765,0.1458333333333333,0.5,0.5,0.5,0.5
PHZQmf82HvA.002.mp4,0.7444444444444444,0.5436893203883495,0.691588785046729,0.3846153846153846,0.6145833333333333,0.5,0.5,0.5,0.5
PHZQmf82HvA.005.mp4,0.7777777777777777,0.7087378640776699,0.7383177570093458,0.6703296703296703,0.7083333333333334,0.5,0.5,0.5,0.5
pJGLxS81YBc.004.mp4,0.2,0.21359223300970873,0.17757009345794392,0.23076923076923075,0.1666666666666666,0.5,0.5,0.5,0.5
PJxgOFaaUZM.004.mp4,0.711111111111111,0.6601941747572816,0.6355140186915887,0.6483516483516484,0.6145833333333333,0.5,0.5,0.5,0.5
PkEzIErhYZ8.002.mp4,0.6222222222222222,0.5339805825242718,0.48598130841121495,0.4835164835164835,0.5520833333333334,0.5,0.5,0.5,0.5
Pkgi4--hwfo.005.mp4,0.7333333333333333,0.7087378640776699,0.5233644859813085,0.6153846153846153,0.5625,0.5,0.5,0.5,0.5
PKtzsEqLGx4.000.mp4,0.5777777777777777,0.5339805825242718,0.4579439252336449,0.4945054945054945,0.625,0.5,0.5,0.5,0.5
PKtzsEqLGx4.001.mp4,0.6,0.4660194174757281,0.6261682242990655,0.4395604395604395,0.42708333333333337,0.5,0.5,0.5,0.5
PKtzsEqLGx4.005.mp4,0.6,0.5145631067961165,0.4485981308411215,0.3736263736263736,0.42708333333333337,0.5,0.5,0.5,0.5
pkwzo1OkEmY.002.mp4,0.4666666666666667,0.47572815533980584,0.4112149532710281,0.5384615384615384,0.5104166666666666,0.5,0.5,0.5,0.5
pkwzo1OkEmY.005.mp4,0.5444444444444444,0.5728155339805825,0.47663551401869164,0.5604395604395604,0.5208333333333334,0.5,0.5,0.5,0.5
PKYh4sungwI.002.mp4,0.7333333333333333,0.5048543689320388,0.691588785046729,0.6813186813186812,0.7812499999999999,0.5,0.5,0.5,0.5
PKYh4sungwI.003.mp4,0.5888888888888889,0.6699029126213591,0.7009345794392524,0.6373626373626373,0.6770833333333334,0.5,0.5,0.5,0.5
PKyqjYem0dY.003.mp4,0.3555555555555556,0.4077669902912622,0.5140186915887851,0.4945054945054945,0.32291666666666663,0.5,0.5,0.5,0.5
PKyqjYem0dY.004.mp4,0.4444444444444445,0.5533980582524272,0.4485981308411215,0.6703296703296703,0.53125,0.5,0.5,0.5,0.5
pljK0DEusA0.003.mp4,0.5888888888888889,0.4563106796116505,0.4112149532710281,0.3956043956043956,0.5729166666666666,0.5,0.5,0.5,0.5
PmJw3uI1qBE.000.mp4,0.3,0.6116504854368932,0.2149532710280374,0.4945054945054945,0.3854166666666667,0.5,0.5,0.5,0.5
Pn_LNsSsm58.000.mp4,0.45555555555555555,0.3980582524271845,0.4112149532710281,0.4395604395604395,0.4166666666666667,0.5,0.5,0.5,0.5
Pn_LNsSsm58.001.mp4,0.43333333333333335,0.3980582524271845,0.5046728971962617,0.3736263736263736,0.3125,0.5,0.5,0.5,0.5
Pn_LNsSsm58.004.mp4,0.41111111111111115,0.3203883495145631,0.5420560747663552,0.4395604395604395,0.3854166666666667,0.5,0.5,0.5,0.5
Pn_LNsSsm58.005.mp4,0.5777777777777777,0.4660194174757281,0.5420560747663552,0.6043956043956044,0.45833333333333337,0.5,0.5,0.5,0.5
Po4UGCJbCbw.002.mp4,0.5888888888888889,0.5242718446601942,0.5327102803738318,0.4395604395604395,0.625,0.5,0.5,0.5,0.5
pOBn7AuGIuI.002.mp4,0.6222222222222222,0.8155339805825244,0.4672897196261683,0.6483516483516484,0.59375,0.5,0.5,0.5,0.5
pOBn7AuGIuI.003.mp4,0.7,0.6990291262135921,0.5794392523364487,0.6043956043956044,0.625,0.5,0.5,0.5,0.5
pOBn7AuGIuI.005.mp4,0.4666666666666667,0.6504854368932039,0.5046728971962617,0.5384615384615384,0.5729166666666666,0.5,0.5,0.5,0.5
PoF3lxFDggQ.000.mp4,0.5444444444444444,0.5631067961165048,0.4485981308411215,0.5274725274725275,0.53125,0.5,0.5,0.5,0.5
PoF3lxFDggQ.004.mp4,0.6777777777777777,0.7087378640776699,0.6074766355140188,0.5274725274725275,0.6354166666666666,0.5,0.5,0.5,0.5
PoF3lxFDggQ.005.mp4,0.6333333333333333,0.4368932038834952,0.37383177570093457,0.29670329670329665,0.45833333333333337,0.5,0.5,0.5,0.5
PooFvZH6fK0.001.mp4,0.6,0.6116504854368932,0.6168224299065421,0.6043956043956044,0.59375,0.5,0.5,0.5,0.5
PooFvZH6fK0.003.mp4,0.6666666666666666,0.6504854368932039,0.5794392523364487,0.6153846153846153,0.6041666666666666,0.5,0.5,0.5,0.5
pOtWKOF07iU.000.mp4,0.6333333333333333,0.6116504854368932,0.4299065420560748,0.5494505494505494,0.5833333333333333,0.5,0.5,0.5,0.5
pOtWKOF07iU.002.mp4,0.7333333333333333,0.6504854368932039,0.5420560747663552,0.6483516483516484,0.6041666666666666,0.5,0.5,0.5,0.5
pOtWKOF07iU.003.mp4,0.7555555555555554,0.6990291262135921,0.5046728971962617,0.5054945054945055,0.65625,0.5,0.5,0.5,0.5
pOtWKOF07iU.004.mp4,0.7222222222222221,0.5533980582524272,0.5794392523364487,0.5494505494505494,0.59375,0.5,0.5,0.5,0.5
PoVizBmIHy0.000.mp4,0.6222222222222222,0.2912621359223301,0.38317757009345793,0.30769230769230765,0.32291666666666663,0.5,0.5,0.5,0.5
PpJ4S8ZM8mQ.000.mp4,0.7999999999999999,0.5048543689320388,0.6168224299065421,0.5714285714285714,0.6145833333333333,0.5,0.5,0.5,0.5
PpJ4S8ZM8mQ.002.mp4,0.5333333333333333,0.4951456310679611,0.6074766355140188,0.5494505494505494,0.46875,0.5,0.5,0.5,0.5
pPtzEnf5afw.000.mp4,0.6777777777777777,0.5339805825242718,0.47663551401869164,0.6593406593406592,0.45833333333333337,0.5,0.5,0.5,0.5
pPtzEnf5afw.003.mp4,0.7,0.5145631067961165,0.5514018691588786,0.6483516483516484,0.40625000000000006,0.5,0.5,0.5,0.5
pPtzEnf5afw.005.mp4,0.7222222222222221,0.6310679611650486,0.691588785046729,0.7142857142857143,0.65625,0.5,0.5,0.5,0.5
PQBGDxYGaXU.001.mp4,0.8333333333333333,0.4563106796116505,0.4018691588785047,0.4615384615384615,0.5,0.5,0.5,0.5,0.5
pQy4omHIf7o.000.mp4,0.5111111111111111,0.2912621359223301,0.4112149532710281,0.3736263736263736,0.45833333333333337,0.5,0.5,0.5,0.5
pQy4omHIf7o.001.mp4,0.43333333333333335,0.30097087378640774,0.5140186915887851,0.5824175824175825,0.4791666666666667,0.5,0.5,0.5,0.5
pQy4omHIf7o.002.mp4,0.6,0.4563106796116505,0.38317757009345793,0.5164835164835165,0.42708333333333337,0.5,0.5,0.5,0.5
pQy4omHIf7o.003.mp4,0.3111111111111111,0.2815533980582524,0.37383177570093457,0.3846153846153846,0.3333333333333333,0.5,0.5,0.5,0.5
pQy4omHIf7o.004.mp4,0.5222222222222223,0.4466019417475728,0.4485981308411215,0.5714285714285714,0.45833333333333337,0.5,0.5,0.5,0.5
Pr-RpZ4gYCM.001.mp4,0.6888888888888889,0.5436893203883495,0.4392523364485981,0.4505494505494505,0.4791666666666667,0.5,0.5,0.5,0.5
Pr7CHWFkWew.001.mp4,0.4666666666666667,0.35922330097087385,0.2897196261682243,0.4285714285714285,0.3854166666666667,0.5,0.5,0.5,0.5
PReOtefm17s.002.mp4,0.5777777777777777,0.5533980582524272,0.5233644859813085,0.6373626373626373,0.6875,0.5,0.5,0.5,0.5
PReOtefm17s.005.mp4,0.5333333333333333,0.4951456310679611,0.5514018691588786,0.6483516483516484,0.6354166666666666,0.5,0.5,0.5,0.5
PRplbrM70sg.001.mp4,0.6666666666666666,0.6504854368932039,0.5981308411214954,0.6483516483516484,0.6875,0.5,0.5,0.5,0.5
PRplbrM70sg.004.mp4,0.4888888888888889,0.4660194174757281,0.4953271028037384,0.4615384615384615,0.4791666666666667,0.5,0.5,0.5,0.5
pru5ut4lxkQ.000.mp4,0.7222222222222221,0.5242718446601942,0.663551401869159,0.6153846153846153,0.5520833333333334,0.5,0.5,0.5,0.5
pru5ut4lxkQ.004.mp4,0.5222222222222223,0.5631067961165048,0.5140186915887851,0.4835164835164835,0.4895833333333333,0.5,0.5,0.5,0.5
Ps55vHez10c.000.mp4,0.7,0.6019417475728155,0.663551401869159,0.5604395604395604,0.7395833333333333,0.5,0.5,0.5,0.5
Psahy1Vju4A.000.mp4,0.7666666666666666,0.6213592233009709,0.5981308411214954,0.7802197802197802,0.625,0.5,0.5,0.5,0.5
Psahy1Vju4A.002.mp4,0.5222222222222223,0.4077669902912622,0.5046728971962617,0.6483516483516484,0.46875,0.5,0.5,0.5,0.5
Psahy1Vju4A.003.mp4,0.6333333333333333,0.6116504854368932,0.6355140186915887,0.7142857142857143,0.7083333333333334,0.5,0.5,0.5,0.5
Psahy1Vju4A.005.mp4,0.6888888888888889,0.6213592233009709,0.588785046728972,0.6813186813186812,0.6458333333333333,0.5,0.5,0.5,0.5
PsHb4YHooKM.003.mp4,0.5222222222222223,0.5339805825242718,0.6074766355140188,0.4505494505494505,0.53125,0.5,0.5,0.5,0.5
PsqpkFKX8co.001.mp4,0.7444444444444444,0.8543689320388351,0.6074766355140188,0.7362637362637363,0.6979166666666666,0.5,0.5,0.5,0.5
PsqpkFKX8co.002.mp4,0.6555555555555556,0.7281553398058251,0.5514018691588786,0.7252747252747254,0.625,0.5,0.5,0.5,0.5
pT8nyxks1Q4.005.mp4,0.5555555555555556,0.2912621359223301,0.4953271028037384,0.4945054945054945,0.4895833333333333,0.5,0.5,0.5,0.5
PtA7yAu9-VE.000.mp4,0.6333333333333333,0.6504854368932039,0.6261682242990655,0.7252747252747254,0.6354166666666666,0.5,0.5,0.5,0.5
PtA7yAu9-VE.004.mp4,0.6555555555555556,0.5825242718446602,0.4485981308411215,0.6043956043956044,0.6041666666666666,0.5,0.5,0.5,0.5
PtA7yAu9-VE.005.mp4,0.4888888888888889,0.35922330097087385,0.4112149532710281,0.5384615384615384,0.4375,0.5,0.5,0.5,0.5
PTV5TBVRHxo.000.mp4,0.7333333333333333,0.6990291262135921,0.5700934579439253,0.7142857142857143,0.5729166666666666,0.5,0.5,0.5,0.5
PTV5TBVRHxo.002.mp4,0.6,0.6504854368932039,0.6448598130841123,0.7032967032967032,0.6770833333333334,0.5,0.5,0.5,0.5
puJ_NbKzRTE.003.mp4,0.5888888888888889,0.3980582524271845,0.4392523364485981,0.4615384615384615,0.4895833333333333,0.5,0.5,0.5,0.5
puLXzqUvm_U.000.mp4,0.41111111111111115,0.4077669902912622,0.22429906542056074,0.30769230769230765,0.25,0.5,0.5,0.5,0.5
puLXzqUvm_U.001.mp4,0.3666666666666667,0.42718446601941745,0.2897196261682243,0.3846153846153846,0.40625000000000006,0.5,0.5,0.5,0.5
puLXzqUvm_U.003.mp4,0.3111111111111111,0.2912621359223301,0.30841121495327106,0.4065934065934066,0.28125,0.5,0.5,0.5,0.5
puLXzqUvm_U.004.mp4,0.4222222222222222,0.5631067961165048,0.3271028037383178,0.3736263736263736,0.4375,0.5,0.5,0.5,0.5
PuVy3akfzNI.000.mp4,0.4222222222222222,0.4466019417475728,0.4112149532710281,0.5494505494505494,0.5,0.5,0.5,0.5,0.5
PuVy3akfzNI.002.mp4,0.5444444444444444,0.30097087378640774,0.3271028037383178,0.4175824175824176,0.40625000000000006,0.5,0.5,0.5,0.5
PVm7Om88BSw.001.mp4,0.5555555555555556,0.6407766990291262,0.4205607476635514,0.6703296703296703,0.5104166666666666,0.5,0.5,0.5,0.5
PVm7Om88BSw.003.mp4,0.5,0.5728155339805825,0.30841121495327106,0.5384615384615384,0.5208333333333334,0.5,0.5,0.5,0.5
pvvff396Rqg.004.mp4,0.38888888888888895,0.6893203883495147,0.2710280373831776,0.4615384615384615,0.5625,0.5,0.5,0.5,0.5
pvvff396Rqg.005.mp4,0.5,0.6213592233009709,0.5046728971962617,0.6043956043956044,0.5104166666666666,0.5,0.5,0.5,0.5
PWAe9M2SxT8.001.mp4,0.5888888888888889,0.4466019417475728,0.6168224299065421,0.6043956043956044,0.6458333333333333,0.5,0.5,0.5,0.5
PWAe9M2SxT8.003.mp4,0.5111111111111111,0.27184466019417475,0.4953271028037384,0.4505494505494505,0.53125,0.5,0.5,0.5,0.5
PWAe9M2SxT8.004.mp4,0.4666666666666667,0.3786407766990291,0.4579439252336449,0.5714285714285714,0.42708333333333337,0.5,0.5,0.5,0.5
PWM-bKcs2p8.001.mp4,0.24444444444444444,0.2524271844660194,0.13084112149532712,0.30769230769230765,0.0833333333333333,0.5,0.5,0.5,0.5
PWM-bKcs2p8.004.mp4,0.11111111111111116,0.30097087378640774,0.16822429906542055,0.29670329670329665,0.2604166666666667,0.5,0.5,0.5,0.5
pwvQaSwgso8.000.mp4,0.5333333333333333,0.4951456310679611,0.39252336448598135,0.4945054945054945,0.35416666666666663,0.5,0.5,0.5,0.5
pwvQaSwgso8.001.mp4,0.6222222222222222,0.3786407766990291,0.47663551401869164,0.5494505494505494,0.5416666666666666,0.5,0.5,0.5,0.5
pwvQaSwgso8.002.mp4,0.5333333333333333,0.4368932038834952,0.38317757009345793,0.4285714285714285,0.4375,0.5,0.5,0.5,0.5
PxkMDzORBPE.005.mp4,0.4777777777777778,0.5533980582524272,0.38317757009345793,0.6373626373626373,0.6666666666666667,0.5,0.5,0.5,0.5
PxpbeM9VavA.001.mp4,0.6444444444444444,0.5631067961165048,0.7196261682242993,0.813186813186813,0.5729166666666666,0.5,0.5,0.5,0.5
PxpbeM9VavA.003.mp4,0.611111111111111,0.4368932038834952,0.47663551401869164,0.3516483516483516,0.4791666666666667,0.5,0.5,0.5,0.5
PYL8BGJKu20.001.mp4,0.4,0.5242718446601942,0.3457943925233645,0.4725274725274725,0.4166666666666667,0.5,0.5,0.5,0.5
PyPFJWirPjs.000.mp4,0.3666666666666667,0.2621359223300971,0.18691588785046728,0.3516483516483516,0.13541666666666663,0.5,0.5,0.5,0.5
PyPFJWirPjs.001.mp4,0.5333333333333333,0.4854368932038835,0.2710280373831776,0.5164835164835165,0.46875,0.5,0.5,0.5,0.5
PYYC0Jiwfdg.000.mp4,0.7,0.4951456310679611,0.5140186915887851,0.7472527472527474,0.6041666666666666,0.5,0.5,0.5,0.5
PYYC0Jiwfdg.002.mp4,0.6,0.4951456310679611,0.33644859813084116,0.5164835164835165,0.5625,0.5,0.5,0.5,0.5
PYYC0Jiwfdg.004.mp4,0.8333333333333333,0.5922330097087379,0.6261682242990655,0.7032967032967032,0.6770833333333334,0.5,0.5,0.5,0.5
pzfDth6nFQE.000.mp4,0.25555555555555554,0.2524271844660194,0.24299065420560748,0.18681318681318684,0.22916666666666663,0.5,0.5,0.5,0.5
pzfDth6nFQE.003.mp4,0.3555555555555556,0.3980582524271845,0.26168224299065423,0.3406593406593406,0.35416666666666663,0.5,0.5,0.5,0.5
pzfDth6nFQE.004.mp4,0.3111111111111111,0.24271844660194175,0.33644859813084116,0.30769230769230765,0.25,0.5,0.5,0.5,0.5
pzfDth6nFQE.005.mp4,0.3666666666666667,0.2912621359223301,0.20560747663551404,0.2747252747252747,0.34374999999999994,0.5,0.5,0.5,0.5
pzG2VeUbefw.001.mp4,0.6777777777777777,0.6019417475728155,0.48598130841121495,0.5384615384615384,0.5729166666666666,0.5,0.5,0.5,0.5
pzG2VeUbefw.003.mp4,0.6666666666666666,0.7281553398058251,0.6168224299065421,0.4395604395604395,0.45833333333333337,0.5,0.5,0.5,0.5
pzG2VeUbefw.005.mp4,0.8222222222222221,0.6407766990291262,0.6074766355140188,0.6593406593406592,0.6875,0.5,0.5,0.5,0.5
pZxqWp0e-Ik.000.mp4,0.43333333333333335,0.3980582524271845,0.24299065420560748,0.5054945054945055,0.20833333333333331,0.5,0.5,0.5,0.5
pZxqWp0e-Ik.004.mp4,0.6,0.3980582524271845,0.3457943925233645,0.5274725274725275,0.40625000000000006,0.5,0.5,0.5,0.5
pZxqWp0e-Ik.005.mp4,0.5444444444444444,0.6019417475728155,0.4485981308411215,0.7362637362637363,0.5625,0.5,0.5,0.5,0.5
Q-cZz-M17PE.000.mp4,0.711111111111111,0.6310679611650486,0.7570093457943926,0.6703296703296703,0.6041666666666666,0.5,0.5,0.5,0.5
Q0C0OU-j4DA.001.mp4,0.5777777777777777,0.1941747572815534,0.48598130841121495,0.2637362637362637,0.4166666666666667,0.5,0.5,0.5,0.5
Q0C0OU-j4DA.002.mp4,0.611111111111111,0.21359223300970873,0.47663551401869164,0.3736263736263736,0.46875,0.5,0.5,0.5,0.5
Q0C0OU-j4DA.003.mp4,0.7444444444444444,0.2621359223300971,0.4953271028037384,0.4615384615384615,0.5729166666666666,0.5,0.5,0.5,0.5
Q0C0OU-j4DA.004.mp4,0.7,0.3203883495145631,0.38317757009345793,0.3516483516483516,0.42708333333333337,0.5,0.5,0.5,0.5
Q0C0OU-j4DA.005.mp4,0.8222222222222221,0.2912621359223301,0.5233644859813085,0.3736263736263736,0.4479166666666667,0.5,0.5,0.5,0.5
Q2AI4XpApFs.000.mp4,0.5444444444444444,0.6213592233009709,0.5607476635514019,0.6043956043956044,0.6145833333333333,0.5,0.5,0.5,0.5
Q2AI4XpApFs.001.mp4,0.5333333333333333,0.4951456310679611,0.39252336448598135,0.4395604395604395,0.5,0.5,0.5,0.5,0.5
Q2AI4XpApFs.002.mp4,0.7222222222222221,0.7475728155339806,0.7476635514018694,0.6703296703296703,0.7916666666666667,0.5,0.5,0.5,0.5
Q2AI4XpApFs.005.mp4,0.5777777777777777,0.7281553398058251,0.5046728971962617,0.5824175824175825,0.5729166666666666,0.5,0.5,0.5,0.5
Q43qO4HC6mA.000.mp4,0.5111111111111111,0.4174757281553398,0.4485981308411215,0.4615384615384615,0.5,0.5,0.5,0.5,0.5
Q4z4GRUtccE.000.mp4,0.4,0.6019417475728155,0.4112149532710281,0.6263736263736264,0.4375,0.5,0.5,0.5,0.5
Q4z4GRUtccE.002.mp4,0.5222222222222223,0.6310679611650486,0.38317757009345793,0.7142857142857143,0.5,0.5,0.5,0.5,0.5
Q4z4GRUtccE.005.mp4,0.5111111111111111,0.35922330097087385,0.4579439252336449,0.6373626373626373,0.3854166666666667,0.5,0.5,0.5,0.5
q5eIfoGdPWw.004.mp4,0.7444444444444444,0.7961165048543688,0.4299065420560748,0.5824175824175825,0.6770833333333334,0.5,0.5,0.5,0.5
Q5h34e5xM0Q.000.mp4,0.6444444444444444,0.3300970873786408,0.4205607476635514,0.5054945054945055,0.5208333333333334,0.5,0.5,0.5,0.5
q6au1xn_wIE.001.mp4,0.4666666666666667,0.5048543689320388,0.30841121495327106,0.4395604395604395,0.5,0.5,0.5,0.5,0.5
Q6We7dJplls.002.mp4,0.6333333333333333,0.7669902912621359,0.6822429906542057,0.7032967032967032,0.6875,0.5,0.5,0.5,0.5
Q6We7dJplls.005.mp4,0.5666666666666667,0.5825242718446602,0.5420560747663552,0.5494505494505494,0.6666666666666667,0.5,0.5,0.5,0.5
Q_YyIgxj6HE.001.mp4,0.5888888888888889,0.16504854368932043,0.33644859813084116,0.4395604395604395,0.3020833333333333,0.5,0.5,0.5,0.5
qAisk1lgv2I.003.mp4,0.4,0.3203883495145631,0.29906542056074764,0.3956043956043956,0.34374999999999994,0.5,0.5,0.5,0.5
qBG1mjC7Zgg.000.mp4,0.5888888888888889,0.3786407766990291,0.5327102803738318,0.3516483516483516,0.5625,0.5,0.5,0.5,0.5
qBG1mjC7Zgg.004.mp4,0.5333333333333333,0.4466019417475728,0.5140186915887851,0.4395604395604395,0.5729166666666666,0.5,0.5,0.5,0.5
qBG1mjC7Zgg.005.mp4,0.43333333333333335,0.5048543689320388,0.3177570093457944,0.23076923076923075,0.3125,0.5,0.5,0.5,0.5
QBZieJiOl1w.001.mp4,0.5444444444444444,0.35922330097087385,0.4485981308411215,0.5714285714285714,0.45833333333333337,0.5,0.5,0.5,0.5
QBZieJiOl1w.003.mp4,0.5555555555555556,0.47572815533980584,0.6168224299065421,0.6813186813186812,0.4375,0.5,0.5,0.5,0.5
QBZieJiOl1w.004.mp4,0.6222222222222222,0.6116504854368932,0.6074766355140188,0.6263736263736264,0.5625,0.5,0.5,0.5,0.5
qCFFW1dM8V8.001.mp4,0.4777777777777778,0.36893203883495146,0.3457943925233645,0.5274725274725275,0.4375,0.5,0.5,0.5,0.5
qCFFW1dM8V8.002.mp4,0.45555555555555555,0.5436893203883495,0.38317757009345793,0.4835164835164835,0.5520833333333334,0.5,0.5,0.5,0.5
qCFFW1dM8V8.003.mp4,0.5,0.35922330097087385,0.5514018691588786,0.6703296703296703,0.6666666666666667,0.5,0.5,0.5,0.5
qCFFW1dM8V8.004.mp4,0.5333333333333333,0.6504854368932039,0.36448598130841126,0.7142857142857143,0.6875,0.5,0.5,0.5,0.5
qCFFW1dM8V8.005.mp4,0.5222222222222223,0.3980582524271845,0.3271028037383178,0.4835164835164835,0.5208333333333334,0.5,0.5,0.5,0.5
qcq5oIRJFUI.004.mp4,0.43333333333333335,0.30097087378640774,0.37383177570093457,0.30769230769230765,0.3854166666666667,0.5,0.5,0.5,0.5
qD15qWMepxU.003.mp4,0.5222222222222223,0.5242718446601942,0.2710280373831776,0.4615384615384615,0.42708333333333337,0.5,0.5,0.5,0.5
QdafN9Y_j-Y.001.mp4,0.5222222222222223,0.5145631067961165,0.4392523364485981,0.5384615384615384,0.46875,0.5,0.5,0.5,0.5
QDd2AfQEAqs.001.mp4,0.4,0.23300970873786406,0.39252336448598135,0.3516483516483516,0.21874999999999997,0.5,0.5,0.5,0.5
Qe7q8SFJ71E.004.mp4,0.4777777777777778,0.36893203883495146,0.38317757009345793,0.3736263736263736,0.28125,0.5,0.5,0.5,0.5
qfL0ml0f84g.003.mp4,0.7222222222222221,0.6310679611650486,0.6822429906542057,0.6703296703296703,0.6770833333333334,0.5,0.5,0.5,0.5
qfL0ml0f84g.004.mp4,0.6777777777777777,0.5436893203883495,0.4205607476635514,0.6373626373626373,0.5625,0.5,0.5,0.5,0.5
QfU5JsVMjfI.000.mp4,0.5666666666666667,0.5533980582524272,0.3457943925233645,0.6813186813186812,0.40625000000000006,0.5,0.5,0.5,0.5
QfU5JsVMjfI.001.mp4,0.5444444444444444,0.4951456310679611,0.33644859813084116,0.5384615384615384,0.46875,0.5,0.5,0.5,0.5
QfU5JsVMjfI.003.mp4,0.45555555555555555,0.3786407766990291,0.26168224299065423,0.4065934065934066,0.3333333333333333,0.5,0.5,0.5,0.5
qFYgMFMal_s.005.mp4,0.3555555555555556,0.6116504854368932,0.37383177570093457,0.3846153846153846,0.4479166666666667,0.5,0.5,0.5,0.5
QiPb8vlGDFo.000.mp4,0.5777777777777777,0.33980582524271846,0.4205607476635514,0.5384615384615384,0.3125,0.5,0.5,0.5,0.5
QiPb8vlGDFo.001.mp4,0.4666666666666667,0.33980582524271846,0.4205607476635514,0.4505494505494505,0.4166666666666667,0.5,0.5,0.5,0.5
QiPb8vlGDFo.002.mp4,0.4444444444444445,0.47572815533980584,0.588785046728972,0.5494505494505494,0.53125,0.5,0.5,0.5,0.5
QiPb8vlGDFo.003.mp4,0.5888888888888889,0.4660194174757281,0.5794392523364487,0.5714285714285714,0.59375,0.5,0.5,0.5,0.5
QiPb8vlGDFo.004.mp4,0.38888888888888895,0.31067961165048547,0.36448598130841126,0.4175824175824176,0.45833333333333337,0.5,0.5,0.5,0.5
QipgesEKSNA.000.mp4,0.5333333333333333,0.3786407766990291,0.5420560747663552,0.4395604395604395,0.5104166666666666,0.5,0.5,0.5,0.5
QipgesEKSNA.001.mp4,0.45555555555555555,0.3786407766990291,0.5794392523364487,0.5164835164835165,0.45833333333333337,0.5,0.5,0.5,0.5
QipgesEKSNA.002.mp4,0.5666666666666667,0.5339805825242718,0.7476635514018694,0.6373626373626373,0.6979166666666666,0.5,0.5,0.5,0.5
QipgesEKSNA.004.mp4,0.4,0.42718446601941745,0.4392523364485981,0.5604395604395604,0.5,0.5,0.5,0.5,0.5
QiR6yJbFCfM.005.mp4,0.5666666666666667,0.4660194174757281,0.36448598130841126,0.6593406593406592,0.4791666666666667,0.5,0.5,0.5,0.5
qj-3b8snKho.002.mp4,0.5777777777777777,0.3980582524271845,0.39252336448598135,0.4285714285714285,0.3125,0.5,0.5,0.5,0.5
qJ6_xSx9kCM.002.mp4,0.5111111111111111,0.6310679611650486,0.38317757009345793,0.3846153846153846,0.4895833333333333,0.5,0.5,0.5,0.5
QJcc95Y0XPw.002.mp4,0.6333333333333333,0.5339805825242718,0.4392523364485981,0.3846153846153846,0.5625,0.5,0.5,0.5,0.5
qjU3GX3jgSY.002.mp4,0.6555555555555556,0.5242718446601942,0.4953271028037384,0.7472527472527474,0.5625,0.5,0.5,0.5,0.5
qjU3GX3jgSY.003.mp4,0.6777777777777777,0.6504854368932039,0.6448598130841123,0.7472527472527474,0.7187499999999999,0.5,0.5,0.5,0.5
qjU3GX3jgSY.004.mp4,0.6666666666666666,0.5339805825242718,0.48598130841121495,0.5824175824175825,0.59375,0.5,0.5,0.5,0.5
qjWi69HY2Fc.000.mp4,0.5888888888888889,0.5631067961165048,0.5327102803738318,0.5054945054945055,0.59375,0.5,0.5,0.5,0.5
Qkao4XiSflU.003.mp4,0.6666666666666666,0.4077669902912622,0.6168224299065421,0.7252747252747254,0.59375,0.5,0.5,0.5,0.5
QKcx5msA7iA.000.mp4,0.7333333333333333,0.6601941747572816,0.7570093457943926,0.6703296703296703,0.7500000000000001,0.5,0.5,0.5,0.5
QKcx5msA7iA.003.mp4,0.7222222222222221,0.7475728155339806,0.8504672897196264,0.6593406593406592,0.6979166666666666,0.5,0.5,0.5,0.5
QKcx5msA7iA.004.mp4,0.7888888888888888,0.7864077669902914,0.7850467289719627,0.7362637362637363,0.7708333333333334,0.5,0.5,0.5,0.5
QKlawwZQK9M.000.mp4,0.7333333333333333,0.35922330097087385,0.47663551401869164,0.4175824175824176,0.40625000000000006,0.5,0.5,0.5,0.5
QKlawwZQK9M.001.mp4,0.7,0.5728155339805825,0.5981308411214954,0.6483516483516484,0.5,0.5,0.5,0.5,0.5
QKluS-uQIaM.002.mp4,0.6444444444444444,0.4854368932038835,0.5607476635514019,0.4505494505494505,0.4479166666666667,0.5,0.5,0.5,0.5
qkmEt0ofGq8.002.mp4,0.6444444444444444,0.6990291262135921,0.5420560747663552,0.4505494505494505,0.5520833333333334,0.5,0.5,0.5,0.5
qkmEt0ofGq8.003.mp4,0.7,0.6699029126213591,0.7009345794392524,0.6813186813186812,0.6145833333333333,0.5,0.5,0.5,0.5
qkmEt0ofGq8.004.mp4,0.5777777777777777,0.5436893203883495,0.5327102803738318,0.3736263736263736,0.5729166666666666,0.5,0.5,0.5,0.5
qktahyrtrFs.000.mp4,0.6222222222222222,0.5242718446601942,0.588785046728972,0.7582417582417583,0.625,0.5,0.5,0.5,0.5
qktahyrtrFs.001.mp4,0.45555555555555555,0.36893203883495146,0.3457943925233645,0.4175824175824176,0.6041666666666666,0.5,0.5,0.5,0.5
QlBgvZjbX30.000.mp4,0.6333333333333333,0.6019417475728155,0.7289719626168225,0.7252747252747254,0.7395833333333333,0.5,0.5,0.5,0.5
QlBgvZjbX30.002.mp4,0.7,0.6601941747572816,0.7663551401869159,0.5934065934065933,0.8645833333333334,0.5,0.5,0.5,0.5
qLbOPbx33dk.001.mp4,0.38888888888888895,0.7572815533980582,0.18691588785046728,0.4945054945054945,0.4375,0.5,0.5,0.5,0.5
QlkTEWrSCBs.000.mp4,0.4777777777777778,0.35922330097087385,0.2710280373831776,0.3956043956043956,0.46875,0.5,0.5,0.5,0.5
qLV1a_611kA.004.mp4,0.5222222222222223,0.5922330097087379,0.39252336448598135,0.5164835164835165,0.4895833333333333,0.5,0.5,0.5,0.5
qMARpi60Hhs.000.mp4,0.43333333333333335,0.2912621359223301,0.30841121495327106,0.5164835164835165,0.35416666666666663,0.5,0.5,0.5,0.5
qMARpi60Hhs.004.mp4,0.3777777777777778,0.3203883495145631,0.33644859813084116,0.4615384615384615,0.46875,0.5,0.5,0.5,0.5
qmiBcHJpKR0.000.mp4,0.6777777777777777,0.7669902912621359,0.5794392523364487,0.5604395604395604,0.65625,0.5,0.5,0.5,0.5
qmiBcHJpKR0.003.mp4,0.611111111111111,0.6699029126213591,0.6448598130841123,0.5384615384615384,0.6979166666666666,0.5,0.5,0.5,0.5
QMRAbwZCTfI.005.mp4,0.32222222222222224,0.36893203883495146,0.3271028037383178,0.3846153846153846,0.37499999999999994,0.5,0.5,0.5,0.5
QNVsr2mGwGs.001.mp4,0.7,0.3300970873786408,0.35514018691588783,0.3626373626373627,0.3645833333333333,0.5,0.5,0.5,0.5
QNVsr2mGwGs.004.mp4,0.45555555555555555,0.2524271844660194,0.36448598130841126,0.3516483516483516,0.29166666666666663,0.5,0.5,0.5,0.5
QNVsr2mGwGs.005.mp4,0.611111111111111,0.4077669902912622,0.4672897196261683,0.3956043956043956,0.5,0.5,0.5,0.5,0.5
QovE6L-C9VY.000.mp4,0.45555555555555555,0.42718446601941745,0.37383177570093457,0.3736263736263736,0.37499999999999994,0.5,0.5,0.5,0.5
qoztP0w5-Vo.000.mp4,0.7333333333333333,0.5728155339805825,0.4672897196261683,0.5604395604395604,0.6770833333333334,0.5,0.5,0.5,0.5
qoztP0w5-Vo.005.mp4,0.5,0.3883495145631068,0.36448598130841126,0.5494505494505494,0.5416666666666666,0.5,0.5,0.5,0.5
qoZwA4ESb7g.000.mp4,0.4888888888888889,0.42718446601941745,0.2710280373831776,0.3516483516483516,0.46875,0.5,0.5,0.5,0.5
qoZwA4ESb7g.001.mp4,0.4777777777777778,0.36893203883495146,0.29906542056074764,0.4835164835164835,0.37499999999999994,0.5,0.5,0.5,0.5
qoZwA4ESb7g.003.mp4,0.6222222222222222,0.3980582524271845,0.4953271028037384,0.4945054945054945,0.5416666666666666,0.5,0.5,0.5,0.5
qP1UtCbMaW4.003.mp4,0.5,0.3883495145631068,0.5700934579439253,0.6043956043956044,0.5729166666666666,0.5,0.5,0.5,0.5
qP8YzH6LT9c.001.mp4,0.6333333333333333,0.5825242718446602,0.48598130841121495,0.5384615384615384,0.5,0.5,0.5,0.5,0.5
QpA0gj1y6KE.000.mp4,0.711111111111111,0.6116504854368932,0.8037383177570094,0.7252747252747254,0.7083333333333334,0.5,0.5,0.5,0.5
qpwcdPnPeFM.004.mp4,0.5555555555555556,0.4368932038834952,0.5233644859813085,0.4395604395604395,0.5833333333333333,0.5,0.5,0.5,0.5
qPzzmcuf-VI.000.mp4,0.7,0.6990291262135921,0.5514018691588786,0.4945054945054945,0.6354166666666666,0.5,0.5,0.5,0.5
qPzzmcuf-VI.004.mp4,0.8777777777777777,0.7378640776699029,0.5327102803738318,0.7252747252747254,0.84375,0.5,0.5,0.5,0.5
qPzzmcuf-VI.005.mp4,0.922222222222222,0.7184466019417477,0.7383177570093458,0.6373626373626373,0.7604166666666666,0.5,0.5,0.5,0.5
Qqc1539E6rs.002.mp4,0.8222222222222221,0.7087378640776699,0.588785046728972,0.5384615384615384,0.6979166666666666,0.5,0.5,0.5,0.5
Qqc1539E6rs.003.mp4,0.6888888888888889,0.6796116504854369,0.5420560747663552,0.4175824175824176,0.7916666666666667,0.5,0.5,0.5,0.5
Qqc1539E6rs.005.mp4,0.8999999999999999,0.7087378640776699,0.7383177570093458,0.5934065934065933,0.6770833333333334,0.5,0.5,0.5,0.5
QqTw0lnrtBo.002.mp4,0.3666666666666667,0.3300970873786408,0.4205607476635514,0.3846153846153846,0.4166666666666667,0.5,0.5,0.5,0.5
QqTw0lnrtBo.004.mp4,0.5,0.4368932038834952,0.3271028037383178,0.5384615384615384,0.3020833333333333,0.5,0.5,0.5,0.5
QQzeQOoqO20.001.mp4,0.6222222222222222,0.6990291262135921,0.6728971962616823,0.5824175824175825,0.5833333333333333,0.5,0.5,0.5,0.5
QQzeQOoqO20.005.mp4,0.6444444444444444,0.5631067961165048,0.5794392523364487,0.6153846153846153,0.5208333333333334,0.5,0.5,0.5,0.5
qr1C43Ylavg.001.mp4,0.5444444444444444,0.4660194174757281,0.5233644859813085,0.4945054945054945,0.5833333333333333,0.5,0.5,0.5,0.5
qr1C43Ylavg.004.mp4,0.6555555555555556,0.7669902912621359,0.4953271028037384,0.7032967032967032,0.5729166666666666,0.5,0.5,0.5,0.5
qr1C43Ylavg.005.mp4,0.5333333333333333,0.6310679611650486,0.47663551401869164,0.6153846153846153,0.4895833333333333,0.5,0.5,0.5,0.5
qrjx2kxg6M4.002.mp4,0.6666666666666666,0.6407766990291262,0.5700934579439253,0.6923076923076923,0.6041666666666666,0.5,0.5,0.5,0.5
qRtKUGgULL8.000.mp4,0.6666666666666666,0.3980582524271845,0.588785046728972,0.4285714285714285,0.7083333333333334,0.5,0.5,0.5,0.5
qRtKUGgULL8.002.mp4,0.6888888888888889,0.22330097087378642,0.4953271028037384,0.4835164835164835,0.4791666666666667,0.5,0.5,0.5,0.5
qRtKUGgULL8.005.mp4,0.6555555555555556,0.23300970873786406,0.5233644859813085,0.5274725274725275,0.37499999999999994,0.5,0.5,0.5,0.5
QS7TwjzkYiU.004.mp4,0.6888888888888889,0.5922330097087379,0.6542056074766356,0.6923076923076923,0.6666666666666667,0.5,0.5,0.5,0.5
qsb1j9bEENs.000.mp4,0.4666666666666667,0.4854368932038835,0.38317757009345793,0.21978021978021975,0.4479166666666667,0.5,0.5,0.5,0.5
qsb1j9bEENs.002.mp4,0.5555555555555556,0.3300970873786408,0.28037383177570097,0.5604395604395604,0.42708333333333337,0.5,0.5,0.5,0.5
qsd4GdeN_eY.001.mp4,0.8333333333333333,0.6504854368932039,0.6542056074766356,0.6813186813186812,0.6458333333333333,0.5,0.5,0.5,0.5
QsUj_OlGQ-0.000.mp4,0.5,0.4368932038834952,0.5327102803738318,0.6593406593406592,0.5416666666666666,0.5,0.5,0.5,0.5
QsUj_OlGQ-0.002.mp4,0.4888888888888889,0.6213592233009709,0.47663551401869164,0.6593406593406592,0.6875,0.5,0.5,0.5,0.5
QsUj_OlGQ-0.004.mp4,0.5555555555555556,0.4563106796116505,0.5420560747663552,0.6043956043956044,0.5729166666666666,0.5,0.5,0.5,0.5
QsUj_OlGQ-0.005.mp4,0.6555555555555556,0.5339805825242718,0.5607476635514019,0.6703296703296703,0.6666666666666667,0.5,0.5,0.5,0.5
qtB-CogljAo.000.mp4,0.6666666666666666,0.7184466019417477,0.6448598130841123,0.8901098901098901,0.6875,0.5,0.5,0.5,0.5
qtB-CogljAo.001.mp4,0.611111111111111,0.5339805825242718,0.4392523364485981,0.6263736263736264,0.4791666666666667,0.5,0.5,0.5,0.5
qtB-CogljAo.002.mp4,0.5888888888888889,0.6310679611650486,0.5327102803738318,0.7252747252747254,0.6458333333333333,0.5,0.5,0.5,0.5
qtB-CogljAo.003.mp4,0.5555555555555556,0.6116504854368932,0.4205607476635514,0.6153846153846153,0.40625000000000006,0.5,0.5,0.5,0.5
qtB-CogljAo.005.mp4,0.8444444444444444,0.6213592233009709,0.6822429906542057,0.8021978021978021,0.65625,0.5,0.5,0.5,0.5
QTtTAFqT-no.004.mp4,0.6444444444444444,0.6504854368932039,0.5046728971962617,0.4835164835164835,0.5520833333333334,0.5,0.5,0.5,0.5
Qu81v9Aybv4.000.mp4,0.6666666666666666,0.5922330097087379,0.7476635514018694,0.868131868131868,0.65625,0.5,0.5,0.5,0.5
Qu81v9Aybv4.002.mp4,0.6,0.5922330097087379,0.6728971962616823,0.8021978021978021,0.65625,0.5,0.5,0.5,0.5
Qu81v9Aybv4.003.mp4,0.7444444444444444,0.6990291262135921,0.7850467289719627,0.7142857142857143,0.6354166666666666,0.5,0.5,0.5,0.5
Qu81v9Aybv4.004.mp4,0.811111111111111,0.4368932038834952,0.7289719626168225,0.7692307692307692,0.6666666666666667,0.5,0.5,0.5,0.5
Qu81v9Aybv4.005.mp4,0.5222222222222223,0.2912621359223301,0.4392523364485981,0.3516483516483516,0.35416666666666663,0.5,0.5,0.5,0.5
QuwVzi2tQrQ.005.mp4,0.6333333333333333,0.8640776699029126,0.7570093457943926,0.6703296703296703,0.7395833333333333,0.5,0.5,0.5,0.5
qVcw5-mm31s.000.mp4,0.6333333333333333,0.5048543689320388,0.4579439252336449,0.5494505494505494,0.46875,0.5,0.5,0.5,0.5
qVcw5-mm31s.004.mp4,0.7888888888888888,0.5339805825242718,0.5700934579439253,0.5274725274725275,0.5833333333333333,0.5,0.5,0.5,0.5
qVcw5-mm31s.005.mp4,0.5666666666666667,0.5339805825242718,0.33644859813084116,0.4285714285714285,0.4791666666666667,0.5,0.5,0.5,0.5
qVrXROy4Ais.000.mp4,0.7777777777777777,0.8252427184466018,0.5700934579439253,0.7692307692307692,0.6145833333333333,0.5,0.5,0.5,0.5
qVrXROy4Ais.001.mp4,0.6777777777777777,0.7475728155339806,0.5140186915887851,0.5714285714285714,0.6458333333333333,0.5,0.5,0.5,0.5
qVrXROy4Ais.004.mp4,0.7222222222222221,0.6504854368932039,0.5607476635514019,0.6263736263736264,0.6875,0.5,0.5,0.5,0.5
qW0TYVtzq5A.000.mp4,0.41111111111111115,0.5339805825242718,0.4299065420560748,0.5494505494505494,0.42708333333333337,0.5,0.5,0.5,0.5
qW0TYVtzq5A.001.mp4,0.6444444444444444,0.4368932038834952,0.6822429906542057,0.5824175824175825,0.5729166666666666,0.5,0.5,0.5,0.5
qW0TYVtzq5A.002.mp4,0.5111111111111111,0.5339805825242718,0.5420560747663552,0.5054945054945055,0.45833333333333337,0.5,0.5,0.5,0.5
qW0TYVtzq5A.003.mp4,0.7555555555555554,0.7184466019417477,0.7289719626168225,0.7362637362637363,0.7604166666666666,0.5,0.5,0.5,0.5
QXFRE_pjrAE.000.mp4,0.7777777777777777,0.5339805825242718,0.6728971962616823,0.7032967032967032,0.6145833333333333,0.5,0.5,0.5,0.5
QXFRE_pjrAE.001.mp4,0.6222222222222222,0.6504854368932039,0.6074766355140188,0.5604395604395604,0.65625,0.5,0.5,0.5,0.5
QXFRE_pjrAE.003.mp4,0.6555555555555556,0.5145631067961165,0.5327102803738318,0.4945054945054945,0.40625000000000006,0.5,0.5,0.5,0.5
QyVTG0sGKg0.001.mp4,0.41111111111111115,0.27184466019417475,0.3271028037383178,0.4395604395604395,0.3854166666666667,0.5,0.5,0.5,0.5
QyVTG0sGKg0.002.mp4,0.4888888888888889,0.33980582524271846,0.35514018691588783,0.3736263736263736,0.4166666666666667,0.5,0.5,0.5,0.5
qyzuaettjU8.001.mp4,0.4777777777777778,0.6116504854368932,0.47663551401869164,0.4945054945054945,0.5833333333333333,0.5,0.5,0.5,0.5
qyzuaettjU8.004.mp4,0.6,0.4854368932038835,0.4392523364485981,0.5054945054945055,0.4166666666666667,0.5,0.5,0.5,0.5
Qz_cjgCtDcM.001.mp4,0.7999999999999999,0.6504854368932039,0.7102803738317757,0.5274725274725275,0.7604166666666666,0.5,0.5,0.5,0.5
Qz_cjgCtDcM.003.mp4,0.6,0.6796116504854369,0.5514018691588786,0.5274725274725275,0.5104166666666666,0.5,0.5,0.5,0.5
Qz_cjgCtDcM.005.mp4,0.8555555555555554,0.7378640776699029,0.5046728971962617,0.5824175824175825,0.59375,0.5,0.5,0.5,0.5
Qzu9b49qvKo.003.mp4,0.5222222222222223,0.4854368932038835,0.5794392523364487,0.6153846153846153,0.35416666666666663,0.5,0.5,0.5,0.5
R-qB2FX7ZbE.001.mp4,0.6555555555555556,0.4951456310679611,0.4392523364485981,0.4285714285714285,0.3125,0.5,0.5,0.5,0.5
R-qB2FX7ZbE.004.mp4,0.4222222222222222,0.5145631067961165,0.35514018691588783,0.3956043956043956,0.3854166666666667,0.5,0.5,0.5,0.5
R-vly7LKotQ.003.mp4,0.41111111111111115,0.3495145631067961,0.18691588785046728,0.3516483516483516,0.32291666666666663,0.5,0.5,0.5,0.5
R0RURVpmU9M.004.mp4,0.7777777777777777,0.4660194174757281,0.6074766355140188,0.5934065934065933,0.5625,0.5,0.5,0.5,0.5
r1v6EmZv7-o.001.mp4,0.4777777777777778,0.6213592233009709,0.30841121495327106,0.5054945054945055,0.5208333333333334,0.5,0.5,0.5,0.5
r1v6EmZv7-o.002.mp4,0.34444444444444444,0.5922330097087379,0.37383177570093457,0.4725274725274725,0.3854166666666667,0.5,0.5,0.5,0.5
r1v6EmZv7-o.004.mp4,0.611111111111111,0.4854368932038835,0.37383177570093457,0.6813186813186812,0.7291666666666667,0.5,0.5,0.5,0.5
r1v6EmZv7-o.005.mp4,0.38888888888888895,0.5631067961165048,0.4392523364485981,0.5714285714285714,0.4791666666666667,0.5,0.5,0.5,0.5
r1YAW67aevY.000.mp4,0.33333333333333337,0.15533980582524273,0.26168224299065423,0.3516483516483516,0.2604166666666667,0.5,0.5,0.5,0.5
r1YAW67aevY.003.mp4,0.43333333333333335,0.3786407766990291,0.30841121495327106,0.3956043956043956,0.35416666666666663,0.5,0.5,0.5,0.5
r1YAW67aevY.005.mp4,0.26666666666666666,0.22330097087378642,0.17757009345794392,0.31868131868131866,0.21874999999999997,0.5,0.5,0.5,0.5
r2BoxB3kgYk.000.mp4,0.5666666666666667,0.3300970873786408,0.5233644859813085,0.5384615384615384,0.5208333333333334,0.5,0.5,0.5,0.5
r2BoxB3kgYk.001.mp4,0.6444444444444444,0.33980582524271846,0.47663551401869164,0.4285714285714285,0.42708333333333337,0.5,0.5,0.5,0.5
r2BoxB3kgYk.003.mp4,0.6,0.4077669902912622,0.6542056074766356,0.4945054945054945,0.4791666666666667,0.5,0.5,0.5,0.5
r2HcJYjGK5s.001.mp4,0.5555555555555556,0.4660194174757281,0.4485981308411215,0.4505494505494505,0.40625000000000006,0.5,0.5,0.5,0.5
r2HcJYjGK5s.003.mp4,0.5444444444444444,0.5242718446601942,0.4672897196261683,0.6263736263736264,0.5104166666666666,0.5,0.5,0.5,0.5
r2HcJYjGK5s.004.mp4,0.5,0.5922330097087379,0.36448598130841126,0.5054945054945055,0.46875,0.5,0.5,0.5,0.5
r2HcJYjGK5s.005.mp4,0.6333333333333333,0.7184466019417477,0.4672897196261683,0.5714285714285714,0.45833333333333337,0.5,0.5,0.5,0.5
R42dmIPCXwo.001.mp4,0.34444444444444444,0.31067961165048547,0.38317757009345793,0.5054945054945055,0.32291666666666663,0.5,0.5,0.5,0.5
R42dmIPCXwo.003.mp4,0.4222222222222222,0.27184466019417475,0.3271028037383178,0.3406593406593406,0.3125,0.5,0.5,0.5,0.5
r4BGKIXrD9c.003.mp4,0.5111111111111111,0.5631067961165048,0.5233644859813085,0.5824175824175825,0.40625000000000006,0.5,0.5,0.5,0.5
r4BGKIXrD9c.005.mp4,0.45555555555555555,0.6213592233009709,0.30841121495327106,0.5494505494505494,0.35416666666666663,0.5,0.5,0.5,0.5
R5uXsQsO6Uo.002.mp4,0.8777777777777777,0.7961165048543688,0.822429906542056,0.857142857142857,0.8854166666666667,0.5,0.5,0.5,0.5
R6NTuhZtOks.003.mp4,0.7777777777777777,0.6893203883495147,0.48598130841121495,0.6813186813186812,0.6354166666666666,0.5,0.5,0.5,0.5
R6NTuhZtOks.005.mp4,0.5555555555555556,0.5825242718446602,0.5514018691588786,0.6153846153846153,0.53125,0.5,0.5,0.5,0.5
R8Gpa-rRywc.001.mp4,0.5888888888888889,0.6116504854368932,0.4392523364485981,0.4395604395604395,0.4895833333333333,0.5,0.5,0.5,0.5
r93dLeVRk3U.002.mp4,0.4888888888888889,0.4951456310679611,0.29906542056074764,0.4395604395604395,0.5,0.5,0.5,0.5,0.5
r93dLeVRk3U.003.mp4,0.5333333333333333,0.22330097087378642,0.5140186915887851,0.4065934065934066,0.6666666666666667,0.5,0.5,0.5,0.5
r9TaaVTo8Y8.000.mp4,0.5777777777777777,0.5922330097087379,0.6074766355140188,0.5714285714285714,0.5833333333333333,0.5,0.5,0.5,0.5
r9TaaVTo8Y8.001.mp4,0.7222222222222221,0.6310679611650486,0.5233644859813085,0.6263736263736264,0.7083333333333334,0.5,0.5,0.5,0.5
r9TaaVTo8Y8.002.mp4,0.4888888888888889,0.5242718446601942,0.5140186915887851,0.4725274725274725,0.42708333333333337,0.5,0.5,0.5,0.5
r9TaaVTo8Y8.003.mp4,0.5888888888888889,0.7378640776699029,0.5794392523364487,0.5604395604395604,0.5,0.5,0.5,0.5,0.5
r9TaaVTo8Y8.004.mp4,0.711111111111111,0.6213592233009709,0.6542056074766356,0.6263736263736264,0.6979166666666666,0.5,0.5,0.5,0.5
R_6hhFo7M3o.002.mp4,0.6222222222222222,0.8640776699029126,0.5607476635514019,0.5934065934065933,0.6458333333333333,0.5,0.5,0.5,0.5
R_6hhFo7M3o.003.mp4,0.6888888888888889,0.7378640776699029,0.5514018691588786,0.6043956043956044,0.6770833333333334,0.5,0.5,0.5,0.5
r_cVo5qZ9n0.002.mp4,0.43333333333333335,0.5436893203883495,0.37383177570093457,0.5384615384615384,0.4895833333333333,0.5,0.5,0.5,0.5
R_LJX7wszPY.000.mp4,0.5444444444444444,0.35922330097087385,0.39252336448598135,0.4395604395604395,0.34374999999999994,0.5,0.5,0.5,0.5
RB9vu-0Y_Fk.001.mp4,0.6666666666666666,0.3980582524271845,0.6355140186915887,0.5714285714285714,0.6041666666666666,0.5,0.5,0.5,0.5
RbX4q4KceVk.000.mp4,0.43333333333333335,0.5048543689320388,0.3271028037383178,0.4835164835164835,0.5,0.5,0.5,0.5,0.5
RbX4q4KceVk.003.mp4,0.5444444444444444,0.7087378640776699,0.36448598130841126,0.5494505494505494,0.6666666666666667,0.5,0.5,0.5,0.5
RbX4q4KceVk.004.mp4,0.6333333333333333,0.4951456310679611,0.4579439252336449,0.5934065934065933,0.5,0.5,0.5,0.5,0.5
RbX4q4KceVk.005.mp4,0.5666666666666667,0.5048543689320388,0.5140186915887851,0.6483516483516484,0.5,0.5,0.5,0.5,0.5
rBxWZzkEncE.002.mp4,0.7444444444444444,0.4660194174757281,0.588785046728972,0.5714285714285714,0.5520833333333334,0.5,0.5,0.5,0.5
rBxWZzkEncE.003.mp4,0.711111111111111,0.4563106796116505,0.4485981308411215,0.6373626373626373,0.6666666666666667,0.5,0.5,0.5,0.5
rBxWZzkEncE.004.mp4,0.888888888888889,0.5436893203883495,0.5327102803738318,0.5824175824175825,0.7083333333333334,0.5,0.5,0.5,0.5
RCr48dXuZYE.002.mp4,0.45555555555555555,0.3980582524271845,0.4299065420560748,0.5164835164835165,0.32291666666666663,0.5,0.5,0.5,0.5
rCxlfusNJlY.000.mp4,0.711111111111111,0.7669902912621359,0.5327102803738318,0.7472527472527474,0.6770833333333334,0.5,0.5,0.5,0.5
rCxlfusNJlY.001.mp4,0.5333333333333333,0.6796116504854369,0.4953271028037384,0.4835164835164835,0.5833333333333333,0.5,0.5,0.5,0.5
rCxlfusNJlY.002.mp4,0.7,0.6699029126213591,0.48598130841121495,0.5604395604395604,0.6875,0.5,0.5,0.5,0.5
rD6NViDdyOU.001.mp4,0.7222222222222221,0.47572815533980584,0.47663551401869164,0.6043956043956044,0.6458333333333333,0.5,0.5,0.5,0.5
rD6NViDdyOU.002.mp4,0.5,0.35922330097087385,0.38317757009345793,0.5164835164835165,0.46875,0.5,0.5,0.5,0.5
rD6NViDdyOU.005.mp4,0.5,0.42718446601941745,0.35514018691588783,0.5384615384615384,0.5,0.5,0.5,0.5,0.5
RdHnu7ZxjzI.000.mp4,0.5666666666666667,0.7669902912621359,0.4485981308411215,0.4835164835164835,0.5520833333333334,0.5,0.5,0.5,0.5
RdHnu7ZxjzI.002.mp4,0.5888888888888889,0.7281553398058251,0.4112149532710281,0.5384615384615384,0.5625,0.5,0.5,0.5,0.5
RDOngWykAQU.000.mp4,0.7333333333333333,0.7087378640776699,0.6355140186915887,0.7362637362637363,0.6458333333333333,0.5,0.5,0.5,0.5
RDOngWykAQU.002.mp4,0.8333333333333333,0.7378640776699029,0.6261682242990655,0.813186813186813,0.6041666666666666,0.5,0.5,0.5,0.5
RDOngWykAQU.003.mp4,0.4444444444444445,0.5922330097087379,0.4579439252336449,0.6923076923076923,0.46875,0.5,0.5,0.5,0.5
REAxeTWo1QM.002.mp4,0.5111111111111111,0.5436893203883495,0.4299065420560748,0.5494505494505494,0.5625,0.5,0.5,0.5,0.5
rFs0AC2qV6o.000.mp4,0.3,0.18446601941747573,0.38317757009345793,0.3626373626373627,0.2604166666666667,0.5,0.5,0.5,0.5
rFs0AC2qV6o.001.mp4,0.5333333333333333,0.4854368932038835,0.5327102803738318,0.5494505494505494,0.5104166666666666,0.5,0.5,0.5,0.5
rG8D-A2F8xg.003.mp4,0.6222222222222222,0.5728155339805825,0.6542056074766356,0.6813186813186812,0.4895833333333333,0.5,0.5,0.5,0.5
rG8D-A2F8xg.004.mp4,0.6666666666666666,0.3203883495145631,0.6261682242990655,0.6483516483516484,0.6041666666666666,0.5,0.5,0.5,0.5
rG8D-A2F8xg.005.mp4,0.5333333333333333,0.4660194174757281,0.4953271028037384,0.6153846153846153,0.5833333333333333,0.5,0.5,0.5,0.5
rGNeR3p1jKU.000.mp4,0.4777777777777778,0.3495145631067961,0.4485981308411215,0.4945054945054945,0.4166666666666667,0.5,0.5,0.5,0.5
rGNeR3p1jKU.001.mp4,0.41111111111111115,0.31067961165048547,0.2897196261682243,0.4395604395604395,0.3020833333333333,0.5,0.5,0.5,0.5
rGTn2uaCAT0.002.mp4,0.5444444444444444,0.6213592233009709,0.7009345794392524,0.6923076923076923,0.6875,0.5,0.5,0.5,0.5
rGTn2uaCAT0.003.mp4,0.7666666666666666,0.7475728155339806,0.7757009345794394,0.6813186813186812,0.6979166666666666,0.5,0.5,0.5,0.5
rGTn2uaCAT0.004.mp4,0.888888888888889,0.6407766990291262,0.7009345794392524,0.7582417582417583,0.7395833333333333,0.5,0.5,0.5,0.5
rGTn2uaCAT0.005.mp4,0.7222222222222221,0.5631067961165048,0.6542056074766356,0.6593406593406592,0.7187499999999999,0.5,0.5,0.5,0.5
RGuHfwIRKpA.000.mp4,0.4222222222222222,0.7864077669902914,0.2710280373831776,0.5274725274725275,0.5,0.5,0.5,0.5,0.5
RGuHfwIRKpA.001.mp4,0.5777777777777777,0.6990291262135921,0.33644859813084116,0.6153846153846153,0.6458333333333333,0.5,0.5,0.5,0.5
RgZTZIf8K8g.000.mp4,0.45555555555555555,0.5631067961165048,0.4672897196261683,0.7802197802197802,0.5416666666666666,0.5,0.5,0.5,0.5
RgZTZIf8K8g.001.mp4,0.4444444444444445,0.4854368932038835,0.3177570093457944,0.4505494505494505,0.5104166666666666,0.5,0.5,0.5,0.5
RgZTZIf8K8g.002.mp4,0.5888888888888889,0.5825242718446602,0.39252336448598135,0.5934065934065933,0.4375,0.5,0.5,0.5,0.5
RgZTZIf8K8g.003.mp4,0.3,0.4660194174757281,0.35514018691588783,0.6373626373626373,0.3020833333333333,0.5,0.5,0.5,0.5
RHEkTC8UfME.000.mp4,0.6222222222222222,0.5242718446601942,0.3177570093457944,0.4725274725274725,0.42708333333333337,0.5,0.5,0.5,0.5
RHEkTC8UfME.003.mp4,0.7666666666666666,0.5922330097087379,0.5981308411214954,0.7472527472527474,0.6979166666666666,0.5,0.5,0.5,0.5
RhFPotjd0hM.002.mp4,0.4777777777777778,0.42718446601941745,0.4485981308411215,0.4835164835164835,0.37499999999999994,0.5,0.5,0.5,0.5
RhFPotjd0hM.003.mp4,0.5333333333333333,0.5048543689320388,0.4579439252336449,0.6483516483516484,0.37499999999999994,0.5,0.5,0.5,0.5
RhFPotjd0hM.004.mp4,0.5888888888888889,0.6893203883495147,0.5514018691588786,0.6593406593406592,0.5729166666666666,0.5,0.5,0.5,0.5
rhKVPhhWHko.002.mp4,0.4666666666666667,0.3786407766990291,0.3457943925233645,0.3516483516483516,0.3020833333333333,0.5,0.5,0.5,0.5
RhSWpef2e6s.000.mp4,0.611111111111111,0.6504854368932039,0.6261682242990655,0.6593406593406592,0.5833333333333333,0.5,0.5,0.5,0.5
rIHcq2E67Nc.003.mp4,0.7666666666666666,0.5145631067961165,0.5700934579439253,0.5824175824175825,0.4895833333333333,0.5,0.5,0.5,0.5
rIHcq2E67Nc.005.mp4,0.6777777777777777,0.47572815533980584,0.6355140186915887,0.4615384615384615,0.6979166666666666,0.5,0.5,0.5,0.5
rIRBEkDhn6Q.002.mp4,0.6666666666666666,0.7087378640776699,0.5794392523364487,0.6813186813186812,0.6041666666666666,0.5,0.5,0.5,0.5
rIRBEkDhn6Q.003.mp4,0.6222222222222222,0.6990291262135921,0.6448598130841123,0.6923076923076923,0.6041666666666666,0.5,0.5,0.5,0.5
rIRBEkDhn6Q.004.mp4,0.5555555555555556,0.6504854368932039,0.5794392523364487,0.5494505494505494,0.59375,0.5,0.5,0.5,0.5
rIRBEkDhn6Q.005.mp4,0.6555555555555556,0.6893203883495147,0.5327102803738318,0.5274725274725275,0.4479166666666667,0.5,0.5,0.5,0.5
rJgbslC72gw.001.mp4,0.3777777777777778,0.4466019417475728,0.3271028037383178,0.3516483516483516,0.4479166666666667,0.5,0.5,0.5,0.5
rJgbslC72gw.003.mp4,0.4,0.36893203883495146,0.38317757009345793,0.4945054945054945,0.32291666666666663,0.5,0.5,0.5,0.5
rjS0PIwS47M.001.mp4,0.5777777777777777,0.5728155339805825,0.30841121495327106,0.6043956043956044,0.5104166666666666,0.5,0.5,0.5,0.5
RlaaCqle7tY.003.mp4,0.5333333333333333,0.30097087378640774,0.35514018691588783,0.3626373626373627,0.4791666666666667,0.5,0.5,0.5,0.5
RlaaCqle7tY.005.mp4,0.5777777777777777,0.4077669902912622,0.4485981308411215,0.3406593406593406,0.5104166666666666,0.5,0.5,0.5,0.5
RlUuWWWFrhM.005.mp4,0.45555555555555555,0.4854368932038835,0.4299065420560748,0.5934065934065933,0.46875,0.5,0.5,0.5,0.5
RMA5HIyEsXc.000.mp4,0.45555555555555555,0.5922330097087379,0.33644859813084116,0.6703296703296703,0.5104166666666666,0.5,0.5,0.5,0.5
rMFJmA5dRFQ.000.mp4,0.7555555555555554,0.23300970873786406,0.5140186915887851,0.5494505494505494,0.5208333333333334,0.5,0.5,0.5,0.5
Rops7WYMCCY.000.mp4,0.5333333333333333,0.4174757281553398,0.4953271028037384,0.6153846153846153,0.5625,0.5,0.5,0.5,0.5
Rops7WYMCCY.001.mp4,0.4777777777777778,0.3980582524271845,0.4672897196261683,0.4505494505494505,0.5416666666666666,0.5,0.5,0.5,0.5
Rops7WYMCCY.002.mp4,0.4,0.3203883495145631,0.38317757009345793,0.4285714285714285,0.3645833333333333,0.5,0.5,0.5,0.5
Rops7WYMCCY.003.mp4,0.45555555555555555,0.21359223300970873,0.3271028037383178,0.3626373626373627,0.3020833333333333,0.5,0.5,0.5,0.5
ROTx-0q1F9M.001.mp4,0.5888888888888889,0.47572815533980584,0.5046728971962617,0.5824175824175825,0.5,0.5,0.5,0.5,0.5
ROTx-0q1F9M.004.mp4,0.5111111111111111,0.4951456310679611,0.48598130841121495,0.3956043956043956,0.4791666666666667,0.5,0.5,0.5,0.5
ROTx-0q1F9M.005.mp4,0.6777777777777777,0.6504854368932039,0.5327102803738318,0.4395604395604395,0.625,0.5,0.5,0.5,0.5
Rp_gyvKE4hI.000.mp4,0.6666666666666666,0.6504854368932039,0.5233644859813085,0.7362637362637363,0.5729166666666666,0.5,0.5,0.5,0.5
Rp_gyvKE4hI.001.mp4,0.5555555555555556,0.4466019417475728,0.4205607476635514,0.5604395604395604,0.40625000000000006,0.5,0.5,0.5,0.5
Rp_gyvKE4hI.002.mp4,0.41111111111111115,0.5242718446601942,0.38317757009345793,0.5824175824175825,0.59375,0.5,0.5,0.5,0.5
Rp_gyvKE4hI.004.mp4,0.5666666666666667,0.4951456310679611,0.4299065420560748,0.5274725274725275,0.4166666666666667,0.5,0.5,0.5,0.5
Rp_gyvKE4hI.005.mp4,0.4888888888888889,0.4368932038834952,0.29906542056074764,0.4175824175824176,0.32291666666666663,0.5,0.5,0.5,0.5
RQdZHLGGR_E.001.mp4,0.6222222222222222,0.7669902912621359,0.6074766355140188,0.7032967032967032,0.6979166666666666,0.5,0.5,0.5,0.5
RQeoo3idUJc.004.mp4,0.4444444444444445,0.3980582524271845,0.35514018691588783,0.5384615384615384,0.37499999999999994,0.5,0.5,0.5,0.5
rqfvIjzegpI.000.mp4,0.7,0.8543689320388351,0.8411214953271028,0.6923076923076923,0.7916666666666667,0.5,0.5,0.5,0.5
rqfvIjzegpI.001.mp4,0.5888888888888889,0.6796116504854369,0.6728971962616823,0.6373626373626373,0.6354166666666666,0.5,0.5,0.5,0.5
rqfvIjzegpI.005.mp4,0.711111111111111,0.7961165048543688,0.6355140186915887,0.6373626373626373,0.7500000000000001,0.5,0.5,0.5,0.5
rrdSLfnU2pg.000.mp4,0.4,0.33980582524271846,0.28037383177570097,0.5274725274725275,0.4166666666666667,0.5,0.5,0.5,0.5
rrdSLfnU2pg.003.mp4,0.4,0.2815533980582524,0.37383177570093457,0.4505494505494505,0.32291666666666663,0.5,0.5,0.5,0.5
RrvG7JlKoXM.002.mp4,0.5222222222222223,0.5339805825242718,0.3271028037383178,0.6153846153846153,0.4166666666666667,0.5,0.5,0.5,0.5
RrvG7JlKoXM.004.mp4,0.5,0.4951456310679611,0.39252336448598135,0.4945054945054945,0.5520833333333334,0.5,0.5,0.5,0.5
RrvG7JlKoXM.005.mp4,0.5888888888888889,0.6310679611650486,0.47663551401869164,0.5824175824175825,0.4895833333333333,0.5,0.5,0.5,0.5
RsjDkkvJirs.005.mp4,0.6666666666666666,0.4951456310679611,0.48598130841121495,0.5274725274725275,0.6041666666666666,0.5,0.5,0.5,0.5
RsYSOFRFszk.001.mp4,0.5888888888888889,0.35922330097087385,0.38317757009345793,0.4945054945054945,0.4895833333333333,0.5,0.5,0.5,0.5
RsYSOFRFszk.004.mp4,0.611111111111111,0.4563106796116505,0.4672897196261683,0.6153846153846153,0.4166666666666667,0.5,0.5,0.5,0.5
Rsz-26AaL2o.001.mp4,0.45555555555555555,0.5533980582524272,0.663551401869159,0.5384615384615384,0.4479166666666667,0.5,0.5,0.5,0.5
rT0TqakPrAI.000.mp4,0.5777777777777777,0.5436893203883495,0.4485981308411215,0.5934065934065933,0.5416666666666666,0.5,0.5,0.5,0.5
rtEASqA8_WE.000.mp4,0.33333333333333337,0.36893203883495146,0.3177570093457944,0.3626373626373627,0.3854166666666667,0.5,0.5,0.5,0.5
rTG9gtci67c.001.mp4,0.6777777777777777,0.7669902912621359,0.5514018691588786,0.7802197802197802,0.53125,0.5,0.5,0.5,0.5
rTG9gtci67c.002.mp4,0.6,0.6893203883495147,0.663551401869159,0.7582417582417583,0.7708333333333334,0.5,0.5,0.5,0.5
rTG9gtci67c.004.mp4,0.5888888888888889,0.6310679611650486,0.48598130841121495,0.5714285714285714,0.5104166666666666,0.5,0.5,0.5,0.5
rTG9gtci67c.005.mp4,0.711111111111111,0.5728155339805825,0.5700934579439253,0.6043956043956044,0.5,0.5,0.5,0.5,0.5
RthpiC1KtSg.000.mp4,0.43333333333333335,0.6310679611650486,0.33644859813084116,0.5054945054945055,0.4375,0.5,0.5,0.5,0.5
RthpiC1KtSg.003.mp4,0.4444444444444445,0.5533980582524272,0.4205607476635514,0.6263736263736264,0.45833333333333337,0.5,0.5,0.5,0.5
RthpiC1KtSg.004.mp4,0.32222222222222224,0.6796116504854369,0.4018691588785047,0.5934065934065933,0.5625,0.5,0.5,0.5,0.5
RTJK4Duuxsc.003.mp4,0.6,0.5145631067961165,0.5140186915887851,0.7472527472527474,0.6041666666666666,0.5,0.5,0.5,0.5
RtNylXap2qk.000.mp4,0.6444444444444444,0.6601941747572816,0.5607476635514019,0.6043956043956044,0.6770833333333334,0.5,0.5,0.5,0.5
RtNylXap2qk.001.mp4,0.7222222222222221,0.6796116504854369,0.48598130841121495,0.6263736263736264,0.5833333333333333,0.5,0.5,0.5,0.5
RtNylXap2qk.005.mp4,0.7444444444444444,0.7087378640776699,0.6448598130841123,0.6263736263736264,0.5520833333333334,0.5,0.5,0.5,0.5
rUGAiuYHNgE.000.mp4,0.5888888888888889,0.5533980582524272,0.33644859813084116,0.31868131868131866,0.4791666666666667,0.5,0.5,0.5,0.5
rUGAiuYHNgE.002.mp4,0.7222222222222221,0.6213592233009709,0.4953271028037384,0.5054945054945055,0.5208333333333334,0.5,0.5,0.5,0.5
rUGAiuYHNgE.004.mp4,0.4444444444444445,0.5242718446601942,0.36448598130841126,0.4285714285714285,0.40625000000000006,0.5,0.5,0.5,0.5
RuRn2t7iPSc.000.mp4,0.5666666666666667,0.7378640776699029,0.47663551401869164,0.6923076923076923,0.59375,0.5,0.5,0.5,0.5
RuRn2t7iPSc.002.mp4,0.6222222222222222,0.5631067961165048,0.663551401869159,0.5494505494505494,0.59375,0.5,0.5,0.5,0.5
RuRn2t7iPSc.004.mp4,0.711111111111111,0.4854368932038835,0.5700934579439253,0.5494505494505494,0.6145833333333333,0.5,0.5,0.5,0.5
rvB9DYAKHpk.000.mp4,0.6777777777777777,0.5631067961165048,0.5327102803738318,0.5274725274725275,0.5,0.5,0.5,0.5,0.5
rvB9DYAKHpk.001.mp4,0.5555555555555556,0.36893203883495146,0.33644859813084116,0.5494505494505494,0.46875,0.5,0.5,0.5,0.5
rvB9DYAKHpk.002.mp4,0.43333333333333335,0.5631067961165048,0.26168224299065423,0.4615384615384615,0.5,0.5,0.5,0.5,0.5
RvoxbgEP49Q.003.mp4,0.4888888888888889,0.4563106796116505,0.4672897196261683,0.5274725274725275,0.4791666666666667,0.5,0.5,0.5,0.5
RvoxbgEP49Q.005.mp4,0.5666666666666667,0.4466019417475728,0.48598130841121495,0.5274725274725275,0.3854166666666667,0.5,0.5,0.5,0.5
rW3hFpfGMHs.003.mp4,0.6666666666666666,0.4854368932038835,0.7009345794392524,0.6373626373626373,0.6041666666666666,0.5,0.5,0.5,0.5
RW4a2ERzTO8.000.mp4,0.5,0.7087378640776699,0.4205607476635514,0.5714285714285714,0.6458333333333333,0.5,0.5,0.5,0.5
Rw_ZLT9vZTI.003.mp4,0.6,0.8834951456310681,0.5420560747663552,0.4505494505494505,0.6354166666666666,0.5,0.5,0.5,0.5
Rw_ZLT9vZTI.005.mp4,0.711111111111111,0.8349514563106796,0.6822429906542057,0.7362637362637363,0.8645833333333334,0.5,0.5,0.5,0.5
RWfY3Xk0XPQ.002.mp4,0.7,0.4951456310679611,0.47663551401869164,0.6373626373626373,0.5729166666666666,0.5,0.5,0.5,0.5
RWfY3Xk0XPQ.003.mp4,0.5777777777777777,0.5339805825242718,0.28037383177570097,0.5604395604395604,0.5,0.5,0.5,0.5,0.5
RWfY3Xk0XPQ.005.mp4,0.4,0.42718446601941745,0.37383177570093457,0.3516483516483516,0.39583333333333337,0.5,0.5,0.5,0.5
RWhyKkFI3zw.001.mp4,0.38888888888888895,0.47572815533980584,0.4205607476635514,0.5604395604395604,0.4375,0.5,0.5,0.5,0.5
RWhyKkFI3zw.004.mp4,0.3111111111111111,0.4951456310679611,0.3177570093457944,0.4505494505494505,0.3125,0.5,0.5,0.5,0.5
RWhyKkFI3zw.005.mp4,0.32222222222222224,0.3883495145631068,0.25233644859813087,0.5164835164835165,0.3125,0.5,0.5,0.5,0.5
rwinPicu_aw.000.mp4,0.611111111111111,0.5533980582524272,0.4579439252336449,0.5604395604395604,0.4895833333333333,0.5,0.5,0.5,0.5
rwinPicu_aw.001.mp4,0.611111111111111,0.6504854368932039,0.4953271028037384,0.6703296703296703,0.6145833333333333,0.5,0.5,0.5,0.5
rwinPicu_aw.002.mp4,0.5333333333333333,0.6796116504854369,0.5046728971962617,0.6593406593406592,0.625,0.5,0.5,0.5,0.5
Rwsss8y1bf0.000.mp4,0.6222222222222222,0.31067961165048547,0.47663551401869164,0.5714285714285714,0.39583333333333337,0.5,0.5,0.5,0.5
Rwsss8y1bf0.002.mp4,0.811111111111111,0.3883495145631068,0.47663551401869164,0.5604395604395604,0.5729166666666666,0.5,0.5,0.5,0.5
Rwsss8y1bf0.004.mp4,0.5777777777777777,0.4174757281553398,0.4672897196261683,0.5384615384615384,0.46875,0.5,0.5,0.5,0.5
rWT8N_yjf60.005.mp4,0.8222222222222221,0.4854368932038835,0.7009345794392524,0.912087912087912,0.8125000000000001,0.5,0.5,0.5,0.5
rXoCKj1qwn4.001.mp4,0.7777777777777777,0.5631067961165048,0.7383177570093458,0.7032967032967032,0.7812499999999999,0.5,0.5,0.5,0.5
rxYWgXYTATs.000.mp4,0.5444444444444444,0.5339805825242718,0.6728971962616823,0.4945054945054945,0.59375,0.5,0.5,0.5,0.5
rxYWgXYTATs.001.mp4,0.6888888888888889,0.4660194174757281,0.6355140186915887,0.6373626373626373,0.7395833333333333,0.5,0.5,0.5,0.5
rxYWgXYTATs.002.mp4,0.6444444444444444,0.5048543689320388,0.5700934579439253,0.6153846153846153,0.6145833333333333,0.5,0.5,0.5,0.5
rxYWgXYTATs.003.mp4,0.8333333333333333,0.6310679611650486,0.7850467289719627,0.7252747252747254,0.7291666666666667,0.5,0.5,0.5,0.5
rxYWgXYTATs.005.mp4,0.5,0.4368932038834952,0.5607476635514019,0.4945054945054945,0.46875,0.5,0.5,0.5,0.5
Ry5JJvTfP-8.002.mp4,0.5777777777777777,0.5242718446601942,0.4672897196261683,0.5934065934065933,0.4791666666666667,0.5,0.5,0.5,0.5
Ry5JJvTfP-8.004.mp4,0.4888888888888889,0.3883495145631068,0.5327102803738318,0.4835164835164835,0.35416666666666663,0.5,0.5,0.5,0.5
RYG6XhdmPY0.001.mp4,0.4,0.33980582524271846,0.28037383177570097,0.3846153846153846,0.2604166666666667,0.5,0.5,0.5,0.5
RYG6XhdmPY0.002.mp4,0.45555555555555555,0.3786407766990291,0.4205607476635514,0.4505494505494505,0.39583333333333337,0.5,0.5,0.5,0.5
RYG6XhdmPY0.004.mp4,0.5444444444444444,0.33980582524271846,0.35514018691588783,0.5714285714285714,0.4791666666666667,0.5,0.5,0.5,0.5
RYG6XhdmPY0.005.mp4,0.5777777777777777,0.3495145631067961,0.5420560747663552,0.3956043956043956,0.5520833333333334,0.5,0.5,0.5,0.5
RZgTERiRDjA.001.mp4,0.8222222222222221,0.7475728155339806,0.7757009345794394,0.5934065934065933,0.6979166666666666,0.5,0.5,0.5,0.5
rzKtAeWgZH0.003.mp4,0.8222222222222221,0.6116504854368932,0.7009345794392524,0.6263736263736264,0.6770833333333334,0.5,0.5,0.5,0.5
RZOimXPTG0s.000.mp4,0.6555555555555556,0.6893203883495147,0.7289719626168225,0.6153846153846153,0.6979166666666666,0.5,0.5,0.5,0.5
RZOimXPTG0s.002.mp4,0.7333333333333333,0.7475728155339806,0.822429906542056,0.7362637362637363,0.6458333333333333,0.5,0.5,0.5,0.5
RZOimXPTG0s.003.mp4,0.7222222222222221,0.6213592233009709,0.7196261682242993,0.7802197802197802,0.59375,0.5,0.5,0.5,0.5
S-e9-bW4seo.001.mp4,0.4888888888888889,0.6116504854368932,0.37383177570093457,0.3516483516483516,0.5416666666666666,0.5,0.5,0.5,0.5
S-e9-bW4seo.004.mp4,0.4666666666666667,0.5825242718446602,0.38317757009345793,0.5494505494505494,0.42708333333333337,0.5,0.5,0.5,0.5
S-jhg6Y5OrE.001.mp4,0.711111111111111,0.35922330097087385,0.7102803738317757,0.5384615384615384,0.5729166666666666,0.5,0.5,0.5,0.5
s-jZlMKQGwc.000.mp4,0.45555555555555555,0.36893203883495146,0.37383177570093457,0.5164835164835165,0.3333333333333333,0.5,0.5,0.5,0.5
s-jZlMKQGwc.002.mp4,0.5444444444444444,0.4174757281553398,0.37383177570093457,0.6043956043956044,0.5208333333333334,0.5,0.5,0.5,0.5
s-jZlMKQGwc.003.mp4,0.5,0.3883495145631068,0.4112149532710281,0.5164835164835165,0.5104166666666666,0.5,0.5,0.5,0.5
s0MKUEnyHSE.003.mp4,0.6222222222222222,0.7572815533980582,0.663551401869159,0.6703296703296703,0.6458333333333333,0.5,0.5,0.5,0.5
s0pgZM5G6ds.003.mp4,0.33333333333333337,0.4077669902912622,0.39252336448598135,0.3736263736263736,0.40625000000000006,0.5,0.5,0.5,0.5
s0pgZM5G6ds.004.mp4,0.1888888888888889,0.4563106796116505,0.14018691588785046,0.2747252747252747,0.21874999999999997,0.5,0.5,0.5,0.5
S0QIXcQGG-g.000.mp4,0.711111111111111,0.6019417475728155,0.7570093457943926,0.7142857142857143,0.7083333333333334,0.5,0.5,0.5,0.5
S0QIXcQGG-g.001.mp4,0.6444444444444444,0.6699029126213591,0.7570093457943926,0.7032967032967032,0.7187499999999999,0.5,0.5,0.5,0.5
S0QIXcQGG-g.002.mp4,0.7888888888888888,0.6699029126213591,0.7476635514018694,0.7692307692307692,0.7916666666666667,0.5,0.5,0.5,0.5
S0QIXcQGG-g.004.mp4,0.7222222222222221,0.42718446601941745,0.6728971962616823,0.5934065934065933,0.6354166666666666,0.5,0.5,0.5,0.5
S1AEj1kO5dc.002.mp4,0.4888888888888889,0.4563106796116505,0.3457943925233645,0.3846153846153846,0.5729166666666666,0.5,0.5,0.5,0.5
S1AEj1kO5dc.004.mp4,0.5,0.4368932038834952,0.35514018691588783,0.3516483516483516,0.4166666666666667,0.5,0.5,0.5,0.5
S1AEj1kO5dc.005.mp4,0.4,0.30097087378640774,0.2336448598130841,0.3406593406593406,0.3020833333333333,0.5,0.5,0.5,0.5
s1DOqsQoN5s.001.mp4,0.2,0.2524271844660194,0.2897196261682243,0.2747252747252747,0.21874999999999997,0.5,0.5,0.5,0.5
s1DOqsQoN5s.002.mp4,0.1888888888888889,0.2621359223300971,0.2149532710280374,0.15384615384615383,0.20833333333333331,0.5,0.5,0.5,0.5
s1DOqsQoN5s.003.mp4,0.3111111111111111,0.2912621359223301,0.3177570093457944,0.24175824175824176,0.34374999999999994,0.5,0.5,0.5,0.5
s3m8DgUi6GM.000.mp4,0.2777777777777778,0.24271844660194175,0.26168224299065423,0.2747252747252747,0.20833333333333331,0.5,0.5,0.5,0.5
s3m8DgUi6GM.001.mp4,0.711111111111111,0.42718446601941745,0.39252336448598135,0.5274725274725275,0.37499999999999994,0.5,0.5,0.5,0.5
s3m8DgUi6GM.004.mp4,0.5888888888888889,0.4563106796116505,0.48598130841121495,0.3956043956043956,0.3020833333333333,0.5,0.5,0.5,0.5
s6gN_358tk4.001.mp4,0.7999999999999999,0.5533980582524272,0.5140186915887851,0.6153846153846153,0.6875,0.5,0.5,0.5,0.5
s6N1pv5lzrU.002.mp4,0.5333333333333333,0.4368932038834952,0.4485981308411215,0.6043956043956044,0.5625,0.5,0.5,0.5,0.5
s6N1pv5lzrU.003.mp4,0.43333333333333335,0.4951456310679611,0.4392523364485981,0.5604395604395604,0.5208333333333334,0.5,0.5,0.5,0.5
s85T4B1ONWE.005.mp4,0.6888888888888889,0.6213592233009709,0.5046728971962617,0.6483516483516484,0.5416666666666666,0.5,0.5,0.5,0.5
sa7E6SrSmEs.003.mp4,0.7444444444444444,0.5631067961165048,0.6168224299065421,0.5604395604395604,0.6354166666666666,0.5,0.5,0.5,0.5
Sa7iqqSbaTU.000.mp4,0.7555555555555554,0.6213592233009709,0.6261682242990655,0.6483516483516484,0.7083333333333334,0.5,0.5,0.5,0.5
Sa7iqqSbaTU.002.mp4,0.6,0.4951456310679611,0.4112149532710281,0.4835164835164835,0.5104166666666666,0.5,0.5,0.5,0.5
saTSCzI1dKo.004.mp4,0.6222222222222222,0.6504854368932039,0.5794392523364487,0.7142857142857143,0.7291666666666667,0.5,0.5,0.5,0.5
Sb1b8JMVhLs.000.mp4,0.6888888888888889,0.8932038834951456,0.5420560747663552,0.7362637362637363,0.8020833333333334,0.5,0.5,0.5,0.5
Sb1b8JMVhLs.002.mp4,0.7555555555555554,0.8252427184466018,0.6261682242990655,0.7582417582417583,0.875,0.5,0.5,0.5,0.5
Sb1b8JMVhLs.005.mp4,0.7333333333333333,0.6990291262135921,0.6448598130841123,0.6593406593406592,0.6770833333333334,0.5,0.5,0.5,0.5
SBEad3L1Hdc.000.mp4,0.3555555555555556,0.2912621359223301,0.2149532710280374,0.21978021978021975,0.3854166666666667,0.5,0.5,0.5,0.5
SBEad3L1Hdc.001.mp4,0.33333333333333337,0.2912621359223301,0.24299065420560748,0.24175824175824176,0.3125,0.5,0.5,0.5,0.5
SBEad3L1Hdc.003.mp4,0.26666666666666666,0.33980582524271846,0.24299065420560748,0.4395604395604395,0.15624999999999994,0.5,0.5,0.5,0.5
sBHv1jYmZQE.000.mp4,0.45555555555555555,0.30097087378640774,0.35514018691588783,0.31868131868131866,0.32291666666666663,0.5,0.5,0.5,0.5
sBHv1jYmZQE.003.mp4,0.5555555555555556,0.4660194174757281,0.39252336448598135,0.4945054945054945,0.4895833333333333,0.5,0.5,0.5,0.5
sBHv1jYmZQE.004.mp4,0.4777777777777778,0.4368932038834952,0.5233644859813085,0.5824175824175825,0.29166666666666663,0.5,0.5,0.5,0.5
SbtIS7XwkLU.001.mp4,0.6222222222222222,0.4563106796116505,0.5233644859813085,0.4395604395604395,0.53125,0.5,0.5,0.5,0.5
SbtIS7XwkLU.005.mp4,0.4222222222222222,0.5533980582524272,0.35514018691588783,0.4725274725274725,0.37499999999999994,0.5,0.5,0.5,0.5
sBw7VHQ74SY.005.mp4,0.6888888888888889,0.4951456310679611,0.5233644859813085,0.31868131868131866,0.6041666666666666,0.5,0.5,0.5,0.5
scifP1EXSdo.001.mp4,0.5888888888888889,0.7572815533980582,0.5233644859813085,0.7032967032967032,0.6145833333333333,0.5,0.5,0.5,0.5
SCnQFpdklMg.001.mp4,0.4777777777777778,0.5436893203883495,0.5327102803738318,0.5054945054945055,0.5729166666666666,0.5,0.5,0.5,0.5
SCnQFpdklMg.002.mp4,0.7555555555555554,0.7087378640776699,0.6261682242990655,0.7142857142857143,0.7187499999999999,0.5,0.5,0.5,0.5
SCnQFpdklMg.004.mp4,0.5666666666666667,0.4854368932038835,0.36448598130841126,0.4725274725274725,0.5625,0.5,0.5,0.5,0.5
SCnQFpdklMg.005.mp4,0.5666666666666667,0.5339805825242718,0.4018691588785047,0.4505494505494505,0.5625,0.5,0.5,0.5,0.5
SCZLT4fH5B8.000.mp4,0.8444444444444444,0.6310679611650486,0.7102803738317757,0.7142857142857143,0.7500000000000001,0.5,0.5,0.5,0.5
SCZLT4fH5B8.001.mp4,0.5777777777777777,0.4174757281553398,0.33644859813084116,0.4065934065934066,0.4895833333333333,0.5,0.5,0.5,0.5
sDfU1gixDmM.000.mp4,0.3111111111111111,0.6699029126213591,0.17757009345794392,0.3406593406593406,0.45833333333333337,0.5,0.5,0.5,0.5
sDNzrM6N7wA.000.mp4,0.7666666666666666,0.6504854368932039,0.7196261682242993,0.7802197802197802,0.7708333333333334,0.5,0.5,0.5,0.5
sDNzrM6N7wA.003.mp4,0.6555555555555556,0.6213592233009709,0.6448598130841123,0.6923076923076923,0.7291666666666667,0.5,0.5,0.5,0.5
Sdqg-jn_tBk.000.mp4,0.5,0.7475728155339806,0.2710280373831776,0.6263736263736264,0.5416666666666666,0.5,0.5,0.5,0.5
Sdqg-jn_tBk.001.mp4,0.5222222222222223,0.6796116504854369,0.4018691588785047,0.5164835164835165,0.6145833333333333,0.5,0.5,0.5,0.5
Sdqg-jn_tBk.004.mp4,0.5222222222222223,0.7184466019417477,0.47663551401869164,0.7032967032967032,0.5833333333333333,0.5,0.5,0.5,0.5
sduFj_uaZ-w.000.mp4,0.4888888888888889,0.5048543689320388,0.5420560747663552,0.5054945054945055,0.4791666666666667,0.5,0.5,0.5,0.5
sDWJMBZ1mVA.001.mp4,0.26666666666666666,0.33980582524271846,0.14953271028037385,0.2747252747252747,0.25,0.5,0.5,0.5,0.5
sDWJMBZ1mVA.002.mp4,0.22222222222222224,0.2621359223300971,0.10280373831775697,0.32967032967032966,0.13541666666666663,0.5,0.5,0.5,0.5
sDWJMBZ1mVA.003.mp4,0.25555555555555554,0.3203883495145631,0.2897196261682243,0.4945054945054945,0.32291666666666663,0.5,0.5,0.5,0.5
sDWJMBZ1mVA.005.mp4,0.3,0.22330097087378642,0.18691588785046728,0.4285714285714285,0.29166666666666663,0.5,0.5,0.5,0.5
Se3Gts4u1vs.000.mp4,0.43333333333333335,0.4563106796116505,0.4953271028037384,0.3956043956043956,0.4895833333333333,0.5,0.5,0.5,0.5
Se3Gts4u1vs.005.mp4,0.7333333333333333,0.6019417475728155,0.5233644859813085,0.6703296703296703,0.625,0.5,0.5,0.5,0.5
SEELGB_-uWU.001.mp4,0.4888888888888889,0.5242718446601942,0.5327102803738318,0.5274725274725275,0.37499999999999994,0.5,0.5,0.5,0.5
SEELGB_-uWU.002.mp4,0.6,0.3883495145631068,0.6074766355140188,0.5164835164835165,0.5416666666666666,0.5,0.5,0.5,0.5
SEELGB_-uWU.003.mp4,0.4777777777777778,0.4368932038834952,0.37383177570093457,0.4725274725274725,0.4166666666666667,0.5,0.5,0.5,0.5
SEELGB_-uWU.005.mp4,0.4777777777777778,0.3495145631067961,0.4392523364485981,0.4835164835164835,0.42708333333333337,0.5,0.5,0.5,0.5
sf29orxf4X0.000.mp4,0.45555555555555555,0.4368932038834952,0.37383177570093457,0.3516483516483516,0.53125,0.5,0.5,0.5,0.5
sf29orxf4X0.002.mp4,0.4666666666666667,0.30097087378640774,0.30841121495327106,0.31868131868131866,0.5416666666666666,0.5,0.5,0.5,0.5
sf29orxf4X0.003.mp4,0.5444444444444444,0.4466019417475728,0.30841121495327106,0.4285714285714285,0.4166666666666667,0.5,0.5,0.5,0.5
sf8TXpaKnt4.001.mp4,0.23333333333333334,0.24271844660194175,0.29906542056074764,0.30769230769230765,0.22916666666666663,0.5,0.5,0.5,0.5
SfldZBPyPFo.001.mp4,0.22222222222222224,0.3883495145631068,0.2149532710280374,0.31868131868131866,0.2395833333333333,0.5,0.5,0.5,0.5
SfldZBPyPFo.002.mp4,0.26666666666666666,0.30097087378640774,0.1588785046728972,0.2747252747252747,0.15624999999999994,0.5,0.5,0.5,0.5
SfldZBPyPFo.003.mp4,0.26666666666666666,0.4077669902912622,0.28037383177570097,0.4945054945054945,0.3125,0.5,0.5,0.5,0.5
SFRis1tTZWk.002.mp4,0.611111111111111,0.6116504854368932,0.6168224299065421,0.4505494505494505,0.6354166666666666,0.5,0.5,0.5,0.5
SFRis1tTZWk.003.mp4,0.7333333333333333,0.6310679611650486,0.8130841121495327,0.7032967032967032,0.6979166666666666,0.5,0.5,0.5,0.5
SFxiMxHvJuo.000.mp4,0.5,0.4563106796116505,0.3457943925233645,0.4505494505494505,0.4479166666666667,0.5,0.5,0.5,0.5
SFxiMxHvJuo.001.mp4,0.5555555555555556,0.4854368932038835,0.5140186915887851,0.4725274725274725,0.5520833333333334,0.5,0.5,0.5,0.5
SFxiMxHvJuo.005.mp4,0.6888888888888889,0.6504854368932039,0.663551401869159,0.6263736263736264,0.5520833333333334,0.5,0.5,0.5,0.5
SG2QAh_50ek.001.mp4,0.7666666666666666,0.6504854368932039,0.6448598130841123,0.6043956043956044,0.7291666666666667,0.5,0.5,0.5,0.5
SG2QAh_50ek.005.mp4,0.5555555555555556,0.6796116504854369,0.4392523364485981,0.4615384615384615,0.46875,0.5,0.5,0.5,0.5
SgWtBK48AjE.001.mp4,0.6666666666666666,0.5728155339805825,0.5420560747663552,0.6703296703296703,0.6354166666666666,0.5,0.5,0.5,0.5
SgzOYog1pH4.001.mp4,0.5666666666666667,0.7864077669902914,0.588785046728972,0.6703296703296703,0.6979166666666666,0.5,0.5,0.5,0.5
SgzOYog1pH4.003.mp4,0.4777777777777778,0.6504854368932039,0.5327102803738318,0.5274725274725275,0.45833333333333337,0.5,0.5,0.5,0.5
shAhNNV-zHA.000.mp4,0.6777777777777777,0.6019417475728155,0.6542056074766356,0.5384615384615384,0.6145833333333333,0.5,0.5,0.5,0.5
shAhNNV-zHA.001.mp4,0.6,0.6699029126213591,0.4392523364485981,0.5604395604395604,0.45833333333333337,0.5,0.5,0.5,0.5
shAhNNV-zHA.002.mp4,0.7222222222222221,0.6407766990291262,0.5607476635514019,0.5604395604395604,0.8020833333333334,0.5,0.5,0.5,0.5
shAhNNV-zHA.004.mp4,0.6777777777777777,0.7281553398058251,0.5794392523364487,0.5054945054945055,0.6145833333333333,0.5,0.5,0.5,0.5
shAhNNV-zHA.005.mp4,0.6444444444444444,0.6213592233009709,0.6728971962616823,0.5604395604395604,0.6979166666666666,0.5,0.5,0.5,0.5
shEsu57CYnA.001.mp4,0.3111111111111111,0.3980582524271845,0.29906542056074764,0.4285714285714285,0.3020833333333333,0.5,0.5,0.5,0.5
shEsu57CYnA.002.mp4,0.6333333333333333,0.4660194174757281,0.6542056074766356,0.5824175824175825,0.7083333333333334,0.5,0.5,0.5,0.5
shEsu57CYnA.003.mp4,0.5666666666666667,0.3300970873786408,0.4672897196261683,0.4945054945054945,0.34374999999999994,0.5,0.5,0.5,0.5
shEsu57CYnA.004.mp4,0.6777777777777777,0.5825242718446602,0.6822429906542057,0.6483516483516484,0.7395833333333333,0.5,0.5,0.5,0.5
shEsu57CYnA.005.mp4,0.5666666666666667,0.5922330097087379,0.5327102803738318,0.4945054945054945,0.5416666666666666,0.5,0.5,0.5,0.5
Shf0JB_MutI.001.mp4,0.5222222222222223,0.6019417475728155,0.5607476635514019,0.6593406593406592,0.4895833333333333,0.5,0.5,0.5,0.5
shQmRW4CrGE.000.mp4,0.4444444444444445,0.36893203883495146,0.5607476635514019,0.5054945054945055,0.5,0.5,0.5,0.5,0.5
shtirfEzWFA.000.mp4,0.34444444444444444,0.30097087378640774,0.37383177570093457,0.5164835164835165,0.28125,0.5,0.5,0.5,0.5
shtirfEzWFA.001.mp4,0.6222222222222222,0.4368932038834952,0.5514018691588786,0.5494505494505494,0.4375,0.5,0.5,0.5,0.5
shtirfEzWFA.002.mp4,0.41111111111111115,0.3883495145631068,0.25233644859813087,0.3846153846153846,0.2708333333333333,0.5,0.5,0.5,0.5
shV5Fbzn9pw.002.mp4,0.6222222222222222,0.7184466019417477,0.5140186915887851,0.5714285714285714,0.5520833333333334,0.5,0.5,0.5,0.5
shV5Fbzn9pw.003.mp4,0.5222222222222223,0.6504854368932039,0.38317757009345793,0.5714285714285714,0.34374999999999994,0.5,0.5,0.5,0.5
sHVXhr7_EOs.002.mp4,0.33333333333333337,0.4854368932038835,0.3457943925233645,0.29670329670329665,0.35416666666666663,0.5,0.5,0.5,0.5
sHVXhr7_EOs.003.mp4,0.33333333333333337,0.2524271844660194,0.2710280373831776,0.3516483516483516,0.2604166666666667,0.5,0.5,0.5,0.5
SI93csgHMTk.004.mp4,0.611111111111111,0.3980582524271845,0.4299065420560748,0.4285714285714285,0.3333333333333333,0.5,0.5,0.5,0.5
si_gZCrLa4A.001.mp4,0.4888888888888889,0.2912621359223301,0.3177570093457944,0.5274725274725275,0.5520833333333334,0.5,0.5,0.5,0.5
si_gZCrLa4A.002.mp4,0.4888888888888889,0.2912621359223301,0.29906542056074764,0.4725274725274725,0.34374999999999994,0.5,0.5,0.5,0.5
si_gZCrLa4A.005.mp4,0.5,0.35922330097087385,0.4579439252336449,0.4285714285714285,0.45833333333333337,0.5,0.5,0.5,0.5
siEnTktB4lQ.001.mp4,0.7,0.3883495145631068,0.29906542056074764,0.5164835164835165,0.4375,0.5,0.5,0.5,0.5
siEnTktB4lQ.002.mp4,0.5666666666666667,0.4174757281553398,0.3177570093457944,0.4615384615384615,0.3125,0.5,0.5,0.5,0.5
siEnTktB4lQ.004.mp4,0.5,0.4660194174757281,0.36448598130841126,0.4175824175824176,0.35416666666666663,0.5,0.5,0.5,0.5
sIfHl2N8Hkg.004.mp4,0.34444444444444444,0.31067961165048547,0.2897196261682243,0.4175824175824176,0.21874999999999997,0.5,0.5,0.5,0.5
simc6hmrUOE.000.mp4,0.45555555555555555,0.5048543689320388,0.4485981308411215,0.4505494505494505,0.4791666666666667,0.5,0.5,0.5,0.5
simc6hmrUOE.005.mp4,0.4,0.42718446601941745,0.24299065420560748,0.4285714285714285,0.40625000000000006,0.5,0.5,0.5,0.5
SIpQm4G4DDg.000.mp4,0.3666666666666667,0.35922330097087385,0.30841121495327106,0.3956043956043956,0.3645833333333333,0.5,0.5,0.5,0.5
SIpQm4G4DDg.004.mp4,0.3777777777777778,0.4077669902912622,0.3177570093457944,0.4615384615384615,0.5104166666666666,0.5,0.5,0.5,0.5
SkNO4x-LSgE.004.mp4,0.5333333333333333,0.42718446601941745,0.3457943925233645,0.5714285714285714,0.5,0.5,0.5,0.5,0.5
SkNO4x-LSgE.005.mp4,0.5888888888888889,0.4077669902912622,0.4672897196261683,0.5164835164835165,0.53125,0.5,0.5,0.5,0.5
slE2PWIwzus.002.mp4,0.7777777777777777,0.7766990291262136,0.6355140186915887,0.7472527472527474,0.7187499999999999,0.5,0.5,0.5,0.5
SM0i7RkOjPk.000.mp4,0.4222222222222222,0.4951456310679611,0.3457943925233645,0.3846153846153846,0.40625000000000006,0.5,0.5,0.5,0.5
SM0i7RkOjPk.005.mp4,0.32222222222222224,0.3786407766990291,0.36448598130841126,0.5274725274725275,0.4166666666666667,0.5,0.5,0.5,0.5
sNPK8f4FSfo.001.mp4,0.7999999999999999,0.6116504854368932,0.7009345794392524,0.6483516483516484,0.6979166666666666,0.5,0.5,0.5,0.5
sNs4yCA11wk.000.mp4,0.7888888888888888,0.7378640776699029,0.6822429906542057,0.7692307692307692,0.65625,0.5,0.5,0.5,0.5
sNs4yCA11wk.001.mp4,0.6222222222222222,0.7378640776699029,0.794392523364486,0.7582417582417583,0.7916666666666667,0.5,0.5,0.5,0.5
sNs4yCA11wk.002.mp4,0.5777777777777777,0.6796116504854369,0.7009345794392524,0.7362637362637363,0.59375,0.5,0.5,0.5,0.5
sNs4yCA11wk.003.mp4,0.8333333333333333,0.7864077669902914,0.663551401869159,0.7362637362637363,0.7187499999999999,0.5,0.5,0.5,0.5
sNs4yCA11wk.005.mp4,0.5777777777777777,0.6893203883495147,0.5514018691588786,0.6043956043956044,0.7187499999999999,0.5,0.5,0.5,0.5
sntohi33U5s.000.mp4,0.6444444444444444,0.6893203883495147,0.6728971962616823,0.6263736263736264,0.7500000000000001,0.5,0.5,0.5,0.5
sntohi33U5s.001.mp4,0.711111111111111,0.5922330097087379,0.6355140186915887,0.6373626373626373,0.6458333333333333,0.5,0.5,0.5,0.5
sntohi33U5s.004.mp4,0.7333333333333333,0.7475728155339806,0.6822429906542057,0.6373626373626373,0.6145833333333333,0.5,0.5,0.5,0.5
sntohi33U5s.005.mp4,0.5222222222222223,0.5728155339805825,0.5981308411214954,0.4725274725274725,0.5833333333333333,0.5,0.5,0.5,0.5
SoHlnvNirJg.001.mp4,0.6888888888888889,0.4660194174757281,0.6074766355140188,0.7472527472527474,0.6041666666666666,0.5,0.5,0.5,0.5
sOkGz6gEmGk.000.mp4,0.711111111111111,0.6699029126213591,0.6168224299065421,0.824175824175824,0.625,0.5,0.5,0.5,0.5
sOkGz6gEmGk.001.mp4,0.4777777777777778,0.5048543689320388,0.35514018691588783,0.5054945054945055,0.3645833333333333,0.5,0.5,0.5,0.5
sOkGz6gEmGk.002.mp4,0.4,0.4466019417475728,0.3457943925233645,0.4285714285714285,0.37499999999999994,0.5,0.5,0.5,0.5
sOkGz6gEmGk.003.mp4,0.7333333333333333,0.5922330097087379,0.6355140186915887,0.7912087912087912,0.6666666666666667,0.5,0.5,0.5,0.5
SOxdUtjGmAo.001.mp4,0.5777777777777777,0.6407766990291262,0.4392523364485981,0.6263736263736264,0.5833333333333333,0.5,0.5,0.5,0.5
SOxdUtjGmAo.002.mp4,0.4777777777777778,0.6601941747572816,0.47663551401869164,0.4285714285714285,0.6145833333333333,0.5,0.5,0.5,0.5
SOxdUtjGmAo.003.mp4,0.6444444444444444,0.6893203883495147,0.6355140186915887,0.5274725274725275,0.7395833333333333,0.5,0.5,0.5,0.5
SPD5fXHVyIk.002.mp4,0.6444444444444444,0.6019417475728155,0.5700934579439253,0.6373626373626373,0.5104166666666666,0.5,0.5,0.5,0.5
SPD5fXHVyIk.004.mp4,0.4777777777777778,0.4660194174757281,0.4392523364485981,0.4395604395604395,0.3645833333333333,0.5,0.5,0.5,0.5
sPMNhG1Sehc.004.mp4,0.6,0.4660194174757281,0.3177570093457944,0.4285714285714285,0.4791666666666667,0.5,0.5,0.5,0.5
sPMNhG1Sehc.005.mp4,0.6333333333333333,0.4660194174757281,0.33644859813084116,0.4505494505494505,0.4166666666666667,0.5,0.5,0.5,0.5
SPpox8EGQqU.001.mp4,0.611111111111111,0.5145631067961165,0.588785046728972,0.5274725274725275,0.6354166666666666,0.5,0.5,0.5,0.5
sqnW6xXYTKg.000.mp4,0.5666666666666667,0.3786407766990291,0.4579439252336449,0.5604395604395604,0.45833333333333337,0.5,0.5,0.5,0.5
sqnW6xXYTKg.001.mp4,0.3,0.35922330097087385,0.39252336448598135,0.5494505494505494,0.3333333333333333,0.5,0.5,0.5,0.5
sqnW6xXYTKg.002.mp4,0.4888888888888889,0.4174757281553398,0.4672897196261683,0.5164835164835165,0.53125,0.5,0.5,0.5,0.5
sqnW6xXYTKg.003.mp4,0.7333333333333333,0.5825242718446602,0.663551401869159,0.6373626373626373,0.6458333333333333,0.5,0.5,0.5,0.5
squHxV3QXlQ.002.mp4,0.6666666666666666,0.47572815533980584,0.4672897196261683,0.6153846153846153,0.5104166666666666,0.5,0.5,0.5,0.5
SR1Q5M2urxY.003.mp4,0.7666666666666666,0.47572815533980584,0.5140186915887851,0.4835164835164835,0.39583333333333337,0.5,0.5,0.5,0.5
SR1Q5M2urxY.004.mp4,0.6333333333333333,0.5825242718446602,0.5140186915887851,0.6043956043956044,0.5625,0.5,0.5,0.5,0.5
SRjhmQTPOmA.002.mp4,0.5555555555555556,0.6796116504854369,0.29906542056074764,0.6043956043956044,0.4895833333333333,0.5,0.5,0.5,0.5
SRjhmQTPOmA.004.mp4,0.4666666666666667,0.5339805825242718,0.26168224299065423,0.6153846153846153,0.53125,0.5,0.5,0.5,0.5
SRjhmQTPOmA.005.mp4,0.4444444444444445,0.7378640776699029,0.30841121495327106,0.6263736263736264,0.46875,0.5,0.5,0.5,0.5
sRuO_Fz3eog.004.mp4,0.5777777777777777,0.7281553398058251,0.33644859813084116,0.5934065934065933,0.4791666666666667,0.5,0.5,0.5,0.5
SsoZjq7x4MA.000.mp4,0.6,0.3300970873786408,0.4579439252336449,0.32967032967032966,0.42708333333333337,0.5,0.5,0.5,0.5
SsoZjq7x4MA.004.mp4,0.6222222222222222,0.4660194174757281,0.6728971962616823,0.6263736263736264,0.6041666666666666,0.5,0.5,0.5,0.5
sSR1a5XW7n4.001.mp4,0.4777777777777778,0.5631067961165048,0.36448598130841126,0.5494505494505494,0.6458333333333333,0.5,0.5,0.5,0.5
sSR1a5XW7n4.002.mp4,0.4777777777777778,0.6116504854368932,0.4485981308411215,0.7142857142857143,0.625,0.5,0.5,0.5,0.5
ssxo35zmKWQ.001.mp4,0.5,0.7766990291262136,0.48598130841121495,0.6813186813186812,0.6770833333333334,0.5,0.5,0.5,0.5
ssxo35zmKWQ.002.mp4,0.6222222222222222,0.8058252427184466,0.3457943925233645,0.7252747252747254,0.65625,0.5,0.5,0.5,0.5
ssxo35zmKWQ.003.mp4,0.45555555555555555,0.8155339805825244,0.36448598130841126,0.7692307692307692,0.625,0.5,0.5,0.5,0.5
ssxo35zmKWQ.004.mp4,0.5777777777777777,0.7378640776699029,0.37383177570093457,0.5934065934065933,0.59375,0.5,0.5,0.5,0.5
ssxo35zmKWQ.005.mp4,0.3555555555555556,0.7475728155339806,0.2710280373831776,0.5824175824175825,0.5520833333333334,0.5,0.5,0.5,0.5
sSYCMN-WHmI.000.mp4,0.611111111111111,0.5728155339805825,0.5981308411214954,0.7252747252747254,0.625,0.5,0.5,0.5,0.5
struoSVUsUg.002.mp4,0.7444444444444444,0.4854368932038835,0.7009345794392524,0.5824175824175825,0.7395833333333333,0.5,0.5,0.5,0.5
struoSVUsUg.005.mp4,0.7,0.5533980582524272,0.6168224299065421,0.7142857142857143,0.8645833333333334,0.5,0.5,0.5,0.5
sTUJhj154Sc.002.mp4,0.5222222222222223,0.3495145631067961,0.25233644859813087,0.4945054945054945,0.37499999999999994,0.5,0.5,0.5,0.5
sTUJhj154Sc.003.mp4,0.7888888888888888,0.5339805825242718,0.6448598130841123,0.5164835164835165,0.6770833333333334,0.5,0.5,0.5,0.5
sTUJhj154Sc.005.mp4,0.6333333333333333,0.36893203883495146,0.4205607476635514,0.5824175824175825,0.35416666666666663,0.5,0.5,0.5,0.5
SUI6WNryjqw.000.mp4,0.8444444444444444,0.5145631067961165,0.691588785046729,0.5274725274725275,0.6770833333333334,0.5,0.5,0.5,0.5
SUI6WNryjqw.002.mp4,0.7555555555555554,0.5825242718446602,0.6355140186915887,0.6593406593406592,0.6770833333333334,0.5,0.5,0.5,0.5
SUI6WNryjqw.003.mp4,0.7777777777777777,0.6019417475728155,0.6074766355140188,0.4285714285714285,0.5625,0.5,0.5,0.5,0.5
SUY_HDzgvGA.003.mp4,0.4222222222222222,0.6893203883495147,0.26168224299065423,0.3956043956043956,0.4791666666666667,0.5,0.5,0.5,0.5
SxKLweLx_ZE.000.mp4,0.3555555555555556,0.3786407766990291,0.2897196261682243,0.4285714285714285,0.22916666666666663,0.5,0.5,0.5,0.5
SxRNdq2nGN0.000.mp4,0.4777777777777778,0.4368932038834952,0.48598130841121495,0.5824175824175825,0.6354166666666666,0.5,0.5,0.5,0.5
SxRNdq2nGN0.001.mp4,0.5666666666666667,0.42718446601941745,0.38317757009345793,0.4725274725274725,0.53125,0.5,0.5,0.5,0.5
SxRNdq2nGN0.002.mp4,0.5666666666666667,0.5048543689320388,0.5046728971962617,0.4065934065934066,0.6770833333333334,0.5,0.5,0.5,0.5
sY4urmZmhJA.002.mp4,0.5666666666666667,0.2912621359223301,0.4579439252336449,0.5494505494505494,0.3020833333333333,0.5,0.5,0.5,0.5
SyaRn3MHEIE.003.mp4,0.611111111111111,0.5825242718446602,0.5420560747663552,0.5164835164835165,0.4895833333333333,0.5,0.5,0.5,0.5
SyaRn3MHEIE.004.mp4,0.6222222222222222,0.4563106796116505,0.48598130841121495,0.4725274725274725,0.6145833333333333,0.5,0.5,0.5,0.5
syAUKJMQWeo.001.mp4,0.4444444444444445,0.27184466019417475,0.4018691588785047,0.4505494505494505,0.34374999999999994,0.5,0.5,0.5,0.5
SYlV95nPTPs.001.mp4,0.3666666666666667,0.4174757281553398,0.3177570093457944,0.4835164835164835,0.4479166666666667,0.5,0.5,0.5,0.5
syTTeox8Yaw.002.mp4,0.611111111111111,0.4951456310679611,0.39252336448598135,0.5164835164835165,0.46875,0.5,0.5,0.5,0.5
syTTeox8Yaw.003.mp4,0.5222222222222223,0.5145631067961165,0.39252336448598135,0.5054945054945055,0.5833333333333333,0.5,0.5,0.5,0.5
T-mK85acIOc.004.mp4,0.611111111111111,0.42718446601941745,0.5700934579439253,0.4835164835164835,0.6770833333333334,0.5,0.5,0.5,0.5
T-mK85acIOc.005.mp4,0.4888888888888889,0.42718446601941745,0.5140186915887851,0.5164835164835165,0.4375,0.5,0.5,0.5,0.5
t0_DAgeU4nM.002.mp4,0.5222222222222223,0.47572815533980584,0.4299065420560748,0.6043956043956044,0.5833333333333333,0.5,0.5,0.5,0.5
t0_DAgeU4nM.003.mp4,0.5666666666666667,0.3980582524271845,0.588785046728972,0.6043956043956044,0.6770833333333334,0.5,0.5,0.5,0.5
t0AupkXkkZw.001.mp4,0.711111111111111,0.4854368932038835,0.6355140186915887,0.6263736263736264,0.6875,0.5,0.5,0.5,0.5
t0AupkXkkZw.003.mp4,0.7888888888888888,0.6310679611650486,0.7196261682242993,0.6153846153846153,0.65625,0.5,0.5,0.5,0.5
t0AupkXkkZw.004.mp4,0.5555555555555556,0.47572815533980584,0.5420560747663552,0.4505494505494505,0.5729166666666666,0.5,0.5,0.5,0.5
t0AupkXkkZw.005.mp4,0.7444444444444444,0.6504854368932039,0.6074766355140188,0.6043956043956044,0.6770833333333334,0.5,0.5,0.5,0.5
T0drx76OLAc.000.mp4,0.5666666666666667,0.4077669902912622,0.5140186915887851,0.4395604395604395,0.4791666666666667,0.5,0.5,0.5,0.5
T1--98_78ns.003.mp4,0.6444444444444444,0.5048543689320388,0.47663551401869164,0.5604395604395604,0.6145833333333333,0.5,0.5,0.5,0.5
T1_6sVNHG70.000.mp4,0.5666666666666667,0.31067961165048547,0.37383177570093457,0.5934065934065933,0.4791666666666667,0.5,0.5,0.5,0.5
T1_6sVNHG70.001.mp4,0.4888888888888889,0.3883495145631068,0.4392523364485981,0.5054945054945055,0.5,0.5,0.5,0.5,0.5
T1_6sVNHG70.005.mp4,0.4444444444444445,0.47572815533980584,0.4299065420560748,0.3956043956043956,0.45833333333333337,0.5,0.5,0.5,0.5
t1PKNXE-IiM.000.mp4,0.6444444444444444,0.7281553398058251,0.663551401869159,0.5604395604395604,0.625,0.5,0.5,0.5,0.5
t1PKNXE-IiM.001.mp4,0.5555555555555556,0.6213592233009709,0.6448598130841123,0.6043956043956044,0.5208333333333334,0.5,0.5,0.5,0.5
t1PKNXE-IiM.005.mp4,0.7999999999999999,0.6213592233009709,0.6728971962616823,0.6373626373626373,0.7812499999999999,0.5,0.5,0.5,0.5
T1tJTwlGqOM.000.mp4,0.43333333333333335,0.4660194174757281,0.47663551401869164,0.6373626373626373,0.4895833333333333,0.5,0.5,0.5,0.5
T1tJTwlGqOM.001.mp4,0.6,0.4660194174757281,0.5327102803738318,0.7032967032967032,0.5104166666666666,0.5,0.5,0.5,0.5
T1tJTwlGqOM.004.mp4,0.6444444444444444,0.4368932038834952,0.37383177570093457,0.5494505494505494,0.40625000000000006,0.5,0.5,0.5,0.5
T1tJTwlGqOM.005.mp4,0.5,0.33980582524271846,0.4485981308411215,0.6043956043956044,0.39583333333333337,0.5,0.5,0.5,0.5
t30ERiF6b50.000.mp4,0.7555555555555554,0.6990291262135921,0.5794392523364487,0.7582417582417583,0.6979166666666666,0.5,0.5,0.5,0.5
t30ERiF6b50.003.mp4,0.5444444444444444,0.42718446601941745,0.4672897196261683,0.5604395604395604,0.6666666666666667,0.5,0.5,0.5,0.5
t3A2UMN3JeE.000.mp4,0.7,0.5436893203883495,0.5607476635514019,0.6043956043956044,0.6145833333333333,0.5,0.5,0.5,0.5
t3A2UMN3JeE.002.mp4,0.5444444444444444,0.6116504854368932,0.47663551401869164,0.6373626373626373,0.6458333333333333,0.5,0.5,0.5,0.5
t3A2UMN3JeE.003.mp4,0.5333333333333333,0.4368932038834952,0.5420560747663552,0.4835164835164835,0.59375,0.5,0.5,0.5,0.5
T3v3-2tvV0s.000.mp4,0.45555555555555555,0.4077669902912622,0.29906542056074764,0.5164835164835165,0.34374999999999994,0.5,0.5,0.5,0.5
T4eZ81aJwJI.000.mp4,0.6222222222222222,0.6019417475728155,0.47663551401869164,0.6153846153846153,0.45833333333333337,0.5,0.5,0.5,0.5
T4eZ81aJwJI.003.mp4,0.5111111111111111,0.5825242718446602,0.39252336448598135,0.5714285714285714,0.39583333333333337,0.5,0.5,0.5,0.5
T4eZ81aJwJI.004.mp4,0.7777777777777777,0.5825242718446602,0.5046728971962617,0.6263736263736264,0.4479166666666667,0.5,0.5,0.5,0.5
T4eZ81aJwJI.005.mp4,0.5,0.4660194174757281,0.4018691588785047,0.5494505494505494,0.45833333333333337,0.5,0.5,0.5,0.5
t6-ljEWQjW8.000.mp4,0.41111111111111115,0.1941747572815534,0.2897196261682243,0.3626373626373627,0.40625000000000006,0.5,0.5,0.5,0.5
t6-ljEWQjW8.002.mp4,0.45555555555555555,0.4077669902912622,0.29906542056074764,0.4395604395604395,0.3854166666666667,0.5,0.5,0.5,0.5
t6-ljEWQjW8.005.mp4,0.6,0.36893203883495146,0.29906542056074764,0.4395604395604395,0.46875,0.5,0.5,0.5,0.5
T6CMGXdPUTA.000.mp4,0.6,0.7475728155339806,0.5514018691588786,0.6373626373626373,0.625,0.5,0.5,0.5,0.5
T6CMGXdPUTA.001.mp4,0.6333333333333333,0.5631067961165048,0.8037383177570094,0.6593406593406592,0.625,0.5,0.5,0.5,0.5
T6CMGXdPUTA.002.mp4,0.7222222222222221,0.5631067961165048,0.6448598130841123,0.6373626373626373,0.6875,0.5,0.5,0.5,0.5
t899haDGi38.002.mp4,0.9111111111111111,0.6407766990291262,0.7196261682242993,0.835164835164835,0.65625,0.5,0.5,0.5,0.5
t899haDGi38.003.mp4,0.811111111111111,0.7087378640776699,0.5700934579439253,0.6813186813186812,0.7500000000000001,0.5,0.5,0.5,0.5
t899haDGi38.004.mp4,0.6666666666666666,0.7378640776699029,0.5794392523364487,0.6483516483516484,0.7083333333333334,0.5,0.5,0.5,0.5
t899haDGi38.005.mp4,0.6777777777777777,0.7961165048543688,0.4953271028037384,0.5934065934065933,0.65625,0.5,0.5,0.5,0.5
T8ibN-b3h7Y.001.mp4,0.6444444444444444,0.5922330097087379,0.6822429906542057,0.5054945054945055,0.6770833333333334,0.5,0.5,0.5,0.5
t9wFHk9TM-U.002.mp4,0.5,0.5145631067961165,0.3457943925233645,0.4835164835164835,0.29166666666666663,0.5,0.5,0.5,0.5
t9wFHk9TM-U.003.mp4,0.38888888888888895,0.6407766990291262,0.24299065420560748,0.4945054945054945,0.2395833333333333,0.5,0.5,0.5,0.5
T9xSEBSaL7Q.003.mp4,0.45555555555555555,0.5048543689320388,0.4672897196261683,0.4945054945054945,0.5,0.5,0.5,0.5,0.5
T_X16g5ExgE.005.mp4,0.6333333333333333,0.7572815533980582,0.5700934579439253,0.6483516483516484,0.5729166666666666,0.5,0.5,0.5,0.5
Tad9Q9OFjJw.002.mp4,0.611111111111111,0.27184466019417475,0.4579439252336449,0.4945054945054945,0.53125,0.5,0.5,0.5,0.5
Tad9Q9OFjJw.003.mp4,0.7222222222222221,0.5436893203883495,0.37383177570093457,0.6043956043956044,0.59375,0.5,0.5,0.5,0.5
Tad9Q9OFjJw.004.mp4,0.5888888888888889,0.4368932038834952,0.2710280373831776,0.5494505494505494,0.625,0.5,0.5,0.5,0.5
TaL5JleXDP8.003.mp4,0.7888888888888888,0.7184466019417477,0.5420560747663552,0.5824175824175825,0.6458333333333333,0.5,0.5,0.5,0.5
TaL5JleXDP8.005.mp4,0.5444444444444444,0.6310679611650486,0.5607476635514019,0.5604395604395604,0.6145833333333333,0.5,0.5,0.5,0.5
taSAaWKcmTw.000.mp4,0.6555555555555556,0.6990291262135921,0.36448598130841126,0.6703296703296703,0.59375,0.5,0.5,0.5,0.5
taSAaWKcmTw.002.mp4,0.6666666666666666,0.7864077669902914,0.5420560747663552,0.6593406593406592,0.59375,0.5,0.5,0.5,0.5
taSAaWKcmTw.004.mp4,0.6,0.47572815533980584,0.24299065420560748,0.5274725274725275,0.4166666666666667,0.5,0.5,0.5,0.5
taSAaWKcmTw.005.mp4,0.45555555555555555,0.4951456310679611,0.29906542056074764,0.4725274725274725,0.46875,0.5,0.5,0.5,0.5
TaTMtWvSmu4.000.mp4,0.4888888888888889,0.7087378640776699,0.4953271028037384,0.7142857142857143,0.5833333333333333,0.5,0.5,0.5,0.5
TaTMtWvSmu4.001.mp4,0.5333333333333333,0.6504854368932039,0.5420560747663552,0.6153846153846153,0.5416666666666666,0.5,0.5,0.5,0.5
TaTMtWvSmu4.003.mp4,0.6222222222222222,0.5922330097087379,0.48598130841121495,0.6373626373626373,0.625,0.5,0.5,0.5,0.5
TaTMtWvSmu4.004.mp4,0.6333333333333333,0.7378640776699029,0.5420560747663552,0.824175824175824,0.6458333333333333,0.5,0.5,0.5,0.5
tBQlU4_cIS0.000.mp4,0.33333333333333337,0.11650485436893207,0.2336448598130841,0.4395604395604395,0.1666666666666666,0.5,0.5,0.5,0.5
Tch2Bt9b8AY.001.mp4,0.6222222222222222,0.6699029126213591,0.5607476635514019,0.6373626373626373,0.5208333333333334,0.5,0.5,0.5,0.5
tcmYlyeqwuI.003.mp4,0.41111111111111115,0.35922330097087385,0.36448598130841126,0.5164835164835165,0.3020833333333333,0.5,0.5,0.5,0.5
tcmYlyeqwuI.004.mp4,0.5,0.4854368932038835,0.4579439252336449,0.6593406593406592,0.4479166666666667,0.5,0.5,0.5,0.5
tCnfvBwWVKw.000.mp4,0.6,0.6796116504854369,0.48598130841121495,0.6593406593406592,0.6354166666666666,0.5,0.5,0.5,0.5
tCnfvBwWVKw.002.mp4,0.6444444444444444,0.6019417475728155,0.5514018691588786,0.5604395604395604,0.7395833333333333,0.5,0.5,0.5,0.5
tCnfvBwWVKw.003.mp4,0.6222222222222222,0.6407766990291262,0.4672897196261683,0.5054945054945055,0.5520833333333334,0.5,0.5,0.5,0.5
TCzYD74Xqe8.000.mp4,0.6444444444444444,0.5145631067961165,0.5420560747663552,0.5054945054945055,0.53125,0.5,0.5,0.5,0.5
TCzYD74Xqe8.002.mp4,0.5555555555555556,0.4660194174757281,0.5233644859813085,0.7802197802197802,0.5729166666666666,0.5,0.5,0.5,0.5
TD2jIXMD-SM.001.mp4,0.5444444444444444,0.6116504854368932,0.37383177570093457,0.4835164835164835,0.3645833333333333,0.5,0.5,0.5,0.5
TD2jIXMD-SM.002.mp4,0.45555555555555555,0.5825242718446602,0.38317757009345793,0.4835164835164835,0.45833333333333337,0.5,0.5,0.5,0.5
TD2jIXMD-SM.005.mp4,0.5888888888888889,0.6019417475728155,0.4392523364485981,0.5714285714285714,0.4479166666666667,0.5,0.5,0.5,0.5
TD3H2DOSi1Y.001.mp4,0.6777777777777777,0.6213592233009709,0.4953271028037384,0.6703296703296703,0.625,0.5,0.5,0.5,0.5
TEGJrmNFvXY.001.mp4,0.6333333333333333,0.5339805825242718,0.4392523364485981,0.5824175824175825,0.35416666666666663,0.5,0.5,0.5,0.5
TEGJrmNFvXY.004.mp4,0.4666666666666667,0.5339805825242718,0.4579439252336449,0.5714285714285714,0.5208333333333334,0.5,0.5,0.5,0.5
TeNC9wOhlXM.000.mp4,0.6666666666666666,0.5728155339805825,0.7757009345794394,0.6593406593406592,0.6458333333333333,0.5,0.5,0.5,0.5
tepWDnvIuRg.001.mp4,0.5777777777777777,0.5339805825242718,0.5607476635514019,0.7912087912087912,0.5833333333333333,0.5,0.5,0.5,0.5
tepWDnvIuRg.002.mp4,0.4777777777777778,0.5145631067961165,0.4485981308411215,0.4395604395604395,0.4479166666666667,0.5,0.5,0.5,0.5
tepWDnvIuRg.003.mp4,0.711111111111111,0.5533980582524272,0.5514018691588786,0.7142857142857143,0.7395833333333333,0.5,0.5,0.5,0.5
tepWDnvIuRg.004.mp4,0.7555555555555554,0.4660194174757281,0.5327102803738318,0.7032967032967032,0.6354166666666666,0.5,0.5,0.5,0.5
tepWDnvIuRg.005.mp4,0.5444444444444444,0.4951456310679611,0.2710280373831776,0.4505494505494505,0.3854166666666667,0.5,0.5,0.5,0.5
tEQEKN07KgQ.000.mp4,0.26666666666666666,0.47572815533980584,0.24299065420560748,0.5054945054945055,0.3020833333333333,0.5,0.5,0.5,0.5
tEQEKN07KgQ.001.mp4,0.45555555555555555,0.36893203883495146,0.20560747663551404,0.5384615384615384,0.3020833333333333,0.5,0.5,0.5,0.5
tEQEKN07KgQ.003.mp4,0.3555555555555556,0.35922330097087385,0.2336448598130841,0.4615384615384615,0.3020833333333333,0.5,0.5,0.5,0.5
tEQEKN07KgQ.004.mp4,0.28888888888888886,0.35922330097087385,0.3457943925233645,0.4395604395604395,0.3854166666666667,0.5,0.5,0.5,0.5
tEQEKN07KgQ.005.mp4,0.41111111111111115,0.3495145631067961,0.28037383177570097,0.4615384615384615,0.3125,0.5,0.5,0.5,0.5
teRgvZ63_2I.001.mp4,0.711111111111111,0.6796116504854369,0.7009345794392524,0.6153846153846153,0.6041666666666666,0.5,0.5,0.5,0.5
teRgvZ63_2I.003.mp4,0.6555555555555556,0.6893203883495147,0.6448598130841123,0.4615384615384615,0.65625,0.5,0.5,0.5,0.5
tg0i-zxvQXk.000.mp4,0.5333333333333333,0.35922330097087385,0.35514018691588783,0.3516483516483516,0.5520833333333334,0.5,0.5,0.5,0.5
Tg8a_iNEamM.000.mp4,0.16666666666666669,0.22330097087378642,0.12149532710280371,0.23076923076923075,0.19791666666666666,0.5,0.5,0.5,0.5
Tg8a_iNEamM.005.mp4,0.3666666666666667,0.36893203883495146,0.28037383177570097,0.2747252747252747,0.29166666666666663,0.5,0.5,0.5,0.5
tGHOYmQHZUc.001.mp4,0.5222222222222223,0.3883495145631068,0.37383177570093457,0.4065934065934066,0.3333333333333333,0.5,0.5,0.5,0.5
THO-md3eEkA.000.mp4,0.32222222222222224,0.3786407766990291,0.30841121495327106,0.3736263736263736,0.2395833333333333,0.5,0.5,0.5,0.5
THO-md3eEkA.003.mp4,0.3111111111111111,0.33980582524271846,0.29906542056074764,0.4945054945054945,0.29166666666666663,0.5,0.5,0.5,0.5
THO-md3eEkA.004.mp4,0.3111111111111111,0.3495145631067961,0.3177570093457944,0.32967032967032966,0.40625000000000006,0.5,0.5,0.5,0.5
tHYxFw-7po8.001.mp4,0.5444444444444444,0.4951456310679611,0.5794392523364487,0.6813186813186812,0.6145833333333333,0.5,0.5,0.5,0.5
TiQF5QduRNE.003.mp4,0.2,0.31067961165048547,0.29906542056074764,0.4285714285714285,0.19791666666666666,0.5,0.5,0.5,0.5
TIRrlL71dEQ.000.mp4,0.45555555555555555,0.4077669902912622,0.38317757009345793,0.3956043956043956,0.40625000000000006,0.5,0.5,0.5,0.5
TIRrlL71dEQ.005.mp4,0.43333333333333335,0.4077669902912622,0.5140186915887851,0.5494505494505494,0.4791666666666667,0.5,0.5,0.5,0.5
tiVKJWLzmk4.000.mp4,0.6333333333333333,0.5242718446601942,0.47663551401869164,0.4835164835164835,0.5104166666666666,0.5,0.5,0.5,0.5
tiVKJWLzmk4.001.mp4,0.711111111111111,0.6407766990291262,0.5046728971962617,0.5604395604395604,0.5833333333333333,0.5,0.5,0.5,0.5
tiVKJWLzmk4.004.mp4,0.7,0.6213592233009709,0.5981308411214954,0.5824175824175825,0.6770833333333334,0.5,0.5,0.5,0.5
TJD__22fOr0.000.mp4,0.5555555555555556,0.4563106796116505,0.5700934579439253,0.7582417582417583,0.5,0.5,0.5,0.5,0.5
TJJJfJfj46M.001.mp4,0.32222222222222224,0.18446601941747573,0.35514018691588783,0.4835164835164835,0.3854166666666667,0.5,0.5,0.5,0.5
Tm44tg1zPwU.004.mp4,0.4666666666666667,0.7184466019417477,0.37383177570093457,0.5054945054945055,0.5729166666666666,0.5,0.5,0.5,0.5
TmpP2fXeVtk.000.mp4,0.5888888888888889,0.33980582524271846,0.4205607476635514,0.5054945054945055,0.40625000000000006,0.5,0.5,0.5,0.5
TmpP2fXeVtk.002.mp4,0.4888888888888889,0.3300970873786408,0.38317757009345793,0.5714285714285714,0.4479166666666667,0.5,0.5,0.5,0.5
TmpP2fXeVtk.003.mp4,0.6,0.4951456310679611,0.5794392523364487,0.7472527472527474,0.5729166666666666,0.5,0.5,0.5,0.5
TmyDT-HC3qI.001.mp4,0.5444444444444444,0.3300970873786408,0.2149532710280374,0.08791208791208792,0.2708333333333333,0.5,0.5,0.5,0.5
TmyDT-HC3qI.002.mp4,0.5888888888888889,0.27184466019417475,0.17757009345794392,0.21978021978021975,0.29166666666666663,0.5,0.5,0.5,0.5
TNjEJGdqmH0.000.mp4,0.6,0.4951456310679611,0.5514018691588786,0.6483516483516484,0.4166666666666667,0.5,0.5,0.5,0.5
TNjEJGdqmH0.001.mp4,0.5444444444444444,0.4174757281553398,0.4205607476635514,0.5054945054945055,0.4895833333333333,0.5,0.5,0.5,0.5
TNjEJGdqmH0.002.mp4,0.6,0.5825242718446602,0.4485981308411215,0.6703296703296703,0.45833333333333337,0.5,0.5,0.5,0.5
TNjEJGdqmH0.003.mp4,0.5111111111111111,0.5048543689320388,0.6074766355140188,0.5384615384615384,0.6145833333333333,0.5,0.5,0.5,0.5
TNjEJGdqmH0.005.mp4,0.5555555555555556,0.5436893203883495,0.5700934579439253,0.6483516483516484,0.6145833333333333,0.5,0.5,0.5,0.5
tNPLxKC38Xs.000.mp4,0.6777777777777777,0.5922330097087379,0.6448598130841123,0.7472527472527474,0.7812499999999999,0.5,0.5,0.5,0.5
tNPLxKC38Xs.002.mp4,0.5444444444444444,0.7087378640776699,0.5794392523364487,0.6703296703296703,0.7500000000000001,0.5,0.5,0.5,0.5
tNPLxKC38Xs.003.mp4,0.6333333333333333,0.5728155339805825,0.691588785046729,0.6043956043956044,0.7500000000000001,0.5,0.5,0.5,0.5
tNPLxKC38Xs.004.mp4,0.7555555555555554,0.6699029126213591,0.7009345794392524,0.6593406593406592,0.6666666666666667,0.5,0.5,0.5,0.5
TNtcyfM9jak.000.mp4,0.5888888888888889,0.3300970873786408,0.4205607476635514,0.3516483516483516,0.32291666666666663,0.5,0.5,0.5,0.5
TNtcyfM9jak.001.mp4,0.6222222222222222,0.3980582524271845,0.5046728971962617,0.5604395604395604,0.46875,0.5,0.5,0.5,0.5
TNtcyfM9jak.002.mp4,0.4666666666666667,0.08737864077669902,0.1588785046728972,0.17582417582417584,0.20833333333333331,0.5,0.5,0.5,0.5
TNtcyfM9jak.003.mp4,0.7555555555555554,0.3980582524271845,0.5607476635514019,0.5934065934065933,0.5104166666666666,0.5,0.5,0.5,0.5
TNtcyfM9jak.005.mp4,0.5333333333333333,0.31067961165048547,0.4392523364485981,0.4175824175824176,0.3854166666666667,0.5,0.5,0.5,0.5
tOifNTq8jPw.005.mp4,0.6555555555555556,0.47572815533980584,0.6448598130841123,0.4835164835164835,0.59375,0.5,0.5,0.5,0.5
tomb22yfjTc.001.mp4,0.4666666666666667,0.3203883495145631,0.3457943925233645,0.5384615384615384,0.42708333333333337,0.5,0.5,0.5,0.5
tomb22yfjTc.002.mp4,0.3666666666666667,0.4466019417475728,0.30841121495327106,0.3626373626373627,0.4791666666666667,0.5,0.5,0.5,0.5
TPk6KiHuPag.000.mp4,0.7,0.7766990291262136,0.7289719626168225,0.6703296703296703,0.8125000000000001,0.5,0.5,0.5,0.5
TPk6KiHuPag.001.mp4,0.6666666666666666,0.6601941747572816,0.5981308411214954,0.6483516483516484,0.59375,0.5,0.5,0.5,0.5
TPk6KiHuPag.003.mp4,0.8444444444444444,0.7087378640776699,0.5981308411214954,0.8901098901098901,0.7395833333333333,0.5,0.5,0.5,0.5
TPk6KiHuPag.004.mp4,0.7777777777777777,0.5922330097087379,0.5794392523364487,0.6153846153846153,0.6458333333333333,0.5,0.5,0.5,0.5
TPRQyuiNYmI.002.mp4,0.711111111111111,0.5728155339805825,0.5794392523364487,0.6593406593406592,0.7187499999999999,0.5,0.5,0.5,0.5
tPVSlH_VmZk.001.mp4,0.4,0.30097087378640774,0.4018691588785047,0.4725274725274725,0.5104166666666666,0.5,0.5,0.5,0.5
TQHzCznQ14Y.000.mp4,0.3555555555555556,0.3786407766990291,0.33644859813084116,0.4065934065934066,0.4166666666666667,0.5,0.5,0.5,0.5
TQHzCznQ14Y.003.mp4,0.5777777777777777,0.42718446601941745,0.5327102803738318,0.4615384615384615,0.46875,0.5,0.5,0.5,0.5
Tr3A7WODEuM.001.mp4,0.7222222222222221,0.6019417475728155,0.5607476635514019,0.5164835164835165,0.6145833333333333,0.5,0.5,0.5,0.5
tS6bRcIIjDc.000.mp4,0.38888888888888895,0.4466019417475728,0.25233644859813087,0.4725274725274725,0.35416666666666663,0.5,0.5,0.5,0.5
tS6bRcIIjDc.001.mp4,0.3777777777777778,0.4466019417475728,0.35514018691588783,0.5054945054945055,0.37499999999999994,0.5,0.5,0.5,0.5
tS6bRcIIjDc.002.mp4,0.4777777777777778,0.47572815533980584,0.48598130841121495,0.6153846153846153,0.625,0.5,0.5,0.5,0.5
tS6bRcIIjDc.003.mp4,0.3555555555555556,0.4854368932038835,0.25233644859813087,0.4285714285714285,0.4791666666666667,0.5,0.5,0.5,0.5
tS6bRcIIjDc.004.mp4,0.4444444444444445,0.3980582524271845,0.5046728971962617,0.5604395604395604,0.4791666666666667,0.5,0.5,0.5,0.5
tS6bRcIIjDc.005.mp4,0.5222222222222223,0.5825242718446602,0.4392523364485981,0.4945054945054945,0.5208333333333334,0.5,0.5,0.5,0.5
TSGpD2NBeCQ.002.mp4,0.4444444444444445,0.4854368932038835,0.6074766355140188,0.6593406593406592,0.5416666666666666,0.5,0.5,0.5,0.5
TTuysItuSdo.004.mp4,0.4,0.22330097087378642,0.4299065420560748,0.4615384615384615,0.28125,0.5,0.5,0.5,0.5
TTx4lC7LLcI.000.mp4,0.5777777777777777,0.4563106796116505,0.36448598130841126,0.4615384615384615,0.5833333333333333,0.5,0.5,0.5,0.5
TTx4lC7LLcI.001.mp4,0.5444444444444444,0.3883495145631068,0.37383177570093457,0.5494505494505494,0.4375,0.5,0.5,0.5,0.5
TUaOp5eIU2c.000.mp4,0.4777777777777778,0.6116504854368932,0.2710280373831776,0.5494505494505494,0.45833333333333337,0.5,0.5,0.5,0.5
TUaOp5eIU2c.001.mp4,0.7666666666666666,0.7864077669902914,0.48598130841121495,0.7582417582417583,0.8854166666666667,0.5,0.5,0.5,0.5
TUaOp5eIU2c.002.mp4,0.5111111111111111,0.6310679611650486,0.35514018691588783,0.5714285714285714,0.5625,0.5,0.5,0.5,0.5
TUaOp5eIU2c.003.mp4,0.5555555555555556,0.5922330097087379,0.5140186915887851,0.6593406593406592,0.5,0.5,0.5,0.5,0.5
TursJyaFzqY.000.mp4,0.4777777777777778,0.4563106796116505,0.38317757009345793,0.4065934065934066,0.5833333333333333,0.5,0.5,0.5,0.5
TursJyaFzqY.002.mp4,0.45555555555555555,0.3883495145631068,0.28037383177570097,0.3406593406593406,0.5,0.5,0.5,0.5,0.5
TursJyaFzqY.003.mp4,0.4444444444444445,0.2912621359223301,0.33644859813084116,0.3516483516483516,0.5,0.5,0.5,0.5,0.5
TursJyaFzqY.004.mp4,0.4777777777777778,0.5825242718446602,0.4112149532710281,0.4395604395604395,0.6041666666666666,0.5,0.5,0.5,0.5
TursJyaFzqY.005.mp4,0.6333333333333333,0.5048543689320388,0.4485981308411215,0.5604395604395604,0.4479166666666667,0.5,0.5,0.5,0.5
tutTFKP_fdg.000.mp4,0.5666666666666667,0.3495145631067961,0.3177570093457944,0.4285714285714285,0.40625000000000006,0.5,0.5,0.5,0.5
tutTFKP_fdg.005.mp4,0.5111111111111111,0.4563106796116505,0.5700934579439253,0.4835164835164835,0.6041666666666666,0.5,0.5,0.5,0.5
tvKUJujTUEo.001.mp4,0.5666666666666667,0.8543689320388351,0.4672897196261683,0.6813186813186812,0.6354166666666666,0.5,0.5,0.5,0.5
tvKUJujTUEo.003.mp4,0.7222222222222221,0.7281553398058251,0.48598130841121495,0.7362637362637363,0.7291666666666667,0.5,0.5,0.5,0.5
tvKUJujTUEo.004.mp4,0.6333333333333333,0.7864077669902914,0.5794392523364487,0.6813186813186812,0.7291666666666667,0.5,0.5,0.5,0.5
tvKUJujTUEo.005.mp4,0.6888888888888889,0.9223300970873788,0.6448598130841123,0.857142857142857,0.84375,0.5,0.5,0.5,0.5
tw6lY2ptkvo.002.mp4,0.6666666666666666,0.6019417475728155,0.5327102803738318,0.5604395604395604,0.5416666666666666,0.5,0.5,0.5,0.5
TWKKCoT4FTc.001.mp4,0.4888888888888889,0.5145631067961165,0.5140186915887851,0.5934065934065933,0.6354166666666666,0.5,0.5,0.5,0.5
twmdh5zdvfg.000.mp4,0.711111111111111,0.4368932038834952,0.6168224299065421,0.5274725274725275,0.625,0.5,0.5,0.5,0.5
twO6ceVTuII.001.mp4,0.3777777777777778,0.3203883495145631,0.4018691588785047,0.4615384615384615,0.35416666666666663,0.5,0.5,0.5,0.5
twO6ceVTuII.002.mp4,0.5222222222222223,0.3980582524271845,0.4205607476635514,0.6373626373626373,0.4375,0.5,0.5,0.5,0.5
twO6ceVTuII.003.mp4,0.5222222222222223,0.18446601941747573,0.36448598130841126,0.3846153846153846,0.34374999999999994,0.5,0.5,0.5,0.5
twO6ceVTuII.005.mp4,0.41111111111111115,0.2621359223300971,0.26168224299065423,0.3626373626373627,0.3333333333333333,0.5,0.5,0.5,0.5
TwWDFpN3occ.001.mp4,0.611111111111111,0.5825242718446602,0.5420560747663552,0.7142857142857143,0.7708333333333334,0.5,0.5,0.5,0.5
TwWDFpN3occ.002.mp4,0.5555555555555556,0.33980582524271846,0.4579439252336449,0.6153846153846153,0.45833333333333337,0.5,0.5,0.5,0.5
TwWDFpN3occ.003.mp4,0.5777777777777777,0.5048543689320388,0.4953271028037384,0.5604395604395604,0.4791666666666667,0.5,0.5,0.5,0.5
txU8yE9d-4k.001.mp4,0.1888888888888889,0.12621359223300968,0.13084112149532712,0.14285714285714282,0.20833333333333331,0.5,0.5,0.5,0.5
txU8yE9d-4k.003.mp4,0.26666666666666666,0.23300970873786406,0.1588785046728972,0.3406593406593406,0.19791666666666666,0.5,0.5,0.5,0.5
txU8yE9d-4k.005.mp4,0.22222222222222224,0.18446601941747573,0.14018691588785046,0.17582417582417584,0.29166666666666663,0.5,0.5,0.5,0.5
tYpxPqwle5k.005.mp4,0.611111111111111,0.3883495145631068,0.4299065420560748,0.6593406593406592,0.6875,0.5,0.5,0.5,0.5
tZiRqu8joX8.003.mp4,0.6777777777777777,0.7087378640776699,0.7570093457943926,0.6703296703296703,0.8125000000000001,0.5,0.5,0.5,0.5
TzW_VxrCR30.002.mp4,0.3,0.16504854368932043,0.19626168224299068,0.2637362637362637,0.2395833333333333,0.5,0.5,0.5,0.5
U-PRay-woXU.000.mp4,0.7,0.6601941747572816,0.6542056074766356,0.7362637362637363,0.7291666666666667,0.5,0.5,0.5,0.5
U-PRay-woXU.002.mp4,0.6777777777777777,0.6504854368932039,0.6074766355140188,0.5714285714285714,0.7708333333333334,0.5,0.5,0.5,0.5
U-PRay-woXU.004.mp4,0.6222222222222222,0.5242718446601942,0.6542056074766356,0.6153846153846153,0.6145833333333333,0.5,0.5,0.5,0.5
U-PRay-woXU.005.mp4,0.4666666666666667,0.5631067961165048,0.5233644859813085,0.5714285714285714,0.53125,0.5,0.5,0.5,0.5
U-XrzfFzMkg.004.mp4,0.6,0.4854368932038835,0.6261682242990655,0.5384615384615384,0.6666666666666667,0.5,0.5,0.5,0.5
U-XrzfFzMkg.005.mp4,0.41111111111111115,0.33980582524271846,0.4579439252336449,0.4175824175824176,0.45833333333333337,0.5,0.5,0.5,0.5
u0NIAbS0mDM.001.mp4,0.6888888888888889,0.4563106796116505,0.5514018691588786,0.3516483516483516,0.65625,0.5,0.5,0.5,0.5
U22Jy0m5xSQ.001.mp4,0.7222222222222221,0.6893203883495147,0.5700934579439253,0.5824175824175825,0.6979166666666666,0.5,0.5,0.5,0.5
U22Jy0m5xSQ.005.mp4,0.8555555555555554,0.6796116504854369,0.6261682242990655,0.6153846153846153,0.8125000000000001,0.5,0.5,0.5,0.5
U2lT_RogJMM.001.mp4,0.5111111111111111,0.4563106796116505,0.5046728971962617,0.5494505494505494,0.40625000000000006,0.5,0.5,0.5,0.5
U2RemWUyjts.000.mp4,0.5111111111111111,0.5145631067961165,0.29906542056074764,0.5384615384615384,0.5833333333333333,0.5,0.5,0.5,0.5
U2RemWUyjts.003.mp4,0.5222222222222223,0.5631067961165048,0.2710280373831776,0.4835164835164835,0.4375,0.5,0.5,0.5,0.5
u2XbiBuuxyI.001.mp4,0.32222222222222224,0.4466019417475728,0.09345794392523363,0.3956043956043956,0.2395833333333333,0.5,0.5,0.5,0.5
U3UaF1aFek4.001.mp4,0.6,0.5339805825242718,0.6168224299065421,0.6043956043956044,0.6041666666666666,0.5,0.5,0.5,0.5
U3UaF1aFek4.002.mp4,0.5333333333333333,0.5048543689320388,0.4672897196261683,0.5494505494505494,0.5833333333333333,0.5,0.5,0.5,0.5
U3UaF1aFek4.005.mp4,0.5,0.4077669902912622,0.48598130841121495,0.6483516483516484,0.46875,0.5,0.5,0.5,0.5
u50B6bIkN9g.000.mp4,0.5444444444444444,0.5339805825242718,0.24299065420560748,0.3406593406593406,0.3020833333333333,0.5,0.5,0.5,0.5
u50B6bIkN9g.002.mp4,0.4888888888888889,0.42718446601941745,0.4112149532710281,0.4835164835164835,0.4166666666666667,0.5,0.5,0.5,0.5
U9cidDFDTQE.001.mp4,0.4,0.6601941747572816,0.25233644859813087,0.6373626373626373,0.40625000000000006,0.5,0.5,0.5,0.5
U9cidDFDTQE.003.mp4,0.4222222222222222,0.6796116504854369,0.30841121495327106,0.4725274725274725,0.6041666666666666,0.5,0.5,0.5,0.5
U9cidDFDTQE.004.mp4,0.4777777777777778,0.6601941747572816,0.3271028037383178,0.5824175824175825,0.5520833333333334,0.5,0.5,0.5,0.5
U9NlCSah83U.001.mp4,0.5777777777777777,0.42718446601941745,0.36448598130841126,0.5164835164835165,0.3645833333333333,0.5,0.5,0.5,0.5
u9vOa9GdNcM.003.mp4,0.4777777777777778,0.42718446601941745,0.37383177570093457,0.5164835164835165,0.5104166666666666,0.5,0.5,0.5,0.5
U_QQ8EuuWPg.000.mp4,0.4777777777777778,0.3980582524271845,0.4392523364485981,0.5824175824175825,0.5625,0.5,0.5,0.5,0.5
U_QQ8EuuWPg.001.mp4,0.6,0.4854368932038835,0.3177570093457944,0.5384615384615384,0.6666666666666667,0.5,0.5,0.5,0.5
U_QQ8EuuWPg.002.mp4,0.6444444444444444,0.6990291262135921,0.47663551401869164,0.7472527472527474,0.625,0.5,0.5,0.5,0.5
U_QQ8EuuWPg.003.mp4,0.7333333333333333,0.6893203883495147,0.4392523364485981,0.7142857142857143,0.6666666666666667,0.5,0.5,0.5,0.5
U_QQ8EuuWPg.005.mp4,0.611111111111111,0.5825242718446602,0.5794392523364487,0.7032967032967032,0.5729166666666666,0.5,0.5,0.5,0.5
u_qvbRpm88k.002.mp4,0.5,0.30097087378640774,0.2897196261682243,0.4615384615384615,0.3020833333333333,0.5,0.5,0.5,0.5
u_qvbRpm88k.005.mp4,0.4444444444444445,0.3980582524271845,0.30841121495327106,0.5164835164835165,0.35416666666666663,0.5,0.5,0.5,0.5
ua5c716lu5s.001.mp4,0.3555555555555556,0.4563106796116505,0.37383177570093457,0.4065934065934066,0.3333333333333333,0.5,0.5,0.5,0.5
ua5c716lu5s.002.mp4,0.4222222222222222,0.36893203883495146,0.38317757009345793,0.4835164835164835,0.3333333333333333,0.5,0.5,0.5,0.5
ua5c716lu5s.003.mp4,0.4777777777777778,0.4466019417475728,0.38317757009345793,0.5164835164835165,0.40625000000000006,0.5,0.5,0.5,0.5
ua5c716lu5s.004.mp4,0.7333333333333333,0.8058252427184466,0.7663551401869159,0.846153846153846,0.7187499999999999,0.5,0.5,0.5,0.5
ua5c716lu5s.005.mp4,0.4888888888888889,0.4368932038834952,0.5700934579439253,0.5274725274725275,0.5,0.5,0.5,0.5,0.5
UA6UY69EVSI.000.mp4,0.38888888888888895,0.35922330097087385,0.4485981308411215,0.4175824175824176,0.40625000000000006,0.5,0.5,0.5,0.5
UA6UY69EVSI.002.mp4,0.5222222222222223,0.4660194174757281,0.4392523364485981,0.5934065934065933,0.4791666666666667,0.5,0.5,0.5,0.5
UA6UY69EVSI.004.mp4,0.4444444444444445,0.33980582524271846,0.36448598130841126,0.3736263736263736,0.37499999999999994,0.5,0.5,0.5,0.5
UANQntvIqVk.000.mp4,0.7222222222222221,0.7281553398058251,0.6168224299065421,0.5054945054945055,0.7291666666666667,0.5,0.5,0.5,0.5
UANQntvIqVk.003.mp4,0.7,0.7961165048543688,0.7663551401869159,0.7472527472527474,0.7395833333333333,0.5,0.5,0.5,0.5
UANQntvIqVk.004.mp4,0.711111111111111,0.6310679611650486,0.6822429906542057,0.6373626373626373,0.6979166666666666,0.5,0.5,0.5,0.5
uATtAHyVSMM.002.mp4,0.3,0.31067961165048547,0.3177570093457944,0.3846153846153846,0.35416666666666663,0.5,0.5,0.5,0.5
uATtAHyVSMM.003.mp4,0.5222222222222223,0.42718446601941745,0.5794392523364487,0.813186813186813,0.59375,0.5,0.5,0.5,0.5
uATtAHyVSMM.005.mp4,0.41111111111111115,0.33980582524271846,0.39252336448598135,0.4395604395604395,0.3125,0.5,0.5,0.5,0.5
uCJNAX_b9mc.000.mp4,0.6666666666666666,0.7184466019417477,0.5981308411214954,0.7472527472527474,0.6770833333333334,0.5,0.5,0.5,0.5
uCJNAX_b9mc.002.mp4,0.7666666666666666,0.5436893203883495,0.5420560747663552,0.6923076923076923,0.6875,0.5,0.5,0.5,0.5
UCKiPkp4ZkA.000.mp4,0.5666666666666667,0.5242718446601942,0.4672897196261683,0.5384615384615384,0.35416666666666663,0.5,0.5,0.5,0.5
UcyjGGEBn30.001.mp4,0.7444444444444444,0.7184466019417477,0.7476635514018694,0.6923076923076923,0.7187499999999999,0.5,0.5,0.5,0.5
UcyjGGEBn30.004.mp4,0.8666666666666667,0.7864077669902914,0.8504672897196264,0.6703296703296703,0.84375,0.5,0.5,0.5,0.5
UcyjGGEBn30.005.mp4,0.7444444444444444,0.7572815533980582,0.691588785046729,0.8021978021978021,0.7916666666666667,0.5,0.5,0.5,0.5
UD-8YYU7GZs.000.mp4,0.4222222222222222,0.4466019417475728,0.3177570093457944,0.4725274725274725,0.4166666666666667,0.5,0.5,0.5,0.5
UD-8YYU7GZs.003.mp4,0.26666666666666666,0.30097087378640774,0.33644859813084116,0.3956043956043956,0.2604166666666667,0.5,0.5,0.5,0.5
UD-8YYU7GZs.004.mp4,0.4222222222222222,0.2524271844660194,0.26168224299065423,0.4175824175824176,0.3020833333333333,0.5,0.5,0.5,0.5
udn-L92wdn8.000.mp4,0.7,0.7766990291262136,0.5140186915887851,0.7912087912087912,0.7083333333333334,0.5,0.5,0.5,0.5
uE2U_Y7QrIw.000.mp4,0.43333333333333335,0.4563106796116505,0.2710280373831776,0.3736263736263736,0.4166666666666667,0.5,0.5,0.5,0.5
uE2U_Y7QrIw.002.mp4,0.3666666666666667,0.23300970873786406,0.18691588785046728,0.3516483516483516,0.28125,0.5,0.5,0.5,0.5
uE2U_Y7QrIw.003.mp4,0.45555555555555555,0.4077669902912622,0.2897196261682243,0.5054945054945055,0.46875,0.5,0.5,0.5,0.5
UEYKBC_SuzU.001.mp4,0.5,0.30097087378640774,0.37383177570093457,0.4835164835164835,0.35416666666666663,0.5,0.5,0.5,0.5
UEYKBC_SuzU.004.mp4,0.5888888888888889,0.4077669902912622,0.4953271028037384,0.5054945054945055,0.46875,0.5,0.5,0.5,0.5
uf_sIIw4zxY.001.mp4,0.6777777777777777,0.7281553398058251,0.5514018691588786,0.6373626373626373,0.5520833333333334,0.5,0.5,0.5,0.5
uf_sIIw4zxY.002.mp4,0.6777777777777777,0.7087378640776699,0.5233644859813085,0.5604395604395604,0.7291666666666667,0.5,0.5,0.5,0.5
uf_sIIw4zxY.005.mp4,0.5888888888888889,0.6116504854368932,0.47663551401869164,0.5934065934065933,0.5520833333333334,0.5,0.5,0.5,0.5
UGn9Q8Fe9jw.001.mp4,0.5888888888888889,0.5631067961165048,0.5981308411214954,0.6593406593406592,0.6458333333333333,0.5,0.5,0.5,0.5
UGp1GNK0GWg.000.mp4,0.5,0.3495145631067961,0.39252336448598135,0.3956043956043956,0.29166666666666663,0.5,0.5,0.5,0.5
UGsr6Vnqf7I.003.mp4,0.6888888888888889,0.7378640776699029,0.4672897196261683,0.6153846153846153,0.6145833333333333,0.5,0.5,0.5,0.5
UGsr6Vnqf7I.004.mp4,0.5111111111111111,0.6699029126213591,0.5233644859813085,0.6263736263736264,0.5520833333333334,0.5,0.5,0.5,0.5
UhNyHUwo1SY.001.mp4,0.6222222222222222,0.6601941747572816,0.6822429906542057,0.7802197802197802,0.6145833333333333,0.5,0.5,0.5,0.5
UhNyHUwo1SY.003.mp4,0.7777777777777777,0.6699029126213591,0.5514018691588786,0.6703296703296703,0.7395833333333333,0.5,0.5,0.5,0.5
uHrP02iwW1o.000.mp4,0.811111111111111,0.4466019417475728,0.691588785046729,0.6373626373626373,0.6770833333333334,0.5,0.5,0.5,0.5
uHrP02iwW1o.002.mp4,0.6666666666666666,0.4854368932038835,0.6074766355140188,0.5714285714285714,0.65625,0.5,0.5,0.5,0.5
Ui1ajQU5Ib8.000.mp4,0.4888888888888889,0.6407766990291262,0.4205607476635514,0.4505494505494505,0.5416666666666666,0.5,0.5,0.5,0.5
Ui1ajQU5Ib8.001.mp4,0.5111111111111111,0.5825242718446602,0.3457943925233645,0.5714285714285714,0.22916666666666663,0.5,0.5,0.5,0.5
Ui1ajQU5Ib8.005.mp4,0.5,0.5242718446601942,0.36448598130841126,0.3846153846153846,0.32291666666666663,0.5,0.5,0.5,0.5
uifW-cV-iQo.002.mp4,0.3,0.3300970873786408,0.2336448598130841,0.4395604395604395,0.28125,0.5,0.5,0.5,0.5
UipoC_HLOP0.001.mp4,0.5555555555555556,0.7281553398058251,0.5233644859813085,0.824175824175824,0.6145833333333333,0.5,0.5,0.5,0.5
UipoC_HLOP0.003.mp4,0.5333333333333333,0.7087378640776699,0.4672897196261683,0.7362637362637363,0.5833333333333333,0.5,0.5,0.5,0.5
UipoC_HLOP0.004.mp4,0.4666666666666667,0.6990291262135921,0.37383177570093457,0.6593406593406592,0.4375,0.5,0.5,0.5,0.5
UjqpaK1HlKI.004.mp4,0.5777777777777777,0.5533980582524272,0.5046728971962617,0.5824175824175825,0.6458333333333333,0.5,0.5,0.5,0.5
UjqpaK1HlKI.005.mp4,0.6444444444444444,0.5728155339805825,0.4579439252336449,0.4395604395604395,0.6458333333333333,0.5,0.5,0.5,0.5
UKHSKkb0V1o.003.mp4,0.5777777777777777,0.3883495145631068,0.5981308411214954,0.6923076923076923,0.625,0.5,0.5,0.5,0.5
UKHSKkb0V1o.004.mp4,0.6777777777777777,0.5631067961165048,0.5700934579439253,0.6263736263736264,0.7395833333333333,0.5,0.5,0.5,0.5
UKHSKkb0V1o.005.mp4,0.6222222222222222,0.6116504854368932,0.4672897196261683,0.6703296703296703,0.7083333333333334,0.5,0.5,0.5,0.5
uKy7lHuMQ_o.000.mp4,0.5444444444444444,0.36893203883495146,0.4485981308411215,0.4945054945054945,0.4166666666666667,0.5,0.5,0.5,0.5
uKy7lHuMQ_o.002.mp4,0.6777777777777777,0.6116504854368932,0.5046728971962617,0.5604395604395604,0.6041666666666666,0.5,0.5,0.5,0.5
uMCRfie1lkc.001.mp4,0.5222222222222223,0.6019417475728155,0.29906542056074764,0.4725274725274725,0.5208333333333334,0.5,0.5,0.5,0.5
uMCRfie1lkc.002.mp4,0.5777777777777777,0.4563106796116505,0.18691588785046728,0.4945054945054945,0.3020833333333333,0.5,0.5,0.5,0.5
uMCRfie1lkc.003.mp4,0.5777777777777777,0.6116504854368932,0.4299065420560748,0.6923076923076923,0.4895833333333333,0.5,0.5,0.5,0.5
uMCRfie1lkc.004.mp4,0.26666666666666666,0.4077669902912622,0.19626168224299068,0.3846153846153846,0.29166666666666663,0.5,0.5,0.5,0.5
UMgeWS5r3IE.005.mp4,0.45555555555555555,0.4174757281553398,0.4299065420560748,0.4395604395604395,0.2395833333333333,0.5,0.5,0.5,0.5
UMMhvyjgRnM.004.mp4,0.6444444444444444,0.5631067961165048,0.588785046728972,0.6153846153846153,0.6041666666666666,0.5,0.5,0.5,0.5
uNJpPYo5Qp4.002.mp4,0.6222222222222222,0.7766990291262136,0.588785046728972,0.6263736263736264,0.7291666666666667,0.5,0.5,0.5,0.5
UoC_4qi_m9c.002.mp4,0.23333333333333334,0.30097087378640774,0.37383177570093457,0.4505494505494505,0.4166666666666667,0.5,0.5,0.5,0.5
UoC_4qi_m9c.003.mp4,0.24444444444444444,0.0970873786407767,0.2897196261682243,0.17582417582417584,0.3333333333333333,0.5,0.5,0.5,0.5
UOvgGSx9k_k.001.mp4,0.4666666666666667,0.5922330097087379,0.5981308411214954,0.5164835164835165,0.625,0.5,0.5,0.5,0.5
UOvgGSx9k_k.002.mp4,0.6666666666666666,0.5728155339805825,0.5981308411214954,0.3956043956043956,0.5,0.5,0.5,0.5,0.5
UOvgGSx9k_k.003.mp4,0.6444444444444444,0.6116504854368932,0.5700934579439253,0.6593406593406592,0.6041666666666666,0.5,0.5,0.5,0.5
upgv7xmOb1I.001.mp4,0.16666666666666669,0.16504854368932043,0.16822429906542055,0.23076923076923075,0.12499999999999996,0.5,0.5,0.5,0.5
upgv7xmOb1I.002.mp4,0.26666666666666666,0.2524271844660194,0.18691588785046728,0.14285714285714282,0.3125,0.5,0.5,0.5,0.5
upgv7xmOb1I.003.mp4,0.24444444444444444,0.27184466019417475,0.11214953271028037,0.2087912087912088,0.28125,0.5,0.5,0.5,0.5
upgv7xmOb1I.004.mp4,0.5,0.33980582524271846,0.30841121495327106,0.3846153846153846,0.32291666666666663,0.5,0.5,0.5,0.5
upgv7xmOb1I.005.mp4,0.2111111111111111,0.2621359223300971,0.20560747663551404,0.2087912087912088,0.2395833333333333,0.5,0.5,0.5,0.5
uqd_cEJMJ4o.003.mp4,0.5888888888888889,0.35922330097087385,0.4579439252336449,0.5384615384615384,0.4479166666666667,0.5,0.5,0.5,0.5
UQeuBvZNusI.000.mp4,0.41111111111111115,0.4466019417475728,0.4579439252336449,0.4065934065934066,0.34374999999999994,0.5,0.5,0.5,0.5
UQeuBvZNusI.001.mp4,0.4222222222222222,0.3883495145631068,0.37383177570093457,0.4835164835164835,0.34374999999999994,0.5,0.5,0.5,0.5
UQeuBvZNusI.003.mp4,0.34444444444444444,0.4077669902912622,0.39252336448598135,0.4505494505494505,0.46875,0.5,0.5,0.5,0.5
UqfFvPT9mEs.000.mp4,0.6888888888888889,0.5339805825242718,0.7570093457943926,0.6593406593406592,0.7187499999999999,0.5,0.5,0.5,0.5
UrOamWOcOwQ.000.mp4,0.4444444444444445,0.6407766990291262,0.4205607476635514,0.5604395604395604,0.5833333333333333,0.5,0.5,0.5,0.5
UrOamWOcOwQ.002.mp4,0.4444444444444445,0.5631067961165048,0.4018691588785047,0.5274725274725275,0.46875,0.5,0.5,0.5,0.5
UrOamWOcOwQ.003.mp4,0.4,0.6116504854368932,0.28037383177570097,0.6153846153846153,0.42708333333333337,0.5,0.5,0.5,0.5
UrOamWOcOwQ.004.mp4,0.5111111111111111,0.6699029126213591,0.3177570093457944,0.6373626373626373,0.53125,0.5,0.5,0.5,0.5
UrOamWOcOwQ.005.mp4,0.32222222222222224,0.47572815533980584,0.3177570093457944,0.5164835164835165,0.3333333333333333,0.5,0.5,0.5,0.5
uRY3aJAaogw.001.mp4,0.41111111111111115,0.6990291262135921,0.38317757009345793,0.7582417582417583,0.53125,0.5,0.5,0.5,0.5
uRY3aJAaogw.002.mp4,0.33333333333333337,0.6990291262135921,0.30841121495327106,0.6923076923076923,0.42708333333333337,0.5,0.5,0.5,0.5
uRY3aJAaogw.003.mp4,0.4222222222222222,0.6990291262135921,0.26168224299065423,0.5604395604395604,0.45833333333333337,0.5,0.5,0.5,0.5
uRY3aJAaogw.005.mp4,0.4444444444444445,0.7184466019417477,0.28037383177570097,0.5164835164835165,0.5416666666666666,0.5,0.5,0.5,0.5
US4PxgfKDeA.000.mp4,0.611111111111111,0.24271844660194175,0.3177570093457944,0.3626373626373627,0.21874999999999997,0.5,0.5,0.5,0.5
US4PxgfKDeA.003.mp4,0.4777777777777778,0.22330097087378642,0.2710280373831776,0.3846153846153846,0.3333333333333333,0.5,0.5,0.5,0.5
US4PxgfKDeA.004.mp4,0.6555555555555556,0.3883495145631068,0.29906542056074764,0.4065934065934066,0.5,0.5,0.5,0.5,0.5
usG6pVxbQkw.000.mp4,0.5666666666666667,0.5436893203883495,0.4112149532710281,0.5714285714285714,0.5520833333333334,0.5,0.5,0.5,0.5
usG6pVxbQkw.001.mp4,0.43333333333333335,0.6310679611650486,0.26168224299065423,0.5934065934065933,0.6770833333333334,0.5,0.5,0.5,0.5
USicjVA1trA.003.mp4,0.7,0.5631067961165048,0.5327102803738318,0.6813186813186812,0.59375,0.5,0.5,0.5,0.5
USicjVA1trA.004.mp4,0.7333333333333333,0.5533980582524272,0.6822429906542057,0.6153846153846153,0.6875,0.5,0.5,0.5,0.5
USicjVA1trA.005.mp4,0.7333333333333333,0.5339805825242718,0.6728971962616823,0.6263736263736264,0.65625,0.5,0.5,0.5,0.5
UsmwjNu3kgQ.001.mp4,0.611111111111111,0.6504854368932039,0.33644859813084116,0.4945054945054945,0.4895833333333333,0.5,0.5,0.5,0.5
USO-o9dHJ3U.000.mp4,0.3555555555555556,0.5436893203883495,0.28037383177570097,0.4285714285714285,0.3645833333333333,0.5,0.5,0.5,0.5
USO-o9dHJ3U.001.mp4,0.3666666666666667,0.5145631067961165,0.2149532710280374,0.3846153846153846,0.4375,0.5,0.5,0.5,0.5
USO-o9dHJ3U.004.mp4,0.4888888888888889,0.42718446601941745,0.4299065420560748,0.5054945054945055,0.4479166666666667,0.5,0.5,0.5,0.5
USO-o9dHJ3U.005.mp4,0.5444444444444444,0.6796116504854369,0.37383177570093457,0.6813186813186812,0.5625,0.5,0.5,0.5,0.5
uStuc1OX0f0.000.mp4,0.7555555555555554,0.7378640776699029,0.7289719626168225,0.6923076923076923,0.7395833333333333,0.5,0.5,0.5,0.5
uTluOTPA7e4.001.mp4,0.6333333333333333,0.5631067961165048,0.5794392523364487,0.5494505494505494,0.59375,0.5,0.5,0.5,0.5
uTluOTPA7e4.002.mp4,0.5444444444444444,0.5339805825242718,0.48598130841121495,0.4945054945054945,0.6354166666666666,0.5,0.5,0.5,0.5
uTluOTPA7e4.003.mp4,0.4666666666666667,0.4660194174757281,0.3457943925233645,0.5164835164835165,0.45833333333333337,0.5,0.5,0.5,0.5
uTluOTPA7e4.004.mp4,0.6,0.5145631067961165,0.4392523364485981,0.5494505494505494,0.5104166666666666,0.5,0.5,0.5,0.5
utv9RBNcL5w.000.mp4,0.888888888888889,0.6893203883495147,0.7009345794392524,0.6153846153846153,0.7708333333333334,0.5,0.5,0.5,0.5
utv9RBNcL5w.005.mp4,0.711111111111111,0.6019417475728155,0.588785046728972,0.6263736263736264,0.6145833333333333,0.5,0.5,0.5,0.5
UtVo107m5lg.001.mp4,0.5333333333333333,0.5631067961165048,0.5794392523364487,0.6703296703296703,0.5208333333333334,0.5,0.5,0.5,0.5
UtVo107m5lg.002.mp4,0.5666666666666667,0.36893203883495146,0.29906542056074764,0.4615384615384615,0.4895833333333333,0.5,0.5,0.5,0.5
UtVo107m5lg.003.mp4,0.6555555555555556,0.5533980582524272,0.5794392523364487,0.6593406593406592,0.53125,0.5,0.5,0.5,0.5
UtVo107m5lg.005.mp4,0.6444444444444444,0.6699029126213591,0.6355140186915887,0.7142857142857143,0.6354166666666666,0.5,0.5,0.5,0.5
Uu-NbXUPr-A.000.mp4,0.811111111111111,0.8252427184466018,0.7476635514018694,0.7142857142857143,0.7916666666666667,0.5,0.5,0.5,0.5
Uu-NbXUPr-A.001.mp4,0.711111111111111,0.7378640776699029,0.7476635514018694,0.7802197802197802,0.7187499999999999,0.5,0.5,0.5,0.5
UVMEzA3yHsM.001.mp4,0.4777777777777778,0.42718446601941745,0.4112149532710281,0.4835164835164835,0.4375,0.5,0.5,0.5,0.5
UVMEzA3yHsM.003.mp4,0.43333333333333335,0.27184466019417475,0.33644859813084116,0.4835164835164835,0.3020833333333333,0.5,0.5,0.5,0.5
UVvBaGOxwRI.000.mp4,0.5777777777777777,0.5048543689320388,0.588785046728972,0.6153846153846153,0.45833333333333337,0.5,0.5,0.5,0.5
UvX6ctu2ObM.002.mp4,0.4444444444444445,0.33980582524271846,0.2710280373831776,0.3736263736263736,0.3125,0.5,0.5,0.5,0.5
uwUkp63db18.001.mp4,0.3777777777777778,0.7378640776699029,0.30841121495327106,0.5054945054945055,0.5729166666666666,0.5,0.5,0.5,0.5
uwUkp63db18.002.mp4,0.43333333333333335,0.8252427184466018,0.17757009345794392,0.6153846153846153,0.6666666666666667,0.5,0.5,0.5,0.5
uwUkp63db18.003.mp4,0.4222222222222222,0.6504854368932039,0.26168224299065423,0.5494505494505494,0.46875,0.5,0.5,0.5,0.5
uwUkp63db18.004.mp4,0.32222222222222224,0.6213592233009709,0.2336448598130841,0.3846153846153846,0.29166666666666663,0.5,0.5,0.5,0.5
uwUkp63db18.005.mp4,0.3555555555555556,0.6601941747572816,0.24299065420560748,0.4175824175824176,0.6354166666666666,0.5,0.5,0.5,0.5
UWVOT3YPQH4.001.mp4,0.711111111111111,0.9514563106796118,0.663551401869159,0.7032967032967032,0.7812499999999999,0.5,0.5,0.5,0.5
UWVOT3YPQH4.002.mp4,0.5333333333333333,0.7378640776699029,0.5140186915887851,0.5604395604395604,0.6354166666666666,0.5,0.5,0.5,0.5
UWVOT3YPQH4.004.mp4,0.5555555555555556,0.7184466019417477,0.47663551401869164,0.5934065934065933,0.4375,0.5,0.5,0.5,0.5
UWVOT3YPQH4.005.mp4,0.5777777777777777,0.6407766990291262,0.5327102803738318,0.5384615384615384,0.53125,0.5,0.5,0.5,0.5
uwYQKM_STCw.002.mp4,0.6333333333333333,0.35922330097087385,0.3271028037383178,0.3516483516483516,0.3125,0.5,0.5,0.5,0.5
uwYQKM_STCw.005.mp4,0.6222222222222222,0.4368932038834952,0.4392523364485981,0.6263736263736264,0.45833333333333337,0.5,0.5,0.5,0.5
uxTxqewSuxg.000.mp4,0.4666666666666667,0.4368932038834952,0.5700934579439253,0.6593406593406592,0.6666666666666667,0.5,0.5,0.5,0.5
UzgW75Fd4jU.001.mp4,0.4222222222222222,0.33980582524271846,0.25233644859813087,0.31868131868131866,0.39583333333333337,0.5,0.5,0.5,0.5
v0jtovM6Ajg.000.mp4,0.7,0.6213592233009709,0.6168224299065421,0.6373626373626373,0.6979166666666666,0.5,0.5,0.5,0.5
v0jtovM6Ajg.003.mp4,0.6555555555555556,0.6407766990291262,0.7289719626168225,0.7802197802197802,0.6666666666666667,0.5,0.5,0.5,0.5
V1I40vVRk78.002.mp4,0.6444444444444444,0.4660194174757281,0.4299065420560748,0.5824175824175825,0.5416666666666666,0.5,0.5,0.5,0.5
V1I40vVRk78.003.mp4,0.5444444444444444,0.5339805825242718,0.6168224299065421,0.5714285714285714,0.6145833333333333,0.5,0.5,0.5,0.5
V1TjmLtgNm0.000.mp4,0.8555555555555554,0.4854368932038835,0.6822429906542057,0.6043956043956044,0.6770833333333334,0.5,0.5,0.5,0.5
V1TjmLtgNm0.002.mp4,0.811111111111111,0.5436893203883495,0.6168224299065421,0.6043956043956044,0.6875,0.5,0.5,0.5,0.5
V1TjmLtgNm0.005.mp4,0.6555555555555556,0.6116504854368932,0.5607476635514019,0.4725274725274725,0.3645833333333333,0.5,0.5,0.5,0.5
V2nvyZB-JNM.001.mp4,0.3777777777777778,0.3980582524271845,0.36448598130841126,0.3846153846153846,0.29166666666666663,0.5,0.5,0.5,0.5
V2nvyZB-JNM.002.mp4,0.4222222222222222,0.5145631067961165,0.5327102803738318,0.5604395604395604,0.40625000000000006,0.5,0.5,0.5,0.5
V2nvyZB-JNM.003.mp4,0.38888888888888895,0.6893203883495147,0.5046728971962617,0.5824175824175825,0.5833333333333333,0.5,0.5,0.5,0.5
V2nvyZB-JNM.004.mp4,0.6444444444444444,0.5728155339805825,0.5327102803738318,0.7362637362637363,0.42708333333333337,0.5,0.5,0.5,0.5
V4ibYU1O-YI.000.mp4,0.6444444444444444,0.2621359223300971,0.26168224299065423,0.4175824175824176,0.2708333333333333,0.5,0.5,0.5,0.5
V4ibYU1O-YI.001.mp4,0.5777777777777777,0.1941747572815534,0.2710280373831776,0.2637362637362637,0.2604166666666667,0.5,0.5,0.5,0.5
V4ibYU1O-YI.005.mp4,0.5222222222222223,0.17475728155339804,0.25233644859813087,0.30769230769230765,0.21874999999999997,0.5,0.5,0.5,0.5
v68FyWS-Q9s.002.mp4,0.5444444444444444,0.5728155339805825,0.5700934579439253,0.6483516483516484,0.5104166666666666,0.5,0.5,0.5,0.5
v68FyWS-Q9s.003.mp4,0.5222222222222223,0.5339805825242718,0.6355140186915887,0.6263736263736264,0.5729166666666666,0.5,0.5,0.5,0.5
V7_h3URfSFY.000.mp4,0.26666666666666666,0.3495145631067961,0.16822429906542055,0.24175824175824176,0.21874999999999997,0.5,0.5,0.5,0.5
V7_h3URfSFY.003.mp4,0.41111111111111115,0.3300970873786408,0.28037383177570097,0.3626373626373627,0.2708333333333333,0.5,0.5,0.5,0.5
V7_h3URfSFY.005.mp4,0.2111111111111111,0.2038834951456311,0.1588785046728972,0.30769230769230765,0.15624999999999994,0.5,0.5,0.5,0.5
V8JaJ2IVG9E.004.mp4,0.8666666666666667,0.6796116504854369,0.5794392523364487,0.6263736263736264,0.6041666666666666,0.5,0.5,0.5,0.5
V8JaJ2IVG9E.005.mp4,0.6555555555555556,0.6019417475728155,0.47663551401869164,0.4505494505494505,0.6145833333333333,0.5,0.5,0.5,0.5
V8PSAROGbZM.004.mp4,0.8666666666666667,0.5048543689320388,0.7663551401869159,0.6153846153846153,0.84375,0.5,0.5,0.5,0.5
V8w2Lo5wxl8.000.mp4,0.611111111111111,0.5922330097087379,0.4392523364485981,0.5494505494505494,0.5416666666666666,0.5,0.5,0.5,0.5
V8w2Lo5wxl8.001.mp4,0.5777777777777777,0.3883495145631068,0.4579439252336449,0.5494505494505494,0.4375,0.5,0.5,0.5,0.5
V8w2Lo5wxl8.004.mp4,0.7999999999999999,0.5242718446601942,0.6448598130841123,0.6813186813186812,0.53125,0.5,0.5,0.5,0.5
V9aMA9YLa2k.001.mp4,0.5777777777777777,0.6213592233009709,0.5140186915887851,0.4395604395604395,0.46875,0.5,0.5,0.5,0.5
V9aMA9YLa2k.005.mp4,0.5,0.3786407766990291,0.5140186915887851,0.5604395604395604,0.5104166666666666,0.5,0.5,0.5,0.5
V9OuGDPnqHI.000.mp4,0.7666666666666666,0.5145631067961165,0.588785046728972,0.7362637362637363,0.6041666666666666,0.5,0.5,0.5,0.5
V9OuGDPnqHI.001.mp4,0.5111111111111111,0.5145631067961165,0.4672897196261683,0.6483516483516484,0.5833333333333333,0.5,0.5,0.5,0.5
V9OuGDPnqHI.004.mp4,0.6888888888888889,0.6893203883495147,0.7196261682242993,0.8021978021978021,0.6145833333333333,0.5,0.5,0.5,0.5
V9roK_mLM-w.000.mp4,0.5888888888888889,0.6601941747572816,0.5607476635514019,0.5274725274725275,0.59375,0.5,0.5,0.5,0.5
V9roK_mLM-w.002.mp4,0.7555555555555554,0.7087378640776699,0.5607476635514019,0.6593406593406592,0.7187499999999999,0.5,0.5,0.5,0.5
V9roK_mLM-w.003.mp4,0.5888888888888889,0.6990291262135921,0.6261682242990655,0.6153846153846153,0.6458333333333333,0.5,0.5,0.5,0.5
VA5XjOaBH0Y.000.mp4,0.6777777777777777,0.6699029126213591,0.5794392523364487,0.6043956043956044,0.65625,0.5,0.5,0.5,0.5
vAEqpUwBMJQ.001.mp4,0.4777777777777778,0.6796116504854369,0.5420560747663552,0.7032967032967032,0.5520833333333334,0.5,0.5,0.5,0.5
vAEqpUwBMJQ.003.mp4,0.5777777777777777,0.5825242718446602,0.4672897196261683,0.6043956043956044,0.5625,0.5,0.5,0.5,0.5
vAEqpUwBMJQ.004.mp4,0.5222222222222223,0.5242718446601942,0.4392523364485981,0.5714285714285714,0.4375,0.5,0.5,0.5,0.5
vAEqpUwBMJQ.005.mp4,0.5111111111111111,0.6504854368932039,0.35514018691588783,0.5934065934065933,0.5,0.5,0.5,0.5,0.5
vAV6ovUKPDg.005.mp4,0.7777777777777777,0.7864077669902914,0.7663551401869159,0.7472527472527474,0.7187499999999999,0.5,0.5,0.5,0.5
VAZLQqJa9rQ.001.mp4,0.3,0.33980582524271846,0.22429906542056074,0.23076923076923075,0.22916666666666663,0.5,0.5,0.5,0.5
VAZLQqJa9rQ.002.mp4,0.32222222222222224,0.3883495145631068,0.39252336448598135,0.4725274725274725,0.3333333333333333,0.5,0.5,0.5,0.5
VAZLQqJa9rQ.003.mp4,0.3111111111111111,0.36893203883495146,0.29906542056074764,0.4285714285714285,0.2604166666666667,0.5,0.5,0.5,0.5
VAZLQqJa9rQ.004.mp4,0.4888888888888889,0.47572815533980584,0.4485981308411215,0.4505494505494505,0.4479166666666667,0.5,0.5,0.5,0.5
VbiUhNAdzus.000.mp4,0.6333333333333333,0.5728155339805825,0.5514018691588786,0.4395604395604395,0.4791666666666667,0.5,0.5,0.5,0.5
VbiUhNAdzus.002.mp4,0.6555555555555556,0.47572815533980584,0.4112149532710281,0.4065934065934066,0.6979166666666666,0.5,0.5,0.5,0.5
vCV-5LypZCs.005.mp4,0.611111111111111,0.7281553398058251,0.5140186915887851,0.6483516483516484,0.65625,0.5,0.5,0.5,0.5
vCY4uvfrWXA.003.mp4,0.7222222222222221,0.5145631067961165,0.663551401869159,0.7692307692307692,0.5625,0.5,0.5,0.5,0.5
vCY4uvfrWXA.005.mp4,0.6888888888888889,0.6407766990291262,0.588785046728972,0.5824175824175825,0.6979166666666666,0.5,0.5,0.5,0.5
Vd9biSOZ5CI.001.mp4,0.45555555555555555,0.5145631067961165,0.38317757009345793,0.5824175824175825,0.32291666666666663,0.5,0.5,0.5,0.5
Vd9biSOZ5CI.002.mp4,0.5111111111111111,0.5436893203883495,0.36448598130841126,0.4615384615384615,0.5208333333333334,0.5,0.5,0.5,0.5
Vd9biSOZ5CI.003.mp4,0.6888888888888889,0.5922330097087379,0.6542056074766356,0.5604395604395604,0.6458333333333333,0.5,0.5,0.5,0.5
Vd9biSOZ5CI.004.mp4,0.6888888888888889,0.3980582524271845,0.4392523364485981,0.5494505494505494,0.5625,0.5,0.5,0.5,0.5
VDcYF-YQuWw.000.mp4,0.6333333333333333,0.3786407766990291,0.5327102803738318,0.5274725274725275,0.6145833333333333,0.5,0.5,0.5,0.5
vE9XgQL7DGE.001.mp4,0.3555555555555556,0.24271844660194175,0.2897196261682243,0.3956043956043956,0.34374999999999994,0.5,0.5,0.5,0.5
vE9XgQL7DGE.003.mp4,0.3666666666666667,0.3203883495145631,0.4672897196261683,0.5934065934065933,0.39583333333333337,0.5,0.5,0.5,0.5
vE9XgQL7DGE.004.mp4,0.5888888888888889,0.42718446601941745,0.4205607476635514,0.5494505494505494,0.4895833333333333,0.5,0.5,0.5,0.5
VForU0EmBr0.000.mp4,0.45555555555555555,0.3786407766990291,0.36448598130841126,0.5164835164835165,0.4166666666666667,0.5,0.5,0.5,0.5
VForU0EmBr0.001.mp4,0.5222222222222223,0.42718446601941745,0.36448598130841126,0.4835164835164835,0.3125,0.5,0.5,0.5,0.5
VForU0EmBr0.003.mp4,0.38888888888888895,0.3786407766990291,0.25233644859813087,0.5054945054945055,0.3020833333333333,0.5,0.5,0.5,0.5
VForU0EmBr0.005.mp4,0.6777777777777777,0.4174757281553398,0.39252336448598135,0.6593406593406592,0.5625,0.5,0.5,0.5,0.5
VGoAtKcKIe8.002.mp4,0.45555555555555555,0.6407766990291262,0.5233644859813085,0.6373626373626373,0.59375,0.5,0.5,0.5,0.5
VGoAtKcKIe8.005.mp4,0.6,0.5631067961165048,0.6355140186915887,0.6593406593406592,0.5520833333333334,0.5,0.5,0.5,0.5
vHc0pnY9BoI.002.mp4,0.7,0.47572815533980584,0.5700934579439253,0.6373626373626373,0.7395833333333333,0.5,0.5,0.5,0.5
VhHnmeRABJw.003.mp4,0.5666666666666667,0.7766990291262136,0.6261682242990655,0.7582417582417583,0.6875,0.5,0.5,0.5,0.5
VhHnmeRABJw.005.mp4,0.7555555555555554,0.9223300970873788,0.5981308411214954,0.6373626373626373,0.7604166666666666,0.5,0.5,0.5,0.5
vHIBCKwJLEY.001.mp4,0.5555555555555556,0.4563106796116505,0.4579439252336449,0.6923076923076923,0.4895833333333333,0.5,0.5,0.5,0.5
vHIBCKwJLEY.003.mp4,0.5666666666666667,0.6893203883495147,0.6261682242990655,0.6813186813186812,0.6354166666666666,0.5,0.5,0.5,0.5
vHIBCKwJLEY.004.mp4,0.5222222222222223,0.5242718446601942,0.48598130841121495,0.5274725274725275,0.40625000000000006,0.5,0.5,0.5,0.5
vHn6-GQAI_Y.001.mp4,0.41111111111111115,0.4660194174757281,0.33644859813084116,0.5274725274725275,0.5625,0.5,0.5,0.5,0.5
vHn6-GQAI_Y.003.mp4,0.5,0.47572815533980584,0.4392523364485981,0.5164835164835165,0.4479166666666667,0.5,0.5,0.5,0.5
vHn6-GQAI_Y.004.mp4,0.4444444444444445,0.4660194174757281,0.37383177570093457,0.4835164835164835,0.5104166666666666,0.5,0.5,0.5,0.5
vhugKRUnd-c.000.mp4,0.4777777777777778,0.4951456310679611,0.29906542056074764,0.4065934065934066,0.29166666666666663,0.5,0.5,0.5,0.5
vhugKRUnd-c.001.mp4,0.5444444444444444,0.5728155339805825,0.4112149532710281,0.6043956043956044,0.4791666666666667,0.5,0.5,0.5,0.5
vhugKRUnd-c.004.mp4,0.5777777777777777,0.5825242718446602,0.39252336448598135,0.4175824175824176,0.4166666666666667,0.5,0.5,0.5,0.5
VIhStXxpAr0.000.mp4,0.45555555555555555,0.30097087378640774,0.39252336448598135,0.3736263736263736,0.39583333333333337,0.5,0.5,0.5,0.5
VIhStXxpAr0.001.mp4,0.4888888888888889,0.4466019417475728,0.39252336448598135,0.6813186813186812,0.3020833333333333,0.5,0.5,0.5,0.5
VIhStXxpAr0.003.mp4,0.4222222222222222,0.31067961165048547,0.37383177570093457,0.5384615384615384,0.3333333333333333,0.5,0.5,0.5,0.5
VIhStXxpAr0.004.mp4,0.611111111111111,0.42718446601941745,0.5514018691588786,0.5494505494505494,0.5,0.5,0.5,0.5,0.5
VIKk25Ozx40.000.mp4,0.611111111111111,0.6504854368932039,0.47663551401869164,0.5604395604395604,0.5625,0.5,0.5,0.5,0.5
Vimaz7NzPIg.001.mp4,0.5555555555555556,0.4951456310679611,0.691588785046729,0.6373626373626373,0.6666666666666667,0.5,0.5,0.5,0.5
vIW7gDmhYMk.001.mp4,0.5555555555555556,0.5145631067961165,0.2710280373831776,0.4945054945054945,0.42708333333333337,0.5,0.5,0.5,0.5
vIW7gDmhYMk.003.mp4,0.4888888888888889,0.4174757281553398,0.30841121495327106,0.5274725274725275,0.35416666666666663,0.5,0.5,0.5,0.5
vIW7gDmhYMk.004.mp4,0.6333333333333333,0.5436893203883495,0.4299065420560748,0.6813186813186812,0.5625,0.5,0.5,0.5,0.5
vIW7gDmhYMk.005.mp4,0.45555555555555555,0.5242718446601942,0.4672897196261683,0.5934065934065933,0.34374999999999994,0.5,0.5,0.5,0.5
Vj-Cmtqv_qY.001.mp4,0.7222222222222221,0.5728155339805825,0.5233644859813085,0.4505494505494505,0.5833333333333333,0.5,0.5,0.5,0.5
vJDx6TCX32M.000.mp4,0.4777777777777778,0.4563106796116505,0.5607476635514019,0.5384615384615384,0.4791666666666667,0.5,0.5,0.5,0.5
vJDx6TCX32M.001.mp4,0.5444444444444444,0.5728155339805825,0.5420560747663552,0.6593406593406592,0.5,0.5,0.5,0.5,0.5
vJDx6TCX32M.004.mp4,0.6777777777777777,0.6504854368932039,0.6355140186915887,0.6703296703296703,0.6041666666666666,0.5,0.5,0.5,0.5
vJnjjy5DZN4.001.mp4,0.6222222222222222,0.5436893203883495,0.5140186915887851,0.7912087912087912,0.5416666666666666,0.5,0.5,0.5,0.5
vJnjjy5DZN4.002.mp4,0.6,0.7184466019417477,0.5327102803738318,0.7362637362637363,0.53125,0.5,0.5,0.5,0.5
vJnjjy5DZN4.003.mp4,0.4,0.36893203883495146,0.39252336448598135,0.3956043956043956,0.4166666666666667,0.5,0.5,0.5,0.5
VJuVsi6G96s.000.mp4,0.6222222222222222,0.4466019417475728,0.4672897196261683,0.6153846153846153,0.5,0.5,0.5,0.5,0.5
VJuVsi6G96s.002.mp4,0.5444444444444444,0.5825242718446602,0.48598130841121495,0.4835164835164835,0.40625000000000006,0.5,0.5,0.5,0.5
VjYqagJ4xt8.001.mp4,0.7555555555555554,0.9029126213592233,0.7570093457943926,0.7472527472527474,0.7916666666666667,0.5,0.5,0.5,0.5
VjYqagJ4xt8.004.mp4,0.7888888888888888,0.7475728155339806,0.6822429906542057,0.6373626373626373,0.7604166666666666,0.5,0.5,0.5,0.5
Vk3scj5vhd4.004.mp4,0.6888888888888889,0.4951456310679611,0.5046728971962617,0.6043956043956044,0.53125,0.5,0.5,0.5,0.5
vLAHfIjmRMc.001.mp4,0.7777777777777777,0.6213592233009709,0.6261682242990655,0.6593406593406592,0.6875,0.5,0.5,0.5,0.5
vLAHfIjmRMc.005.mp4,0.8222222222222221,0.4951456310679611,0.7476635514018694,0.6043956043956044,0.6666666666666667,0.5,0.5,0.5,0.5
VM409fZmJE0.000.mp4,0.3,0.35922330097087385,0.3457943925233645,0.5494505494505494,0.21874999999999997,0.5,0.5,0.5,0.5
vMtF0akNUK4.000.mp4,0.6333333333333333,0.5825242718446602,0.4953271028037384,0.7362637362637363,0.6875,0.5,0.5,0.5,0.5
vMtF0akNUK4.001.mp4,0.4666666666666667,0.6116504854368932,0.4672897196261683,0.5274725274725275,0.5520833333333334,0.5,0.5,0.5,0.5
vMtF0akNUK4.002.mp4,0.8333333333333333,0.7378640776699029,0.6074766355140188,0.835164835164835,0.6770833333333334,0.5,0.5,0.5,0.5
vMtF0akNUK4.004.mp4,0.7444444444444444,0.6310679611650486,0.5233644859813085,0.6923076923076923,0.6666666666666667,0.5,0.5,0.5,0.5
VmV8NIvVVkw.000.mp4,0.611111111111111,0.6310679611650486,0.663551401869159,0.6483516483516484,0.6354166666666666,0.5,0.5,0.5,0.5
VmXZ2jMWuvk.001.mp4,0.3777777777777778,0.5631067961165048,0.2149532710280374,0.3956043956043956,0.3645833333333333,0.5,0.5,0.5,0.5
VmXZ2jMWuvk.004.mp4,0.43333333333333335,0.3980582524271845,0.3177570093457944,0.32967032967032966,0.34374999999999994,0.5,0.5,0.5,0.5
VmyIItgMzpE.002.mp4,0.4888888888888889,0.36893203883495146,0.3457943925233645,0.5164835164835165,0.3645833333333333,0.5,0.5,0.5,0.5
vNEs2yGe77s.000.mp4,0.5222222222222223,0.2524271844660194,0.4299065420560748,0.4945054945054945,0.37499999999999994,0.5,0.5,0.5,0.5
VNK6LQHh25w.000.mp4,0.6666666666666666,0.5436893203883495,0.5981308411214954,0.7252747252747254,0.625,0.5,0.5,0.5,0.5
VNK6LQHh25w.004.mp4,0.4222222222222222,0.4466019417475728,0.29906542056074764,0.32967032967032966,0.4375,0.5,0.5,0.5,0.5
VnUkBYQkJms.002.mp4,0.7555555555555554,0.5922330097087379,0.588785046728972,0.5934065934065933,0.6041666666666666,0.5,0.5,0.5,0.5
VnUkBYQkJms.003.mp4,0.6888888888888889,0.6213592233009709,0.4018691588785047,0.4615384615384615,0.4791666666666667,0.5,0.5,0.5,0.5
VnUkBYQkJms.004.mp4,0.7888888888888888,0.6019417475728155,0.6728971962616823,0.5054945054945055,0.6145833333333333,0.5,0.5,0.5,0.5
VnUkBYQkJms.005.mp4,0.6888888888888889,0.6019417475728155,0.5514018691588786,0.4945054945054945,0.53125,0.5,0.5,0.5,0.5
vNZJSHliTR4.001.mp4,0.4,0.5533980582524272,0.5700934579439253,0.5164835164835165,0.4479166666666667,0.5,0.5,0.5,0.5
vo-Y5kgSBa8.000.mp4,0.6,0.5339805825242718,0.5233644859813085,0.7692307692307692,0.59375,0.5,0.5,0.5,0.5
vo-Y5kgSBa8.002.mp4,0.5111111111111111,0.6407766990291262,0.5700934579439253,0.6703296703296703,0.4895833333333333,0.5,0.5,0.5,0.5
vo-Y5kgSBa8.003.mp4,0.5555555555555556,0.6213592233009709,0.4299065420560748,0.4615384615384615,0.42708333333333337,0.5,0.5,0.5,0.5
vo-Y5kgSBa8.005.mp4,0.5,0.5242718446601942,0.39252336448598135,0.5714285714285714,0.5416666666666666,0.5,0.5,0.5,0.5
vOEQlAMABWM.000.mp4,0.6,0.7281553398058251,0.588785046728972,0.5604395604395604,0.6875,0.5,0.5,0.5,0.5
vOEQlAMABWM.001.mp4,0.4222222222222222,0.4466019417475728,0.48598130841121495,0.5824175824175825,0.45833333333333337,0.5,0.5,0.5,0.5
vOEQlAMABWM.003.mp4,0.5777777777777777,0.6504854368932039,0.5794392523364487,0.5274725274725275,0.6041666666666666,0.5,0.5,0.5,0.5
VOeVhXWK7-8.004.mp4,0.4666666666666667,0.5048543689320388,0.36448598130841126,0.5274725274725275,0.45833333333333337,0.5,0.5,0.5,0.5
VOeVhXWK7-8.005.mp4,0.5333333333333333,0.7281553398058251,0.4112149532710281,0.5824175824175825,0.53125,0.5,0.5,0.5,0.5
VOhsEbDjZ9E.001.mp4,0.6666666666666666,0.5048543689320388,0.5700934579439253,0.6703296703296703,0.5104166666666666,0.5,0.5,0.5,0.5
VoPuhcQc_mg.000.mp4,0.24444444444444444,0.2815533980582524,0.17757009345794392,0.29670329670329665,0.18749999999999997,0.5,0.5,0.5,0.5
voSLxKtKr0Q.000.mp4,0.611111111111111,0.5145631067961165,0.5794392523364487,0.5934065934065933,0.5833333333333333,0.5,0.5,0.5,0.5
voSLxKtKr0Q.002.mp4,0.6,0.6116504854368932,0.5046728971962617,0.4945054945054945,0.5625,0.5,0.5,0.5,0.5
voSLxKtKr0Q.003.mp4,0.7222222222222221,0.6310679611650486,0.6448598130841123,0.6923076923076923,0.7291666666666667,0.5,0.5,0.5,0.5
voSLxKtKr0Q.004.mp4,0.7,0.6601941747572816,0.7009345794392524,0.5274725274725275,0.6875,0.5,0.5,0.5,0.5
voSLxKtKr0Q.005.mp4,0.5777777777777777,0.5145631067961165,0.5794392523364487,0.6373626373626373,0.5729166666666666,0.5,0.5,0.5,0.5
vOxgWKGNEYc.000.mp4,0.6222222222222222,0.6893203883495147,0.36448598130841126,0.5604395604395604,0.6666666666666667,0.5,0.5,0.5,0.5
VoXh9utSIx8.000.mp4,0.6,0.47572815533980584,0.5700934579439253,0.4285714285714285,0.53125,0.5,0.5,0.5,0.5
voXr6-ykd1w.000.mp4,0.6888888888888889,0.4563106796116505,0.5140186915887851,0.3956043956043956,0.6041666666666666,0.5,0.5,0.5,0.5
voXr6-ykd1w.002.mp4,0.7777777777777777,0.35922330097087385,0.37383177570093457,0.5054945054945055,0.4375,0.5,0.5,0.5,0.5
vP6TUda99tc.005.mp4,0.4888888888888889,0.4174757281553398,0.5327102803738318,0.4945054945054945,0.40625000000000006,0.5,0.5,0.5,0.5
vp9p1osOaLI.002.mp4,0.3777777777777778,0.4466019417475728,0.4485981308411215,0.3956043956043956,0.25,0.5,0.5,0.5,0.5
vp9p1osOaLI.003.mp4,0.5888888888888889,0.6310679611650486,0.5700934579439253,0.5824175824175825,0.5,0.5,0.5,0.5,0.5
VPFrKx72gvo.001.mp4,0.3777777777777778,0.3300970873786408,0.2710280373831776,0.3846153846153846,0.4375,0.5,0.5,0.5,0.5
VPFrKx72gvo.002.mp4,0.4,0.30097087378640774,0.2149532710280374,0.29670329670329665,0.18749999999999997,0.5,0.5,0.5,0.5
vQEZ5KF9I4E.003.mp4,0.5555555555555556,0.7184466019417477,0.30841121495327106,0.4725274725274725,0.5104166666666666,0.5,0.5,0.5,0.5
vQEZ5KF9I4E.004.mp4,0.4444444444444445,0.7572815533980582,0.33644859813084116,0.6263736263736264,0.625,0.5,0.5,0.5,0.5
vqF65-bFHKM.003.mp4,0.5111111111111111,0.4660194174757281,0.588785046728972,0.4725274725274725,0.5104166666666666,0.5,0.5,0.5,0.5
vqF65-bFHKM.004.mp4,0.5888888888888889,0.5145631067961165,0.5327102803738318,0.6373626373626373,0.5625,0.5,0.5,0.5,0.5
vqLtOsoNPnU.002.mp4,0.4777777777777778,0.5436893203883495,0.4392523364485981,0.5714285714285714,0.45833333333333337,0.5,0.5,0.5,0.5
vqLtOsoNPnU.004.mp4,0.7444444444444444,0.6990291262135921,0.6542056074766356,0.7142857142857143,0.84375,0.5,0.5,0.5,0.5
VQMizni7nY0.001.mp4,0.5222222222222223,0.33980582524271846,0.4018691588785047,0.3516483516483516,0.5520833333333334,0.5,0.5,0.5,0.5
vr5FWHUkYRM.000.mp4,0.4888888888888889,0.6019417475728155,0.4485981308411215,0.5494505494505494,0.4479166666666667,0.5,0.5,0.5,0.5
vr5FWHUkYRM.001.mp4,0.6333333333333333,0.5436893203883495,0.4579439252336449,0.6483516483516484,0.42708333333333337,0.5,0.5,0.5,0.5
vR7YF7Zv5-Q.000.mp4,0.3555555555555556,0.33980582524271846,0.24299065420560748,0.4835164835164835,0.17708333333333331,0.5,0.5,0.5,0.5
vR7YF7Zv5-Q.003.mp4,0.3777777777777778,0.4368932038834952,0.2897196261682243,0.5934065934065933,0.22916666666666663,0.5,0.5,0.5,0.5
VRjJxTqOJyo.001.mp4,0.2777777777777778,0.2524271844660194,0.5140186915887851,0.4615384615384615,0.34374999999999994,0.5,0.5,0.5,0.5
VRjJxTqOJyo.002.mp4,0.4777777777777778,0.4563106796116505,0.4112149532710281,0.5274725274725275,0.4479166666666667,0.5,0.5,0.5,0.5
VRjJxTqOJyo.004.mp4,0.7666666666666666,0.4563106796116505,0.7289719626168225,0.7252747252747254,0.7083333333333334,0.5,0.5,0.5,0.5
vrMlwwTLWIE.005.mp4,0.611111111111111,0.27184466019417475,0.3271028037383178,0.31868131868131866,0.37499999999999994,0.5,0.5,0.5,0.5
VsY6jAlvb9o.000.mp4,0.7666666666666666,0.5533980582524272,0.7663551401869159,0.7362637362637363,0.8541666666666667,0.5,0.5,0.5,0.5
vtOEl_Mg0Io.000.mp4,0.6333333333333333,0.5339805825242718,0.4953271028037384,0.7912087912087912,0.46875,0.5,0.5,0.5,0.5
vtOEl_Mg0Io.004.mp4,0.4444444444444445,0.3300970873786408,0.3177570093457944,0.4835164835164835,0.34374999999999994,0.5,0.5,0.5,0.5
VTrqCDYHVqU.001.mp4,0.1777777777777778,0.35922330097087385,0.1588785046728972,0.25274725274725274,0.22916666666666663,0.5,0.5,0.5,0.5
VTrqCDYHVqU.002.mp4,0.38888888888888895,0.5533980582524272,0.30841121495327106,0.4725274725274725,0.20833333333333331,0.5,0.5,0.5,0.5
VTrqCDYHVqU.003.mp4,0.15555555555555559,0.3203883495145631,0.1588785046728972,0.32967032967032966,0.22916666666666663,0.5,0.5,0.5,0.5
VTv4BAYgJpk.001.mp4,0.5111111111111111,0.8252427184466018,0.36448598130841126,0.5604395604395604,0.6354166666666666,0.5,0.5,0.5,0.5
VTv4BAYgJpk.002.mp4,0.5444444444444444,0.7475728155339806,0.3271028037383178,0.6263736263736264,0.5104166666666666,0.5,0.5,0.5,0.5
VTv4BAYgJpk.003.mp4,0.6,0.6116504854368932,0.4112149532710281,0.6153846153846153,0.6041666666666666,0.5,0.5,0.5,0.5
VTv4BAYgJpk.005.mp4,0.5,0.8834951456310681,0.36448598130841126,0.7252747252747254,0.5625,0.5,0.5,0.5,0.5
VtYPH6UsVnU.000.mp4,0.5222222222222223,0.6601941747572816,0.3457943925233645,0.5274725274725275,0.5625,0.5,0.5,0.5,0.5
VtYPH6UsVnU.001.mp4,0.4222222222222222,0.5533980582524272,0.3177570093457944,0.5714285714285714,0.42708333333333337,0.5,0.5,0.5,0.5
VtYPH6UsVnU.002.mp4,0.6333333333333333,0.6213592233009709,0.4485981308411215,0.6043956043956044,0.65625,0.5,0.5,0.5,0.5
VtYPH6UsVnU.003.mp4,0.3,0.5339805825242718,0.3177570093457944,0.5274725274725275,0.39583333333333337,0.5,0.5,0.5,0.5
VtYPH6UsVnU.005.mp4,0.33333333333333337,0.6893203883495147,0.3271028037383178,0.4725274725274725,0.42708333333333337,0.5,0.5,0.5,0.5
VuadgOz6T7s.000.mp4,0.23333333333333334,0.14563106796116504,0.22429906542056074,0.15384615384615383,0.13541666666666663,0.5,0.5,0.5,0.5
VuadgOz6T7s.001.mp4,0.33333333333333337,0.3786407766990291,0.3457943925233645,0.4065934065934066,0.3125,0.5,0.5,0.5,0.5
VuadgOz6T7s.002.mp4,0.16666666666666669,0.18446601941747573,0.24299065420560748,0.16483516483516483,0.28125,0.5,0.5,0.5,0.5
VUgKH9DIs-8.000.mp4,0.22222222222222224,0.27184466019417475,0.14018691588785046,0.29670329670329665,0.21874999999999997,0.5,0.5,0.5,0.5
VUgKH9DIs-8.001.mp4,0.3777777777777778,0.2621359223300971,0.1588785046728972,0.3956043956043956,0.28125,0.5,0.5,0.5,0.5
VUgKH9DIs-8.002.mp4,0.13333333333333336,0.11650485436893207,0.11214953271028037,0.1978021978021978,0.15624999999999994,0.5,0.5,0.5,0.5
VUgKH9DIs-8.003.mp4,0.23333333333333334,0.21359223300970873,0.18691588785046728,0.2857142857142857,0.22916666666666663,0.5,0.5,0.5,0.5
VUgKH9DIs-8.005.mp4,0.24444444444444444,0.23300970873786406,0.13084112149532712,0.2747252747252747,0.1666666666666666,0.5,0.5,0.5,0.5
VugKq4gOi50.000.mp4,0.7,0.5825242718446602,0.5700934579439253,0.6263736263736264,0.59375,0.5,0.5,0.5,0.5
VugKq4gOi50.004.mp4,0.6222222222222222,0.6601941747572816,0.6728971962616823,0.835164835164835,0.7187499999999999,0.5,0.5,0.5,0.5
VugKq4gOi50.005.mp4,0.6555555555555556,0.7184466019417477,0.5327102803738318,0.6043956043956044,0.7604166666666666,0.5,0.5,0.5,0.5
VUGWfw5PVLY.000.mp4,0.4888888888888889,0.33980582524271846,0.5607476635514019,0.6263736263736264,0.5833333333333333,0.5,0.5,0.5,0.5
VUGWfw5PVLY.002.mp4,0.43333333333333335,0.3786407766990291,0.37383177570093457,0.4505494505494505,0.4791666666666667,0.5,0.5,0.5,0.5
vUKex2msIEU.002.mp4,0.5888888888888889,0.5048543689320388,0.663551401869159,0.6043956043956044,0.4895833333333333,0.5,0.5,0.5,0.5
vUKex2msIEU.004.mp4,0.5444444444444444,0.4951456310679611,0.3457943925233645,0.4175824175824176,0.3854166666666667,0.5,0.5,0.5,0.5
vUo6wnBOBpo.002.mp4,0.6666666666666666,0.4563106796116505,0.588785046728972,0.6263736263736264,0.5520833333333334,0.5,0.5,0.5,0.5
VuS938tAv-0.003.mp4,0.7444444444444444,0.4174757281553398,0.6355140186915887,0.5054945054945055,0.5416666666666666,0.5,0.5,0.5,0.5
VvSk5m90xOs.000.mp4,0.43333333333333335,0.3980582524271845,0.29906542056074764,0.3626373626373627,0.2395833333333333,0.5,0.5,0.5,0.5
VvSk5m90xOs.002.mp4,0.3,0.2621359223300971,0.2149532710280374,0.18681318681318684,0.19791666666666666,0.5,0.5,0.5,0.5
VvSk5m90xOs.003.mp4,0.32222222222222224,0.2621359223300971,0.2336448598130841,0.31868131868131866,0.15624999999999994,0.5,0.5,0.5,0.5
VvVigAr4hZc.003.mp4,0.6888888888888889,0.7961165048543688,0.663551401869159,0.7252747252747254,0.7812499999999999,0.5,0.5,0.5,0.5
VxtZDXM0cuQ.001.mp4,0.6888888888888889,0.6310679611650486,0.6168224299065421,0.5494505494505494,0.5729166666666666,0.5,0.5,0.5,0.5
VxtZDXM0cuQ.002.mp4,0.7888888888888888,0.6116504854368932,0.7663551401869159,0.7472527472527474,0.7395833333333333,0.5,0.5,0.5,0.5
VxtZDXM0cuQ.005.mp4,0.6444444444444444,0.5048543689320388,0.6822429906542057,0.5604395604395604,0.4895833333333333,0.5,0.5,0.5,0.5
vxuBHsokOX4.005.mp4,0.3666666666666667,0.33980582524271846,0.25233644859813087,0.2637362637362637,0.2708333333333333,0.5,0.5,0.5,0.5
Vy-Lr_iM5qo.000.mp4,0.7333333333333333,0.6601941747572816,0.6261682242990655,0.6373626373626373,0.59375,0.5,0.5,0.5,0.5
Vy-Lr_iM5qo.001.mp4,0.5111111111111111,0.4563106796116505,0.47663551401869164,0.4505494505494505,0.3854166666666667,0.5,0.5,0.5,0.5
Vy-Lr_iM5qo.003.mp4,0.6555555555555556,0.5145631067961165,0.5327102803738318,0.4725274725274725,0.34374999999999994,0.5,0.5,0.5,0.5
Vy-Lr_iM5qo.005.mp4,0.711111111111111,0.47572815533980584,0.5607476635514019,0.4285714285714285,0.5104166666666666,0.5,0.5,0.5,0.5
vYkHHVeNK_M.001.mp4,0.34444444444444444,0.3980582524271845,0.24299065420560748,0.3516483516483516,0.1666666666666666,0.5,0.5,0.5,0.5
vYkHHVeNK_M.002.mp4,0.26666666666666666,0.1941747572815534,0.16822429906542055,0.3406593406593406,0.1458333333333333,0.5,0.5,0.5,0.5
vYkHHVeNK_M.003.mp4,0.25555555555555554,0.16504854368932043,0.13084112149532712,0.1978021978021978,0.1666666666666666,0.5,0.5,0.5,0.5
vYkHHVeNK_M.004.mp4,0.3111111111111111,0.30097087378640774,0.18691588785046728,0.4615384615384615,0.19791666666666666,0.5,0.5,0.5,0.5
Vyktsh14Kww.005.mp4,0.6555555555555556,0.5533980582524272,0.6168224299065421,0.6483516483516484,0.6458333333333333,0.5,0.5,0.5,0.5
vYVqhg_VGP8.000.mp4,0.4444444444444445,0.6893203883495147,0.18691588785046728,0.4725274725274725,0.46875,0.5,0.5,0.5,0.5
VZ6jhnbk-5g.001.mp4,0.6555555555555556,0.8155339805825244,0.7289719626168225,0.813186813186813,0.8125000000000001,0.5,0.5,0.5,0.5
VZ6jhnbk-5g.002.mp4,0.7222222222222221,0.8252427184466018,0.6822429906542057,0.6813186813186812,0.7291666666666667,0.5,0.5,0.5,0.5
VZ6jhnbk-5g.003.mp4,0.7,0.8349514563106796,0.7289719626168225,0.7362637362637363,0.7604166666666666,0.5,0.5,0.5,0.5
VZ6jhnbk-5g.004.mp4,0.7999999999999999,0.8155339805825244,0.8317757009345795,0.923076923076923,0.7187499999999999,0.5,0.5,0.5,0.5
vZPLbzF0aSg.001.mp4,0.711111111111111,0.5339805825242718,0.588785046728972,0.6153846153846153,0.4791666666666667,0.5,0.5,0.5,0.5
vZpneJlniAE.005.mp4,0.6333333333333333,0.4660194174757281,0.4205607476635514,0.5714285714285714,0.6354166666666666,0.5,0.5,0.5,0.5
W0Ay5uul8j0.001.mp4,0.5444444444444444,0.5145631067961165,0.35514018691588783,0.5274725274725275,0.34374999999999994,0.5,0.5,0.5,0.5
W0Ay5uul8j0.002.mp4,0.5888888888888889,0.6019417475728155,0.4485981308411215,0.5494505494505494,0.53125,0.5,0.5,0.5,0.5
w0CQ55sKmck.002.mp4,0.4777777777777778,0.5242718446601942,0.2710280373831776,0.5494505494505494,0.3020833333333333,0.5,0.5,0.5,0.5
W0FCCk0a0tg.001.mp4,0.45555555555555555,0.5631067961165048,0.4018691588785047,0.6483516483516484,0.4791666666666667,0.5,0.5,0.5,0.5
W0FCCk0a0tg.003.mp4,0.26666666666666666,0.3883495145631068,0.26168224299065423,0.3406593406593406,0.32291666666666663,0.5,0.5,0.5,0.5
W0LRjSS9pVM.001.mp4,0.6333333333333333,0.6019417475728155,0.5046728971962617,0.7472527472527474,0.5208333333333334,0.5,0.5,0.5,0.5
W0LRjSS9pVM.004.mp4,0.45555555555555555,0.47572815533980584,0.4579439252336449,0.6153846153846153,0.4375,0.5,0.5,0.5,0.5
W2AB3UUyvwI.002.mp4,0.7666666666666666,0.47572815533980584,0.5514018691588786,0.6043956043956044,0.5208333333333334,0.5,0.5,0.5,0.5
W2AB3UUyvwI.003.mp4,0.7777777777777777,0.5825242718446602,0.5794392523364487,0.6043956043956044,0.6770833333333334,0.5,0.5,0.5,0.5
W2AB3UUyvwI.005.mp4,0.7666666666666666,0.5048543689320388,0.5794392523364487,0.4615384615384615,0.5104166666666666,0.5,0.5,0.5,0.5
W2asVll3OSU.001.mp4,0.711111111111111,0.6601941747572816,0.4953271028037384,0.5824175824175825,0.5416666666666666,0.5,0.5,0.5,0.5
w2FKw8IhbFw.001.mp4,0.5777777777777777,0.6019417475728155,0.4672897196261683,0.5164835164835165,0.5416666666666666,0.5,0.5,0.5,0.5
w4cZStXMUII.003.mp4,0.711111111111111,0.5339805825242718,0.5233644859813085,0.5824175824175825,0.6145833333333333,0.5,0.5,0.5,0.5
W4tz3plvvKI.003.mp4,0.5333333333333333,0.6407766990291262,0.39252336448598135,0.6043956043956044,0.4166666666666667,0.5,0.5,0.5,0.5
W7BbL3NZvrU.001.mp4,0.6333333333333333,0.4077669902912622,0.36448598130841126,0.5494505494505494,0.4895833333333333,0.5,0.5,0.5,0.5
W7BbL3NZvrU.004.mp4,0.5555555555555556,0.3980582524271845,0.3457943925233645,0.4395604395604395,0.4479166666666667,0.5,0.5,0.5,0.5
w7O2QJu2Wl4.004.mp4,0.6666666666666666,0.5631067961165048,0.7570093457943926,0.5494505494505494,0.65625,0.5,0.5,0.5,0.5
w7O2QJu2Wl4.005.mp4,0.7666666666666666,0.5922330097087379,0.7383177570093458,0.6923076923076923,0.7291666666666667,0.5,0.5,0.5,0.5
w7wPDiQkiA4.001.mp4,0.7666666666666666,0.7378640776699029,0.6448598130841123,0.5054945054945055,0.7291666666666667,0.5,0.5,0.5,0.5
w7wPDiQkiA4.004.mp4,0.6,0.6504854368932039,0.5514018691588786,0.5384615384615384,0.5729166666666666,0.5,0.5,0.5,0.5
W8NkAXNboT0.000.mp4,0.711111111111111,0.5145631067961165,0.6448598130841123,0.7032967032967032,0.5729166666666666,0.5,0.5,0.5,0.5
W8NkAXNboT0.002.mp4,0.6888888888888889,0.6407766990291262,0.48598130841121495,0.4835164835164835,0.5,0.5,0.5,0.5,0.5
w989xx44UQI.000.mp4,0.6555555555555556,0.5145631067961165,0.5981308411214954,0.5274725274725275,0.6354166666666666,0.5,0.5,0.5,0.5
w989xx44UQI.001.mp4,0.7666666666666666,0.5825242718446602,0.7289719626168225,0.6593406593406592,0.7812499999999999,0.5,0.5,0.5,0.5
w989xx44UQI.003.mp4,0.7777777777777777,0.6990291262135921,0.6168224299065421,0.6263736263736264,0.65625,0.5,0.5,0.5,0.5
w989xx44UQI.004.mp4,0.5777777777777777,0.5922330097087379,0.5607476635514019,0.6043956043956044,0.53125,0.5,0.5,0.5,0.5
w_ExyXsnw2A.000.mp4,0.5666666666666667,0.6504854368932039,0.4299065420560748,0.5384615384615384,0.35416666666666663,0.5,0.5,0.5,0.5
w_ExyXsnw2A.003.mp4,0.5444444444444444,0.4854368932038835,0.4579439252336449,0.5934065934065933,0.4791666666666667,0.5,0.5,0.5,0.5
Wa-HX5jP3ew.001.mp4,0.33333333333333337,0.3786407766990291,0.2149532710280374,0.3956043956043956,0.37499999999999994,0.5,0.5,0.5,0.5
Wa-HX5jP3ew.002.mp4,0.25555555555555554,0.31067961165048547,0.1588785046728972,0.3846153846153846,0.19791666666666666,0.5,0.5,0.5,0.5
Wa-HX5jP3ew.003.mp4,0.12222222222222226,0.23300970873786406,0.28037383177570097,0.2747252747252747,0.22916666666666663,0.5,0.5,0.5,0.5
wAl_Pm7xG3A.001.mp4,0.9666666666666666,0.7281553398058251,0.8037383177570094,0.857142857142857,0.8229166666666667,0.5,0.5,0.5,0.5
WATt9OOVZh8.001.mp4,0.7444444444444444,0.8446601941747574,0.6542056074766356,0.7142857142857143,0.8333333333333334,0.5,0.5,0.5,0.5
WATt9OOVZh8.002.mp4,0.6666666666666666,0.6019417475728155,0.7570093457943926,0.6923076923076923,0.5833333333333333,0.5,0.5,0.5,0.5
WATt9OOVZh8.004.mp4,0.5777777777777777,0.5631067961165048,0.5046728971962617,0.5824175824175825,0.6666666666666667,0.5,0.5,0.5,0.5
wBCSJVBr4ZE.004.mp4,0.4777777777777778,0.5145631067961165,0.47663551401869164,0.5714285714285714,0.5729166666666666,0.5,0.5,0.5,0.5
wBCSJVBr4ZE.005.mp4,0.611111111111111,0.7087378640776699,0.5514018691588786,0.7692307692307692,0.6041666666666666,0.5,0.5,0.5,0.5
Wbd7QufjK_E.002.mp4,0.7777777777777777,0.5242718446601942,0.663551401869159,0.6263736263736264,0.7291666666666667,0.5,0.5,0.5,0.5
wBSf7anTC_g.004.mp4,0.5111111111111111,0.6310679611650486,0.35514018691588783,0.5494505494505494,0.65625,0.5,0.5,0.5,0.5
Wby2oMliGz0.000.mp4,0.6888888888888889,0.5436893203883495,0.5046728971962617,0.6263736263736264,0.5208333333333334,0.5,0.5,0.5,0.5
Wby2oMliGz0.002.mp4,0.6444444444444444,0.5145631067961165,0.6448598130841123,0.5824175824175825,0.6458333333333333,0.5,0.5,0.5,0.5
Wby2oMliGz0.003.mp4,0.7222222222222221,0.6699029126213591,0.5327102803738318,0.6153846153846153,0.6666666666666667,0.5,0.5,0.5,0.5
Wby2oMliGz0.004.mp4,0.5666666666666667,0.5922330097087379,0.6355140186915887,0.6153846153846153,0.59375,0.5,0.5,0.5,0.5
Wby2oMliGz0.005.mp4,0.8222222222222221,0.7961165048543688,0.7196261682242993,0.901098901098901,0.8541666666666667,0.5,0.5,0.5,0.5
WCLkd1Fek0w.001.mp4,0.5666666666666667,0.5339805825242718,0.5700934579439253,0.7142857142857143,0.6666666666666667,0.5,0.5,0.5,0.5
Wd0V4MNvqcg.000.mp4,0.7666666666666666,0.5339805825242718,0.5233644859813085,0.5054945054945055,0.6666666666666667,0.5,0.5,0.5,0.5
Wd0V4MNvqcg.001.mp4,0.7444444444444444,0.5436893203883495,0.38317757009345793,0.5274725274725275,0.5625,0.5,0.5,0.5,0.5
Wd0V4MNvqcg.002.mp4,0.6333333333333333,0.4660194174757281,0.5607476635514019,0.6043956043956044,0.625,0.5,0.5,0.5,0.5
WD1WsbooU2w.001.mp4,0.22222222222222224,0.3980582524271845,0.29906542056074764,0.32967032967032966,0.34374999999999994,0.5,0.5,0.5,0.5
WD1WsbooU2w.002.mp4,0.3777777777777778,0.5048543689320388,0.2897196261682243,0.4175824175824176,0.34374999999999994,0.5,0.5,0.5,0.5
wdeOWVDSeLE.001.mp4,0.5222222222222223,0.5728155339805825,0.4392523364485981,0.3736263736263736,0.39583333333333337,0.5,0.5,0.5,0.5
wdeOWVDSeLE.002.mp4,0.5666666666666667,0.4660194174757281,0.5607476635514019,0.5494505494505494,0.42708333333333337,0.5,0.5,0.5,0.5
wDvZdcb00Bg.001.mp4,0.5444444444444444,0.5242718446601942,0.4672897196261683,0.6263736263736264,0.5520833333333334,0.5,0.5,0.5,0.5
wDvZdcb00Bg.002.mp4,0.5,0.5048543689320388,0.4205607476635514,0.4835164835164835,0.5,0.5,0.5,0.5,0.5
wDvZdcb00Bg.003.mp4,0.5444444444444444,0.4951456310679611,0.38317757009345793,0.5164835164835165,0.6145833333333333,0.5,0.5,0.5,0.5
wDvZdcb00Bg.004.mp4,0.3777777777777778,0.4077669902912622,0.37383177570093457,0.5274725274725275,0.5,0.5,0.5,0.5,0.5
Wev85dXzVGM.000.mp4,0.7999999999999999,0.7281553398058251,0.6168224299065421,0.7142857142857143,0.625,0.5,0.5,0.5,0.5
WfCSCxADlrg.002.mp4,0.41111111111111115,0.24271844660194175,0.24299065420560748,0.31868131868131866,0.17708333333333331,0.5,0.5,0.5,0.5
WfCSCxADlrg.004.mp4,0.41111111111111115,0.23300970873786406,0.18691588785046728,0.3736263736263736,0.29166666666666663,0.5,0.5,0.5,0.5
WfCSCxADlrg.005.mp4,0.1444444444444445,0.2038834951456311,0.0747663551401869,0.3516483516483516,0.20833333333333331,0.5,0.5,0.5,0.5
WfjLOieAwGY.002.mp4,0.7,0.6893203883495147,0.5140186915887851,0.5824175824175825,0.7083333333333334,0.5,0.5,0.5,0.5
wFZJ3gTKwwM.002.mp4,0.38888888888888895,0.36893203883495146,0.29906542056074764,0.3956043956043956,0.2708333333333333,0.5,0.5,0.5,0.5
WfZodMIIGR0.000.mp4,0.4666666666666667,0.5436893203883495,0.4485981308411215,0.5824175824175825,0.4791666666666667,0.5,0.5,0.5,0.5
WGP2HLnoma0.001.mp4,0.3666666666666667,0.36893203883495146,0.24299065420560748,0.30769230769230765,0.32291666666666663,0.5,0.5,0.5,0.5
wJl7DbsbrDA.000.mp4,0.5777777777777777,0.5728155339805825,0.4392523364485981,0.4835164835164835,0.5833333333333333,0.5,0.5,0.5,0.5
wJl7DbsbrDA.001.mp4,0.5222222222222223,0.5631067961165048,0.4205607476635514,0.4505494505494505,0.5833333333333333,0.5,0.5,0.5,0.5
wJl7DbsbrDA.005.mp4,0.4777777777777778,0.4660194174757281,0.36448598130841126,0.4835164835164835,0.4895833333333333,0.5,0.5,0.5,0.5
wK_ExIjn5Q8.002.mp4,0.5444444444444444,0.6310679611650486,0.24299065420560748,0.4395604395604395,0.4479166666666667,0.5,0.5,0.5,0.5
wK_ExIjn5Q8.004.mp4,0.32222222222222224,0.5048543689320388,0.13084112149532712,0.3956043956043956,0.29166666666666663,0.5,0.5,0.5,0.5
wK_ExIjn5Q8.005.mp4,0.34444444444444444,0.5533980582524272,0.2336448598130841,0.4505494505494505,0.40625000000000006,0.5,0.5,0.5,0.5
WkbvQZU475o.003.mp4,0.6777777777777777,0.31067961165048547,0.4672897196261683,0.4945054945054945,0.5416666666666666,0.5,0.5,0.5,0.5
wm94g-5Cg5s.000.mp4,0.4666666666666667,0.4466019417475728,0.4112149532710281,0.5824175824175825,0.46875,0.5,0.5,0.5,0.5
wm94g-5Cg5s.002.mp4,0.5444444444444444,0.5339805825242718,0.6448598130841123,0.6483516483516484,0.5416666666666666,0.5,0.5,0.5,0.5
wm94g-5Cg5s.003.mp4,0.5555555555555556,0.5242718446601942,0.2897196261682243,0.5934065934065933,0.6770833333333334,0.5,0.5,0.5,0.5
wm94g-5Cg5s.004.mp4,0.6,0.6213592233009709,0.5700934579439253,0.7142857142857143,0.5833333333333333,0.5,0.5,0.5,0.5
wm94g-5Cg5s.005.mp4,0.5333333333333333,0.5922330097087379,0.26168224299065423,0.5824175824175825,0.6145833333333333,0.5,0.5,0.5,0.5
WMp0lsXbOqM.002.mp4,0.6777777777777777,0.8543689320388351,0.5700934579439253,0.6263736263736264,0.7395833333333333,0.5,0.5,0.5,0.5
WMp0lsXbOqM.003.mp4,0.811111111111111,0.7669902912621359,0.7196261682242993,0.7252747252747254,0.7500000000000001,0.5,0.5,0.5,0.5
wNH5FmWVr-M.001.mp4,0.8666666666666667,0.7669902912621359,0.7850467289719627,0.7032967032967032,0.7812499999999999,0.5,0.5,0.5,0.5
WosLI6krxUg.001.mp4,0.4,0.3883495145631068,0.3457943925233645,0.4615384615384615,0.40625000000000006,0.5,0.5,0.5,0.5
WosLI6krxUg.002.mp4,0.4666666666666667,0.4660194174757281,0.4579439252336449,0.4395604395604395,0.4375,0.5,0.5,0.5,0.5
WOyix7rTgwI.001.mp4,0.38888888888888895,0.3203883495145631,0.38317757009345793,0.30769230769230765,0.20833333333333331,0.5,0.5,0.5,0.5
WpEZOSrENL0.002.mp4,0.4666666666666667,0.5922330097087379,0.4953271028037384,0.5934065934065933,0.5208333333333334,0.5,0.5,0.5,0.5
WpMPrPnk1po.000.mp4,0.6444444444444444,0.5339805825242718,0.4672897196261683,0.4835164835164835,0.59375,0.5,0.5,0.5,0.5
WQg0-M4Yn3s.000.mp4,0.4777777777777778,0.5242718446601942,0.29906542056074764,0.4065934065934066,0.3020833333333333,0.5,0.5,0.5,0.5
wr4dP9MuHME.004.mp4,0.7333333333333333,0.5339805825242718,0.5140186915887851,0.7252747252747254,0.5416666666666666,0.5,0.5,0.5,0.5
wr4dP9MuHME.005.mp4,0.6888888888888889,0.42718446601941745,0.6261682242990655,0.4505494505494505,0.5,0.5,0.5,0.5,0.5
WRz1F6DqmRQ.000.mp4,0.24444444444444444,0.23300970873786406,0.2336448598130841,0.32967032967032966,0.22916666666666663,0.5,0.5,0.5,0.5
WRz1F6DqmRQ.002.mp4,0.4777777777777778,0.4563106796116505,0.4672897196261683,0.5384615384615384,0.45833333333333337,0.5,0.5,0.5,0.5
WRz1F6DqmRQ.004.mp4,0.611111111111111,0.2912621359223301,0.3457943925233645,0.3406593406593406,0.32291666666666663,0.5,0.5,0.5,0.5
WRz1F6DqmRQ.005.mp4,0.45555555555555555,0.35922330097087385,0.39252336448598135,0.4395604395604395,0.37499999999999994,0.5,0.5,0.5,0.5
wsBrLt5coeM.000.mp4,0.6555555555555556,0.4466019417475728,0.5794392523364487,0.4725274725274725,0.53125,0.5,0.5,0.5,0.5
WT1YjeADatU.000.mp4,0.4222222222222222,0.4854368932038835,0.3457943925233645,0.4725274725274725,0.45833333333333337,0.5,0.5,0.5,0.5
WT1YjeADatU.001.mp4,0.5333333333333333,0.4563106796116505,0.6448598130841123,0.5714285714285714,0.5625,0.5,0.5,0.5,0.5
WT1YjeADatU.002.mp4,0.38888888888888895,0.4563106796116505,0.36448598130841126,0.31868131868131866,0.3125,0.5,0.5,0.5,0.5
WT1YjeADatU.003.mp4,0.5444444444444444,0.47572815533980584,0.5140186915887851,0.6813186813186812,0.5729166666666666,0.5,0.5,0.5,0.5
wTo1uZns2X8.000.mp4,0.5333333333333333,0.6116504854368932,0.5327102803738318,0.5274725274725275,0.6875,0.5,0.5,0.5,0.5
wTo1uZns2X8.001.mp4,0.4777777777777778,0.4174757281553398,0.5700934579439253,0.6263736263736264,0.5104166666666666,0.5,0.5,0.5,0.5
wTo1uZns2X8.003.mp4,0.5777777777777777,0.3786407766990291,0.6448598130841123,0.6483516483516484,0.65625,0.5,0.5,0.5,0.5
wTo1uZns2X8.005.mp4,0.2,0.3203883495145631,0.22429906542056074,0.4835164835164835,0.37499999999999994,0.5,0.5,0.5,0.5
wTpb1CfMnVM.005.mp4,0.43333333333333335,0.7087378640776699,0.4018691588785047,0.5824175824175825,0.42708333333333337,0.5,0.5,0.5,0.5
WTzDOt2GO1M.002.mp4,0.41111111111111115,0.3980582524271845,0.2897196261682243,0.4835164835164835,0.5,0.5,0.5,0.5,0.5
WTzDOt2GO1M.005.mp4,0.45555555555555555,0.5242718446601942,0.4392523364485981,0.4615384615384615,0.4166666666666667,0.5,0.5,0.5,0.5
WU2_ELn71Rw.000.mp4,0.5222222222222223,0.4077669902912622,0.4205607476635514,0.5604395604395604,0.53125,0.5,0.5,0.5,0.5
WuHLxhCSnGs.001.mp4,0.4444444444444445,0.5339805825242718,0.4205607476635514,0.5934065934065933,0.4791666666666667,0.5,0.5,0.5,0.5
WuHLxhCSnGs.003.mp4,0.5111111111111111,0.6601941747572816,0.33644859813084116,0.6373626373626373,0.4895833333333333,0.5,0.5,0.5,0.5
WuHLxhCSnGs.004.mp4,0.5222222222222223,0.35922330097087385,0.2897196261682243,0.5274725274725275,0.37499999999999994,0.5,0.5,0.5,0.5
WuHLxhCSnGs.005.mp4,0.6,0.5533980582524272,0.4672897196261683,0.6373626373626373,0.5104166666666666,0.5,0.5,0.5,0.5
wuhoIm_jPc0.002.mp4,0.4666666666666667,0.4563106796116505,0.2710280373831776,0.4505494505494505,0.4479166666666667,0.5,0.5,0.5,0.5
wuhoIm_jPc0.003.mp4,0.7555555555555554,0.6796116504854369,0.4205607476635514,0.4725274725274725,0.6458333333333333,0.5,0.5,0.5,0.5
wuhoIm_jPc0.004.mp4,0.6222222222222222,0.5825242718446602,0.37383177570093457,0.4615384615384615,0.5208333333333334,0.5,0.5,0.5,0.5
wuhoIm_jPc0.005.mp4,0.611111111111111,0.6019417475728155,0.47663551401869164,0.6263736263736264,0.59375,0.5,0.5,0.5,0.5
WuIKjBb7s4Q.000.mp4,0.43333333333333335,0.42718446601941745,0.24299065420560748,0.29670329670329665,0.28125,0.5,0.5,0.5,0.5
WuIKjBb7s4Q.002.mp4,0.22222222222222224,0.3980582524271845,0.17757009345794392,0.23076923076923075,0.28125,0.5,0.5,0.5,0.5
WuIKjBb7s4Q.003.mp4,0.4777777777777778,0.4174757281553398,0.28037383177570097,0.4505494505494505,0.3854166666666667,0.5,0.5,0.5,0.5
WuIKjBb7s4Q.004.mp4,0.3777777777777778,0.42718446601941745,0.25233644859813087,0.3516483516483516,0.45833333333333337,0.5,0.5,0.5,0.5
WuIKjBb7s4Q.005.mp4,0.5222222222222223,0.35922330097087385,0.28037383177570097,0.4395604395604395,0.40625000000000006,0.5,0.5,0.5,0.5
WUNXs4r_xCU.000.mp4,0.5333333333333333,0.3980582524271845,0.36448598130841126,0.4505494505494505,0.45833333333333337,0.5,0.5,0.5,0.5
WUNXs4r_xCU.001.mp4,0.4888888888888889,0.3883495145631068,0.36448598130841126,0.4395604395604395,0.46875,0.5,0.5,0.5,0.5
WUNXs4r_xCU.002.mp4,0.43333333333333335,0.3883495145631068,0.5140186915887851,0.5604395604395604,0.5208333333333334,0.5,0.5,0.5,0.5
WUNXs4r_xCU.003.mp4,0.6,0.47572815533980584,0.4579439252336449,0.5494505494505494,0.4895833333333333,0.5,0.5,0.5,0.5
WUNXs4r_xCU.004.mp4,0.4666666666666667,0.6699029126213591,0.4112149532710281,0.5604395604395604,0.6145833333333333,0.5,0.5,0.5,0.5
WuoQDp7pU24.001.mp4,0.611111111111111,0.7864077669902914,0.6822429906542057,0.5274725274725275,0.6354166666666666,0.5,0.5,0.5,0.5
WuoQDp7pU24.002.mp4,0.5333333333333333,0.35922330097087385,0.5140186915887851,0.4285714285714285,0.4791666666666667,0.5,0.5,0.5,0.5
WuoQDp7pU24.003.mp4,0.4777777777777778,0.6699029126213591,0.6261682242990655,0.5494505494505494,0.5208333333333334,0.5,0.5,0.5,0.5
wVpjBxCirAQ.001.mp4,0.45555555555555555,0.4951456310679611,0.3177570093457944,0.4395604395604395,0.20833333333333331,0.5,0.5,0.5,0.5
wVpjBxCirAQ.004.mp4,0.5888888888888889,0.6116504854368932,0.4112149532710281,0.4945054945054945,0.5625,0.5,0.5,0.5,0.5
wVpjBxCirAQ.005.mp4,0.43333333333333335,0.3883495145631068,0.18691588785046728,0.32967032967032966,0.3020833333333333,0.5,0.5,0.5,0.5
WWdCfiraNQk.003.mp4,0.7888888888888888,0.6019417475728155,0.4953271028037384,0.6373626373626373,0.6770833333333334,0.5,0.5,0.5,0.5
WwGca41TJVU.002.mp4,0.5222222222222223,0.4077669902912622,0.4392523364485981,0.5494505494505494,0.5,0.5,0.5,0.5,0.5
WwGca41TJVU.003.mp4,0.38888888888888895,0.36893203883495146,0.4392523364485981,0.4945054945054945,0.4375,0.5,0.5,0.5,0.5
Wx_oe0SxD9w.000.mp4,0.6222222222222222,0.6310679611650486,0.6261682242990655,0.5934065934065933,0.6041666666666666,0.5,0.5,0.5,0.5
Wx_oe0SxD9w.001.mp4,0.5888888888888889,0.6796116504854369,0.4112149532710281,0.7802197802197802,0.6666666666666667,0.5,0.5,0.5,0.5
Wx_oe0SxD9w.002.mp4,0.7,0.7961165048543688,0.6448598130841123,0.7692307692307692,0.7500000000000001,0.5,0.5,0.5,0.5
Wx_oe0SxD9w.003.mp4,0.4777777777777778,0.6213592233009709,0.4672897196261683,0.5934065934065933,0.5416666666666666,0.5,0.5,0.5,0.5
wxpXOLNwW1E.000.mp4,0.5222222222222223,0.33980582524271846,0.38317757009345793,0.3516483516483516,0.3854166666666667,0.5,0.5,0.5,0.5
wxpXOLNwW1E.002.mp4,0.4666666666666667,0.3203883495145631,0.5327102803738318,0.4505494505494505,0.32291666666666663,0.5,0.5,0.5,0.5
wy1szFSVpEI.002.mp4,0.6,0.5825242718446602,0.5420560747663552,0.4615384615384615,0.7291666666666667,0.5,0.5,0.5,0.5
Wy4hWbeibhU.000.mp4,0.4,0.3786407766990291,0.38317757009345793,0.6043956043956044,0.34374999999999994,0.5,0.5,0.5,0.5
Wy4hWbeibhU.002.mp4,0.4222222222222222,0.42718446601941745,0.4672897196261683,0.5934065934065933,0.3645833333333333,0.5,0.5,0.5,0.5
wYixHjntI-4.001.mp4,0.5777777777777777,0.6893203883495147,0.5607476635514019,0.813186813186813,0.6979166666666666,0.5,0.5,0.5,0.5
wYixHjntI-4.002.mp4,0.711111111111111,0.6116504854368932,0.691588785046729,0.7252747252747254,0.6666666666666667,0.5,0.5,0.5,0.5
wYixHjntI-4.004.mp4,0.5888888888888889,0.6213592233009709,0.5794392523364487,0.6263736263736264,0.53125,0.5,0.5,0.5,0.5
wYixHjntI-4.005.mp4,0.7333333333333333,0.7184466019417477,0.5514018691588786,0.7582417582417583,0.6770833333333334,0.5,0.5,0.5,0.5
WyLqK6wzYLU.000.mp4,0.28888888888888886,0.35922330097087385,0.2710280373831776,0.3516483516483516,0.4479166666666667,0.5,0.5,0.5,0.5
WyLqK6wzYLU.001.mp4,0.7222222222222221,0.5533980582524272,0.6261682242990655,0.6043956043956044,0.46875,0.5,0.5,0.5,0.5
WYXRdYT4F0Q.003.mp4,0.8222222222222221,0.8058252427184466,0.7196261682242993,0.824175824175824,0.8020833333333334,0.5,0.5,0.5,0.5
wYZJ2HXfvmQ.001.mp4,0.2111111111111111,0.4660194174757281,0.18691588785046728,0.3406593406593406,0.28125,0.5,0.5,0.5,0.5
wYZJ2HXfvmQ.002.mp4,0.1777777777777778,0.2912621359223301,0.14018691588785046,0.2857142857142857,0.1666666666666666,0.5,0.5,0.5,0.5
wYZJ2HXfvmQ.003.mp4,0.4888888888888889,0.4368932038834952,0.22429906542056074,0.5494505494505494,0.35416666666666663,0.5,0.5,0.5,0.5
wYZJ2HXfvmQ.005.mp4,0.3777777777777778,0.33980582524271846,0.20560747663551404,0.30769230769230765,0.19791666666666666,0.5,0.5,0.5,0.5
wzCdM6Fe_4A.001.mp4,0.8666666666666667,0.7961165048543688,0.5794392523364487,0.6813186813186812,0.625,0.5,0.5,0.5,0.5
wzCdM6Fe_4A.003.mp4,0.6666666666666666,0.5533980582524272,0.4112149532710281,0.5714285714285714,0.5208333333333334,0.5,0.5,0.5,0.5
wzCdM6Fe_4A.004.mp4,0.4888888888888889,0.5728155339805825,0.48598130841121495,0.4835164835164835,0.40625000000000006,0.5,0.5,0.5,0.5
WZnLayQeIZ0.000.mp4,0.45555555555555555,0.4951456310679611,0.5233644859813085,0.6153846153846153,0.53125,0.5,0.5,0.5,0.5
WZnLayQeIZ0.005.mp4,0.6777777777777777,0.6213592233009709,0.8037383177570094,0.7252747252747254,0.5833333333333333,0.5,0.5,0.5,0.5
X-i_eQ48DBw.000.mp4,0.611111111111111,0.5048543689320388,0.4299065420560748,0.6813186813186812,0.59375,0.5,0.5,0.5,0.5
X-i_eQ48DBw.001.mp4,0.38888888888888895,0.5339805825242718,0.26168224299065423,0.6593406593406592,0.39583333333333337,0.5,0.5,0.5,0.5
X-i_eQ48DBw.004.mp4,0.4666666666666667,0.5242718446601942,0.35514018691588783,0.4945054945054945,0.3645833333333333,0.5,0.5,0.5,0.5
x0CZuHnJ0Hs.004.mp4,0.6333333333333333,0.5339805825242718,0.4485981308411215,0.7032967032967032,0.5729166666666666,0.5,0.5,0.5,0.5
x0CZuHnJ0Hs.005.mp4,0.8222222222222221,0.5339805825242718,0.5794392523364487,0.6483516483516484,0.65625,0.5,0.5,0.5,0.5
X1EjfXX3NTk.000.mp4,0.6,0.5728155339805825,0.5046728971962617,0.4615384615384615,0.6458333333333333,0.5,0.5,0.5,0.5
X1EjfXX3NTk.003.mp4,0.711111111111111,0.6116504854368932,0.4392523364485981,0.6153846153846153,0.6458333333333333,0.5,0.5,0.5,0.5
X1EjfXX3NTk.004.mp4,0.6222222222222222,0.4466019417475728,0.48598130841121495,0.6263736263736264,0.5104166666666666,0.5,0.5,0.5,0.5
X4NG3EGtUvo.003.mp4,0.6444444444444444,0.6504854368932039,0.6261682242990655,0.6043956043956044,0.6458333333333333,0.5,0.5,0.5,0.5
X4NG3EGtUvo.005.mp4,0.7222222222222221,0.5631067961165048,0.6822429906542057,0.7142857142857143,0.5625,0.5,0.5,0.5,0.5
x57nEfACdXA.001.mp4,0.7,0.5145631067961165,0.47663551401869164,0.7032967032967032,0.4791666666666667,0.5,0.5,0.5,0.5
x57nEfACdXA.002.mp4,0.5555555555555556,0.6504854368932039,0.5981308411214954,0.7472527472527474,0.7604166666666666,0.5,0.5,0.5,0.5
x57nEfACdXA.003.mp4,0.5111111111111111,0.5436893203883495,0.4672897196261683,0.5604395604395604,0.5208333333333334,0.5,0.5,0.5,0.5
x57nEfACdXA.005.mp4,0.7222222222222221,0.6699029126213591,0.5607476635514019,0.5824175824175825,0.4479166666666667,0.5,0.5,0.5,0.5
X5aKCrWf6a4.001.mp4,0.5111111111111111,0.4660194174757281,0.33644859813084116,0.5164835164835165,0.45833333333333337,0.5,0.5,0.5,0.5
X5aKCrWf6a4.003.mp4,0.6222222222222222,0.6699029126213591,0.4205607476635514,0.5054945054945055,0.5,0.5,0.5,0.5,0.5
X5aKCrWf6a4.005.mp4,0.5111111111111111,0.6116504854368932,0.3457943925233645,0.5604395604395604,0.5416666666666666,0.5,0.5,0.5,0.5
x6Tluj4dJTU.002.mp4,0.6222222222222222,0.5922330097087379,0.4299065420560748,0.4945054945054945,0.53125,0.5,0.5,0.5,0.5
x6Tluj4dJTU.004.mp4,0.5444444444444444,0.2912621359223301,0.2897196261682243,0.4285714285714285,0.32291666666666663,0.5,0.5,0.5,0.5
X7S71Som15M.001.mp4,0.5777777777777777,0.4563106796116505,0.5233644859813085,0.4945054945054945,0.6041666666666666,0.5,0.5,0.5,0.5
X7S71Som15M.002.mp4,0.5333333333333333,0.3883495145631068,0.4579439252336449,0.5054945054945055,0.6145833333333333,0.5,0.5,0.5,0.5
X8RfXbeIQvo.001.mp4,0.3555555555555556,0.3203883495145631,0.3457943925233645,0.2747252747252747,0.19791666666666666,0.5,0.5,0.5,0.5
X9AEEGzWSU8.001.mp4,0.5888888888888889,0.5631067961165048,0.5700934579439253,0.5714285714285714,0.53125,0.5,0.5,0.5,0.5
X9AEEGzWSU8.002.mp4,0.5,0.47572815533980584,0.35514018691588783,0.5714285714285714,0.45833333333333337,0.5,0.5,0.5,0.5
X9AEEGzWSU8.003.mp4,0.6666666666666666,0.36893203883495146,0.39252336448598135,0.6043956043956044,0.4895833333333333,0.5,0.5,0.5,0.5
X9AEEGzWSU8.005.mp4,0.5666666666666667,0.5242718446601942,0.4392523364485981,0.4395604395604395,0.5520833333333334,0.5,0.5,0.5,0.5
xA3GCTL5o-k.000.mp4,0.45555555555555555,0.2815533980582524,0.2710280373831776,0.3626373626373627,0.39583333333333337,0.5,0.5,0.5,0.5
XAO4l8Ej-J8.003.mp4,0.6888888888888889,0.7281553398058251,0.5327102803738318,0.6153846153846153,0.6041666666666666,0.5,0.5,0.5,0.5
XAO4l8Ej-J8.005.mp4,0.6222222222222222,0.6601941747572816,0.5700934579439253,0.6703296703296703,0.6666666666666667,0.5,0.5,0.5,0.5
Xauhek9-iKA.001.mp4,0.6888888888888889,0.6893203883495147,0.663551401869159,0.7582417582417583,0.5729166666666666,0.5,0.5,0.5,0.5
XB4JOAiEanw.000.mp4,0.5222222222222223,0.4951456310679611,0.6542056074766356,0.4615384615384615,0.6354166666666666,0.5,0.5,0.5,0.5
XB81sertsYU.000.mp4,0.6777777777777777,0.5436893203883495,0.7009345794392524,0.7362637362637363,0.5104166666666666,0.5,0.5,0.5,0.5
xbAb00tGeBQ.000.mp4,0.5,0.4951456310679611,0.6355140186915887,0.5714285714285714,0.6770833333333334,0.5,0.5,0.5,0.5
xBiI0Oo1vBw.000.mp4,0.711111111111111,0.7184466019417477,0.7570093457943926,0.7582417582417583,0.6770833333333334,0.5,0.5,0.5,0.5
xBiI0Oo1vBw.005.mp4,0.5888888888888889,0.5533980582524272,0.5420560747663552,0.4725274725274725,0.5416666666666666,0.5,0.5,0.5,0.5
XbsA_lCKQLs.002.mp4,0.6,0.6407766990291262,0.4205607476635514,0.5384615384615384,0.59375,0.5,0.5,0.5,0.5
XbsA_lCKQLs.003.mp4,0.7444444444444444,0.7669902912621359,0.5046728971962617,0.8021978021978021,0.7500000000000001,0.5,0.5,0.5,0.5
XbsA_lCKQLs.004.mp4,0.9333333333333333,0.6990291262135921,0.588785046728972,0.857142857142857,0.7812499999999999,0.5,0.5,0.5,0.5
XcEFSi3uaJM.000.mp4,0.7555555555555554,0.5631067961165048,0.5514018691588786,0.7142857142857143,0.59375,0.5,0.5,0.5,0.5
XcEFSi3uaJM.002.mp4,0.6777777777777777,0.4174757281553398,0.5794392523364487,0.6703296703296703,0.5520833333333334,0.5,0.5,0.5,0.5
XcEFSi3uaJM.005.mp4,0.8333333333333333,0.5825242718446602,0.588785046728972,0.5824175824175825,0.65625,0.5,0.5,0.5,0.5
xcMwMi4fdis.001.mp4,0.43333333333333335,0.33980582524271846,0.2149532710280374,0.5274725274725275,0.39583333333333337,0.5,0.5,0.5,0.5
xcMwMi4fdis.002.mp4,0.4777777777777778,0.3980582524271845,0.4018691588785047,0.4615384615384615,0.3854166666666667,0.5,0.5,0.5,0.5
xcMwMi4fdis.005.mp4,0.5111111111111111,0.33980582524271846,0.36448598130841126,0.5054945054945055,0.5208333333333334,0.5,0.5,0.5,0.5
xcVy0l2nfV0.001.mp4,0.6222222222222222,0.3883495145631068,0.5981308411214954,0.5824175824175825,0.5833333333333333,0.5,0.5,0.5,0.5
xDjhf8wrNWQ.001.mp4,0.6,0.5242718446601942,0.5607476635514019,0.6703296703296703,0.7083333333333334,0.5,0.5,0.5,0.5
xDjhf8wrNWQ.003.mp4,0.5111111111111111,0.3883495145631068,0.5327102803738318,0.4945054945054945,0.65625,0.5,0.5,0.5,0.5
xDjhf8wrNWQ.004.mp4,0.32222222222222224,0.4466019417475728,0.26168224299065423,0.5054945054945055,0.35416666666666663,0.5,0.5,0.5,0.5
xDjhf8wrNWQ.005.mp4,0.6222222222222222,0.5436893203883495,0.5046728971962617,0.6923076923076923,0.5833333333333333,0.5,0.5,0.5,0.5
xe3l76e8yE4.001.mp4,0.5,0.35922330097087385,0.26168224299065423,0.4725274725274725,0.3854166666666667,0.5,0.5,0.5,0.5
xeE08Vn-HXI.000.mp4,0.5111111111111111,0.4854368932038835,0.4112149532710281,0.3956043956043956,0.3125,0.5,0.5,0.5,0.5
xeE08Vn-HXI.001.mp4,0.4777777777777778,0.4174757281553398,0.4112149532710281,0.4835164835164835,0.4166666666666667,0.5,0.5,0.5,0.5
xEmwNv4OxGE.001.mp4,0.5444444444444444,0.4660194174757281,0.5327102803738318,0.4065934065934066,0.6145833333333333,0.5,0.5,0.5,0.5
XEpdSMQfEOs.002.mp4,0.8222222222222221,0.6893203883495147,0.588785046728972,0.4835164835164835,0.65625,0.5,0.5,0.5,0.5
XEpdSMQfEOs.003.mp4,0.6666666666666666,0.6990291262135921,0.588785046728972,0.5054945054945055,0.6666666666666667,0.5,0.5,0.5,0.5
XEpdSMQfEOs.004.mp4,0.5111111111111111,0.5728155339805825,0.4672897196261683,0.4725274725274725,0.5520833333333334,0.5,0.5,0.5,0.5
xerGtxpxW6Q.002.mp4,0.922222222222222,0.5242718446601942,0.7102803738317757,0.7362637362637363,0.7916666666666667,0.5,0.5,0.5,0.5
xerGtxpxW6Q.003.mp4,0.711111111111111,0.42718446601941745,0.6448598130841123,0.4725274725274725,0.6145833333333333,0.5,0.5,0.5,0.5
XfK7WZ3skUM.001.mp4,0.4222222222222222,0.3786407766990291,0.2336448598130841,0.4505494505494505,0.3333333333333333,0.5,0.5,0.5,0.5
xfLVThCzEEk.000.mp4,0.5,0.35922330097087385,0.39252336448598135,0.3516483516483516,0.45833333333333337,0.5,0.5,0.5,0.5
xfMOELCuN94.003.mp4,0.6666666666666666,0.3786407766990291,0.5046728971962617,0.6153846153846153,0.6979166666666666,0.5,0.5,0.5,0.5
xfMOELCuN94.004.mp4,0.7777777777777777,0.5728155339805825,0.6542056074766356,0.6703296703296703,0.7187499999999999,0.5,0.5,0.5,0.5
Xfmu-7JuDGg.000.mp4,0.3555555555555556,0.5728155339805825,0.20560747663551404,0.5934065934065933,0.35416666666666663,0.5,0.5,0.5,0.5
Xfmu-7JuDGg.001.mp4,0.43333333333333335,0.5242718446601942,0.30841121495327106,0.5054945054945055,0.5208333333333334,0.5,0.5,0.5,0.5
Xfmu-7JuDGg.002.mp4,0.4666666666666667,0.6019417475728155,0.2710280373831776,0.5714285714285714,0.5,0.5,0.5,0.5,0.5
Xfmu-7JuDGg.004.mp4,0.4222222222222222,0.5825242718446602,0.25233644859813087,0.4395604395604395,0.42708333333333337,0.5,0.5,0.5,0.5
XFpzukISe6s.004.mp4,0.5666666666666667,0.5825242718446602,0.4672897196261683,0.6373626373626373,0.4166666666666667,0.5,0.5,0.5,0.5
XFpzukISe6s.005.mp4,0.5666666666666667,0.36893203883495146,0.4205607476635514,0.4835164835164835,0.6041666666666666,0.5,0.5,0.5,0.5
XFqLaKqrUHM.004.mp4,0.611111111111111,0.4951456310679611,0.5140186915887851,0.7362637362637363,0.5416666666666666,0.5,0.5,0.5,0.5
XfUqFt2amrM.000.mp4,0.33333333333333337,0.17475728155339804,0.1588785046728972,0.2637362637362637,0.17708333333333331,0.5,0.5,0.5,0.5
XfUqFt2amrM.002.mp4,0.4666666666666667,0.4368932038834952,0.47663551401869164,0.4945054945054945,0.34374999999999994,0.5,0.5,0.5,0.5
XfUqFt2amrM.003.mp4,0.4222222222222222,0.4077669902912622,0.38317757009345793,0.3956043956043956,0.5104166666666666,0.5,0.5,0.5,0.5
xGo_wImhwkQ.003.mp4,0.711111111111111,0.6990291262135921,0.7570093457943926,0.7142857142857143,0.6145833333333333,0.5,0.5,0.5,0.5
xgRqkTXmZko.000.mp4,0.8222222222222221,0.6504854368932039,0.5981308411214954,0.5604395604395604,0.7187499999999999,0.5,0.5,0.5,0.5
xgRqkTXmZko.001.mp4,0.6777777777777777,0.5048543689320388,0.5140186915887851,0.5714285714285714,0.5625,0.5,0.5,0.5,0.5
xgwiqo2AsCA.000.mp4,0.4444444444444445,0.4854368932038835,0.28037383177570097,0.4395604395604395,0.3333333333333333,0.5,0.5,0.5,0.5
xgwiqo2AsCA.001.mp4,0.28888888888888886,0.35922330097087385,0.25233644859813087,0.2637362637362637,0.25,0.5,0.5,0.5,0.5
xgwiqo2AsCA.002.mp4,0.5,0.4466019417475728,0.3457943925233645,0.3846153846153846,0.3020833333333333,0.5,0.5,0.5,0.5
xHb5_bc1JOA.000.mp4,0.4222222222222222,0.7281553398058251,0.3457943925233645,0.4615384615384615,0.5416666666666666,0.5,0.5,0.5,0.5
xHb5_bc1JOA.001.mp4,0.5333333333333333,0.6116504854368932,0.26168224299065423,0.4725274725274725,0.42708333333333337,0.5,0.5,0.5,0.5
xHb5_bc1JOA.003.mp4,0.32222222222222224,0.42718446601941745,0.20560747663551404,0.31868131868131866,0.4479166666666667,0.5,0.5,0.5,0.5
XhgDsQlEnuU.000.mp4,0.6555555555555556,0.6699029126213591,0.48598130841121495,0.6043956043956044,0.5416666666666666,0.5,0.5,0.5,0.5
XhgDsQlEnuU.001.mp4,0.6,0.5242718446601942,0.47663551401869164,0.5714285714285714,0.5625,0.5,0.5,0.5,0.5
XhgDsQlEnuU.002.mp4,0.811111111111111,0.7087378640776699,0.5700934579439253,0.7032967032967032,0.65625,0.5,0.5,0.5,0.5
xHsh2Rg5ANU.000.mp4,0.34444444444444444,0.2912621359223301,0.2710280373831776,0.4835164835164835,0.29166666666666663,0.5,0.5,0.5,0.5
XJj34u5IzU0.002.mp4,0.7444444444444444,0.5825242718446602,0.588785046728972,0.7032967032967032,0.65625,0.5,0.5,0.5,0.5
XJj34u5IzU0.003.mp4,0.7,0.6213592233009709,0.4392523364485981,0.3736263736263736,0.4375,0.5,0.5,0.5,0.5
XJj34u5IzU0.004.mp4,0.7555555555555554,0.7378640776699029,0.4953271028037384,0.6263736263736264,0.6770833333333334,0.5,0.5,0.5,0.5
XkeSLRAftxA.001.mp4,0.6555555555555556,0.6601941747572816,0.4953271028037384,0.5494505494505494,0.6041666666666666,0.5,0.5,0.5,0.5
XkeSLRAftxA.004.mp4,0.7666666666666666,0.7766990291262136,0.7757009345794394,0.7362637362637363,0.8020833333333334,0.5,0.5,0.5,0.5
XkeSLRAftxA.005.mp4,0.811111111111111,0.7669902912621359,0.7102803738317757,0.6923076923076923,0.7500000000000001,0.5,0.5,0.5,0.5
xLfLuyIQOJE.002.mp4,0.43333333333333335,0.5631067961165048,0.4018691588785047,0.4835164835164835,0.4791666666666667,0.5,0.5,0.5,0.5
xLfLuyIQOJE.003.mp4,0.3555555555555556,0.4854368932038835,0.3271028037383178,0.4945054945054945,0.4479166666666667,0.5,0.5,0.5,0.5
xLfLuyIQOJE.004.mp4,0.4777777777777778,0.5728155339805825,0.5140186915887851,0.6153846153846153,0.53125,0.5,0.5,0.5,0.5
xLfLuyIQOJE.005.mp4,0.5555555555555556,0.5436893203883495,0.36448598130841126,0.4505494505494505,0.5625,0.5,0.5,0.5,0.5
XLKNGnpTO9k.001.mp4,0.5333333333333333,0.4466019417475728,0.4953271028037384,0.5384615384615384,0.53125,0.5,0.5,0.5,0.5
XLKNGnpTO9k.005.mp4,0.5555555555555556,0.3203883495145631,0.5233644859813085,0.6153846153846153,0.53125,0.5,0.5,0.5,0.5
XLV7teADu3c.000.mp4,0.7222222222222221,0.5242718446601942,0.47663551401869164,0.5274725274725275,0.53125,0.5,0.5,0.5,0.5
XLV7teADu3c.002.mp4,0.8777777777777777,0.5728155339805825,0.7009345794392524,0.7582417582417583,0.59375,0.5,0.5,0.5,0.5
xmaC2XOhPaE.001.mp4,0.41111111111111115,0.27184466019417475,0.5514018691588786,0.4505494505494505,0.3645833333333333,0.5,0.5,0.5,0.5
xmaC2XOhPaE.003.mp4,0.4,0.3203883495145631,0.28037383177570097,0.5274725274725275,0.34374999999999994,0.5,0.5,0.5,0.5
xmD4FKMq2rk.000.mp4,0.38888888888888895,0.4077669902912622,0.4205607476635514,0.6813186813186812,0.46875,0.5,0.5,0.5,0.5
xmD4FKMq2rk.001.mp4,0.5,0.5436893203883495,0.33644859813084116,0.5494505494505494,0.53125,0.5,0.5,0.5,0.5
xmD4FKMq2rk.005.mp4,0.4,0.5145631067961165,0.4112149532710281,0.4725274725274725,0.3854166666666667,0.5,0.5,0.5,0.5
XmWA7zTJj-c.003.mp4,0.6666666666666666,0.5145631067961165,0.5794392523364487,0.6593406593406592,0.6145833333333333,0.5,0.5,0.5,0.5
XN5vpJU3ifw.000.mp4,0.3111111111111111,0.4368932038834952,0.26168224299065423,0.31868131868131866,0.2604166666666667,0.5,0.5,0.5,0.5
XN5vpJU3ifw.001.mp4,0.4444444444444445,0.4466019417475728,0.4953271028037384,0.4395604395604395,0.35416666666666663,0.5,0.5,0.5,0.5
XN5vpJU3ifw.003.mp4,0.5111111111111111,0.47572815533980584,0.4112149532710281,0.5384615384615384,0.3854166666666667,0.5,0.5,0.5,0.5
XN5vpJU3ifw.004.mp4,0.3777777777777778,0.4174757281553398,0.2710280373831776,0.4615384615384615,0.3333333333333333,0.5,0.5,0.5,0.5
XN5vpJU3ifw.005.mp4,0.5333333333333333,0.4466019417475728,0.5327102803738318,0.4505494505494505,0.37499999999999994,0.5,0.5,0.5,0.5
XNWN7ScxVIA.002.mp4,0.811111111111111,0.7572815533980582,0.8504672897196264,0.6373626373626373,0.7916666666666667,0.5,0.5,0.5,0.5
XOioICna1hc.001.mp4,0.32222222222222224,0.3786407766990291,0.39252336448598135,0.4615384615384615,0.4479166666666667,0.5,0.5,0.5,0.5
XOioICna1hc.004.mp4,0.38888888888888895,0.4466019417475728,0.3177570093457944,0.2637362637362637,0.4375,0.5,0.5,0.5,0.5
XOioICna1hc.005.mp4,0.45555555555555555,0.4854368932038835,0.39252336448598135,0.4505494505494505,0.29166666666666663,0.5,0.5,0.5,0.5
xotlPVnG05U.000.mp4,0.6222222222222222,0.4466019417475728,0.37383177570093457,0.4725274725274725,0.5625,0.5,0.5,0.5,0.5
XoyQKsK7OtA.000.mp4,0.711111111111111,0.5728155339805825,0.4672897196261683,0.5164835164835165,0.6875,0.5,0.5,0.5,0.5
xP6i_WO1LCM.000.mp4,0.4777777777777778,0.6213592233009709,0.4579439252336449,0.5054945054945055,0.46875,0.5,0.5,0.5,0.5
xpSCu7PgJts.000.mp4,0.5666666666666667,0.5048543689320388,0.3271028037383178,0.4395604395604395,0.34374999999999994,0.5,0.5,0.5,0.5
xpSCu7PgJts.004.mp4,0.3555555555555556,0.4660194174757281,0.26168224299065423,0.4395604395604395,0.35416666666666663,0.5,0.5,0.5,0.5
XPV4pavXh94.001.mp4,0.7444444444444444,0.8252427184466018,0.6448598130841123,0.5824175824175825,0.6145833333333333,0.5,0.5,0.5,0.5
XPV4pavXh94.005.mp4,0.7666666666666666,0.7669902912621359,0.691588785046729,0.7142857142857143,0.7916666666666667,0.5,0.5,0.5,0.5
XpY-cxkbYdo.002.mp4,0.4444444444444445,0.2621359223300971,0.48598130841121495,0.3956043956043956,0.3854166666666667,0.5,0.5,0.5,0.5
XQ3do4LDFv8.000.mp4,0.4777777777777778,0.30097087378640774,0.36448598130841126,0.2637362637362637,0.29166666666666663,0.5,0.5,0.5,0.5
XQ3do4LDFv8.003.mp4,0.4777777777777778,0.4660194174757281,0.4579439252336449,0.2747252747252747,0.34374999999999994,0.5,0.5,0.5,0.5
XQ3do4LDFv8.004.mp4,0.6,0.5728155339805825,0.29906542056074764,0.3406593406593406,0.45833333333333337,0.5,0.5,0.5,0.5
xqGyF2T3pso.000.mp4,0.6555555555555556,0.5728155339805825,0.5794392523364487,0.5714285714285714,0.5,0.5,0.5,0.5,0.5
xqGyF2T3pso.001.mp4,0.3555555555555556,0.4854368932038835,0.26168224299065423,0.29670329670329665,0.20833333333333331,0.5,0.5,0.5,0.5
xqGyF2T3pso.002.mp4,0.4777777777777778,0.5242718446601942,0.3271028037383178,0.3956043956043956,0.40625000000000006,0.5,0.5,0.5,0.5
xQHmbJ_lPjY.001.mp4,0.6,0.5825242718446602,0.5607476635514019,0.6703296703296703,0.5416666666666666,0.5,0.5,0.5,0.5
xQHmbJ_lPjY.003.mp4,0.7,0.4174757281553398,0.6355140186915887,0.5164835164835165,0.4479166666666667,0.5,0.5,0.5,0.5
xQHmbJ_lPjY.005.mp4,0.6666666666666666,0.4466019417475728,0.588785046728972,0.5384615384615384,0.5625,0.5,0.5,0.5,0.5
XQZ5M9oLkXw.001.mp4,0.5111111111111111,0.7864077669902914,0.4205607476635514,0.5714285714285714,0.5729166666666666,0.5,0.5,0.5,0.5
XQZ5M9oLkXw.003.mp4,0.5222222222222223,0.7766990291262136,0.4953271028037384,0.6703296703296703,0.6354166666666666,0.5,0.5,0.5,0.5
XQZ5M9oLkXw.005.mp4,0.4,0.7184466019417477,0.4953271028037384,0.5714285714285714,0.5625,0.5,0.5,0.5,0.5
xRhUBifOWiI.000.mp4,0.7,0.6310679611650486,0.5607476635514019,0.7582417582417583,0.5729166666666666,0.5,0.5,0.5,0.5
xRhUBifOWiI.001.mp4,0.5777777777777777,0.6990291262135921,0.5700934579439253,0.6923076923076923,0.59375,0.5,0.5,0.5,0.5
xRhUBifOWiI.003.mp4,0.6555555555555556,0.6699029126213591,0.4953271028037384,0.6593406593406592,0.4895833333333333,0.5,0.5,0.5,0.5
xRhUBifOWiI.004.mp4,0.6555555555555556,0.6310679611650486,0.4205607476635514,0.5604395604395604,0.59375,0.5,0.5,0.5,0.5
xRLaEoXAsjk.001.mp4,0.6666666666666666,0.6213592233009709,0.6261682242990655,0.5714285714285714,0.65625,0.5,0.5,0.5,0.5
XRoSKIIFp9c.003.mp4,0.3777777777777778,0.5922330097087379,0.11214953271028037,0.3626373626373627,0.20833333333333331,0.5,0.5,0.5,0.5
XRoSKIIFp9c.004.mp4,0.5333333333333333,0.7184466019417477,0.30841121495327106,0.6043956043956044,0.4895833333333333,0.5,0.5,0.5,0.5
xrxAyO8pKUo.002.mp4,0.6333333333333333,0.5728155339805825,0.6261682242990655,0.5384615384615384,0.6979166666666666,0.5,0.5,0.5,0.5
xrxAyO8pKUo.003.mp4,0.8666666666666667,0.8058252427184466,0.794392523364486,0.8021978021978021,0.8541666666666667,0.5,0.5,0.5,0.5
xsDABUrvs6w.001.mp4,0.2777777777777778,0.2912621359223301,0.25233644859813087,0.18681318681318684,0.22916666666666663,0.5,0.5,0.5,0.5
xsDABUrvs6w.002.mp4,0.43333333333333335,0.2912621359223301,0.25233644859813087,0.30769230769230765,0.2395833333333333,0.5,0.5,0.5,0.5
xsLvl2qGrxU.000.mp4,0.6222222222222222,0.7475728155339806,0.6822429906542057,0.7472527472527474,0.625,0.5,0.5,0.5,0.5
xsLvl2qGrxU.001.mp4,0.5888888888888889,0.5533980582524272,0.4953271028037384,0.5934065934065933,0.59375,0.5,0.5,0.5,0.5
xsLvl2qGrxU.002.mp4,0.5555555555555556,0.6893203883495147,0.6448598130841123,0.6153846153846153,0.5208333333333334,0.5,0.5,0.5,0.5
xsLvl2qGrxU.003.mp4,0.6666666666666666,0.5533980582524272,0.6355140186915887,0.5494505494505494,0.6458333333333333,0.5,0.5,0.5,0.5
XT4rTk6-Etc.000.mp4,0.5222222222222223,0.6796116504854369,0.5700934579439253,0.5494505494505494,0.5208333333333334,0.5,0.5,0.5,0.5
XT4rTk6-Etc.001.mp4,0.5666666666666667,0.7572815533980582,0.5700934579439253,0.7362637362637363,0.5833333333333333,0.5,0.5,0.5,0.5
xtDw9TlWiww.000.mp4,0.6666666666666666,0.6796116504854369,0.5700934579439253,0.6593406593406592,0.6666666666666667,0.5,0.5,0.5,0.5
xtDw9TlWiww.002.mp4,0.6,0.5533980582524272,0.4205607476635514,0.5274725274725275,0.5520833333333334,0.5,0.5,0.5,0.5
xUdaVBK1b8w.001.mp4,0.6444444444444444,0.5728155339805825,0.5514018691588786,0.5384615384615384,0.53125,0.5,0.5,0.5,0.5
xun35caJTQI.002.mp4,0.4777777777777778,0.6019417475728155,0.4205607476635514,0.5604395604395604,0.5625,0.5,0.5,0.5,0.5
xun35caJTQI.003.mp4,0.6333333333333333,0.4563106796116505,0.5794392523364487,0.5824175824175825,0.7604166666666666,0.5,0.5,0.5,0.5
xun35caJTQI.005.mp4,0.41111111111111115,0.5145631067961165,0.38317757009345793,0.6263736263736264,0.5729166666666666,0.5,0.5,0.5,0.5
xVJDjbiIjTo.001.mp4,0.5777777777777777,0.4466019417475728,0.4392523364485981,0.6043956043956044,0.40625000000000006,0.5,0.5,0.5,0.5
xvLi31p57oA.004.mp4,0.5777777777777777,0.5631067961165048,0.4672897196261683,0.5164835164835165,0.5520833333333334,0.5,0.5,0.5,0.5
XvV4YdhpC2w.001.mp4,0.6,0.5048543689320388,0.39252336448598135,0.6813186813186812,0.5416666666666666,0.5,0.5,0.5,0.5
XvV4YdhpC2w.002.mp4,0.5444444444444444,0.5145631067961165,0.48598130841121495,0.7032967032967032,0.5104166666666666,0.5,0.5,0.5,0.5
XvV4YdhpC2w.004.mp4,0.6888888888888889,0.4951456310679611,0.5327102803738318,0.5604395604395604,0.6770833333333334,0.5,0.5,0.5,0.5
xX5Imr7UmaA.002.mp4,0.6444444444444444,0.5048543689320388,0.7102803738317757,0.6373626373626373,0.7291666666666667,0.5,0.5,0.5,0.5
xyOq5SL0Evc.000.mp4,0.5444444444444444,0.7378640776699029,0.37383177570093457,0.6813186813186812,0.5625,0.5,0.5,0.5,0.5
xyOq5SL0Evc.002.mp4,0.3,0.6699029126213591,0.26168224299065423,0.4505494505494505,0.32291666666666663,0.5,0.5,0.5,0.5
xyOq5SL0Evc.003.mp4,0.5,0.6796116504854369,0.4485981308411215,0.4395604395604395,0.4375,0.5,0.5,0.5,0.5
xyOq5SL0Evc.004.mp4,0.6222222222222222,0.8834951456310681,0.4485981308411215,0.7142857142857143,0.6145833333333333,0.5,0.5,0.5,0.5
XYt6WL-l7do.001.mp4,0.5777777777777777,0.7281553398058251,0.4953271028037384,0.6153846153846153,0.6875,0.5,0.5,0.5,0.5
XYt6WL-l7do.002.mp4,0.6888888888888889,0.8155339805825244,0.6261682242990655,0.868131868131868,0.7604166666666666,0.5,0.5,0.5,0.5
XYt6WL-l7do.004.mp4,0.5222222222222223,0.5533980582524272,0.4205607476635514,0.4945054945054945,0.45833333333333337,0.5,0.5,0.5,0.5
XYt6WL-l7do.005.mp4,0.4,0.6407766990291262,0.4018691588785047,0.5604395604395604,0.59375,0.5,0.5,0.5,0.5
xyWpSrfFlQw.004.mp4,0.4222222222222222,0.33980582524271846,0.2149532710280374,0.4835164835164835,0.4166666666666667,0.5,0.5,0.5,0.5
xZ9iwqHw7GY.002.mp4,0.4888888888888889,0.47572815533980584,0.48598130841121495,0.4175824175824176,0.45833333333333337,0.5,0.5,0.5,0.5
xZ9iwqHw7GY.003.mp4,0.3555555555555556,0.4174757281553398,0.2897196261682243,0.4725274725274725,0.625,0.5,0.5,0.5,0.5
xZFZ0Mvjiuo.000.mp4,0.5333333333333333,0.5922330097087379,0.48598130841121495,0.4945054945054945,0.42708333333333337,0.5,0.5,0.5,0.5
xZFZ0Mvjiuo.001.mp4,0.5333333333333333,0.5145631067961165,0.6728971962616823,0.5164835164835165,0.5,0.5,0.5,0.5,0.5
xZFZ0Mvjiuo.003.mp4,0.41111111111111115,0.35922330097087385,0.33644859813084116,0.23076923076923075,0.32291666666666663,0.5,0.5,0.5,0.5
xZFZ0Mvjiuo.005.mp4,0.7,0.6310679611650486,0.7196261682242993,0.6703296703296703,0.7187499999999999,0.5,0.5,0.5,0.5
xzRYaxrhne8.002.mp4,0.7333333333333333,0.7475728155339806,0.6261682242990655,0.6373626373626373,0.6354166666666666,0.5,0.5,0.5,0.5
xzRYaxrhne8.003.mp4,0.6,0.6893203883495147,0.4018691588785047,0.3956043956043956,0.6666666666666667,0.5,0.5,0.5,0.5
xzRYaxrhne8.004.mp4,0.4777777777777778,0.5922330097087379,0.3271028037383178,0.4615384615384615,0.39583333333333337,0.5,0.5,0.5,0.5
xzRYaxrhne8.005.mp4,0.611111111111111,0.7281553398058251,0.6168224299065421,0.6703296703296703,0.6770833333333334,0.5,0.5,0.5,0.5
y--uBBy7ebM.000.mp4,0.3111111111111111,0.4174757281553398,0.37383177570093457,0.32967032967032966,0.45833333333333337,0.5,0.5,0.5,0.5
y--uBBy7ebM.002.mp4,0.611111111111111,0.33980582524271846,0.5233644859813085,0.4835164835164835,0.6041666666666666,0.5,0.5,0.5,0.5
y--uBBy7ebM.004.mp4,0.5222222222222223,0.4660194174757281,0.47663551401869164,0.5274725274725275,0.5104166666666666,0.5,0.5,0.5,0.5
y--uBBy7ebM.005.mp4,0.5888888888888889,0.4563106796116505,0.4205607476635514,0.5384615384615384,0.4375,0.5,0.5,0.5,0.5
Y-_JeJoCjUo.001.mp4,0.7555555555555554,0.7961165048543688,0.691588785046729,0.7692307692307692,0.7395833333333333,0.5,0.5,0.5,0.5
Y-_JeJoCjUo.005.mp4,0.6777777777777777,0.8543689320388351,0.6074766355140188,0.6813186813186812,0.6875,0.5,0.5,0.5,0.5
Y-YdRocu0os.001.mp4,0.5111111111111111,0.4466019417475728,0.39252336448598135,0.4395604395604395,0.46875,0.5,0.5,0.5,0.5
y0UCXXk9tlM.002.mp4,0.7666666666666666,0.5436893203883495,0.6168224299065421,0.6373626373626373,0.6770833333333334,0.5,0.5,0.5,0.5
y0UCXXk9tlM.003.mp4,0.7555555555555554,0.6893203883495147,0.6168224299065421,0.6043956043956044,0.6979166666666666,0.5,0.5,0.5,0.5
y0UCXXk9tlM.004.mp4,0.7999999999999999,0.6019417475728155,0.6822429906542057,0.6483516483516484,0.6666666666666667,0.5,0.5,0.5,0.5
y0UCXXk9tlM.005.mp4,0.7333333333333333,0.6019417475728155,0.6168224299065421,0.5714285714285714,0.8541666666666667,0.5,0.5,0.5,0.5
y1e8xPAaL9k.000.mp4,0.7,0.6796116504854369,0.48598130841121495,0.6923076923076923,0.5,0.5,0.5,0.5,0.5
y1e8xPAaL9k.002.mp4,0.4666666666666667,0.5436893203883495,0.4392523364485981,0.4835164835164835,0.42708333333333337,0.5,0.5,0.5,0.5
Y1LrgyCJtpU.000.mp4,0.4222222222222222,0.4368932038834952,0.25233644859813087,0.32967032967032966,0.34374999999999994,0.5,0.5,0.5,0.5
Y1LrgyCJtpU.001.mp4,0.41111111111111115,0.3786407766990291,0.30841121495327106,0.5164835164835165,0.34374999999999994,0.5,0.5,0.5,0.5
Y1LrgyCJtpU.002.mp4,0.3,0.3495145631067961,0.16822429906542055,0.3736263736263736,0.15624999999999994,0.5,0.5,0.5,0.5
Y1LrgyCJtpU.003.mp4,0.4222222222222222,0.5145631067961165,0.3177570093457944,0.5164835164835165,0.4166666666666667,0.5,0.5,0.5,0.5
Y1LrgyCJtpU.005.mp4,0.5222222222222223,0.36893203883495146,0.2710280373831776,0.3516483516483516,0.21874999999999997,0.5,0.5,0.5,0.5
Y1LXjxAQihQ.004.mp4,0.7444444444444444,0.5145631067961165,0.6448598130841123,0.5494505494505494,0.6770833333333334,0.5,0.5,0.5,0.5
Y2An1KkoHzY.002.mp4,0.4666666666666667,0.35922330097087385,0.48598130841121495,0.4835164835164835,0.39583333333333337,0.5,0.5,0.5,0.5
y2UF49ddapI.001.mp4,0.5555555555555556,0.4854368932038835,0.35514018691588783,0.6483516483516484,0.46875,0.5,0.5,0.5,0.5
y2UF49ddapI.003.mp4,0.5666666666666667,0.6116504854368932,0.47663551401869164,0.7472527472527474,0.4895833333333333,0.5,0.5,0.5,0.5
y4Ej1YSEQf0.000.mp4,0.888888888888889,0.8155339805825244,0.8037383177570094,0.813186813186813,0.8541666666666667,0.5,0.5,0.5,0.5
y4Ej1YSEQf0.002.mp4,0.8333333333333333,0.8058252427184466,0.7196261682242993,0.7472527472527474,0.8645833333333334,0.5,0.5,0.5,0.5
Y6iogSmj6FQ.002.mp4,0.4777777777777778,0.5339805825242718,0.5327102803738318,0.5164835164835165,0.4791666666666667,0.5,0.5,0.5,0.5
Y6iogSmj6FQ.003.mp4,0.45555555555555555,0.4563106796116505,0.5046728971962617,0.6373626373626373,0.45833333333333337,0.5,0.5,0.5,0.5
Y6iogSmj6FQ.005.mp4,0.4222222222222222,0.3980582524271845,0.588785046728972,0.6593406593406592,0.5,0.5,0.5,0.5,0.5
y6LC5kAJmHw.004.mp4,0.4777777777777778,0.5825242718446602,0.4485981308411215,0.6483516483516484,0.45833333333333337,0.5,0.5,0.5,0.5
y6sy0HBe-Zs.000.mp4,0.5444444444444444,0.5631067961165048,0.4299065420560748,0.6043956043956044,0.4791666666666667,0.5,0.5,0.5,0.5
y6sy0HBe-Zs.005.mp4,0.5,0.5339805825242718,0.4299065420560748,0.5824175824175825,0.4166666666666667,0.5,0.5,0.5,0.5
y7MEVu2nyes.000.mp4,0.7444444444444444,0.5825242718446602,0.7383177570093458,0.7032967032967032,0.7291666666666667,0.5,0.5,0.5,0.5
y7MEVu2nyes.001.mp4,0.6666666666666666,0.5825242718446602,0.5607476635514019,0.6153846153846153,0.6458333333333333,0.5,0.5,0.5,0.5
y7MEVu2nyes.003.mp4,0.6777777777777777,0.5825242718446602,0.6261682242990655,0.5714285714285714,0.5833333333333333,0.5,0.5,0.5,0.5
y7MEVu2nyes.004.mp4,0.6222222222222222,0.4466019417475728,0.4112149532710281,0.6153846153846153,0.3854166666666667,0.5,0.5,0.5,0.5
Y8gv_ZK3w4A.000.mp4,0.6,0.5728155339805825,0.48598130841121495,0.4835164835164835,0.6145833333333333,0.5,0.5,0.5,0.5
Y8gv_ZK3w4A.002.mp4,0.5777777777777777,0.5339805825242718,0.4672897196261683,0.4395604395604395,0.42708333333333337,0.5,0.5,0.5,0.5
Y8gv_ZK3w4A.003.mp4,0.5333333333333333,0.47572815533980584,0.35514018691588783,0.4285714285714285,0.3854166666666667,0.5,0.5,0.5,0.5
Y8gv_ZK3w4A.004.mp4,0.5888888888888889,0.5631067961165048,0.4579439252336449,0.4835164835164835,0.5208333333333334,0.5,0.5,0.5,0.5
Y9WX7ucPP-o.000.mp4,0.6222222222222222,0.5339805825242718,0.4672897196261683,0.5824175824175825,0.5625,0.5,0.5,0.5,0.5
Y9WX7ucPP-o.002.mp4,0.5444444444444444,0.6019417475728155,0.4392523364485981,0.5274725274725275,0.4791666666666667,0.5,0.5,0.5,0.5
ya8Ec_yTai8.002.mp4,0.6444444444444444,0.6213592233009709,0.6261682242990655,0.6923076923076923,0.6979166666666666,0.5,0.5,0.5,0.5
ya8Ec_yTai8.003.mp4,0.6555555555555556,0.5533980582524272,0.6074766355140188,0.6153846153846153,0.59375,0.5,0.5,0.5,0.5
Ya9Szm73LfE.002.mp4,0.6222222222222222,0.3786407766990291,0.4205607476635514,0.4615384615384615,0.4791666666666667,0.5,0.5,0.5,0.5
Ya9Szm73LfE.003.mp4,0.5222222222222223,0.4077669902912622,0.4485981308411215,0.6153846153846153,0.4791666666666667,0.5,0.5,0.5,0.5
yAVnxsaTyuE.001.mp4,0.5777777777777777,0.4854368932038835,0.4579439252336449,0.5934065934065933,0.45833333333333337,0.5,0.5,0.5,0.5
YbdJd16c3eo.004.mp4,0.7666666666666666,0.7087378640776699,0.7663551401869159,0.7692307692307692,0.7500000000000001,0.5,0.5,0.5,0.5
yBlPsPBRv5E.001.mp4,0.41111111111111115,0.36893203883495146,0.4299065420560748,0.4835164835164835,0.5208333333333334,0.5,0.5,0.5,0.5
yBlPsPBRv5E.002.mp4,0.6222222222222222,0.6213592233009709,0.4953271028037384,0.6373626373626373,0.65625,0.5,0.5,0.5,0.5
yBMuZWldxLk.001.mp4,0.6444444444444444,0.3495145631067961,0.4953271028037384,0.4505494505494505,0.4375,0.5,0.5,0.5,0.5
YBsKLg3GMrE.005.mp4,0.43333333333333335,0.4466019417475728,0.36448598130841126,0.32967032967032966,0.46875,0.5,0.5,0.5,0.5
YbxdeEd7wq4.001.mp4,0.6222222222222222,0.7378640776699029,0.588785046728972,0.5824175824175825,0.5833333333333333,0.5,0.5,0.5,0.5
YC3X1DcnUrk.000.mp4,0.5444444444444444,0.4466019417475728,0.20560747663551404,0.1978021978021978,0.22916666666666663,0.5,0.5,0.5,0.5
YC3X1DcnUrk.001.mp4,0.6333333333333333,0.4660194174757281,0.3177570093457944,0.3736263736263736,0.3333333333333333,0.5,0.5,0.5,0.5
YC3X1DcnUrk.005.mp4,0.7666666666666666,0.4951456310679611,0.4018691588785047,0.6263736263736264,0.5208333333333334,0.5,0.5,0.5,0.5
YdxS3f4HXaA.005.mp4,0.5777777777777777,0.27184466019417475,0.33644859813084116,0.3516483516483516,0.4166666666666667,0.5,0.5,0.5,0.5
YEbaKrAxo5I.001.mp4,0.5666666666666667,0.5631067961165048,0.5420560747663552,0.5934065934065933,0.6354166666666666,0.5,0.5,0.5,0.5
yEE9FoKWdpU.005.mp4,0.6222222222222222,0.6116504854368932,0.47663551401869164,0.4615384615384615,0.5625,0.5,0.5,0.5,0.5
yEWy_vXTTJU.005.mp4,0.43333333333333335,0.5242718446601942,0.37383177570093457,0.4615384615384615,0.4479166666666667,0.5,0.5,0.5,0.5
YF2QVn1fK1E.002.mp4,0.7888888888888888,0.6310679611650486,0.5700934579439253,0.7582417582417583,0.7500000000000001,0.5,0.5,0.5,0.5
YF2QVn1fK1E.005.mp4,0.6666666666666666,0.4466019417475728,0.6822429906542057,0.5934065934065933,0.4895833333333333,0.5,0.5,0.5,0.5
yftfxiDNXko.000.mp4,0.6888888888888889,0.47572815533980584,0.5046728971962617,0.6153846153846153,0.6666666666666667,0.5,0.5,0.5,0.5
yftfxiDNXko.001.mp4,0.5,0.3883495145631068,0.4018691588785047,0.5494505494505494,0.39583333333333337,0.5,0.5,0.5,0.5
yftfxiDNXko.002.mp4,0.45555555555555555,0.4368932038834952,0.4485981308411215,0.5604395604395604,0.4166666666666667,0.5,0.5,0.5,0.5
yftfxiDNXko.004.mp4,0.4666666666666667,0.33980582524271846,0.3177570093457944,0.5494505494505494,0.3854166666666667,0.5,0.5,0.5,0.5
yFZ3eUD6Pqs.000.mp4,0.4444444444444445,0.5922330097087379,0.5700934579439253,0.6923076923076923,0.6666666666666667,0.5,0.5,0.5,0.5
yFZ3eUD6Pqs.001.mp4,0.611111111111111,0.6116504854368932,0.5327102803738318,0.4725274725274725,0.4895833333333333,0.5,0.5,0.5,0.5
yFZ3eUD6Pqs.002.mp4,0.6333333333333333,0.7184466019417477,0.4299065420560748,0.5054945054945055,0.5416666666666666,0.5,0.5,0.5,0.5
yFZ3eUD6Pqs.003.mp4,0.38888888888888895,0.6990291262135921,0.3177570093457944,0.4725274725274725,0.4791666666666667,0.5,0.5,0.5,0.5
yFZ3eUD6Pqs.004.mp4,0.5777777777777777,0.7572815533980582,0.6168224299065421,0.5714285714285714,0.7604166666666666,0.5,0.5,0.5,0.5
yFZ3eUD6Pqs.005.mp4,0.3777777777777778,0.6019417475728155,0.1588785046728972,0.4615384615384615,0.40625000000000006,0.5,0.5,0.5,0.5
YGJ33FXzJO8.005.mp4,0.8999999999999999,0.7669902912621359,0.7196261682242993,0.8021978021978021,0.8125000000000001,0.5,0.5,0.5,0.5
YGrCXe2-fVk.001.mp4,0.7333333333333333,0.4660194174757281,0.5420560747663552,0.4725274725274725,0.6458333333333333,0.5,0.5,0.5,0.5
YGrCXe2-fVk.004.mp4,0.922222222222222,0.7572815533980582,0.6728971962616823,0.7142857142857143,0.7916666666666667,0.5,0.5,0.5,0.5
ygUEI08LgcM.002.mp4,0.33333333333333337,0.3203883495145631,0.2897196261682243,0.24175824175824176,0.2708333333333333,0.5,0.5,0.5,0.5
yHwuRYr5lxk.003.mp4,0.6,0.47572815533980584,0.6074766355140188,0.5164835164835165,0.5520833333333334,0.5,0.5,0.5,0.5
yHwuRYr5lxk.004.mp4,0.6888888888888889,0.6504854368932039,0.5514018691588786,0.5274725274725275,0.5833333333333333,0.5,0.5,0.5,0.5
yHwuRYr5lxk.005.mp4,0.41111111111111115,0.4368932038834952,0.5794392523364487,0.4285714285714285,0.40625000000000006,0.5,0.5,0.5,0.5
yIe7Rp54-bU.001.mp4,0.5777777777777777,0.4854368932038835,0.5233644859813085,0.6703296703296703,0.4479166666666667,0.5,0.5,0.5,0.5
yIe7Rp54-bU.004.mp4,0.6333333333333333,0.6601941747572816,0.5046728971962617,0.6153846153846153,0.6354166666666666,0.5,0.5,0.5,0.5
yIM5bal1VVs.000.mp4,0.611111111111111,0.3300970873786408,0.37383177570093457,0.5164835164835165,0.5104166666666666,0.5,0.5,0.5,0.5
yIM5bal1VVs.003.mp4,0.5666666666666667,0.3980582524271845,0.4672897196261683,0.6153846153846153,0.53125,0.5,0.5,0.5,0.5
yIM5bal1VVs.004.mp4,0.6777777777777777,0.4563106796116505,0.6261682242990655,0.7252747252747254,0.6666666666666667,0.5,0.5,0.5,0.5
yIM5bal1VVs.005.mp4,0.4444444444444445,0.4563106796116505,0.6168224299065421,0.6263736263736264,0.65625,0.5,0.5,0.5,0.5
YiX6thczM1w.001.mp4,0.5,0.6699029126213591,0.39252336448598135,0.6043956043956044,0.4895833333333333,0.5,0.5,0.5,0.5
YiX6thczM1w.002.mp4,0.6,0.6116504854368932,0.4672897196261683,0.5604395604395604,0.6145833333333333,0.5,0.5,0.5,0.5
YiX6thczM1w.005.mp4,0.5333333333333333,0.6213592233009709,0.4579439252336449,0.6043956043956044,0.5520833333333334,0.5,0.5,0.5,0.5
yj2Y1Y26rd4.001.mp4,0.5444444444444444,0.3300970873786408,0.4672897196261683,0.4615384615384615,0.42708333333333337,0.5,0.5,0.5,0.5
yj2Y1Y26rd4.002.mp4,0.611111111111111,0.5048543689320388,0.5327102803738318,0.5714285714285714,0.46875,0.5,0.5,0.5,0.5
Yj36y7ELRZE.000.mp4,0.5222222222222223,0.4660194174757281,0.3457943925233645,0.4285714285714285,0.3125,0.5,0.5,0.5,0.5
Yj36y7ELRZE.001.mp4,0.2777777777777778,0.3495145631067961,0.11214953271028037,0.2087912087912088,0.28125,0.5,0.5,0.5,0.5
Yj36y7ELRZE.004.mp4,0.5444444444444444,0.5242718446601942,0.3271028037383178,0.3956043956043956,0.3125,0.5,0.5,0.5,0.5
YJ5CINQ8v_E.000.mp4,0.8222222222222221,0.5825242718446602,0.5700934579439253,0.6043956043956044,0.6979166666666666,0.5,0.5,0.5,0.5
YJ5CINQ8v_E.001.mp4,0.6333333333333333,0.7378640776699029,0.6168224299065421,0.4945054945054945,0.53125,0.5,0.5,0.5,0.5
YJ5CINQ8v_E.005.mp4,0.7222222222222221,0.7378640776699029,0.7476635514018694,0.6043956043956044,0.7500000000000001,0.5,0.5,0.5,0.5
YjXUMygVw7U.002.mp4,0.5111111111111111,0.3495145631067961,0.4205607476635514,0.4615384615384615,0.35416666666666663,0.5,0.5,0.5,0.5
YjXUMygVw7U.005.mp4,0.4777777777777778,0.4951456310679611,0.26168224299065423,0.4175824175824176,0.39583333333333337,0.5,0.5,0.5,0.5
ykm4JTvlOCQ.000.mp4,0.7777777777777777,0.6990291262135921,0.7009345794392524,0.6153846153846153,0.6666666666666667,0.5,0.5,0.5,0.5
YliKljQIX2o.002.mp4,0.6666666666666666,0.6504854368932039,0.6822429906542057,0.7692307692307692,0.6354166666666666,0.5,0.5,0.5,0.5
YliKljQIX2o.003.mp4,0.6888888888888889,0.8155339805825244,0.6448598130841123,0.6593406593406592,0.5729166666666666,0.5,0.5,0.5,0.5
YliKljQIX2o.004.mp4,0.5666666666666667,0.6407766990291262,0.4392523364485981,0.5714285714285714,0.4895833333333333,0.5,0.5,0.5,0.5
YLKPVl-M3Ck.000.mp4,0.6444444444444444,0.6019417475728155,0.5700934579439253,0.5824175824175825,0.6041666666666666,0.5,0.5,0.5,0.5
YLKPVl-M3Ck.001.mp4,0.4444444444444445,0.3980582524271845,0.5981308411214954,0.5934065934065933,0.45833333333333337,0.5,0.5,0.5,0.5
ymrFbEMNBME.001.mp4,0.5,0.5145631067961165,0.47663551401869164,0.4945054945054945,0.39583333333333337,0.5,0.5,0.5,0.5
ymrFbEMNBME.004.mp4,0.6,0.6504854368932039,0.5700934579439253,0.5604395604395604,0.65625,0.5,0.5,0.5,0.5
YN0Xd70SqEo.004.mp4,0.6,0.4466019417475728,0.5233644859813085,0.6043956043956044,0.6458333333333333,0.5,0.5,0.5,0.5
YNlhBpVk1tw.000.mp4,0.5,0.3300970873786408,0.29906542056074764,0.4615384615384615,0.42708333333333337,0.5,0.5,0.5,0.5
YNlhBpVk1tw.001.mp4,0.45555555555555555,0.4951456310679611,0.38317757009345793,0.5824175824175825,0.4479166666666667,0.5,0.5,0.5,0.5
YNlhBpVk1tw.002.mp4,0.26666666666666666,0.4466019417475728,0.18691588785046728,0.4175824175824176,0.17708333333333331,0.5,0.5,0.5,0.5
YNlhBpVk1tw.004.mp4,0.5111111111111111,0.4660194174757281,0.26168224299065423,0.3736263736263736,0.35416666666666663,0.5,0.5,0.5,0.5
YocrYFLm4CM.000.mp4,0.4777777777777778,0.47572815533980584,0.5233644859813085,0.4175824175824176,0.625,0.5,0.5,0.5,0.5
YocrYFLm4CM.002.mp4,0.4666666666666667,0.4563106796116505,0.4392523364485981,0.5164835164835165,0.4791666666666667,0.5,0.5,0.5,0.5
yOzHZOg95Ug.001.mp4,0.1444444444444445,0.24271844660194175,0.08411214953271029,0.13186813186813184,0.13541666666666663,0.5,0.5,0.5,0.5
yOzHZOg95Ug.003.mp4,0.26666666666666666,0.3203883495145631,0.2336448598130841,0.4065934065934066,0.21874999999999997,0.5,0.5,0.5,0.5
yOzHZOg95Ug.004.mp4,0.15555555555555559,0.33980582524271846,0.1588785046728972,0.24175824175824176,0.2395833333333333,0.5,0.5,0.5,0.5
yOzHZOg95Ug.005.mp4,0.3,0.1941747572815534,0.10280373831775697,0.2747252747252747,0.15624999999999994,0.5,0.5,0.5,0.5
yozI_jvMrTw.004.mp4,0.6222222222222222,0.4563106796116505,0.26168224299065423,0.32967032967032966,0.4166666666666667,0.5,0.5,0.5,0.5
yozI_jvMrTw.005.mp4,0.711111111111111,0.6019417475728155,0.4579439252336449,0.5274725274725275,0.5,0.5,0.5,0.5,0.5
yp-tfq1NxBk.003.mp4,0.5777777777777777,0.4077669902912622,0.28037383177570097,0.5164835164835165,0.42708333333333337,0.5,0.5,0.5,0.5
YP7N98ECZaI.001.mp4,0.45555555555555555,0.30097087378640774,0.2710280373831776,0.4835164835164835,0.42708333333333337,0.5,0.5,0.5,0.5
YP7N98ECZaI.002.mp4,0.45555555555555555,0.4466019417475728,0.36448598130841126,0.5384615384615384,0.40625000000000006,0.5,0.5,0.5,0.5
YP7N98ECZaI.003.mp4,0.41111111111111115,0.4660194174757281,0.3271028037383178,0.4175824175824176,0.32291666666666663,0.5,0.5,0.5,0.5
YP7N98ECZaI.004.mp4,0.5777777777777777,0.4854368932038835,0.4205607476635514,0.4835164835164835,0.5208333333333334,0.5,0.5,0.5,0.5
YP7N98ECZaI.005.mp4,0.38888888888888895,0.3980582524271845,0.3271028037383178,0.3956043956043956,0.3333333333333333,0.5,0.5,0.5,0.5
YPMffqhP0C8.000.mp4,0.43333333333333335,0.4563106796116505,0.3457943925233645,0.4395604395604395,0.28125,0.5,0.5,0.5,0.5
YPMffqhP0C8.001.mp4,0.4,0.36893203883495146,0.29906542056074764,0.3956043956043956,0.35416666666666663,0.5,0.5,0.5,0.5
YPMffqhP0C8.002.mp4,0.33333333333333337,0.3300970873786408,0.38317757009345793,0.6373626373626373,0.3333333333333333,0.5,0.5,0.5,0.5
YPMffqhP0C8.004.mp4,0.23333333333333334,0.2621359223300971,0.24299065420560748,0.3516483516483516,0.29166666666666663,0.5,0.5,0.5,0.5
YPnuq0tDDqk.000.mp4,0.6444444444444444,0.23300970873786406,0.2710280373831776,0.23076923076923075,0.25,0.5,0.5,0.5,0.5
YPnuq0tDDqk.003.mp4,0.4888888888888889,0.2038834951456311,0.28037383177570097,0.21978021978021975,0.2708333333333333,0.5,0.5,0.5,0.5
yrToGVRf27U.003.mp4,0.6444444444444444,0.7961165048543688,0.6355140186915887,0.5824175824175825,0.6041666666666666,0.5,0.5,0.5,0.5
yrToGVRf27U.004.mp4,0.6444444444444444,0.8058252427184466,0.6261682242990655,0.6813186813186812,0.6041666666666666,0.5,0.5,0.5,0.5
yRVvI1x2DBI.002.mp4,0.5444444444444444,0.4951456310679611,0.48598130841121495,0.5274725274725275,0.5208333333333334,0.5,0.5,0.5,0.5
yRVvI1x2DBI.004.mp4,0.45555555555555555,0.6893203883495147,0.30841121495327106,0.3956043956043956,0.5625,0.5,0.5,0.5,0.5
yRVvI1x2DBI.005.mp4,0.5888888888888889,0.5436893203883495,0.4205607476635514,0.5494505494505494,0.59375,0.5,0.5,0.5,0.5
YryBLVZgJj0.001.mp4,0.2777777777777778,0.6407766990291262,0.14018691588785046,0.4065934065934066,0.3333333333333333,0.5,0.5,0.5,0.5
YryBLVZgJj0.003.mp4,0.3666666666666667,0.7184466019417477,0.28037383177570097,0.5054945054945055,0.625,0.5,0.5,0.5,0.5
YryBLVZgJj0.005.mp4,0.4888888888888889,0.6504854368932039,0.20560747663551404,0.30769230769230765,0.46875,0.5,0.5,0.5,0.5
ySEeioc339E.002.mp4,0.6333333333333333,0.4951456310679611,0.5794392523364487,0.7252747252747254,0.5416666666666666,0.5,0.5,0.5,0.5
ySEeioc339E.003.mp4,0.43333333333333335,0.36893203883495146,0.4392523364485981,0.5494505494505494,0.39583333333333337,0.5,0.5,0.5,0.5
ySEeioc339E.004.mp4,0.5,0.42718446601941745,0.47663551401869164,0.5054945054945055,0.4479166666666667,0.5,0.5,0.5,0.5
YucM3Zzvekg.001.mp4,0.7,0.35922330097087385,0.37383177570093457,0.4615384615384615,0.46875,0.5,0.5,0.5,0.5
yuE25dFTn2o.000.mp4,0.6444444444444444,0.3883495145631068,0.3271028037383178,0.5604395604395604,0.4791666666666667,0.5,0.5,0.5,0.5
yuE25dFTn2o.001.mp4,0.6555555555555556,0.3980582524271845,0.26168224299065423,0.4285714285714285,0.3020833333333333,0.5,0.5,0.5,0.5
yUESJPS0wS8.000.mp4,0.6888888888888889,0.7281553398058251,0.5514018691588786,0.5934065934065933,0.6979166666666666,0.5,0.5,0.5,0.5
yUESJPS0wS8.002.mp4,0.7666666666666666,0.7281553398058251,0.5514018691588786,0.6373626373626373,0.7604166666666666,0.5,0.5,0.5,0.5
yUESJPS0wS8.004.mp4,0.7444444444444444,0.7281553398058251,0.6448598130841123,0.7032967032967032,0.6354166666666666,0.5,0.5,0.5,0.5
YuoLr4xDvbE.000.mp4,0.7,0.7378640776699029,0.7196261682242993,0.7472527472527474,0.6875,0.5,0.5,0.5,0.5
YuoLr4xDvbE.002.mp4,0.6444444444444444,0.7184466019417477,0.7196261682242993,0.6813186813186812,0.5416666666666666,0.5,0.5,0.5,0.5
YuoLr4xDvbE.004.mp4,0.7666666666666666,0.6990291262135921,0.663551401869159,0.7472527472527474,0.6458333333333333,0.5,0.5,0.5,0.5
YuoLr4xDvbE.005.mp4,0.811111111111111,0.6990291262135921,0.5607476635514019,0.6483516483516484,0.6666666666666667,0.5,0.5,0.5,0.5
yVSfQZGt1co.001.mp4,0.7444444444444444,0.7378640776699029,0.6448598130841123,0.5604395604395604,0.5833333333333333,0.5,0.5,0.5,0.5
yVSfQZGt1co.004.mp4,0.5,0.6019417475728155,0.4392523364485981,0.5054945054945055,0.39583333333333337,0.5,0.5,0.5,0.5
ywefrPdzz0U.000.mp4,0.5888888888888889,0.7475728155339806,0.5046728971962617,0.7472527472527474,0.6145833333333333,0.5,0.5,0.5,0.5
YwsVpkumbJc.002.mp4,0.6777777777777777,0.6990291262135921,0.5140186915887851,0.5274725274725275,0.65625,0.5,0.5,0.5,0.5
YXz6s1XNOLs.000.mp4,0.6,0.47572815533980584,0.5607476635514019,0.6923076923076923,0.5729166666666666,0.5,0.5,0.5,0.5
YXz6s1XNOLs.002.mp4,0.4444444444444445,0.42718446601941745,0.5140186915887851,0.4945054945054945,0.4791666666666667,0.5,0.5,0.5,0.5
YXz6s1XNOLs.004.mp4,0.5333333333333333,0.4854368932038835,0.4672897196261683,0.4395604395604395,0.4791666666666667,0.5,0.5,0.5,0.5
YXz6s1XNOLs.005.mp4,0.5666666666666667,0.4368932038834952,0.5607476635514019,0.4725274725274725,0.4791666666666667,0.5,0.5,0.5,0.5
YygvfVxOWP8.000.mp4,0.5444444444444444,0.6310679611650486,0.4579439252336449,0.6373626373626373,0.46875,0.5,0.5,0.5,0.5
YygvfVxOWP8.005.mp4,0.4777777777777778,0.5145631067961165,0.4018691588785047,0.4945054945054945,0.3020833333333333,0.5,0.5,0.5,0.5
YyHOKFYDZ5Y.002.mp4,0.38888888888888895,0.2815533980582524,0.33644859813084116,0.25274725274725274,0.35416666666666663,0.5,0.5,0.5,0.5
YyHOKFYDZ5Y.004.mp4,0.3666666666666667,0.33980582524271846,0.1588785046728972,0.4615384615384615,0.2604166666666667,0.5,0.5,0.5,0.5
YyHOKFYDZ5Y.005.mp4,0.28888888888888886,0.1941747572815534,0.2710280373831776,0.3626373626373627,0.21874999999999997,0.5,0.5,0.5,0.5
YyYDxAyV_Aw.003.mp4,0.4888888888888889,0.5145631067961165,0.47663551401869164,0.3846153846153846,0.4166666666666667,0.5,0.5,0.5,0.5
YzcZY1mUZfc.000.mp4,0.8333333333333333,0.5728155339805825,0.5794392523364487,0.7362637362637363,0.65625,0.5,0.5,0.5,0.5
YzcZY1mUZfc.001.mp4,0.7555555555555554,0.6310679611650486,0.7289719626168225,0.824175824175824,0.8541666666666667,0.5,0.5,0.5,0.5
YzcZY1mUZfc.002.mp4,0.7444444444444444,0.5728155339805825,0.794392523364486,0.7582417582417583,0.7291666666666667,0.5,0.5,0.5,0.5
YzcZY1mUZfc.003.mp4,0.7444444444444444,0.6310679611650486,0.7102803738317757,0.7252747252747254,0.6979166666666666,0.5,0.5,0.5,0.5
YzcZY1mUZfc.004.mp4,0.7666666666666666,0.6116504854368932,0.7289719626168225,0.7582417582417583,0.7604166666666666,0.5,0.5,0.5,0.5
YzcZY1mUZfc.005.mp4,0.8333333333333333,0.6796116504854369,0.8504672897196264,0.8901098901098901,0.7500000000000001,0.5,0.5,0.5,0.5
yzgA9oAEgI4.002.mp4,0.7666666666666666,0.7669902912621359,0.6728971962616823,0.6153846153846153,0.7708333333333334,0.5,0.5,0.5,0.5
yzgA9oAEgI4.003.mp4,0.8555555555555554,0.7378640776699029,0.7757009345794394,0.5934065934065933,0.8020833333333334,0.5,0.5,0.5,0.5
YzNbGMNr3z0.001.mp4,0.7999999999999999,0.5145631067961165,0.6261682242990655,0.6153846153846153,0.6875,0.5,0.5,0.5,0.5
YZp79VcnY0w.001.mp4,0.41111111111111115,0.5533980582524272,0.4579439252336449,0.5604395604395604,0.4375,0.5,0.5,0.5,0.5
YZp79VcnY0w.002.mp4,0.5444444444444444,0.35922330097087385,0.4018691588785047,0.3956043956043956,0.40625000000000006,0.5,0.5,0.5,0.5
YZp79VcnY0w.004.mp4,0.45555555555555555,0.36893203883495146,0.26168224299065423,0.4065934065934066,0.4479166666666667,0.5,0.5,0.5,0.5
Z-CIdOjWcKc.001.mp4,0.6333333333333333,0.42718446601941745,0.7009345794392524,0.5494505494505494,0.65625,0.5,0.5,0.5,0.5
z-CV743owek.001.mp4,0.5333333333333333,0.36893203883495146,0.48598130841121495,0.4505494505494505,0.5,0.5,0.5,0.5,0.5
z-CV743owek.003.mp4,0.7555555555555554,0.5825242718446602,0.4953271028037384,0.5934065934065933,0.5208333333333334,0.5,0.5,0.5,0.5
z-CV743owek.005.mp4,0.5333333333333333,0.4854368932038835,0.39252336448598135,0.5274725274725275,0.4791666666666667,0.5,0.5,0.5,0.5
z3DO3tdrsnQ.000.mp4,0.888888888888889,0.5922330097087379,0.8130841121495327,0.7032967032967032,0.7291666666666667,0.5,0.5,0.5,0.5
z3DO3tdrsnQ.001.mp4,0.7333333333333333,0.6407766990291262,0.7196261682242993,0.6923076923076923,0.7083333333333334,0.5,0.5,0.5,0.5
Z3E1jkaNRKs.000.mp4,0.4222222222222222,0.6699029126213591,0.4392523364485981,0.6703296703296703,0.46875,0.5,0.5,0.5,0.5
Z3E1jkaNRKs.001.mp4,0.4777777777777778,0.6019417475728155,0.4112149532710281,0.6263736263736264,0.45833333333333337,0.5,0.5,0.5,0.5
Z3E1jkaNRKs.003.mp4,0.3777777777777778,0.5728155339805825,0.26168224299065423,0.6043956043956044,0.3125,0.5,0.5,0.5,0.5
Z3FdUfZLHyw.000.mp4,0.5222222222222223,0.3203883495145631,0.3457943925233645,0.3736263736263736,0.5104166666666666,0.5,0.5,0.5,0.5
Z3FdUfZLHyw.001.mp4,0.3555555555555556,0.18446601941747573,0.30841121495327106,0.3846153846153846,0.35416666666666663,0.5,0.5,0.5,0.5
Z3FdUfZLHyw.002.mp4,0.5666666666666667,0.35922330097087385,0.4299065420560748,0.6593406593406592,0.5625,0.5,0.5,0.5,0.5
Z3FdUfZLHyw.004.mp4,0.3777777777777778,0.23300970873786406,0.30841121495327106,0.3846153846153846,0.34374999999999994,0.5,0.5,0.5,0.5
Z3FdUfZLHyw.005.mp4,0.45555555555555555,0.31067961165048547,0.39252336448598135,0.4505494505494505,0.3020833333333333,0.5,0.5,0.5,0.5
z54OqeICELg.000.mp4,0.6555555555555556,0.6019417475728155,0.588785046728972,0.5714285714285714,0.5520833333333334,0.5,0.5,0.5,0.5
z54OqeICELg.001.mp4,0.7777777777777777,0.6893203883495147,0.6261682242990655,0.6923076923076923,0.7708333333333334,0.5,0.5,0.5,0.5
z54OqeICELg.004.mp4,0.7333333333333333,0.5631067961165048,0.6448598130841123,0.4835164835164835,0.6979166666666666,0.5,0.5,0.5,0.5
z54OqeICELg.005.mp4,0.6444444444444444,0.6990291262135921,0.6822429906542057,0.5824175824175825,0.6875,0.5,0.5,0.5,0.5
Z5S5uGXkNuc.001.mp4,0.611111111111111,0.5436893203883495,0.6355140186915887,0.6373626373626373,0.5625,0.5,0.5,0.5,0.5
Z5S5uGXkNuc.002.mp4,0.7555555555555554,0.7669902912621359,0.7009345794392524,0.7032967032967032,0.6875,0.5,0.5,0.5,0.5
Z5S5uGXkNuc.004.mp4,0.611111111111111,0.7184466019417477,0.7196261682242993,0.7032967032967032,0.6875,0.5,0.5,0.5,0.5
Z6vQQvro86Y.001.mp4,0.6555555555555556,0.2815533980582524,0.663551401869159,0.6923076923076923,0.40625000000000006,0.5,0.5,0.5,0.5
Z6vQQvro86Y.002.mp4,0.5777777777777777,0.4563106796116505,0.5233644859813085,0.6153846153846153,0.45833333333333337,0.5,0.5,0.5,0.5
Z6vQQvro86Y.004.mp4,0.611111111111111,0.4660194174757281,0.48598130841121495,0.5604395604395604,0.4375,0.5,0.5,0.5,0.5
Z6vQQvro86Y.005.mp4,0.5444444444444444,0.4854368932038835,0.5233644859813085,0.6923076923076923,0.5104166666666666,0.5,0.5,0.5,0.5
z82YEuBU8mA.003.mp4,0.4222222222222222,0.3980582524271845,0.4299065420560748,0.5274725274725275,0.4479166666666667,0.5,0.5,0.5,0.5
Z9GzSxQHKSI.001.mp4,0.5111111111111111,0.5339805825242718,0.5046728971962617,0.4285714285714285,0.4479166666666667,0.5,0.5,0.5,0.5
Z9GzSxQHKSI.004.mp4,0.7555555555555554,0.6407766990291262,0.5514018691588786,0.7252747252747254,0.5729166666666666,0.5,0.5,0.5,0.5
Z_STuUHKQTg.002.mp4,0.3666666666666667,0.4077669902912622,0.5327102803738318,0.5274725274725275,0.4791666666666667,0.5,0.5,0.5,0.5
Z_STuUHKQTg.003.mp4,0.6555555555555556,0.5339805825242718,0.5700934579439253,0.6483516483516484,0.6354166666666666,0.5,0.5,0.5,0.5
Z_STuUHKQTg.004.mp4,0.5222222222222223,0.6116504854368932,0.4299065420560748,0.4945054945054945,0.5,0.5,0.5,0.5,0.5
z_W8_j7CB2A.000.mp4,0.1888888888888889,0.17475728155339804,0.10280373831775697,0.2857142857142857,0.32291666666666663,0.5,0.5,0.5,0.5
z_W8_j7CB2A.001.mp4,0.3111111111111111,0.2038834951456311,0.17757009345794392,0.30769230769230765,0.3125,0.5,0.5,0.5,0.5
za14O68VN3E.001.mp4,0.45555555555555555,0.27184466019417475,0.2710280373831776,0.32967032967032966,0.3854166666666667,0.5,0.5,0.5,0.5
ZaihsIQZCx8.002.mp4,0.611111111111111,0.5631067961165048,0.5140186915887851,0.5384615384615384,0.40625000000000006,0.5,0.5,0.5,0.5
ZaihsIQZCx8.003.mp4,0.5888888888888889,0.5631067961165048,0.588785046728972,0.5274725274725275,0.5104166666666666,0.5,0.5,0.5,0.5
ZCLfVue6xAg.001.mp4,0.4222222222222222,0.4466019417475728,0.4579439252336449,0.4175824175824176,0.3125,0.5,0.5,0.5,0.5
ZCLfVue6xAg.002.mp4,0.45555555555555555,0.6019417475728155,0.5046728971962617,0.5274725274725275,0.34374999999999994,0.5,0.5,0.5,0.5
ZCLfVue6xAg.003.mp4,0.5444444444444444,0.6310679611650486,0.4112149532710281,0.5384615384615384,0.32291666666666663,0.5,0.5,0.5,0.5
ZCLfVue6xAg.005.mp4,0.6222222222222222,0.6310679611650486,0.4485981308411215,0.6593406593406592,0.6041666666666666,0.5,0.5,0.5,0.5
zDSpbDg6WB8.002.mp4,0.3777777777777778,0.24271844660194175,0.3177570093457944,0.29670329670329665,0.25,0.5,0.5,0.5,0.5
ZeGT9pSG734.002.mp4,0.6,0.4854368932038835,0.5514018691588786,0.6153846153846153,0.42708333333333337,0.5,0.5,0.5,0.5
ZeGT9pSG734.003.mp4,0.6555555555555556,0.4563106796116505,0.5700934579439253,0.6043956043956044,0.46875,0.5,0.5,0.5,0.5
ZeGT9pSG734.004.mp4,0.5,0.3300970873786408,0.4485981308411215,0.5274725274725275,0.5,0.5,0.5,0.5,0.5
zeUC7e-4w1E.003.mp4,0.6888888888888889,0.6699029126213591,0.5514018691588786,0.7362637362637363,0.625,0.5,0.5,0.5,0.5
zeUC7e-4w1E.005.mp4,0.6222222222222222,0.5825242718446602,0.5514018691588786,0.6703296703296703,0.625,0.5,0.5,0.5,0.5
zEyRyTnIw5I.001.mp4,0.33333333333333337,0.6019417475728155,0.2149532710280374,0.3626373626373627,0.45833333333333337,0.5,0.5,0.5,0.5
zEyRyTnIw5I.005.mp4,0.3666666666666667,0.5825242718446602,0.3457943925233645,0.4725274725274725,0.37499999999999994,0.5,0.5,0.5,0.5
zF3Uk2OAJAE.001.mp4,0.7666666666666666,0.7475728155339806,0.7196261682242993,0.7582417582417583,0.7395833333333333,0.5,0.5,0.5,0.5
zF46tAI2PQc.004.mp4,0.6777777777777777,0.6504854368932039,0.6542056074766356,0.7142857142857143,0.7604166666666666,0.5,0.5,0.5,0.5
zF46tAI2PQc.005.mp4,0.6444444444444444,0.5242718446601942,0.7102803738317757,0.5824175824175825,0.7187499999999999,0.5,0.5,0.5,0.5
ZFOb9zsgLLY.003.mp4,0.8222222222222221,0.6504854368932039,0.5046728971962617,0.5934065934065933,0.6979166666666666,0.5,0.5,0.5,0.5
zFVjcb45pjI.002.mp4,0.4444444444444445,0.3883495145631068,0.29906542056074764,0.32967032967032966,0.37499999999999994,0.5,0.5,0.5,0.5
zFVjcb45pjI.003.mp4,0.2111111111111111,0.08737864077669902,0.20560747663551404,0.3406593406593406,0.1666666666666666,0.5,0.5,0.5,0.5
ZgFh3JPMs3Q.001.mp4,0.6666666666666666,0.5533980582524272,0.6074766355140188,0.30769230769230765,0.5833333333333333,0.5,0.5,0.5,0.5
ZgFh3JPMs3Q.002.mp4,0.6444444444444444,0.8349514563106796,0.5046728971962617,0.4835164835164835,0.5625,0.5,0.5,0.5,0.5
ZgFh3JPMs3Q.003.mp4,0.5333333333333333,0.5825242718446602,0.47663551401869164,0.7142857142857143,0.5833333333333333,0.5,0.5,0.5,0.5
ZGox7tevC6A.004.mp4,0.5666666666666667,0.5048543689320388,0.5233644859813085,0.6043956043956044,0.6354166666666666,0.5,0.5,0.5,0.5
ZGox7tevC6A.005.mp4,0.5555555555555556,0.5145631067961165,0.4392523364485981,0.4835164835164835,0.5833333333333333,0.5,0.5,0.5,0.5
zH9pTx5_ZwY.003.mp4,0.4888888888888889,0.5436893203883495,0.4205607476635514,0.5054945054945055,0.35416666666666663,0.5,0.5,0.5,0.5
zH9pTx5_ZwY.004.mp4,0.4888888888888889,0.4660194174757281,0.4485981308411215,0.5384615384615384,0.4166666666666667,0.5,0.5,0.5,0.5
ZhPQrqxo2mw.000.mp4,0.6444444444444444,0.5339805825242718,0.4392523364485981,0.5274725274725275,0.5520833333333334,0.5,0.5,0.5,0.5
ZhPQrqxo2mw.004.mp4,0.6444444444444444,0.5922330097087379,0.5700934579439253,0.6373626373626373,0.5520833333333334,0.5,0.5,0.5,0.5
ZhPQrqxo2mw.005.mp4,0.7888888888888888,0.7281553398058251,0.6542056074766356,0.6483516483516484,0.7083333333333334,0.5,0.5,0.5,0.5
ZHya-p83XPQ.002.mp4,0.5333333333333333,0.5339805825242718,0.4953271028037384,0.5714285714285714,0.5520833333333334,0.5,0.5,0.5,0.5
Zi7QHI_5ipU.000.mp4,0.6777777777777777,0.6019417475728155,0.6728971962616823,0.6923076923076923,0.7708333333333334,0.5,0.5,0.5,0.5
Zi7QHI_5ipU.004.mp4,0.811111111111111,0.6990291262135921,0.7570093457943926,0.6263736263736264,0.7291666666666667,0.5,0.5,0.5,0.5
Zi7QHI_5ipU.005.mp4,0.7,0.6019417475728155,0.588785046728972,0.4945054945054945,0.5625,0.5,0.5,0.5,0.5
ZIk7N-xHvF4.000.mp4,0.6777777777777777,0.21359223300970873,0.2897196261682243,0.31868131868131866,0.34374999999999994,0.5,0.5,0.5,0.5
ZIk7N-xHvF4.002.mp4,0.4444444444444445,0.08737864077669902,0.08411214953271029,0.15384615384615383,0.04166666666666665,0.5,0.5,0.5,0.5
ZIk7N-xHvF4.003.mp4,0.5666666666666667,0.31067961165048547,0.20560747663551404,0.3736263736263736,0.19791666666666666,0.5,0.5,0.5,0.5
ZIk7N-xHvF4.004.mp4,0.5777777777777777,0.4174757281553398,0.26168224299065423,0.4175824175824176,0.3645833333333333,0.5,0.5,0.5,0.5
ZiKxJbVI5_g.000.mp4,0.7,0.5728155339805825,0.6261682242990655,0.846153846153846,0.6145833333333333,0.5,0.5,0.5,0.5
ZiKxJbVI5_g.001.mp4,0.7777777777777777,0.6019417475728155,0.6728971962616823,0.5604395604395604,0.65625,0.5,0.5,0.5,0.5
ZiKxJbVI5_g.002.mp4,0.7777777777777777,0.6504854368932039,0.7102803738317757,0.5934065934065933,0.625,0.5,0.5,0.5,0.5
ZiKxJbVI5_g.004.mp4,0.6333333333333333,0.4368932038834952,0.5140186915887851,0.6043956043956044,0.6979166666666666,0.5,0.5,0.5,0.5
ZIyfXdCxN9E.000.mp4,0.4444444444444445,0.3495145631067961,0.29906542056074764,0.32967032967032966,0.3645833333333333,0.5,0.5,0.5,0.5
zJEnT19uoPY.000.mp4,0.6888888888888889,0.5825242718446602,0.5514018691588786,0.7252747252747254,0.5625,0.5,0.5,0.5,0.5
zJEnT19uoPY.001.mp4,0.611111111111111,0.6019417475728155,0.5046728971962617,0.6923076923076923,0.53125,0.5,0.5,0.5,0.5
zJEnT19uoPY.004.mp4,0.711111111111111,0.7184466019417477,0.5981308411214954,0.6373626373626373,0.6145833333333333,0.5,0.5,0.5,0.5
zJEnT19uoPY.005.mp4,0.5666666666666667,0.6699029126213591,0.38317757009345793,0.5604395604395604,0.6145833333333333,0.5,0.5,0.5,0.5
zJR7w4DABGU.002.mp4,0.5555555555555556,0.4368932038834952,0.4018691588785047,0.4395604395604395,0.46875,0.5,0.5,0.5,0.5
ZkypeQdzgvQ.000.mp4,0.34444444444444444,0.2815533980582524,0.26168224299065423,0.32967032967032966,0.20833333333333331,0.5,0.5,0.5,0.5
ZkypeQdzgvQ.002.mp4,0.33333333333333337,0.3786407766990291,0.26168224299065423,0.2857142857142857,0.2708333333333333,0.5,0.5,0.5,0.5
ZkypeQdzgvQ.003.mp4,0.28888888888888886,0.23300970873786406,0.22429906542056074,0.16483516483516483,0.28125,0.5,0.5,0.5,0.5
ZkypeQdzgvQ.004.mp4,0.33333333333333337,0.22330097087378642,0.3457943925233645,0.31868131868131866,0.29166666666666663,0.5,0.5,0.5,0.5
ZlcINjtdkQQ.000.mp4,0.5333333333333333,0.4854368932038835,0.37383177570093457,0.3846153846153846,0.28125,0.5,0.5,0.5,0.5
ZlcINjtdkQQ.001.mp4,0.611111111111111,0.31067961165048547,0.4205607476635514,0.4725274725274725,0.3854166666666667,0.5,0.5,0.5,0.5
zMXfMcqpPwQ.001.mp4,0.6,0.7281553398058251,0.5700934579439253,0.7802197802197802,0.5625,0.5,0.5,0.5,0.5
zMXfMcqpPwQ.002.mp4,0.5333333333333333,0.4951456310679611,0.4485981308411215,0.6263736263736264,0.45833333333333337,0.5,0.5,0.5,0.5
zMXfMcqpPwQ.005.mp4,0.6333333333333333,0.5533980582524272,0.35514018691588783,0.6043956043956044,0.4375,0.5,0.5,0.5,0.5
zMXIf66PPhU.001.mp4,0.38888888888888895,0.14563106796116504,0.35514018691588783,0.4615384615384615,0.25,0.5,0.5,0.5,0.5
zMXIf66PPhU.002.mp4,0.38888888888888895,0.3300970873786408,0.28037383177570097,0.5164835164835165,0.3333333333333333,0.5,0.5,0.5,0.5
zMXIf66PPhU.004.mp4,0.5333333333333333,0.3203883495145631,0.4299065420560748,0.5384615384615384,0.5729166666666666,0.5,0.5,0.5,0.5
zNHM8iNyTO4.005.mp4,0.4444444444444445,0.6796116504854369,0.4205607476635514,0.6373626373626373,0.6041666666666666,0.5,0.5,0.5,0.5
Znixev2a1AI.000.mp4,0.6,0.6116504854368932,0.4299065420560748,0.3956043956043956,0.5,0.5,0.5,0.5,0.5
Znixev2a1AI.001.mp4,0.6666666666666666,0.6601941747572816,0.4299065420560748,0.5164835164835165,0.5104166666666666,0.5,0.5,0.5,0.5
Znixev2a1AI.004.mp4,0.6666666666666666,0.7766990291262136,0.5607476635514019,0.6813186813186812,0.7187499999999999,0.5,0.5,0.5,0.5
ZNJFmNiWC4I.000.mp4,0.7666666666666666,0.7475728155339806,0.691588785046729,0.7032967032967032,0.7395833333333333,0.5,0.5,0.5,0.5
ZNJFmNiWC4I.001.mp4,0.7222222222222221,0.6893203883495147,0.6728971962616823,0.813186813186813,0.7500000000000001,0.5,0.5,0.5,0.5
ZNJFmNiWC4I.003.mp4,0.6666666666666666,0.6116504854368932,0.7476635514018694,0.7582417582417583,0.6666666666666667,0.5,0.5,0.5,0.5
ZNJFmNiWC4I.005.mp4,0.6333333333333333,0.4951456310679611,0.5327102803738318,0.5714285714285714,0.5416666666666666,0.5,0.5,0.5,0.5
zNmuwZkaeVg.001.mp4,0.34444444444444444,0.3883495145631068,0.2897196261682243,0.4725274725274725,0.35416666666666663,0.5,0.5,0.5,0.5
zNmuwZkaeVg.002.mp4,0.5222222222222223,0.4466019417475728,0.48598130841121495,0.31868131868131866,0.37499999999999994,0.5,0.5,0.5,0.5
ZNRfeL8nPfw.000.mp4,0.6888888888888889,0.7572815533980582,0.6448598130841123,0.7912087912087912,0.6041666666666666,0.5,0.5,0.5,0.5
ZNRfeL8nPfw.001.mp4,0.6777777777777777,0.7572815533980582,0.48598130841121495,0.5384615384615384,0.5104166666666666,0.5,0.5,0.5,0.5
ZNRfeL8nPfw.003.mp4,0.8555555555555554,0.8834951456310681,0.6542056074766356,0.7912087912087912,0.6666666666666667,0.5,0.5,0.5,0.5
ZNRfeL8nPfw.004.mp4,0.6888888888888889,0.6601941747572816,0.6168224299065421,0.7032967032967032,0.65625,0.5,0.5,0.5,0.5
ZNRfeL8nPfw.005.mp4,0.711111111111111,0.7961165048543688,0.6261682242990655,0.813186813186813,0.65625,0.5,0.5,0.5,0.5
ZNymNgd5EuQ.000.mp4,0.711111111111111,0.8349514563106796,0.5140186915887851,0.6593406593406592,0.6875,0.5,0.5,0.5,0.5
ZNymNgd5EuQ.004.mp4,0.6333333333333333,0.7572815533980582,0.663551401869159,0.7692307692307692,0.65625,0.5,0.5,0.5,0.5
ZO5JoyVTat8.000.mp4,0.33333333333333337,0.2815533980582524,0.2710280373831776,0.4175824175824176,0.3645833333333333,0.5,0.5,0.5,0.5
ZO5JoyVTat8.001.mp4,0.43333333333333335,0.2815533980582524,0.4672897196261683,0.5274725274725275,0.5729166666666666,0.5,0.5,0.5,0.5
ZO5JoyVTat8.002.mp4,0.611111111111111,0.4077669902912622,0.5981308411214954,0.7912087912087912,0.625,0.5,0.5,0.5,0.5
ZO5JoyVTat8.004.mp4,0.5888888888888889,0.2815533980582524,0.6074766355140188,0.6703296703296703,0.6145833333333333,0.5,0.5,0.5,0.5
ZO5JoyVTat8.005.mp4,0.4222222222222222,0.31067961165048547,0.38317757009345793,0.4725274725274725,0.37499999999999994,0.5,0.5,0.5,0.5
ZoHY-rWJsyw.000.mp4,0.5444444444444444,0.4077669902912622,0.4018691588785047,0.5714285714285714,0.34374999999999994,0.5,0.5,0.5,0.5
ZoHY-rWJsyw.001.mp4,0.4777777777777778,0.24271844660194175,0.30841121495327106,0.3516483516483516,0.3020833333333333,0.5,0.5,0.5,0.5
ZoHY-rWJsyw.004.mp4,0.45555555555555555,0.3786407766990291,0.4205607476635514,0.4725274725274725,0.4166666666666667,0.5,0.5,0.5,0.5
zpLiIVF0x7U.000.mp4,0.24444444444444444,0.2621359223300971,0.26168224299065423,0.3516483516483516,0.21874999999999997,0.5,0.5,0.5,0.5
ZqbJIM7rmO8.001.mp4,0.6222222222222222,0.5631067961165048,0.5794392523364487,0.6703296703296703,0.7083333333333334,0.5,0.5,0.5,0.5
ZqbJIM7rmO8.003.mp4,0.6888888888888889,0.4174757281553398,0.5233644859813085,0.6593406593406592,0.5833333333333333,0.5,0.5,0.5,0.5
ZqbJIM7rmO8.005.mp4,0.7777777777777777,0.6601941747572816,0.6542056074766356,0.7692307692307692,0.8020833333333334,0.5,0.5,0.5,0.5
zqpXz9h41jg.000.mp4,0.3777777777777778,0.6407766990291262,0.4112149532710281,0.4065934065934066,0.39583333333333337,0.5,0.5,0.5,0.5
zqpXz9h41jg.002.mp4,0.7222222222222221,0.6796116504854369,0.6261682242990655,0.6373626373626373,0.6770833333333334,0.5,0.5,0.5,0.5
zqpXz9h41jg.005.mp4,0.5222222222222223,0.7475728155339806,0.37383177570093457,0.4945054945054945,0.59375,0.5,0.5,0.5,0.5
zrbcY4TMVyc.000.mp4,0.3,0.30097087378640774,0.14953271028037385,0.24175824175824176,0.29166666666666663,0.5,0.5,0.5,0.5
zrdxHERn628.003.mp4,0.5888888888888889,0.5339805825242718,0.4299065420560748,0.5164835164835165,0.45833333333333337,0.5,0.5,0.5,0.5
zRevZ94Rxjc.004.mp4,0.7888888888888888,0.5339805825242718,0.6448598130841123,0.6263736263736264,0.6041666666666666,0.5,0.5,0.5,0.5
zRiS2gIUc9s.000.mp4,0.6,0.4660194174757281,0.5700934579439253,0.6263736263736264,0.5625,0.5,0.5,0.5,0.5
zRiS2gIUc9s.001.mp4,0.5666666666666667,0.5339805825242718,0.39252336448598135,0.5274725274725275,0.5833333333333333,0.5,0.5,0.5,0.5
ZRl_k6DzTeI.000.mp4,0.4222222222222222,0.4077669902912622,0.47663551401869164,0.5824175824175825,0.4479166666666667,0.5,0.5,0.5,0.5
ZRl_k6DzTeI.001.mp4,0.7222222222222221,0.2912621359223301,0.4672897196261683,0.3846153846153846,0.5208333333333334,0.5,0.5,0.5,0.5
ZRl_k6DzTeI.004.mp4,0.611111111111111,0.4951456310679611,0.4392523364485981,0.4725274725274725,0.5520833333333334,0.5,0.5,0.5,0.5
ZRrduU1CXqU.001.mp4,0.3777777777777778,0.5436893203883495,0.4018691588785047,0.5054945054945055,0.5520833333333334,0.5,0.5,0.5,0.5
ZRrduU1CXqU.002.mp4,0.6666666666666666,0.4563106796116505,0.4205607476635514,0.4835164835164835,0.4375,0.5,0.5,0.5,0.5
ZRrduU1CXqU.003.mp4,0.611111111111111,0.6019417475728155,0.4205607476635514,0.6263736263736264,0.5833333333333333,0.5,0.5,0.5,0.5
ZRrduU1CXqU.004.mp4,0.45555555555555555,0.5825242718446602,0.4953271028037384,0.6043956043956044,0.40625000000000006,0.5,0.5,0.5,0.5
ZRrduU1CXqU.005.mp4,0.5555555555555556,0.47572815533980584,0.3457943925233645,0.5164835164835165,0.3645833333333333,0.5,0.5,0.5,0.5
ZT7cEiaYGp8.000.mp4,0.7444444444444444,0.6601941747572816,0.663551401869159,0.6923076923076923,0.6979166666666666,0.5,0.5,0.5,0.5
zT_s9X21gAE.001.mp4,0.6222222222222222,0.7766990291262136,0.6355140186915887,0.8021978021978021,0.7500000000000001,0.5,0.5,0.5,0.5
zT_s9X21gAE.003.mp4,0.5777777777777777,0.47572815533980584,0.5233644859813085,0.4395604395604395,0.45833333333333337,0.5,0.5,0.5,0.5
zT_s9X21gAE.004.mp4,0.6555555555555556,0.6796116504854369,0.691588785046729,0.7252747252747254,0.7604166666666666,0.5,0.5,0.5,0.5
zT_s9X21gAE.005.mp4,0.7333333333333333,0.6601941747572816,0.7289719626168225,0.6373626373626373,0.6666666666666667,0.5,0.5,0.5,0.5
ztyBhnjtrz0.000.mp4,0.4222222222222222,0.4174757281553398,0.48598130841121495,0.5494505494505494,0.3333333333333333,0.5,0.5,0.5,0.5
ztyBhnjtrz0.001.mp4,0.6888888888888889,0.4854368932038835,0.588785046728972,0.6373626373626373,0.4895833333333333,0.5,0.5,0.5,0.5
ztyBhnjtrz0.002.mp4,0.3666666666666667,0.4563106796116505,0.3457943925233645,0.5164835164835165,0.37499999999999994,0.5,0.5,0.5,0.5
ztyBhnjtrz0.003.mp4,0.5,0.3980582524271845,0.5607476635514019,0.5934065934065933,0.21874999999999997,0.5,0.5,0.5,0.5
ztyBhnjtrz0.004.mp4,0.6333333333333333,0.6019417475728155,0.5233644859813085,0.6923076923076923,0.5729166666666666,0.5,0.5,0.5,0.5
zupxsNi2er8.002.mp4,0.4888888888888889,0.4174757281553398,0.35514018691588783,0.5054945054945055,0.39583333333333337,0.5,0.5,0.5,0.5
zupxsNi2er8.004.mp4,0.34444444444444444,0.18446601941747573,0.33644859813084116,0.5054945054945055,0.4375,0.5,0.5,0.5,0.5
zupxsNi2er8.005.mp4,0.5222222222222223,0.5145631067961165,0.47663551401869164,0.5824175824175825,0.5,0.5,0.5,0.5,0.5
Zvdh8ym1Yrg.001.mp4,0.5444444444444444,0.4368932038834952,0.4579439252336449,0.5054945054945055,0.5416666666666666,0.5,0.5,0.5,0.5
Zvdh8ym1Yrg.003.mp4,0.7,0.6213592233009709,0.6261682242990655,0.6813186813186812,0.65625,0.5,0.5,0.5,0.5
Zvdh8ym1Yrg.004.mp4,0.4666666666666667,0.35922330097087385,0.4112149532710281,0.5384615384615384,0.42708333333333337,0.5,0.5,0.5,0.5
Zvdh8ym1Yrg.005.mp4,0.5222222222222223,0.5631067961165048,0.47663551401869164,0.5714285714285714,0.5833333333333333,0.5,0.5,0.5,0.5
zvX4fNj0uxk.001.mp4,0.45555555555555555,0.6601941747572816,0.38317757009345793,0.5494505494505494,0.5416666666666666,0.5,0.5,0.5,0.5
zvX4fNj0uxk.003.mp4,0.4777777777777778,0.7766990291262136,0.2710280373831776,0.4395604395604395,0.46875,0.5,0.5,0.5,0.5
zvX4fNj0uxk.004.mp4,0.3666666666666667,0.7184466019417477,0.20560747663551404,0.5494505494505494,0.4166666666666667,0.5,0.5,0.5,0.5
ZvxUUh2wN7s.002.mp4,0.5777777777777777,0.5145631067961165,0.5514018691588786,0.4505494505494505,0.45833333333333337,0.5,0.5,0.5,0.5
zwO2zBdbCb4.002.mp4,0.4888888888888889,0.5728155339805825,0.47663551401869164,0.5604395604395604,0.4375,0.5,0.5,0.5,0.5
Zwu5Y5r3Lrs.001.mp4,0.6,0.33980582524271846,0.29906542056074764,0.5824175824175825,0.5729166666666666,0.5,0.5,0.5,0.5
Zwu5Y5r3Lrs.003.mp4,0.611111111111111,0.5145631067961165,0.4672897196261683,0.7692307692307692,0.53125,0.5,0.5,0.5,0.5
ZX3okNzASCs.000.mp4,0.8333333333333333,0.7669902912621359,0.6261682242990655,0.6593406593406592,0.6354166666666666,0.5,0.5,0.5,0.5
ZX3okNzASCs.002.mp4,0.711111111111111,0.7864077669902914,0.7289719626168225,0.6703296703296703,0.7395833333333333,0.5,0.5,0.5,0.5
ZXeO5dRFrj0.001.mp4,0.5333333333333333,0.5825242718446602,0.4112149532710281,0.4945054945054945,0.4479166666666667,0.5,0.5,0.5,0.5
ZXeO5dRFrj0.005.mp4,0.5444444444444444,0.47572815533980584,0.4485981308411215,0.31868131868131866,0.4895833333333333,0.5,0.5,0.5,0.5
zxuPCshTSOs.002.mp4,0.45555555555555555,0.47572815533980584,0.33644859813084116,0.4175824175824176,0.5,0.5,0.5,0.5,0.5
zxuPCshTSOs.005.mp4,0.6777777777777777,0.7378640776699029,0.47663551401869164,0.6373626373626373,0.5625,0.5,0.5,0.5,0.5
zY0J9qKEekE.004.mp4,0.6777777777777777,0.5728155339805825,0.5700934579439253,0.6483516483516484,0.5729166666666666,0.5,0.5,0.5,0.5
Zy9Xg3TdZJk.001.mp4,0.5333333333333333,0.5533980582524272,0.5233644859813085,0.4835164835164835,0.3854166666666667,0.5,0.5,0.5,0.5
zyGz_H1UTnQ.003.mp4,0.43333333333333335,0.7961165048543688,0.1588785046728972,0.5494505494505494,0.4791666666666667,0.5,0.5,0.5,0.5
ZYrFfvp7_Mo.000.mp4,0.7222222222222221,0.5631067961165048,0.6168224299065421,0.7032967032967032,0.6666666666666667,0.5,0.5,0.5,0.5
