filename,label
--Ymqszjv54.001.mp4,low
--Ymqszjv54.003.mp4,low
--Ymqszjv54.004.mp4,low
--Ymqszjv54.005.mp4,low
-2qsCrkXdWs.001.mp4,low
-55DRRMTppE.000.mp4,low
-55DRRMTppE.005.mp4,low
-5riMLK-PgU.001.mp4,low
-6otZ7M-Mro.000.mp4,low
-6otZ7M-Mro.001.mp4,low
-8asrRvfJWA.003.mp4,low
-8asrRvfJWA.004.mp4,low
-9BZ8A9U7TE.000.mp4,low
-9BZ8A9U7TE.003.mp4,low
-9BZ8A9U7TE.004.mp4,low
-agCXYgb7pI.004.mp4,low
-AmMDnVl4s8.003.mp4,low
-aU2FN5pkWA.001.mp4,low
-aU2FN5pkWA.004.mp4,low
-awAu11kBZ0.000.mp4,low
-c2HtptBFxY.002.mp4,low
-C5M9g4Quzc.002.mp4,low
-c_tyGzShwk.004.mp4,low
-DOqN0d8KHw.002.mp4,low
-DOqN0d8KHw.003.mp4,low
-fqiCqZtgYs.001.mp4,low
-fqiCqZtgYs.002.mp4,low
-fqiCqZtgYs.003.mp4,low
-fXqnCljdm0.000.mp4,low
-fXqnCljdm0.003.mp4,low
-Gl98Jn45Fs.000.mp4,low
-Gl98Jn45Fs.001.mp4,low
-Gl98Jn45Fs.003.mp4,low
-IK--4uz5ZY.000.mp4,low
-IK--4uz5ZY.002.mp4,low
-IK--4uz5ZY.003.mp4,low
-IK--4uz5ZY.004.mp4,low
-mt-IKgGhuY.004.mp4,low
-N6QKrbnaDs.005.mp4,low
-NwfYYf5xLo.005.mp4,low
-Osv5l1vrNU.001.mp4,low
-Osv5l1vrNU.004.mp4,low
-OXMbG7ZwRk.000.mp4,low
-OXMbG7ZwRk.003.mp4,low
-OXMbG7ZwRk.004.mp4,low
-OXMbG7ZwRk.005.mp4,low
-R2SZu3SYgM.000.mp4,low
-R2SZu3SYgM.004.mp4,low
-RhPxhfpg4U.001.mp4,low
-RhPxhfpg4U.003.mp4,low
-RhPxhfpg4U.005.mp4,low
-utrsarZeIY.001.mp4,low
-utrsarZeIY.004.mp4,low
-VTqcHNgH7M.002.mp4,low
-VTqcHNgH7M.003.mp4,low
-VTqcHNgH7M.004.mp4,low
-Wqk9eex6bQ.002.mp4,low
-Wqk9eex6bQ.003.mp4,low
-Wqk9eex6bQ.004.mp4,low
-Wqk9eex6bQ.005.mp4,low
-zNyDPzId4E.001.mp4,low
-zNyDPzId4E.003.mp4,low
01qN-BqJXRM.005.mp4,low
04oq2yrBwMg.001.mp4,low
04oq2yrBwMg.004.mp4,low
05l5bteT_qA.000.mp4,low
05l5bteT_qA.001.mp4,low
0_xOGmydDN0.001.mp4,low
0_xOGmydDN0.002.mp4,low
0_xOGmydDN0.003.mp4,low
0_xOGmydDN0.004.mp4,low
0axZSeaUbfs.002.mp4,low
0axZSeaUbfs.004.mp4,low
0axZSeaUbfs.005.mp4,low
0C6i34q2-f8.000.mp4,low
0C6i34q2-f8.001.mp4,low
0C6i34q2-f8.003.mp4,low
0D7W2pR4RpQ.004.mp4,low
0dIqLMMn4jY.000.mp4,low
0fMw9o1v2tY.001.mp4,low
0fMw9o1v2tY.002.mp4,low
0fMw9o1v2tY.003.mp4,low
0FVu7VKIg2s.000.mp4,low
0G9vplL8ae8.001.mp4,low
0G9vplL8ae8.003.mp4,low
0gv5Z0qt2jc.000.mp4,low
0gv5Z0qt2jc.001.mp4,low
0gv5Z0qt2jc.002.mp4,low
0gv5Z0qt2jc.003.mp4,low
0gv5Z0qt2jc.004.mp4,low
0gv5Z0qt2jc.005.mp4,low
0hWbtuRVUgM.001.mp4,low
0hWbtuRVUgM.005.mp4,low
0iQIfGnKflc.001.mp4,low
0iQIfGnKflc.002.mp4,low
0iXXdsO95O0.000.mp4,low
0kg6pmbSN6A.000.mp4,low
0kg6pmbSN6A.001.mp4,low
0kg6pmbSN6A.002.mp4,low
0kg6pmbSN6A.005.mp4,low
0LqfKzp11kg.000.mp4,low
0MB91ku0eEw.003.mp4,low
0mym1CooiTE.000.mp4,low
0mym1CooiTE.001.mp4,low
0mym1CooiTE.003.mp4,low
0mym1CooiTE.004.mp4,low
0n2vWTs6XwA.001.mp4,low
0ObEtA6Q8vU.002.mp4,low
0ObEtA6Q8vU.003.mp4,low
0ObEtA6Q8vU.005.mp4,low
0QTR0WiJSNk.001.mp4,low
0RLFM1ehSFM.000.mp4,low
0tse0Fsy_rg.001.mp4,low
0tse0Fsy_rg.002.mp4,low
0tse0Fsy_rg.004.mp4,low
0u56Q_QmxIM.002.mp4,low
0u56Q_QmxIM.004.mp4,low
0uCqd5hZcyI.000.mp4,low
0uCqd5hZcyI.005.mp4,low
0VnZngec8sc.001.mp4,low
0VnZngec8sc.003.mp4,low
0VnZngec8sc.004.mp4,low
0Wr69VD_oXI.004.mp4,low
0zJcYnsh55g.003.mp4,low
0ZK5jQAvhFo.004.mp4,low
1-GgVRmAEoo.002.mp4,low
1-GgVRmAEoo.003.mp4,low
1-GgVRmAEoo.004.mp4,low
117jrwvl2Nc.000.mp4,low
117jrwvl2Nc.004.mp4,low
12Ezy1y1cWY.001.mp4,low
12Ezy1y1cWY.005.mp4,low
12Hbl_oZF9c.001.mp4,low
12Hbl_oZF9c.003.mp4,low
12lqQE6oPNE.001.mp4,low
13kjwEtSyXc.000.mp4,low
13kjwEtSyXc.002.mp4,low
13kjwEtSyXc.004.mp4,low
13KtmgntgQw.002.mp4,low
13XlKeC_p3U.000.mp4,low
13XlKeC_p3U.001.mp4,low
15yOT2ZolPE.002.mp4,low
176vWywoq9E.000.mp4,low
176vWywoq9E.001.mp4,low
176vWywoq9E.002.mp4,low
176vWywoq9E.004.mp4,low
184MlJCcboQ.000.mp4,low
186c7kCyCHQ.005.mp4,low
19cplBTXyoY.002.mp4,low
19pTUX8KfYM.000.mp4,low
1AMp8Y_0UGc.000.mp4,low
1AMp8Y_0UGc.002.mp4,low
1AMp8Y_0UGc.004.mp4,low
1cqwKxx6GF8.001.mp4,low
1cqwKxx6GF8.004.mp4,low
1cqwKxx6GF8.005.mp4,low
1CYzbX8AaP8.001.mp4,low
1CYzbX8AaP8.003.mp4,low
1DCnIad1Y0w.002.mp4,low
1dOaM7zWPo8.000.mp4,low
1eOvtoZCie8.000.mp4,low
1eOvtoZCie8.002.mp4,low
1eOvtoZCie8.004.mp4,low
1eOvtoZCie8.005.mp4,low
1fsFL_qNYlQ.001.mp4,low
1fsFL_qNYlQ.005.mp4,low
1Gn4GX8miWQ.000.mp4,low
1Gn4GX8miWQ.001.mp4,low
1Gn4GX8miWQ.002.mp4,low
1Gn4GX8miWQ.003.mp4,low
1Gn4GX8miWQ.004.mp4,low
1Gn4GX8miWQ.005.mp4,low
1hpZ2ecWqtI.002.mp4,low
1hpZ2ecWqtI.003.mp4,low
1hpZ2ecWqtI.005.mp4,low
1izSTcQI7H4.000.mp4,low
1izSTcQI7H4.004.mp4,low
1jC4vsQsjwM.002.mp4,low
1jC4vsQsjwM.004.mp4,low
1jC4vsQsjwM.005.mp4,low
1Kb5d-w3YJ8.002.mp4,low
1Lv72Si4GnY.001.mp4,low
1m67onLoRwY.000.mp4,low
1m67onLoRwY.003.mp4,low
1mdMhaq5p4w.001.mp4,low
1mdMhaq5p4w.002.mp4,low
1mdMhaq5p4w.004.mp4,low
1mdMhaq5p4w.005.mp4,low
1mfrM-FT-5E.000.mp4,low
1mHjMNZZvFo.000.mp4,low
1mHjMNZZvFo.003.mp4,low
1mHjMNZZvFo.004.mp4,low
1mHjMNZZvFo.005.mp4,low
1mODTfLRGdI.000.mp4,low
1mODTfLRGdI.001.mp4,low
1mODTfLRGdI.003.mp4,low
1mReUxIEuw0.000.mp4,low
1mReUxIEuw0.005.mp4,low
1OGu_7IljCo.004.mp4,low
1pm5uoU85FI.000.mp4,low
1pm5uoU85FI.001.mp4,low
1pm5uoU85FI.003.mp4,low
1q-N_zbsAg0.000.mp4,low
1q-N_zbsAg0.001.mp4,low
1q-N_zbsAg0.003.mp4,low
1q-N_zbsAg0.004.mp4,low
1RMdiCbNNh4.003.mp4,low
1RMdiCbNNh4.005.mp4,low
1S0SxmfbOus.002.mp4,low
1sjXuXtx9-E.000.mp4,low
1tPH6PNeOSk.002.mp4,low
1tPH6PNeOSk.004.mp4,low
1UaqZEUUk9I.000.mp4,low
1UaqZEUUk9I.002.mp4,low
1uCO2d0pFg0.000.mp4,low
1W7XLdNpEgc.001.mp4,low
1W7XLdNpEgc.005.mp4,low
1Wh2mIFrGvk.001.mp4,low
1wWMWbl6ILg.004.mp4,low
1XqMZQu_pP4.002.mp4,low
1yIGI42lzak.001.mp4,low
1yIGI42lzak.002.mp4,low
1yIGI42lzak.003.mp4,low
1yIGI42lzak.005.mp4,low
1yjRBwUiYxs.005.mp4,low
1YsZ4GPpyBA.004.mp4,low
1YsZ4GPpyBA.005.mp4,low
1ZqHFoxLz54.000.mp4,low
2-LDYe7OXZU.000.mp4,low
2-LDYe7OXZU.001.mp4,low
2-LDYe7OXZU.003.mp4,low
2-LDYe7OXZU.005.mp4,low
26ZnknvfdNM.001.mp4,low
26ZnknvfdNM.002.mp4,low
26ZnknvfdNM.003.mp4,low
26ZnknvfdNM.004.mp4,low
29UCGJldICw.005.mp4,low
2_OOIcYfLV0.003.mp4,low
2AV8m02PjdU.000.mp4,low
2AV8m02PjdU.002.mp4,low
2AV8m02PjdU.003.mp4,low
2AYq7CdNXNo.000.mp4,low
2AYq7CdNXNo.001.mp4,low
2AYq7CdNXNo.003.mp4,low
2AYq7CdNXNo.004.mp4,low
2bAsXLQjlt8.001.mp4,low
2bAsXLQjlt8.002.mp4,low
2bAsXLQjlt8.004.mp4,low
2bAsXLQjlt8.005.mp4,low
2ceHmUmguzk.000.mp4,low
2ceHmUmguzk.001.mp4,low
2ceHmUmguzk.002.mp4,low
2ceHmUmguzk.005.mp4,low
2d6btbaNdfo.004.mp4,low
2DZb5yIc6Fg.001.mp4,low
2DZb5yIc6Fg.002.mp4,low
2DZb5yIc6Fg.003.mp4,low
2f7rLXwzP3s.000.mp4,low
2f7rLXwzP3s.002.mp4,low
2Fgn78rYjPM.005.mp4,low
2fzLibPAtvI.004.mp4,low
2fzLibPAtvI.005.mp4,low
2GHz8LYflE0.000.mp4,low
2HE6cw3HFPk.001.mp4,low
2HE6cw3HFPk.003.mp4,low
2hhqEWiv4eI.000.mp4,low
2hhqEWiv4eI.001.mp4,low
2hhqEWiv4eI.002.mp4,low
2hhqEWiv4eI.004.mp4,low
2IwWILRuuNU.003.mp4,low
2IwWILRuuNU.004.mp4,low
2IwWILRuuNU.005.mp4,low
2kqPuht5jTg.002.mp4,low
2kqPuht5jTg.004.mp4,low
2kqPuht5jTg.005.mp4,low
2KSBoJZMcMU.003.mp4,low
2KSBoJZMcMU.004.mp4,low
2KSBoJZMcMU.005.mp4,low
2Lgd2Ye-1L8.000.mp4,low
2mfmw63l88g.001.mp4,low
2mfmw63l88g.003.mp4,low
2mfmw63l88g.004.mp4,low
2mfmw63l88g.005.mp4,low
2mgj9ncREyA.000.mp4,low
2mgj9ncREyA.005.mp4,low
2NNYN1ZCJhw.003.mp4,low
2OAA4slRc5M.004.mp4,low
2oEUp9sGRGk.000.mp4,low
2oEUp9sGRGk.001.mp4,low
2oiXF5_gTyk.001.mp4,low
2oiXF5_gTyk.002.mp4,low
2oiXF5_gTyk.003.mp4,low
2P1FbMJLUAs.000.mp4,low
2P1FbMJLUAs.003.mp4,low
2P1FbMJLUAs.005.mp4,low
2pNKs0i3YkY.002.mp4,low
2PSGksTyrnI.001.mp4,low
2PSGksTyrnI.003.mp4,low
2PSGksTyrnI.004.mp4,low
2PSGksTyrnI.005.mp4,low
2q7ZwMoPvok.000.mp4,low
2q8orkMs2Jg.000.mp4,low
2q8orkMs2Jg.003.mp4,low
2q8orkMs2Jg.005.mp4,low
2r5NVi3SZ2I.000.mp4,low
2RQGNwx_nlI.000.mp4,low
2rV3Ibtdnvs.000.mp4,low
2SzC9dm4Yy4.002.mp4,low
2T3oK1Gse2g.000.mp4,low
2T3oK1Gse2g.002.mp4,low
2TbU3Eg2i4A.003.mp4,low
2TbU3Eg2i4A.004.mp4,low
2TbU3Eg2i4A.005.mp4,low
2TMl5EMrdVI.002.mp4,low
2TMl5EMrdVI.003.mp4,low
2TMl5EMrdVI.004.mp4,low
2TMl5EMrdVI.005.mp4,low
2TXrDZgbDHE.001.mp4,low
2TXrDZgbDHE.005.mp4,low
2uAJJH7B5aw.000.mp4,low
2uAJJH7B5aw.001.mp4,low
2uAJJH7B5aw.003.mp4,low
2UqnC_rFcRQ.001.mp4,low
2UqnC_rFcRQ.002.mp4,low
2UqnC_rFcRQ.003.mp4,low
2WuhWF4fAOQ.001.mp4,low
2WuhWF4fAOQ.002.mp4,low
2WuhWF4fAOQ.003.mp4,low
2WuhWF4fAOQ.004.mp4,low
2x8GZaBY6TM.001.mp4,low
2x8GZaBY6TM.002.mp4,low
2x8GZaBY6TM.003.mp4,low
2yUnXroXyeI.003.mp4,low
300gK3CnzW0.000.mp4,low
300gK3CnzW0.002.mp4,low
300gK3CnzW0.004.mp4,low
32XmVytuwQc.001.mp4,low
35-2f1y0guA.000.mp4,low
36NZ0sHWQFg.001.mp4,low
36sZ__mv_KY.003.mp4,low
38fE5B4ghw0.000.mp4,low
38fE5B4ghw0.002.mp4,low
38fE5B4ghw0.003.mp4,low
38fE5B4ghw0.004.mp4,low
38fE5B4ghw0.005.mp4,low
39BJkEXJpgc.001.mp4,low
39BJkEXJpgc.003.mp4,low
39BJkEXJpgc.005.mp4,low
39o1zJFeM7E.001.mp4,low
39o1zJFeM7E.002.mp4,low
39o1zJFeM7E.003.mp4,low
39o1zJFeM7E.004.mp4,low
3AyjQQYmqU4.000.mp4,low
3AyjQQYmqU4.001.mp4,low
3AyjQQYmqU4.003.mp4,low
3b9fhd-EDaY.001.mp4,low
3ccY8jYkI5o.000.mp4,low
3ccY8jYkI5o.002.mp4,low
3ccY8jYkI5o.004.mp4,low
3ccY8jYkI5o.005.mp4,low
3df_Uk9EmwU.000.mp4,low
3df_Uk9EmwU.001.mp4,low
3df_Uk9EmwU.004.mp4,low
3df_Uk9EmwU.005.mp4,low
3DURnr95fMg.000.mp4,low
3DURnr95fMg.002.mp4,low
3DURnr95fMg.004.mp4,low
3g6Ab-BIbR4.001.mp4,low
3gKpBq-1yG4.000.mp4,low
3gKpBq-1yG4.001.mp4,low
3gKpBq-1yG4.002.mp4,low
3gKpBq-1yG4.003.mp4,low
3gKpBq-1yG4.004.mp4,low
3gKpBq-1yG4.005.mp4,low
3gmc2kLV4Bo.002.mp4,low
3GylAjrajHs.003.mp4,low
3GylAjrajHs.004.mp4,low
3HA2W1s4oP8.000.mp4,low
3HA2W1s4oP8.001.mp4,low
3HA2W1s4oP8.002.mp4,low
3HA2W1s4oP8.003.mp4,low
3hKgh9AB3tk.001.mp4,low
3hKgh9AB3tk.002.mp4,low
3hKgh9AB3tk.005.mp4,low
3J7Cl3FXs1o.001.mp4,low
3J7Cl3FXs1o.004.mp4,low
3JAFkk42zPs.004.mp4,low
3JAFkk42zPs.005.mp4,low
3JzvXA-Zfbs.000.mp4,low
3JzvXA-Zfbs.001.mp4,low
3JzvXA-Zfbs.002.mp4,low
3JzvXA-Zfbs.003.mp4,low
3K16KyiAZHw.004.mp4,low
3LAaFUSGvsU.001.mp4,low
3LAaFUSGvsU.003.mp4,low
3LAaFUSGvsU.004.mp4,low
3lV-sr3NOUo.003.mp4,low
3lV-sr3NOUo.004.mp4,low
3nxH1f6IQjQ.000.mp4,low
3OoQBXWTGfE.000.mp4,low
3OoQBXWTGfE.001.mp4,low
3OoQBXWTGfE.002.mp4,low
3OoQBXWTGfE.004.mp4,low
3orJLMVqWYw.000.mp4,low
3orJLMVqWYw.004.mp4,low
3P_D_bd-_NM.000.mp4,low
3P_D_bd-_NM.001.mp4,low
3P_D_bd-_NM.003.mp4,low
3P_D_bd-_NM.005.mp4,low
3pJZOCtAzYE.001.mp4,low
3Q3SB1dVAng.000.mp4,low
3Q3SB1dVAng.001.mp4,low
3Q3SB1dVAng.002.mp4,low
3Q3SB1dVAng.003.mp4,low
3Q3SB1dVAng.005.mp4,low
3R2LrAKCWr8.001.mp4,low
3R2LrAKCWr8.002.mp4,low
3RhBqNzCMG8.001.mp4,low
3S72dDIm1fM.000.mp4,low
3S72dDIm1fM.001.mp4,low
3S8QUGYVf_w.000.mp4,low
3S8QUGYVf_w.001.mp4,low
3S8QUGYVf_w.003.mp4,low
3S8QUGYVf_w.004.mp4,low
3Sj-GZ3YXWs.000.mp4,low
3Sj-GZ3YXWs.001.mp4,low
3Sj-GZ3YXWs.002.mp4,low
3Sj-GZ3YXWs.004.mp4,low
3Sj-GZ3YXWs.005.mp4,low
3taD1fEPfC8.001.mp4,low
3taD1fEPfC8.002.mp4,low
3taD1fEPfC8.003.mp4,low
3taD1fEPfC8.004.mp4,low
3tPq9fNOXZQ.001.mp4,low
3tPq9fNOXZQ.002.mp4,low
3tPq9fNOXZQ.003.mp4,low
3tPq9fNOXZQ.005.mp4,low
3Vr5-zedeWk.000.mp4,low
3Vr5-zedeWk.002.mp4,low
3Vr5-zedeWk.003.mp4,low
3Vr5-zedeWk.004.mp4,low
3Vr5-zedeWk.005.mp4,low
3VTL2kFt17M.000.mp4,low
3VTL2kFt17M.002.mp4,low
3VTL2kFt17M.004.mp4,low
3VTL2kFt17M.005.mp4,low
3VyriB3isO8.001.mp4,low
3VyriB3isO8.004.mp4,low
3wgZrRMosvY.002.mp4,low
3wgZrRMosvY.003.mp4,low
3WmWJ1lNy-U.000.mp4,low
3WmWJ1lNy-U.001.mp4,low
3WoXkI06zGk.001.mp4,low
3WoXkI06zGk.002.mp4,low
3WoXkI06zGk.003.mp4,low
3WPXm_5f4Lw.002.mp4,low
3wRj39GKLJ0.001.mp4,low
3y3au0hVfm8.001.mp4,low
3ySH8eJQRCI.001.mp4,low
3ySH8eJQRCI.002.mp4,low
3ySH8eJQRCI.003.mp4,low
3ySH8eJQRCI.004.mp4,low
3ySH8eJQRCI.005.mp4,low
3yU-7AXnFCM.002.mp4,low
3yU-7AXnFCM.003.mp4,low
3zAyM2edy1g.000.mp4,low
3zAyM2edy1g.001.mp4,low
3zAyM2edy1g.004.mp4,low
3ZwXifihvtA.000.mp4,low
40rn4A64Bdk.001.mp4,low
40rn4A64Bdk.003.mp4,low
41NNb7cucVo.000.mp4,low
41NNb7cucVo.001.mp4,low
41NNb7cucVo.002.mp4,low
41NNb7cucVo.003.mp4,low
43tayteIFRk.005.mp4,low
44rxmXiga90.001.mp4,low
44rxmXiga90.002.mp4,low
44rxmXiga90.003.mp4,low
44rxmXiga90.004.mp4,low
44rxmXiga90.005.mp4,low
45SH4ohAH3M.000.mp4,low
45SH4ohAH3M.001.mp4,low
45SH4ohAH3M.005.mp4,low
48S9_KZvzVw.001.mp4,low
48S9_KZvzVw.003.mp4,low
48S9_KZvzVw.004.mp4,low
48S9_KZvzVw.005.mp4,low
495hLlCEW64.001.mp4,low
495hLlCEW64.002.mp4,low
495hLlCEW64.003.mp4,low
4a6-tNo-NDM.000.mp4,low
4bDOetaLvZs.001.mp4,low
4bDOetaLvZs.004.mp4,low
4bDOetaLvZs.005.mp4,low
4CiR99jTzso.000.mp4,low
4CSV8L7aVik.000.mp4,low
4F-WBGPXiqQ.001.mp4,low
4fN-DKUzgWQ.001.mp4,low
4fN-DKUzgWQ.005.mp4,low
4ICb270oLpE.000.mp4,low
4ICb270oLpE.002.mp4,low
4JjpfL4y3XM.000.mp4,low
4JjpfL4y3XM.001.mp4,low
4JYmE9a21aI.002.mp4,low
4JYmE9a21aI.004.mp4,low
4KD3XCMsIBs.004.mp4,low
4kIHxR6s1L4.001.mp4,low
4kIHxR6s1L4.004.mp4,low
4kIHxR6s1L4.005.mp4,low
4lH5nLSwmoM.001.mp4,low
4lH5nLSwmoM.003.mp4,low
4lIbWq27O84.000.mp4,low
4lIbWq27O84.001.mp4,low
4lIbWq27O84.002.mp4,low
4lj66h4CXI8.002.mp4,low
4lj66h4CXI8.003.mp4,low
4lj66h4CXI8.005.mp4,low
4lyKh2_xCDQ.003.mp4,low
4lyKh2_xCDQ.004.mp4,low
4LZJvOecyM8.001.mp4,low
4LZJvOecyM8.002.mp4,low
4LZJvOecyM8.005.mp4,low
4nir0YtjHVs.001.mp4,low
4nir0YtjHVs.002.mp4,low
4nJLbAKgwfw.005.mp4,low
4NzqG0XwOWg.002.mp4,low
4NzqG0XwOWg.004.mp4,low
4Qr1BjZhnpg.003.mp4,low
4QUgf0dHnKk.004.mp4,low
4QUgf0dHnKk.005.mp4,low
4RoZPrjRQZE.000.mp4,low
4sCa35TOxgs.001.mp4,low
4T9UUWWRE94.000.mp4,low
4T9UUWWRE94.003.mp4,low
4TpJ1FT2w6Y.001.mp4,low
4TpJ1FT2w6Y.003.mp4,low
4TpJ1FT2w6Y.004.mp4,low
4TpJ1FT2w6Y.005.mp4,low
4V7doeEKsus.001.mp4,low
4V7doeEKsus.002.mp4,low
4vdJGgZpj4k.004.mp4,low
4vdJGgZpj4k.005.mp4,low
4vJ69g7gAH4.001.mp4,low
4VwcU0ROy5k.001.mp4,low
4VwcU0ROy5k.002.mp4,low
4VwcU0ROy5k.004.mp4,low
4xdT0Uedsro.000.mp4,low
4xdT0Uedsro.002.mp4,low
4XdZDodpzac.000.mp4,low
4XdZDodpzac.003.mp4,low
4yogPbHFQ9o.002.mp4,low
4yogPbHFQ9o.003.mp4,low
4yogPbHFQ9o.004.mp4,low
4yogPbHFQ9o.005.mp4,low
4zkY1SG-7xc.003.mp4,low
4ZlcaXadwlo.000.mp4,low
4ZlcaXadwlo.001.mp4,low
4ZlcaXadwlo.003.mp4,low
4ZlcaXadwlo.005.mp4,low
5-mwIFjOWZ4.000.mp4,low
50gokPvvMs8.000.mp4,low
50gokPvvMs8.002.mp4,low
51hGkzvYP00.001.mp4,low
51KRxB3g7A8.000.mp4,low
51z2rCqPqPE.003.mp4,low
51z2rCqPqPE.005.mp4,low
521sm7CTyfg.000.mp4,low
521sm7CTyfg.001.mp4,low
521sm7CTyfg.003.mp4,low
521sm7CTyfg.004.mp4,low
521sm7CTyfg.005.mp4,low
53gtUkC7IZM.001.mp4,low
53QFyec0uN0.002.mp4,low
53QFyec0uN0.003.mp4,low
53srfuqv9LM.001.mp4,low
53srfuqv9LM.002.mp4,low
54JawR1x0II.001.mp4,low
54JawR1x0II.002.mp4,low
54K75EhiTEk.000.mp4,low
54K75EhiTEk.002.mp4,low
54K75EhiTEk.003.mp4,low
54K75EhiTEk.005.mp4,low
54TGLGvIm_8.001.mp4,low
54TGLGvIm_8.002.mp4,low
54TGLGvIm_8.003.mp4,low
54TGLGvIm_8.004.mp4,low
57o4odfqTs8.001.mp4,low
57o4odfqTs8.003.mp4,low
57RdMTGegww.000.mp4,low
59Smv7wl--w.001.mp4,low
59Smv7wl--w.002.mp4,low
59Smv7wl--w.003.mp4,low
59Smv7wl--w.005.mp4,low
5Bgd2zgiT0Q.004.mp4,low
5bi_PM3XMEQ.005.mp4,low
5BPGRteF64Y.001.mp4,low
5BPGRteF64Y.002.mp4,low
5BPGRteF64Y.005.mp4,low
5CRqN54uejE.000.mp4,low
5CRqN54uejE.002.mp4,low
5CRqN54uejE.005.mp4,low
5Eez38v8TuU.000.mp4,low
5Eez38v8TuU.003.mp4,low
5Eez38v8TuU.005.mp4,low
5f6s8cwA7WQ.001.mp4,low
5f6s8cwA7WQ.002.mp4,low
5f6s8cwA7WQ.004.mp4,low
5f6s8cwA7WQ.005.mp4,low
5ghk5950BhU.002.mp4,low
5ghk5950BhU.004.mp4,low
5ghk5950BhU.005.mp4,low
5gJsrcXQvrk.002.mp4,low
5h5Pajjc_xM.001.mp4,low
5hFRSHAis2E.003.mp4,low
5hFRSHAis2E.005.mp4,low
5IqtX-uq28E.001.mp4,low
5IqtX-uq28E.002.mp4,low
5kaqMZ7SB9w.002.mp4,low
5KHOpRCxnwQ.005.mp4,low
5Ku4_r_Yxsk.000.mp4,low
5Ku4_r_Yxsk.001.mp4,low
5kwoq4EZixQ.001.mp4,low
5kwoq4EZixQ.003.mp4,low
5kwoq4EZixQ.004.mp4,low
5kwoq4EZixQ.005.mp4,low
5kY-Iv6UkeU.003.mp4,low
5Mc-mjLvvGU.000.mp4,low
5Mc-mjLvvGU.003.mp4,low
5PsD_NFMWpQ.000.mp4,low
5T2PhH-OMds.000.mp4,low
5T2PhH-OMds.001.mp4,low
5T2PhH-OMds.003.mp4,low
5TYuLy7JLj4.000.mp4,low
5U0xeSXEZOU.000.mp4,low
5U0xeSXEZOU.001.mp4,low
5U0xeSXEZOU.004.mp4,low
5U0xeSXEZOU.005.mp4,low
5uFZ-2kYGO0.000.mp4,low
5VG1EgzvprE.000.mp4,low
5VG1EgzvprE.005.mp4,low
5Wfa94_5Psg.002.mp4,low
5Wfa94_5Psg.003.mp4,low
5Wfa94_5Psg.004.mp4,low
5Wmlo8Z5yVA.003.mp4,low
5wpoKhbt28c.001.mp4,low
5wpoKhbt28c.004.mp4,low
5xA8-Y5qgT0.000.mp4,low
5xA8-Y5qgT0.001.mp4,low
5xA8-Y5qgT0.003.mp4,low
5xA8-Y5qgT0.004.mp4,low
5z4G0biL9B4.000.mp4,low
5z4G0biL9B4.003.mp4,low
6-_1-vBNl_0.002.mp4,low
6-_1-vBNl_0.003.mp4,low
6-_1-vBNl_0.004.mp4,low
6-O-HJf6OZI.001.mp4,low
6-O-HJf6OZI.002.mp4,low
6-O-HJf6OZI.004.mp4,low
6-O-HJf6OZI.005.mp4,low
62ngcaBjRCY.005.mp4,low
65xWDhgq1OE.004.mp4,low
69BopbFc34U.000.mp4,low
69BopbFc34U.001.mp4,low
69BopbFc34U.004.mp4,low
69EsTnCVCp0.003.mp4,low
6CRet5sD6xI.003.mp4,low
6e5BsNaQmTo.003.mp4,low
6EMgu2djYrU.001.mp4,low
6EMgu2djYrU.002.mp4,low
6EMgu2djYrU.004.mp4,low
6EMgu2djYrU.005.mp4,low
6ePyEPQp77Q.001.mp4,low
6ePyEPQp77Q.002.mp4,low
6ePyEPQp77Q.004.mp4,low
6ePyEPQp77Q.005.mp4,low
6h6kk-tPzmE.000.mp4,low
6IOtQTOyQRU.000.mp4,low
6IOtQTOyQRU.001.mp4,low
6JfSPPVUgIg.003.mp4,low
6JfSPPVUgIg.005.mp4,low
6k8RQViPUTc.000.mp4,low
6KKNrufnL80.000.mp4,low
6LKbPUX03sY.000.mp4,low
6LKbPUX03sY.003.mp4,low
6LKbPUX03sY.005.mp4,low
6N02tjYPLh8.000.mp4,low
6N02tjYPLh8.001.mp4,low
6N02tjYPLh8.005.mp4,low
6nbxAP_ZKQQ.000.mp4,low
6nbxAP_ZKQQ.005.mp4,low
6NHEp_CF2jE.000.mp4,low
6NjuNY4LfQc.004.mp4,low
6nv6D2moFQw.002.mp4,low
6nv6D2moFQw.003.mp4,low
6nv6D2moFQw.005.mp4,low
6oL9yyc9iJc.001.mp4,low
6oL9yyc9iJc.003.mp4,low
6RwVJK3husE.005.mp4,low
6SiutTvCDUw.000.mp4,low
6SiutTvCDUw.001.mp4,low
6tBnFWDqvJE.003.mp4,low
6TkMavTyimI.000.mp4,low
6TkMavTyimI.001.mp4,low
6TkMavTyimI.002.mp4,low
6TkMavTyimI.003.mp4,low
6TkMavTyimI.004.mp4,low
6TkMavTyimI.005.mp4,low
6tyhnIgNVs8.005.mp4,low
6uqXoPJSoPg.000.mp4,low
6uqXoPJSoPg.003.mp4,low
6uqXoPJSoPg.004.mp4,low
6uqXoPJSoPg.005.mp4,low
6V92xyqy0q4.000.mp4,low
6V92xyqy0q4.001.mp4,low
6waL_gUxtAM.000.mp4,low
6waL_gUxtAM.004.mp4,low
6wHQsN5g2RM.000.mp4,low
6wHQsN5g2RM.002.mp4,low
6wHQsN5g2RM.003.mp4,low
6wHQsN5g2RM.004.mp4,low
6wIEiqmuHOM.000.mp4,low
6WSr4IW6cNI.000.mp4,low
6WSr4IW6cNI.003.mp4,low
6xlHkQDHxbs.000.mp4,low
6zm71IHOCZA.000.mp4,low
6zm71IHOCZA.001.mp4,low
6zm71IHOCZA.002.mp4,low
70FJFG-MISQ.004.mp4,low
75XbCb7G8kw.001.mp4,low
75XbCb7G8kw.002.mp4,low
78zauTEQ-k8.000.mp4,low
78zauTEQ-k8.001.mp4,low
78zauTEQ-k8.004.mp4,low
79xbT95IyKI.001.mp4,low
7b9DirXrkHo.002.mp4,low
7b9DirXrkHo.003.mp4,low
7BgScfRre5M.001.mp4,low
7BgScfRre5M.003.mp4,low
7BgScfRre5M.004.mp4,low
7FXs86Z98E0.002.mp4,low
7GRC7XjGzX8.001.mp4,low
7GRC7XjGzX8.003.mp4,low
7gyJdWaLpmE.003.mp4,low
7gyJdWaLpmE.004.mp4,low
7I-B2bBL0K0.004.mp4,low
7IegDaeNlik.000.mp4,low
7IegDaeNlik.002.mp4,low
7IegDaeNlik.003.mp4,low
7IegDaeNlik.005.mp4,low
7Kn5VT9bB4I.001.mp4,low
7kO7jYYUVWg.004.mp4,low
7LHmNEH65Pk.000.mp4,low
7LHmNEH65Pk.002.mp4,low
7LHmNEH65Pk.004.mp4,low
7LHmNEH65Pk.005.mp4,low
7MwZm3mhSA8.004.mp4,low
7nhJXn9PI0I.001.mp4,low
7nhJXn9PI0I.004.mp4,low
7nhJXn9PI0I.005.mp4,low
7nJPNkWZDOY.003.mp4,low
7P2F5Mk_Q1s.000.mp4,low
7P2F5Mk_Q1s.002.mp4,low
7pLWTfnOSIU.001.mp4,low
7pLWTfnOSIU.004.mp4,low
7pLYJKO75_c.001.mp4,low
7PYAn9njCHI.001.mp4,low
7PYAn9njCHI.004.mp4,low
7QeVs-mXmcI.003.mp4,low
7qGYGbIg45c.002.mp4,low
7qGYGbIg45c.004.mp4,low
7qGYGbIg45c.005.mp4,low
7RQbn7LM10I.000.mp4,low
7rZF73nDGEY.003.mp4,low
7s3itKIXww0.002.mp4,low
7tlMys6MZ34.000.mp4,low
7tlMys6MZ34.001.mp4,low
7tlMys6MZ34.003.mp4,low
7tlMys6MZ34.004.mp4,low
7tlMys6MZ34.005.mp4,low
7TvOygqwNuE.000.mp4,low
7UQt8QB3cQY.001.mp4,low
7UQt8QB3cQY.002.mp4,low
7UQt8QB3cQY.003.mp4,low
7UQt8QB3cQY.004.mp4,low
7vF5WLD1RxY.003.mp4,low
7Wr-fwmpRfw.001.mp4,low
7Wr-fwmpRfw.003.mp4,low
7wsksuXYoMY.000.mp4,low
7wsksuXYoMY.001.mp4,low
7wsksuXYoMY.002.mp4,low
7wsksuXYoMY.004.mp4,low
7wsksuXYoMY.005.mp4,low
7Y3S4nfQHeo.001.mp4,low
7Y3S4nfQHeo.002.mp4,low
7Y3S4nfQHeo.005.mp4,low
7Y4cUPFEt-4.000.mp4,low
7Y4cUPFEt-4.002.mp4,low
7Y4cUPFEt-4.005.mp4,low
7ZnijRlK5-E.002.mp4,low
7ZnijRlK5-E.003.mp4,low
8-OKP1nf19E.000.mp4,low
8-OKP1nf19E.001.mp4,low
8-OKP1nf19E.005.mp4,low
81f9t2HMNas.001.mp4,low
81f9t2HMNas.002.mp4,low
81f9t2HMNas.003.mp4,low
81f9t2HMNas.004.mp4,low
81f9t2HMNas.005.mp4,low
836kYlEs9GI.001.mp4,low
836kYlEs9GI.002.mp4,low
836kYlEs9GI.003.mp4,low
83cmR2fkyy8.002.mp4,low
83cmR2fkyy8.004.mp4,low
83cmR2fkyy8.005.mp4,low
84emxO86qa8.001.mp4,low
84emxO86qa8.002.mp4,low
84emxO86qa8.005.mp4,low
84Lz5a9yRZg.001.mp4,low
84Lz5a9yRZg.002.mp4,low
84Lz5a9yRZg.004.mp4,low
853IG69l2SE.000.mp4,low
853IG69l2SE.003.mp4,low
86HyqfDcAJM.001.mp4,low
86upzmhvpXw.001.mp4,low
86upzmhvpXw.002.mp4,low
86upzmhvpXw.005.mp4,low
87r3cLkrw4A.002.mp4,low
8aLr0vNobr4.000.mp4,low
8aLr0vNobr4.001.mp4,low
8aLr0vNobr4.004.mp4,low
8AnIttmflwI.002.mp4,low
8aPfoJiDeBY.004.mp4,low
8AyIkT2Dg14.003.mp4,low
8BE-2l-RBjA.000.mp4,low
8BE-2l-RBjA.003.mp4,low
8bn3HZY76xU.000.mp4,low
8bn3HZY76xU.001.mp4,low
8bn3HZY76xU.004.mp4,low
8Bt-vEroq6M.003.mp4,low
8Bt-vEroq6M.004.mp4,low
8c4_VDh2r5s.001.mp4,low
8cIuBkFoh0s.000.mp4,low
8dVcA5J1Dcw.000.mp4,low
8e4nnel_x-M.001.mp4,low
8e4nnel_x-M.005.mp4,low
8eeZjC_bmtc.001.mp4,low
8eeZjC_bmtc.005.mp4,low
8g5jPiQ6XdA.001.mp4,low
8g5jPiQ6XdA.003.mp4,low
8g5jPiQ6XdA.004.mp4,low
8GFElKeREfQ.000.mp4,low
8GFElKeREfQ.005.mp4,low
8gvBbE6iZNo.001.mp4,low
8gvBbE6iZNo.003.mp4,low
8gvBbE6iZNo.005.mp4,low
8hfhLOXpCNM.002.mp4,low
8hfhLOXpCNM.005.mp4,low
8hGOOynn3ZU.003.mp4,low
8hGOOynn3ZU.005.mp4,low
8HqEniErmmE.000.mp4,low
8hW6WfYBP18.001.mp4,low
8hW6WfYBP18.005.mp4,low
8i7H-uSCQcc.001.mp4,low
8i7H-uSCQcc.004.mp4,low
8KyS0FKbKfI.002.mp4,low
8lg8A_zFOmg.000.mp4,low
8mZZlnbmOYE.000.mp4,low
8mZZlnbmOYE.001.mp4,low
8mZZlnbmOYE.003.mp4,low
8mZZlnbmOYE.004.mp4,low
8n6G3V3-Tk8.002.mp4,low
8n6G3V3-Tk8.005.mp4,low
8narByy2B5g.000.mp4,low
8narByy2B5g.001.mp4,low
8narByy2B5g.004.mp4,low
8OGiv7FetSQ.000.mp4,low
8OGiv7FetSQ.001.mp4,low
8OGiv7FetSQ.002.mp4,low
8OGiv7FetSQ.004.mp4,low
8pM3X-xsD4s.001.mp4,low
8PXQ_5tUv74.000.mp4,low
8PXQ_5tUv74.001.mp4,low
8PXQ_5tUv74.004.mp4,low
8PXQ_5tUv74.005.mp4,low
8py6SksNsZQ.001.mp4,low
8py6SksNsZQ.002.mp4,low
8py6SksNsZQ.003.mp4,low
8py6SksNsZQ.005.mp4,low
8qDKGnABATw.001.mp4,low
8qesctueAV0.000.mp4,low
8qG1sMihtPA.000.mp4,low
8qG1sMihtPA.003.mp4,low
8qG1sMihtPA.004.mp4,low
8QtlG5ujHyc.001.mp4,low
8RObWRnyuG0.001.mp4,low
8RVJqjILSD0.000.mp4,low
8RVJqjILSD0.001.mp4,low
8RVJqjILSD0.003.mp4,low
8toLcoDcGOY.001.mp4,low
8toLcoDcGOY.003.mp4,low
8waTw8jF1Ys.000.mp4,low
8XBprf4NyOg.001.mp4,low
8XBprf4NyOg.002.mp4,low
8XBprf4NyOg.004.mp4,low
8XBprf4NyOg.005.mp4,low
8xHdW7Zx_OY.000.mp4,low
8xHdW7Zx_OY.001.mp4,low
8XJCdulCPkM.003.mp4,low
8XJCdulCPkM.004.mp4,low
8XJCdulCPkM.005.mp4,low
8yFYvQ_kxW8.000.mp4,low
8yFYvQ_kxW8.001.mp4,low
8yFYvQ_kxW8.003.mp4,low
8yFYvQ_kxW8.005.mp4,low
8Yo-27O0P38.003.mp4,low
8YQKwMdiaAE.001.mp4,low
8YQKwMdiaAE.002.mp4,low
8z-WF2UNRb8.002.mp4,low
8Z6PrQdqffA.001.mp4,low
8Z6PrQdqffA.002.mp4,low
8Z6PrQdqffA.004.mp4,low
8Z6PrQdqffA.005.mp4,low
8ZHpqRJ39HA.002.mp4,low
8ZHpqRJ39HA.003.mp4,low
8ZHpqRJ39HA.004.mp4,low
8ZHpqRJ39HA.005.mp4,low
9-lptN92A68.005.mp4,low
90p68AEmNMA.000.mp4,low
90p68AEmNMA.001.mp4,low
93XyRBd_HqU.002.mp4,low
98fnGDVky00.000.mp4,low
98fnGDVky00.001.mp4,low
98fnGDVky00.002.mp4,low
98fnGDVky00.003.mp4,low
98fnGDVky00.004.mp4,low
98fnGDVky00.005.mp4,low
99OBSlFjLXI.000.mp4,low
99OBSlFjLXI.002.mp4,low
9_6auSk_wkY.000.mp4,low
9_6auSk_wkY.004.mp4,low
9_6auSk_wkY.005.mp4,low
9a-3LrB7cDI.000.mp4,low
9a-3LrB7cDI.003.mp4,low
9a-3LrB7cDI.004.mp4,low
9a-3LrB7cDI.005.mp4,low
9AsxY-x-TjM.000.mp4,low
9AsxY-x-TjM.002.mp4,low
9AsxY-x-TjM.004.mp4,low
9c66Lb7e1BQ.002.mp4,low
9c66Lb7e1BQ.003.mp4,low
9cHxDnk6SUs.000.mp4,low
9cHxDnk6SUs.001.mp4,low
9cHxDnk6SUs.002.mp4,low
9cHxDnk6SUs.005.mp4,low
9cj8rrj1wSk.000.mp4,low
9cj8rrj1wSk.004.mp4,low
9cj8rrj1wSk.005.mp4,low
9CPKW0sqR3E.000.mp4,low
9CPKW0sqR3E.001.mp4,low
9CPKW0sqR3E.002.mp4,low
9CPKW0sqR3E.003.mp4,low
9CPKW0sqR3E.005.mp4,low
9Crw2RtrBcY.000.mp4,low
9Crw2RtrBcY.001.mp4,low
9Crw2RtrBcY.002.mp4,low
9Crw2RtrBcY.003.mp4,low
9Crw2RtrBcY.004.mp4,low
9cWmvIfAAn0.000.mp4,low
9DF_-PXbpkg.001.mp4,low
9DF_-PXbpkg.002.mp4,low
9DF_-PXbpkg.003.mp4,low
9eNHxfOV2Kg.002.mp4,low
9eNHxfOV2Kg.004.mp4,low
9FN1KxoTMtQ.000.mp4,low
9hMSThogdKo.001.mp4,low
9hqH1PJ6cG8.001.mp4,low
9J-KIPMQmqk.004.mp4,low
9J-KIPMQmqk.005.mp4,low
9KAqOrdiZ4I.001.mp4,low
9KAqOrdiZ4I.002.mp4,low
9kEyN8a76j4.004.mp4,low
9kEyN8a76j4.005.mp4,low
9Lbj3wpwk-c.000.mp4,low
9Lbj3wpwk-c.001.mp4,low
9Lbj3wpwk-c.003.mp4,low
9Lbj3wpwk-c.004.mp4,low
9mAw0B-mEPQ.001.mp4,low
9mAw0B-mEPQ.005.mp4,low
9mM_0vrO3wc.003.mp4,low
9n8dNi-ERQ0.003.mp4,low
9n8dNi-ERQ0.004.mp4,low
9ND95tPlYt4.000.mp4,low
9o10YrQykMk.000.mp4,low
9o10YrQykMk.002.mp4,low
9o10YrQykMk.003.mp4,low
9pGJyf1MXLY.000.mp4,low
9pGJyf1MXLY.002.mp4,low
9pGJyf1MXLY.005.mp4,low
9QGTbcqb2tM.001.mp4,low
9QGTbcqb2tM.002.mp4,low
9QGTbcqb2tM.003.mp4,low
9QOFKbaPX3M.000.mp4,low
9QOFKbaPX3M.001.mp4,low
9QOFKbaPX3M.002.mp4,low
9rF3BEXetOo.000.mp4,low
9RfE2-aTvaM.000.mp4,low
9RfE2-aTvaM.001.mp4,low
9RfE2-aTvaM.003.mp4,low
9sfpnlBRCl0.000.mp4,low
9SGTRbePKLI.004.mp4,low
9UEBU_yiTPs.001.mp4,low
9UEBU_yiTPs.002.mp4,low
9uMpKla2OQM.001.mp4,low
9UUtf0_ZR14.001.mp4,low
9UWCHrG5mys.001.mp4,low
9UWCHrG5mys.004.mp4,low
9xJ0rFCU-OM.004.mp4,low
9xJ0rFCU-OM.005.mp4,low
9XqeGs2MMic.000.mp4,low
9XvDnTa0Z1M.003.mp4,low
9ydyJKZBWiA.000.mp4,low
9ydyJKZBWiA.001.mp4,low
9ydyJKZBWiA.002.mp4,low
9ydyJKZBWiA.003.mp4,low
9ydyJKZBWiA.005.mp4,low
9yZEb6bdxNY.000.mp4,low
9yZEb6bdxNY.004.mp4,low
9z5cV1ANYwE.002.mp4,low
9ZMIYSBYIh8.000.mp4,low
9ZMIYSBYIh8.003.mp4,low
_01AyUz9J9I.002.mp4,low
_01AyUz9J9I.005.mp4,low
_0bg1TLPP-I.004.mp4,low
_0bg1TLPP-I.005.mp4,low
_2DSmy36OEM.001.mp4,low
_7hGh6VU4IU.000.mp4,low
_7hGh6VU4IU.003.mp4,low
_7hGh6VU4IU.004.mp4,low
_7hGh6VU4IU.005.mp4,low
_7s27dUoYVg.000.mp4,low
_7s27dUoYVg.003.mp4,low
_bOOlidEWgY.001.mp4,low
_fFmEyvWgfA.004.mp4,low
_fJcW5234bY.000.mp4,low
_fJcW5234bY.002.mp4,low
_fJcW5234bY.004.mp4,low
_G3kw9HwCqY.000.mp4,low
_G3kw9HwCqY.002.mp4,low
_G3kw9HwCqY.004.mp4,low
_G3kw9HwCqY.005.mp4,low
_g3M_MoFIvA.001.mp4,low
_g3M_MoFIvA.004.mp4,low
_g3M_MoFIvA.005.mp4,low
_GFregyrwfo.002.mp4,low
_GFregyrwfo.004.mp4,low
_GFregyrwfo.005.mp4,low
_hmiW83i0GY.000.mp4,low
_hR9AD-eIy8.000.mp4,low
_hR9AD-eIy8.005.mp4,low
_IS6GFmQYj4.000.mp4,low
_IS6GFmQYj4.002.mp4,low
_IS6GFmQYj4.003.mp4,low
_IS6GFmQYj4.004.mp4,low
_kK9tGN883Y.000.mp4,low
_kK9tGN883Y.004.mp4,low
_LWrd9t4oZw.003.mp4,low
_mtiuHyOFXg.001.mp4,low
_mtiuHyOFXg.003.mp4,low
_mtiuHyOFXg.005.mp4,low
_plk5k7PBEg.001.mp4,low
_Py_lytyY5A.005.mp4,low
_Q4wOgixh7E.000.mp4,low
_QXI4n_FRN4.005.mp4,low
_RAGzfJnpUE.001.mp4,low
_RAGzfJnpUE.003.mp4,low
_S_bWJwqsmM.004.mp4,low
_S_bWJwqsmM.005.mp4,low
_tOtBfJlWFs.000.mp4,low
_UnoRkHkYB8.003.mp4,low
_uNup91ZYw0.001.mp4,low
_uNup91ZYw0.002.mp4,low
_VsE38xSmdM.001.mp4,low
_X6_C_Oy9VA.000.mp4,low
_X6_C_Oy9VA.001.mp4,low
_X6_C_Oy9VA.003.mp4,low
_X6_C_Oy9VA.004.mp4,low
_X6_C_Oy9VA.005.mp4,low
_YYBXI2mXv4.000.mp4,low
_ZAqTHlu2ts.001.mp4,low
_ZAqTHlu2ts.004.mp4,low
_ZAqTHlu2ts.005.mp4,low
_zI6qgTJOSA.005.mp4,low
_ZjEr8ybbFM.000.mp4,low
_zs9K5Gtkwo.002.mp4,low
_zs9K5Gtkwo.003.mp4,low
_ztmNiy8D3c.000.mp4,low
_ztmNiy8D3c.001.mp4,low
_ztmNiy8D3c.003.mp4,low
a-nUsP7oETI.000.mp4,low
a-nUsP7oETI.005.mp4,low
A0braVJH3Pw.000.mp4,low
A0braVJH3Pw.001.mp4,low
A0braVJH3Pw.002.mp4,low
A0braVJH3Pw.003.mp4,low
A0braVJH3Pw.004.mp4,low
A1lbD_OCuj4.000.mp4,low
A1lbD_OCuj4.003.mp4,low
A1lbD_OCuj4.005.mp4,low
a38rz5AIslE.001.mp4,low
a38rz5AIslE.003.mp4,low
A3StIKMjn4k.001.mp4,low
A3StIKMjn4k.002.mp4,low
A3StIKMjn4k.004.mp4,low
A3StIKMjn4k.005.mp4,low
a4bCX4P_5KI.000.mp4,low
A4zSLp-1gps.000.mp4,low
A4zSLp-1gps.002.mp4,low
A4zSLp-1gps.005.mp4,low
a5-PJqy9QmU.001.mp4,low
a5-PJqy9QmU.002.mp4,low
a5NTqK367wo.000.mp4,low
a5tVPpLsaGc.002.mp4,low
a5tVPpLsaGc.003.mp4,low
A6ZWTfKPLPE.001.mp4,low
A6ZWTfKPLPE.002.mp4,low
A6ZWTfKPLPE.003.mp4,low
A6ZWTfKPLPE.004.mp4,low
A6ZWTfKPLPE.005.mp4,low
A7exx3pEPkE.000.mp4,low
A7exx3pEPkE.003.mp4,low
A7exx3pEPkE.005.mp4,low
A7qb47cmxJo.000.mp4,low
A7qb47cmxJo.005.mp4,low
a84s1DYag-I.001.mp4,low
a84s1DYag-I.004.mp4,low
a97PXgrKSxo.000.mp4,low
a97PXgrKSxo.003.mp4,low
a97PXgrKSxo.005.mp4,low
aaDlp62qn60.002.mp4,low
ABWFQuPG1LA.000.mp4,low
ABWFQuPG1LA.002.mp4,low
ABWFQuPG1LA.003.mp4,low
ABWFQuPG1LA.004.mp4,low
ABWFQuPG1LA.005.mp4,low
ADa9rkwF2uA.000.mp4,low
ADa9rkwF2uA.001.mp4,low
ADa9rkwF2uA.002.mp4,low
ADa9rkwF2uA.003.mp4,low
AEqpMdMeMZA.002.mp4,low
Af_F0IzHK6o.000.mp4,low
Af_F0IzHK6o.004.mp4,low
AFQz-qy0FkY.001.mp4,low
AFtQfwBA_gI.000.mp4,low
aFVFvJNnFt0.000.mp4,low
aFVFvJNnFt0.001.mp4,low
aFVFvJNnFt0.003.mp4,low
aFVFvJNnFt0.004.mp4,low
aFVFvJNnFt0.005.mp4,low
AFvUxDwJB84.000.mp4,low
AFvUxDwJB84.001.mp4,low
AFvUxDwJB84.002.mp4,low
AFvUxDwJB84.003.mp4,low
Agg7z10B_iY.000.mp4,low
Agg7z10B_iY.001.mp4,low
Agg7z10B_iY.002.mp4,low
AGYoSGlq-ck.002.mp4,low
AheKnXrL0Wk.002.mp4,low
Ahiq4zhmYco.002.mp4,low
ahqyOhg6D7c.003.mp4,low
ai-RZb0ZpKI.002.mp4,low
ai-RZb0ZpKI.003.mp4,low
aIh8DTa3RVg.001.mp4,low
AjCI_w9Szks.005.mp4,low
AJIphVRpYrg.002.mp4,low
AJIphVRpYrg.003.mp4,low
AJIphVRpYrg.004.mp4,low
AJIphVRpYrg.005.mp4,low
aJjAtOC8AQU.005.mp4,low
aKLadP_Wev8.000.mp4,low
aKLadP_Wev8.001.mp4,low
aLAqJkRWKuk.000.mp4,low
aLAqJkRWKuk.002.mp4,low
AlEqtGWa43g.000.mp4,low
AlEqtGWa43g.005.mp4,low
Alox0G4xUfM.000.mp4,low
alucqviYJFE.001.mp4,low
alucqviYJFE.002.mp4,low
alucqviYJFE.003.mp4,low
alucqviYJFE.004.mp4,low
aLvpOYqzErk.000.mp4,low
aMmEPRJGocM.000.mp4,low
aMmEPRJGocM.004.mp4,low
aMPe0uSKqF4.001.mp4,low
aMPe0uSKqF4.002.mp4,low
aMPe0uSKqF4.003.mp4,low
aMPe0uSKqF4.004.mp4,low
aMPe0uSKqF4.005.mp4,low
ana5C73n9bY.000.mp4,low
ana5C73n9bY.001.mp4,low
ana5C73n9bY.002.mp4,low
ana5C73n9bY.003.mp4,low
ana5C73n9bY.004.mp4,low
ana5C73n9bY.005.mp4,low
AobPtpyKat8.001.mp4,low
aoRjg63uRww.003.mp4,low
aoRjg63uRww.004.mp4,low
AotbiNsU85A.000.mp4,low
AotbiNsU85A.001.mp4,low
AotbiNsU85A.002.mp4,low
AP0aklGHino.000.mp4,low
AP0aklGHino.003.mp4,low
AP0aklGHino.005.mp4,low
Ap2KC1yKDdA.002.mp4,low
ApPnsnIZozw.004.mp4,low
ApPnsnIZozw.005.mp4,low
APqMkruLkoE.004.mp4,low
aptKaxP81xA.000.mp4,low
aptKaxP81xA.002.mp4,low
aptKaxP81xA.004.mp4,low
aPTNxA43WHY.000.mp4,low
aPTNxA43WHY.002.mp4,low
aqA6oI5L1RQ.005.mp4,low
aqd4_4ga1fQ.000.mp4,low
aqd4_4ga1fQ.001.mp4,low
aqd4_4ga1fQ.003.mp4,low
aqd4_4ga1fQ.004.mp4,low
aqK-wcGILjw.000.mp4,low
aQVGVhcMBtE.004.mp4,low
AQz6_ZpzGIE.003.mp4,low
AR3UwbmgKuQ.001.mp4,low
AR3UwbmgKuQ.003.mp4,low
AR3UwbmgKuQ.004.mp4,low
AR3UwbmgKuQ.005.mp4,low
ArMkA9R1QxY.000.mp4,low
ArMkA9R1QxY.002.mp4,low
Arsrkqma4i4.000.mp4,low
Arsrkqma4i4.001.mp4,low
AS8snUf9eX0.000.mp4,low
AS8snUf9eX0.001.mp4,low
AS8snUf9eX0.002.mp4,low
AS8snUf9eX0.003.mp4,low
As93GgkTdt4.001.mp4,low
As93GgkTdt4.003.mp4,low
As93GgkTdt4.004.mp4,low
ASDpn9yOYAo.002.mp4,low
ask-ZFRztf8.001.mp4,low
ask-ZFRztf8.002.mp4,low
ask-ZFRztf8.005.mp4,low
atdhaGEh_0c.000.mp4,low
atH8mnvu-sE.005.mp4,low
AuaQ0rtedRk.001.mp4,low
auhe41Tf50M.003.mp4,low
AV7aKrAs-kM.005.mp4,low
AVLEr0sYFhs.000.mp4,low
AvuGsnkWjt8.001.mp4,low
AvuGsnkWjt8.002.mp4,low
AvuWv3LLmrA.003.mp4,low
AvuWv3LLmrA.005.mp4,low
AWe6ZZUmlZw.000.mp4,low
AWe6ZZUmlZw.004.mp4,low
AWe6ZZUmlZw.005.mp4,low
AwNVGShHjvw.000.mp4,low
AwNVGShHjvw.001.mp4,low
AwNVGShHjvw.002.mp4,low
AwNVGShHjvw.004.mp4,low
AWyKLALCUyM.000.mp4,low
AWZLchLstio.003.mp4,low
ax1Fck6zMzk.003.mp4,low
ax8wm9K41og.000.mp4,low
ay4cdKr1I0o.000.mp4,low
ay4cdKr1I0o.001.mp4,low
Ay7bZ7Sgx9Q.001.mp4,low
Ay7bZ7Sgx9Q.003.mp4,low
Ay7bZ7Sgx9Q.004.mp4,low
AZ2HyBOmliQ.005.mp4,low
AZj2VoCcayA.000.mp4,low
AZj2VoCcayA.001.mp4,low
AZj2VoCcayA.005.mp4,low
B-OJ_xZILLg.001.mp4,low
B-OJ_xZILLg.003.mp4,low
b-qfeGqPd04.000.mp4,low
b-qfeGqPd04.001.mp4,low
b-qfeGqPd04.005.mp4,low
B1efbNxLPe8.005.mp4,low
b26ZykbKSzY.005.mp4,low
B2q0gbLVeck.000.mp4,low
b2Y41GrCrPs.000.mp4,low
b2Y41GrCrPs.001.mp4,low
b2Y41GrCrPs.003.mp4,low
b39BQbVhOAg.001.mp4,low
b39BQbVhOAg.002.mp4,low
b39BQbVhOAg.003.mp4,low
b39BQbVhOAg.004.mp4,low
b39BQbVhOAg.005.mp4,low
B3VQeeev0r0.001.mp4,low
B3VQeeev0r0.002.mp4,low
B3zFJhrmqwg.001.mp4,low
B3zFJhrmqwg.002.mp4,low
B4ducm9sydg.000.mp4,low
B4ducm9sydg.001.mp4,low
B4ducm9sydg.002.mp4,low
B4ducm9sydg.003.mp4,low
B4ducm9sydg.005.mp4,low
b69IYs1G1zc.000.mp4,low
b69IYs1G1zc.002.mp4,low
b69IYs1G1zc.003.mp4,low
b6eoqD1J_qU.002.mp4,low
b6eoqD1J_qU.003.mp4,low
b6eoqD1J_qU.004.mp4,low
b6eoqD1J_qU.005.mp4,low
B77ZCcCMrkM.004.mp4,low
B77ZCcCMrkM.005.mp4,low
b8GPFr11adA.001.mp4,low
b8GPFr11adA.002.mp4,low
b8GPFr11adA.004.mp4,low
b8GPFr11adA.005.mp4,low
B8kzwm6ZaUo.000.mp4,low
B8kzwm6ZaUo.001.mp4,low
B8kzwm6ZaUo.002.mp4,low
B9NSU6gQdRw.005.mp4,low
BA5qWO9eU2Y.000.mp4,low
bAxlTgobVHE.000.mp4,low
bAxlTgobVHE.001.mp4,low
bAxlTgobVHE.002.mp4,low
bBqZyG-9ksM.005.mp4,low
BBSB9OJdb0Q.001.mp4,low
BBSB9OJdb0Q.002.mp4,low
BCPoSirpmEw.005.mp4,low
bcRPLKygrNk.000.mp4,low
bcRPLKygrNk.001.mp4,low
bcRPLKygrNk.003.mp4,low
bcx6xr9Ja-8.001.mp4,low
bcx6xr9Ja-8.004.mp4,low
bcx6xr9Ja-8.005.mp4,low
bDjqDn6susQ.000.mp4,low
be0DQawtVkE.000.mp4,low
be0DQawtVkE.001.mp4,low
be0DQawtVkE.003.mp4,low
be0DQawtVkE.004.mp4,low
bej-DbxTkWA.000.mp4,low
bej-DbxTkWA.003.mp4,low
bEXDNfLBy1I.002.mp4,low
bEXDNfLBy1I.003.mp4,low
bEXDNfLBy1I.004.mp4,low
BeyIfaH64xY.000.mp4,low
BeyIfaH64xY.001.mp4,low
BeyIfaH64xY.003.mp4,low
BeyIfaH64xY.004.mp4,low
bFwtVtZodIg.002.mp4,low
bFwtVtZodIg.004.mp4,low
BgfYyUAoNPs.000.mp4,low
bGLwxQ1lonQ.005.mp4,low
Bi3XVSF4rac.000.mp4,low
Bije9nsMl7M.000.mp4,low
Bije9nsMl7M.003.mp4,low
Bije9nsMl7M.004.mp4,low
Bije9nsMl7M.005.mp4,low
bJktioZ5Yxk.002.mp4,low
bJktioZ5Yxk.003.mp4,low
bJktioZ5Yxk.004.mp4,low
BJpWi1qGp1A.000.mp4,low
BJpWi1qGp1A.004.mp4,low
BjQ95T-Dw1U.000.mp4,low
BjQ95T-Dw1U.002.mp4,low
BjQ95T-Dw1U.003.mp4,low
BjQ95T-Dw1U.004.mp4,low
BjQ95T-Dw1U.005.mp4,low
BjzSIV3dutk.000.mp4,low
Bk9Hxn7Drxw.003.mp4,low
Bk9Hxn7Drxw.004.mp4,low
BkDdtxDPjJA.001.mp4,low
bkzgccBFztM.000.mp4,low
bkzgccBFztM.001.mp4,low
bkzgccBFztM.003.mp4,low
blAjqQ0ja8Q.003.mp4,low
blAjqQ0ja8Q.005.mp4,low
BLc_GvsbI1U.000.mp4,low
BLc_GvsbI1U.003.mp4,low
BLeDNfK2quI.000.mp4,low
BLeDNfK2quI.001.mp4,low
BLeDNfK2quI.002.mp4,low
BLeDNfK2quI.003.mp4,low
BLeDNfK2quI.004.mp4,low
BLeDNfK2quI.005.mp4,low
BLKXsX7-WIg.000.mp4,low
BLKXsX7-WIg.001.mp4,low
BLKXsX7-WIg.003.mp4,low
bLOSPQ8MAC8.001.mp4,low
bLOSPQ8MAC8.004.mp4,low
bLrrDM1Opu0.001.mp4,low
bLrrDM1Opu0.003.mp4,low
BlvmREgt2C0.002.mp4,low
BlvmREgt2C0.005.mp4,low
BLwgxAWf7cg.003.mp4,low
BLwgxAWf7cg.004.mp4,low
BmDClgdWlH4.000.mp4,low
BmDClgdWlH4.002.mp4,low
BmDClgdWlH4.004.mp4,low
bmj4khBLUOs.001.mp4,low
bMY2DaFFwzU.000.mp4,low
bMY2DaFFwzU.001.mp4,low
bMY2DaFFwzU.003.mp4,low
bMY2DaFFwzU.004.mp4,low
bMY2DaFFwzU.005.mp4,low
bN2IM-rqZlc.002.mp4,low
bnM9Ow52x3o.001.mp4,low
bnM9Ow52x3o.005.mp4,low
bnoPmV0_aIc.000.mp4,low
bnoPmV0_aIc.002.mp4,low
bnoPmV0_aIc.004.mp4,low
Bo-mrL28d8M.002.mp4,low
Bo-mrL28d8M.003.mp4,low
Bo-mrL28d8M.004.mp4,low
BONQpwyg9KQ.000.mp4,low
BOOMkDl8JwA.005.mp4,low
BpcQ9THDtp4.000.mp4,low
BPUFqFLZgZU.005.mp4,low
BQ9i8qkXiVQ.000.mp4,low
bRoIrXBO9DU.000.mp4,low
bRoIrXBO9DU.005.mp4,low
BS0wgLXqFgc.001.mp4,low
BS0wgLXqFgc.003.mp4,low
BS0wgLXqFgc.005.mp4,low
bSeTNdOtK7I.000.mp4,low
bSeTNdOtK7I.004.mp4,low
BSkTPW_Qsio.001.mp4,low
BStHNKV820Q.001.mp4,low
BStHNKV820Q.003.mp4,low
bt-ev53zZWE.001.mp4,low
bt-ev53zZWE.004.mp4,low
Bt5zyk-Xf9Q.000.mp4,low
btcCanysQsw.000.mp4,low
btcCanysQsw.001.mp4,low
btcCanysQsw.003.mp4,low
btcCanysQsw.004.mp4,low
btcCanysQsw.005.mp4,low
bTLTLzXehPE.003.mp4,low
BuKzIqR4eBU.001.mp4,low
bviHajVIie0.005.mp4,low
BWAEpai6FK0.002.mp4,low
BWAEpai6FK0.003.mp4,low
BxdFQhBNZys.000.mp4,low
BxdFQhBNZys.004.mp4,low
bYXRyimxh7A.000.mp4,low
bYXRyimxh7A.002.mp4,low
bYXRyimxh7A.003.mp4,low
bYXRyimxh7A.004.mp4,low
BZ3FEf_KKso.000.mp4,low
BZ3FEf_KKso.001.mp4,low
Bz3Jx4QL_6Q.001.mp4,low
Bz3Jx4QL_6Q.003.mp4,low
Bz3Jx4QL_6Q.004.mp4,low
bZAKBS9q0ZI.002.mp4,low
bZAKBS9q0ZI.004.mp4,low
bzaOB8BoWPU.000.mp4,low
bzaOB8BoWPU.002.mp4,low
bzaOB8BoWPU.003.mp4,low
bzaOB8BoWPU.005.mp4,low
bzFTA6kGyA8.002.mp4,low
bzIxJ-gtvUw.005.mp4,low
bZoN9xp9vgs.001.mp4,low
C-48U5oDuvw.003.mp4,low
C-48U5oDuvw.004.mp4,low
c-c6xhtIq84.004.mp4,low
C0uc-2KrnnQ.001.mp4,low
C0uc-2KrnnQ.002.mp4,low
C0UMWrEJ2x0.004.mp4,low
C0UMWrEJ2x0.005.mp4,low
C23rns4ZCy8.004.mp4,low
c2LeNguVNrI.002.mp4,low
c2LeNguVNrI.003.mp4,low
C2MEPH7x9m0.001.mp4,low
c3esnCQDoKc.003.mp4,low
c3esnCQDoKc.004.mp4,low
C3knX70mzxQ.004.mp4,low
C3knX70mzxQ.005.mp4,low
c3SQSM9OIsA.001.mp4,low
c3SQSM9OIsA.005.mp4,low
c4XnKouozXU.000.mp4,low
c4XnKouozXU.001.mp4,low
c4XnKouozXU.003.mp4,low
c4XnKouozXU.004.mp4,low
c4YxfATgYkw.002.mp4,low
C5qRszPK9HY.001.mp4,low
C5qRszPK9HY.003.mp4,low
c5ZnKbaNCE8.000.mp4,low
c5ZnKbaNCE8.003.mp4,low
c5ZnKbaNCE8.005.mp4,low
c672aEuUa-g.002.mp4,low
c672aEuUa-g.004.mp4,low
c7tczvW3_dQ.000.mp4,low
c7tczvW3_dQ.002.mp4,low
c7tczvW3_dQ.005.mp4,low
C8xZ0vhrrFE.000.mp4,low
C8xZ0vhrrFE.002.mp4,low
C8xZ0vhrrFE.003.mp4,low
C8xZ0vhrrFE.005.mp4,low
C_NtwmmF2Ys.000.mp4,low
C_NtwmmF2Ys.002.mp4,low
C_NtwmmF2Ys.003.mp4,low
C_NtwmmF2Ys.004.mp4,low
c_pyBvsSlCY.004.mp4,low
cA43Gfcg0QA.000.mp4,low
cA43Gfcg0QA.001.mp4,low
cA43Gfcg0QA.003.mp4,low
cA43Gfcg0QA.004.mp4,low
CbNAOLHByZQ.004.mp4,low
cBR5cDwwdno.001.mp4,low
cBR5cDwwdno.003.mp4,low
cBR5cDwwdno.004.mp4,low
cBR5cDwwdno.005.mp4,low
CCe1J5grs8U.005.mp4,low
CcVuoHZqp6k.004.mp4,low
Cdh_OCMZ4U8.000.mp4,low
CDTo7WVyf5s.001.mp4,low
cdtZKwM5NIM.004.mp4,low
CdUYBux3Vn8.000.mp4,low
CdUYBux3Vn8.002.mp4,low
CdUYBux3Vn8.005.mp4,low
CdY1ZLrWTtg.000.mp4,low
CdY1ZLrWTtg.002.mp4,low
ce7t2PgzMGw.000.mp4,low
CESTtNvDpww.003.mp4,low
cFGjJg-2zOk.000.mp4,low
cFGjJg-2zOk.001.mp4,low
cFGjJg-2zOk.002.mp4,low
cFGjJg-2zOk.003.mp4,low
cFGjJg-2zOk.005.mp4,low
CFk4v2Kd5Ns.002.mp4,low
CFk4v2Kd5Ns.005.mp4,low
CFK8ib0aWe8.000.mp4,low
CFK8ib0aWe8.001.mp4,low
CFK8ib0aWe8.003.mp4,low
CfNbSToI21k.004.mp4,low
CfNbSToI21k.005.mp4,low
CGfr9jl8w4Y.001.mp4,low
CGfr9jl8w4Y.004.mp4,low
CGfr9jl8w4Y.005.mp4,low
cgGCyBMdGrA.001.mp4,low
cgGCyBMdGrA.003.mp4,low
cgp1OzTOq1o.000.mp4,low
cgp1OzTOq1o.002.mp4,low
cgp1OzTOq1o.004.mp4,low
cgp1OzTOq1o.005.mp4,low
cgT-3CHBmKs.000.mp4,low
cgT-3CHBmKs.003.mp4,low
cgT-3CHBmKs.004.mp4,low
cgT-3CHBmKs.005.mp4,low
ch2BcBv4SdQ.002.mp4,low
CHkKv9TXm0g.000.mp4,low
ciWUq6iQTIE.000.mp4,low
ciWUq6iQTIE.002.mp4,low
cjbh1lfr43c.005.mp4,low
CJhP12Gi8sg.002.mp4,low
CJjNcuBLjMM.001.mp4,low
CJT7z9PaU68.004.mp4,low
Cl5jhuLQ9Dg.001.mp4,low
Cl5jhuLQ9Dg.002.mp4,low
Cl5jhuLQ9Dg.003.mp4,low
Cl5jhuLQ9Dg.004.mp4,low
Cl5jhuLQ9Dg.005.mp4,low
Cl7vQ9QR0es.000.mp4,low
Cl7vQ9QR0es.001.mp4,low
Cl7vQ9QR0es.002.mp4,low
Cl7vQ9QR0es.003.mp4,low
Cl7vQ9QR0es.004.mp4,low
Cl7vQ9QR0es.005.mp4,low
cLaZxEf1nE4.001.mp4,low
cLaZxEf1nE4.002.mp4,low
cLaZxEf1nE4.003.mp4,low
CLGJCzz6tIU.001.mp4,low
clMg72MI8rw.004.mp4,low
Cng72emlXAM.004.mp4,low
Cng72emlXAM.005.mp4,low
cnsvc0alWOA.000.mp4,low
cnsvc0alWOA.004.mp4,low
cNXnowQb7rs.002.mp4,low
cNXnowQb7rs.003.mp4,low
cNXnowQb7rs.004.mp4,low
cNXnowQb7rs.005.mp4,low
CO7vZjYF6Zk.000.mp4,low
CO7vZjYF6Zk.001.mp4,low
CO7vZjYF6Zk.002.mp4,low
cOirMOCpdo8.000.mp4,low
cOirMOCpdo8.001.mp4,low
cOirMOCpdo8.003.mp4,low
cOirMOCpdo8.005.mp4,low
cOo5N1qblyw.003.mp4,low
cOossY5pTrU.001.mp4,low
cOossY5pTrU.002.mp4,low
cOossY5pTrU.003.mp4,low
cP_dSXql7z8.000.mp4,low
cP_dSXql7z8.001.mp4,low
cP_dSXql7z8.002.mp4,low
cP_dSXql7z8.003.mp4,low
cP_dSXql7z8.004.mp4,low
cP_dSXql7z8.005.mp4,low
CpmR-91GxmY.000.mp4,low
CpmR-91GxmY.002.mp4,low
CpmR-91GxmY.004.mp4,low
CpmR-91GxmY.005.mp4,low
CPtaCNonKlE.000.mp4,low
CPtaCNonKlE.002.mp4,low
CPtaCNonKlE.003.mp4,low
CPtaCNonKlE.004.mp4,low
cpzY1b6wJqs.002.mp4,low
CQMH9Qguuao.000.mp4,low
CQMH9Qguuao.003.mp4,low
CQMH9Qguuao.004.mp4,low
CQMH9Qguuao.005.mp4,low
CqQavmWSLrI.000.mp4,low
CqQavmWSLrI.001.mp4,low
CqQavmWSLrI.002.mp4,low
CqQavmWSLrI.003.mp4,low
CqQavmWSLrI.004.mp4,low
CqQavmWSLrI.005.mp4,low
cQRFb-xa4Vc.002.mp4,low
cQRFb-xa4Vc.005.mp4,low
cRDYrvxRJ6U.001.mp4,low
cRg95950rAg.001.mp4,low
CRLsCyMfskE.000.mp4,low
CRLsCyMfskE.001.mp4,low
CRLsCyMfskE.002.mp4,low
CRLsCyMfskE.003.mp4,low
CRLsCyMfskE.004.mp4,low
cSyVbIYfwxA.004.mp4,low
cT3oyHhUznw.003.mp4,low
cT3oyHhUznw.004.mp4,low
cTbfp7nkX8c.000.mp4,low
cTbfp7nkX8c.002.mp4,low
cTbfp7nkX8c.005.mp4,low
CTWMisL_HlI.000.mp4,low
CTWMisL_HlI.003.mp4,low
CTWMisL_HlI.004.mp4,low
CTWMisL_HlI.005.mp4,low
CuGuiOZ48Ig.000.mp4,low
CuGuiOZ48Ig.001.mp4,low
CuGuiOZ48Ig.002.mp4,low
CuGuiOZ48Ig.004.mp4,low
CuGuiOZ48Ig.005.mp4,low
CUiG7UZ9A3k.002.mp4,low
CUiG7UZ9A3k.005.mp4,low
cuyIFvYNLFE.000.mp4,low
CV930dFsubs.000.mp4,low
CV930dFsubs.002.mp4,low
CV930dFsubs.003.mp4,low
cvg03XGFjCk.001.mp4,low
cvg03XGFjCk.002.mp4,low
cvg03XGFjCk.004.mp4,low
cvg03XGFjCk.005.mp4,low
cvHqtadNJDo.000.mp4,low
cvHqtadNJDo.004.mp4,low
Cvuu76B-bxA.000.mp4,low
Cvuu76B-bxA.001.mp4,low
Cvuu76B-bxA.002.mp4,low
Cvuu76B-bxA.003.mp4,low
Cvuu76B-bxA.005.mp4,low
CwFH8J7smjE.005.mp4,low
CwmjP27fivQ.005.mp4,low
CwYNQlRTvPc.000.mp4,low
cWZudzeJVXg.000.mp4,low
cWZudzeJVXg.002.mp4,low
cWZudzeJVXg.003.mp4,low
cWZudzeJVXg.004.mp4,low
cx8IycWgMVs.003.mp4,low
cx8IycWgMVs.005.mp4,low
cxJ0u6r0-pU.000.mp4,low
cxJ0u6r0-pU.001.mp4,low
cxJ0u6r0-pU.002.mp4,low
cxJ0u6r0-pU.003.mp4,low
cxJ0u6r0-pU.005.mp4,low
cY3nHc5fDYE.000.mp4,low
cY3nHc5fDYE.003.mp4,low
cyma9Q6QF6M.001.mp4,low
CyzKot0CNyU.000.mp4,low
cZ6xhB5yhfY.001.mp4,low
czImT1Wn1og.001.mp4,low
czImT1Wn1og.002.mp4,low
d-cZdeTp0jo.000.mp4,low
d-cZdeTp0jo.001.mp4,low
D0dE-lErszk.002.mp4,low
d1eh3dHNi1Y.001.mp4,low
D3AomvNhR1k.003.mp4,low
d4cPiUXpGbc.000.mp4,low
d4cPiUXpGbc.002.mp4,low
d4cPiUXpGbc.005.mp4,low
D4hPHPp1W-Q.000.mp4,low
D4hPHPp1W-Q.004.mp4,low
D4hPHPp1W-Q.005.mp4,low
d4iSwRMV0bA.002.mp4,low
D4TU65xbF4g.000.mp4,low
D4TU65xbF4g.001.mp4,low
D4TU65xbF4g.002.mp4,low
D4TU65xbF4g.005.mp4,low
d5ujzxBlvwY.001.mp4,low
d69zeSpdyCI.000.mp4,low
d8skGb2ycio.000.mp4,low
d8skGb2ycio.003.mp4,low
d9_YDJdF-7I.000.mp4,low
d9_YDJdF-7I.002.mp4,low
d9_YDJdF-7I.003.mp4,low
D_FGBb-1B1o.001.mp4,low
D_FGBb-1B1o.002.mp4,low
D_FGBb-1B1o.003.mp4,low
d_POf1pikX0.000.mp4,low
d_POf1pikX0.005.mp4,low
datcFOBWYxc.001.mp4,low
datcFOBWYxc.003.mp4,low
datcFOBWYxc.005.mp4,low
dB-kMg4t-V8.001.mp4,low
dB-kMg4t-V8.002.mp4,low
dB2XYhvqUBU.000.mp4,low
dB2XYhvqUBU.001.mp4,low
dB2XYhvqUBU.003.mp4,low
dB2XYhvqUBU.004.mp4,low
dB65He57Ki8.001.mp4,low
dB65He57Ki8.002.mp4,low
dB65He57Ki8.005.mp4,low
DbNFwVi_61Q.000.mp4,low
DChmTb-c9uM.001.mp4,low
DChmTb-c9uM.004.mp4,low
DChmTb-c9uM.005.mp4,low
DCROfrHI1MU.000.mp4,low
DCROfrHI1MU.001.mp4,low
DctPau1p7JM.001.mp4,low
DctPau1p7JM.002.mp4,low
dd0z9mErfSo.002.mp4,low
dd0z9mErfSo.003.mp4,low
dd0z9mErfSo.005.mp4,low
dDi6vy-OZRg.002.mp4,low
dDi6vy-OZRg.003.mp4,low
dDi6vy-OZRg.005.mp4,low
De4i7-FX9Og.001.mp4,low
De4i7-FX9Og.004.mp4,low
DefePa0_6Sg.001.mp4,low
DefePa0_6Sg.002.mp4,low
DefePa0_6Sg.005.mp4,low
DegRGUG4Wi0.001.mp4,low
DegRGUG4Wi0.002.mp4,low
DegRGUG4Wi0.003.mp4,low
DfpKVl9Zpdg.003.mp4,low
DfpKVl9Zpdg.004.mp4,low
DGCGeNlA-Ww.005.mp4,low
Dgo98-sCd1w.002.mp4,low
dgoc29MVjfE.000.mp4,low
dh6iOU2RtTA.001.mp4,low
dh6iOU2RtTA.003.mp4,low
Dhbva5oGE7g.000.mp4,low
Dhbva5oGE7g.003.mp4,low
DhqfB9chceo.001.mp4,low
DhqfB9chceo.003.mp4,low
dIa0U29hVvU.001.mp4,low
dIa0U29hVvU.003.mp4,low
dIa0U29hVvU.005.mp4,low
DiaibIBisuM.001.mp4,low
DiaibIBisuM.002.mp4,low
DiaibIBisuM.003.mp4,low
DiaibIBisuM.004.mp4,low
DiaibIBisuM.005.mp4,low
dJlEHhyij5k.000.mp4,low
dJlEHhyij5k.001.mp4,low
djsoQkroHpo.000.mp4,low
djsoQkroHpo.001.mp4,low
djsoQkroHpo.003.mp4,low
djsoQkroHpo.005.mp4,low
dkhnv1EBvKI.000.mp4,low
dkhnv1EBvKI.001.mp4,low
dkhnv1EBvKI.002.mp4,low
dkhnv1EBvKI.003.mp4,low
dkhnv1EBvKI.004.mp4,low
dkhnv1EBvKI.005.mp4,low
dLaqub4BEsA.001.mp4,low
dLaqub4BEsA.002.mp4,low
dLaqub4BEsA.003.mp4,low
dLaqub4BEsA.004.mp4,low
DLds0WJpIQg.001.mp4,low
dLltwqkvsNg.001.mp4,low
dLltwqkvsNg.002.mp4,low
dLltwqkvsNg.003.mp4,low
dLltwqkvsNg.005.mp4,low
DLuwObrDhtc.000.mp4,low
DLuwObrDhtc.001.mp4,low
DLuwObrDhtc.002.mp4,low
dmOKZLeFKCM.002.mp4,low
dmOKZLeFKCM.004.mp4,low
dmycfNpiWCE.001.mp4,low
dmycfNpiWCE.002.mp4,low
dmycfNpiWCE.004.mp4,low
dmycfNpiWCE.005.mp4,low
DnTtbAR_Qyw.000.mp4,low
DnTtbAR_Qyw.002.mp4,low
DnTtbAR_Qyw.004.mp4,low
DnTtbAR_Qyw.005.mp4,low
dNXqs5HNijI.001.mp4,low
dNXqs5HNijI.002.mp4,low
dNXqs5HNijI.003.mp4,low
dNXqs5HNijI.004.mp4,low
do8FmnQbI5I.000.mp4,low
do8FmnQbI5I.001.mp4,low
do8FmnQbI5I.003.mp4,low
do8FmnQbI5I.004.mp4,low
dOFnHXRLEdM.001.mp4,low
dOFnHXRLEdM.005.mp4,low
DogbMnh5k0o.002.mp4,low
Dq7Uep06KOQ.001.mp4,low
Dq7Uep06KOQ.005.mp4,low
DqA3j7juNs4.000.mp4,low
dQOeQYWIgm8.000.mp4,low
dQOeQYWIgm8.001.mp4,low
dQOeQYWIgm8.004.mp4,low
DQORBD8hINs.005.mp4,low
dqVPzqpGX-w.000.mp4,low
dRP8ZaAryro.000.mp4,low
dRP8ZaAryro.001.mp4,low
dRP8ZaAryro.003.mp4,low
dRP8ZaAryro.004.mp4,low
dRP8ZaAryro.005.mp4,low
dRr2JtdzUpU.004.mp4,low
dRr2JtdzUpU.005.mp4,low
dRYEzqUa_Rc.000.mp4,low
dS2XOB8kmr4.001.mp4,low
dT5R3T-Q1kg.002.mp4,low
DTZeyoKUPx4.000.mp4,low
DTZeyoKUPx4.001.mp4,low
DTZeyoKUPx4.002.mp4,low
DTZeyoKUPx4.003.mp4,low
DTZeyoKUPx4.004.mp4,low
DTZeyoKUPx4.005.mp4,low
duEi37qVB7k.000.mp4,low
dVbo9Ftlyl0.004.mp4,low
dVbo9Ftlyl0.005.mp4,low
dvCKoyBG1pE.001.mp4,low
dvCKoyBG1pE.002.mp4,low
dvCKoyBG1pE.004.mp4,low
DVh_7dO2cWY.000.mp4,low
DVh_7dO2cWY.003.mp4,low
DVh_7dO2cWY.004.mp4,low
DVh_7dO2cWY.005.mp4,low
dvMeqVbpKW8.001.mp4,low
dvMeqVbpKW8.002.mp4,low
dvMeqVbpKW8.004.mp4,low
dvMeqVbpKW8.005.mp4,low
DvmzcQI5cnM.000.mp4,low
DvmzcQI5cnM.001.mp4,low
DvmzcQI5cnM.003.mp4,low
DvmzcQI5cnM.004.mp4,low
DvmzcQI5cnM.005.mp4,low
dvU5jYExl0o.003.mp4,low
dVwDf5N2NRA.001.mp4,low
dVwDf5N2NRA.002.mp4,low
dVwDf5N2NRA.003.mp4,low
dVwDf5N2NRA.004.mp4,low
dVwDf5N2NRA.005.mp4,low
DvWzedL3QCk.004.mp4,low
DWVJXufR7gE.000.mp4,low
DWVJXufR7gE.001.mp4,low
DxATjKPysfs.000.mp4,low
DxATjKPysfs.003.mp4,low
DXw4lVoiiWY.000.mp4,low
DXw4lVoiiWY.001.mp4,low
DXw4lVoiiWY.002.mp4,low
DXw4lVoiiWY.003.mp4,low
DXw4lVoiiWY.004.mp4,low
DXw4lVoiiWY.005.mp4,low
DXYRJ8PReoE.000.mp4,low
DXYRJ8PReoE.002.mp4,low
dY7jG5gS3JE.000.mp4,low
dy9EqbKLDP0.001.mp4,low
dy9EqbKLDP0.002.mp4,low
dy9EqbKLDP0.003.mp4,low
DyZlhseSuec.002.mp4,low
DyZlhseSuec.003.mp4,low
DyZlhseSuec.004.mp4,low
DZfcVxy2ceI.000.mp4,low
DzqJmiQjsZ4.000.mp4,low
DzqJmiQjsZ4.002.mp4,low
DzqJmiQjsZ4.004.mp4,low
DzqJmiQjsZ4.005.mp4,low
e07IozLUeKc.001.mp4,low
e07IozLUeKc.002.mp4,low
e07IozLUeKc.005.mp4,low
e2EmGXRJ1K0.000.mp4,low
e2EmGXRJ1K0.001.mp4,low
e2pnS_nT9rA.001.mp4,low
e2pnS_nT9rA.002.mp4,low
e3NaBdG-ZmM.000.mp4,low
e3Y7na4SBh4.002.mp4,low
e3Y7na4SBh4.004.mp4,low
e3Y7na4SBh4.005.mp4,low
E3z1D7CKoOA.000.mp4,low
E3z1D7CKoOA.001.mp4,low
E3z1D7CKoOA.002.mp4,low
E3z1D7CKoOA.003.mp4,low
E3z1D7CKoOA.005.mp4,low
E6OBPHKkm6U.002.mp4,low
E6rptSS3kP4.000.mp4,low
e6YTvjDXEl0.001.mp4,low
e6YTvjDXEl0.002.mp4,low
E_xAcdGpPCI.001.mp4,low
E_xAcdGpPCI.004.mp4,low
E_xAcdGpPCI.005.mp4,low
Ea0UKBPCm3Q.001.mp4,low
EA8BEYAZqAA.000.mp4,low
EA8BEYAZqAA.001.mp4,low
EA8BEYAZqAA.004.mp4,low
eA_JaE8X3mI.000.mp4,low
EaBCJB8LXdI.001.mp4,low
EaBCJB8LXdI.002.mp4,low
EaBCJB8LXdI.004.mp4,low
EaBCJB8LXdI.005.mp4,low
eAkWSjU-JyY.001.mp4,low
eAkWSjU-JyY.002.mp4,low
EAMHqNxa9yY.001.mp4,low
EAnvsNi8O-M.001.mp4,low
EAnvsNi8O-M.002.mp4,low
Eb-2m44jTEs.000.mp4,low
Eb-2m44jTEs.004.mp4,low
eB6ZlBG6OeA.002.mp4,low
ecIb16gJMwU.003.mp4,low
EcOC7ZVRSg4.001.mp4,low
EcOC7ZVRSg4.002.mp4,low
EcOC7ZVRSg4.003.mp4,low
EcOC7ZVRSg4.004.mp4,low
eD4b8sM-Tpw.000.mp4,low
eD4b8sM-Tpw.004.mp4,low
edHTGYBFCWQ.000.mp4,low
edHTGYBFCWQ.004.mp4,low
EDshSjcCsoY.001.mp4,low
EDshSjcCsoY.002.mp4,low
EDXQLrsZctw.000.mp4,low
EeI8iXLDfc0.001.mp4,low
EeI8iXLDfc0.002.mp4,low
EeI8iXLDfc0.005.mp4,low
EelHLfeSJfM.002.mp4,low
EelHLfeSJfM.004.mp4,low
eFb7nVIBGEo.003.mp4,low
EffEoI1l1zE.000.mp4,low
EffEoI1l1zE.001.mp4,low
EffEoI1l1zE.002.mp4,low
EfQUV-C-YrU.002.mp4,low
eFzN_frNW8g.000.mp4,low
eFzN_frNW8g.001.mp4,low
eFzN_frNW8g.002.mp4,low
eFzN_frNW8g.003.mp4,low
eFzN_frNW8g.004.mp4,low
eFzN_frNW8g.005.mp4,low
Egogv6acOd0.001.mp4,low
Egogv6acOd0.002.mp4,low
Egogv6acOd0.003.mp4,low
Egogv6acOd0.004.mp4,low
EgolOPjkkg8.000.mp4,low
EgolOPjkkg8.001.mp4,low
EgolOPjkkg8.004.mp4,low
EgolOPjkkg8.005.mp4,low
Eh7WRYXVh9M.000.mp4,low
Eh7WRYXVh9M.005.mp4,low
eHcRre1YsNA.000.mp4,low
eHcRre1YsNA.001.mp4,low
eHcRre1YsNA.002.mp4,low
EHPZNxP5mN8.000.mp4,low
eI_7SimPnnQ.000.mp4,low
eI_7SimPnnQ.001.mp4,low
eI_7SimPnnQ.002.mp4,low
eI_7SimPnnQ.003.mp4,low
eI_7SimPnnQ.005.mp4,low
eIfiusZtXzE.000.mp4,low
EiXQ9RErt6c.002.mp4,low
EiXQ9RErt6c.003.mp4,low
EiXQ9RErt6c.005.mp4,low
ej0RpdM9kJA.000.mp4,low
ej0RpdM9kJA.001.mp4,low
ej0RpdM9kJA.002.mp4,low
ej0RpdM9kJA.003.mp4,low
EjhDyc8Oc6k.000.mp4,low
EjhDyc8Oc6k.001.mp4,low
EjhDyc8Oc6k.003.mp4,low
EjhDyc8Oc6k.004.mp4,low
EknEAPhAjdA.000.mp4,low
EknEAPhAjdA.001.mp4,low
EknEAPhAjdA.002.mp4,low
EknEAPhAjdA.003.mp4,low
EknEAPhAjdA.004.mp4,low
EL1Q7x_1a74.000.mp4,low
EL1Q7x_1a74.001.mp4,low
EL1Q7x_1a74.002.mp4,low
EL1Q7x_1a74.005.mp4,low
el2DOd8E5io.000.mp4,low
elSd0IyX6ys.002.mp4,low
elSd0IyX6ys.004.mp4,low
ELvGOVb8L5I.000.mp4,low
EmGTj1DRMbo.000.mp4,low
EmGTj1DRMbo.003.mp4,low
EmGTj1DRMbo.004.mp4,low
emHDoDcht44.001.mp4,low
EMNcIRgaDMg.000.mp4,low
EMNcIRgaDMg.004.mp4,low
EMqrrHHbP3s.000.mp4,low
EMqrrHHbP3s.001.mp4,low
EMqrrHHbP3s.002.mp4,low
En4aK_1gmlY.000.mp4,low
encC96iqr9Y.002.mp4,low
encC96iqr9Y.003.mp4,low
eOUVFTqPeGk.002.mp4,low
EP0sdDWooSw.001.mp4,low
EP2rMX4AQis.000.mp4,low
ePQJMluhLjQ.001.mp4,low
eq1_h17oue4.000.mp4,low
eq1_h17oue4.001.mp4,low
EqTB9rAC-tA.000.mp4,low
eqXrUXW4yHY.003.mp4,low
erJNMcO69Eo.000.mp4,low
erJNMcO69Eo.001.mp4,low
erJNMcO69Eo.002.mp4,low
erJNMcO69Eo.005.mp4,low
eRRCer7epnA.002.mp4,low
eRRCer7epnA.005.mp4,low
esjSS0xsHFA.002.mp4,low
esjSS0xsHFA.003.mp4,low
eT3BERfkCBE.001.mp4,low
eT3BERfkCBE.003.mp4,low
eT3BERfkCBE.005.mp4,low
Etfh8X-ECtY.000.mp4,low
Etfh8X-ECtY.001.mp4,low
Etfh8X-ECtY.002.mp4,low
Etfh8X-ECtY.003.mp4,low
Etfh8X-ECtY.004.mp4,low
Etw3iulV5Eg.001.mp4,low
Etw3iulV5Eg.003.mp4,low
euRnmvd_dus.004.mp4,low
ev42vngXERU.000.mp4,low
ev42vngXERU.001.mp4,low
evrzg3Pzyc0.000.mp4,low
evrzg3Pzyc0.001.mp4,low
evrzg3Pzyc0.002.mp4,low
EvZ0esZgPK4.001.mp4,low
EwMMNKLjO9w.000.mp4,low
EwMMNKLjO9w.001.mp4,low
EwMMNKLjO9w.002.mp4,low
EX3i4IMY1Pw.002.mp4,low
eXtskPoi58A.000.mp4,low
eXtskPoi58A.001.mp4,low
eXtskPoi58A.003.mp4,low
eXtskPoi58A.005.mp4,low
eYASh3sKY3k.000.mp4,low
EYbPGTIcnjs.000.mp4,low
EYbPGTIcnjs.003.mp4,low
EYbPGTIcnjs.005.mp4,low
EyX8QI5nPTY.001.mp4,low
ezMO8EHKAVw.000.mp4,low
ezMO8EHKAVw.004.mp4,low
ezMO8EHKAVw.005.mp4,low
eZwGkhUa0TQ.000.mp4,low
eZwGkhUa0TQ.004.mp4,low
eZwGkhUa0TQ.005.mp4,low
F-Dy1EFm_Mw.005.mp4,low
F0_EI_X5JVk.001.mp4,low
F0_EI_X5JVk.002.mp4,low
F0_EI_X5JVk.003.mp4,low
F0_EI_X5JVk.004.mp4,low
F0_EI_X5JVk.005.mp4,low
F0kidNe_RSo.001.mp4,low
F0kidNe_RSo.002.mp4,low
f0LnGz5Z6kA.000.mp4,low
f0LnGz5Z6kA.002.mp4,low
F0VbEO_0Ybc.000.mp4,low
F0VbEO_0Ybc.001.mp4,low
F0VbEO_0Ybc.002.mp4,low
F0VbEO_0Ybc.003.mp4,low
F0VbEO_0Ybc.005.mp4,low
F1lAPYh4t3U.000.mp4,low
F1lAPYh4t3U.004.mp4,low
f1xAVtagIks.000.mp4,low
f1xAVtagIks.003.mp4,low
f39E4ct09Cc.000.mp4,low
f39E4ct09Cc.001.mp4,low
f39E4ct09Cc.005.mp4,low
f3ZbA4UqGKE.005.mp4,low
f4rQJiW6oSk.004.mp4,low
f4rQJiW6oSk.005.mp4,low
F4UeAogUMMs.000.mp4,low
F4UeAogUMMs.001.mp4,low
F4UeAogUMMs.002.mp4,low
F4UeAogUMMs.003.mp4,low
F4UeAogUMMs.004.mp4,low
F4UeAogUMMs.005.mp4,low
F4yC1_n6ApY.002.mp4,low
F5iykLTSCJc.000.mp4,low
f5jPfJYvihA.000.mp4,low
F5kL7RWS_f0.000.mp4,low
F5kL7RWS_f0.003.mp4,low
F5kL7RWS_f0.004.mp4,low
f70aaYsxPHY.001.mp4,low
f70aaYsxPHY.002.mp4,low
f7E26XfU8rw.002.mp4,low
f7E26XfU8rw.003.mp4,low
f7E26XfU8rw.005.mp4,low
f7togdqxEoo.003.mp4,low
f8eU5Pc-y0g.004.mp4,low
f8f00b0IgvA.001.mp4,low
f8f00b0IgvA.002.mp4,low
f8f00b0IgvA.004.mp4,low
f9GeYKAXgAQ.000.mp4,low
f9GeYKAXgAQ.001.mp4,low
f9GeYKAXgAQ.002.mp4,low
f9GeYKAXgAQ.003.mp4,low
f9GeYKAXgAQ.005.mp4,low
F9mZ6De_6Ko.004.mp4,low
F9mZ6De_6Ko.005.mp4,low
FaBTYkzhuK4.000.mp4,low
FaBTYkzhuK4.001.mp4,low
FaBTYkzhuK4.005.mp4,low
fBcc1UMtZME.001.mp4,low
fBcc1UMtZME.005.mp4,low
fbjDmltKVOM.000.mp4,low
fBMKlYUjA9E.000.mp4,low
fBMKlYUjA9E.003.mp4,low
Fco1CMgOadI.002.mp4,low
Fco1CMgOadI.003.mp4,low
Fco1CMgOadI.005.mp4,low
FcR9VhCxBb0.002.mp4,low
FcR9VhCxBb0.004.mp4,low
fDw_PAgW07o.000.mp4,low
fDw_PAgW07o.001.mp4,low
fDw_PAgW07o.002.mp4,low
fDw_PAgW07o.003.mp4,low
fDw_PAgW07o.005.mp4,low
Fe9_SVPd_5I.004.mp4,low
Fe9_SVPd_5I.005.mp4,low
fEC3lEDxRnc.000.mp4,low
fEC3lEDxRnc.001.mp4,low
fEC3lEDxRnc.002.mp4,low
fEC3lEDxRnc.005.mp4,low
fecQUZ-ehKQ.000.mp4,low
fecQUZ-ehKQ.002.mp4,low
feg-RNvT-t0.000.mp4,low
fEix0DPOWtg.005.mp4,low
fEZrAGQoh_g.000.mp4,low
fEZrAGQoh_g.001.mp4,low
fEZrAGQoh_g.002.mp4,low
ff-3k-nzoXA.000.mp4,low
ff-3k-nzoXA.002.mp4,low
ff-3k-nzoXA.004.mp4,low
Ff0WqsFl-1s.005.mp4,low
fGAcEyZXFTo.000.mp4,low
fGAcEyZXFTo.003.mp4,low
fGAcEyZXFTo.005.mp4,low
fgEddXirQvQ.005.mp4,low
FGkS4vJYOpM.002.mp4,low
FGkS4vJYOpM.004.mp4,low
Fgq5I4bkq2s.001.mp4,low
fH0jgh_VKmE.003.mp4,low
FhCOvzMrNs8.000.mp4,low
fhUGU2uiS1U.001.mp4,low
fhUGU2uiS1U.004.mp4,low
Fi1ILrwQpSY.001.mp4,low
Fi1ILrwQpSY.002.mp4,low
Fi1ILrwQpSY.003.mp4,low
Fi1ILrwQpSY.005.mp4,low
fiEEjrKhlNU.001.mp4,low
fiEEjrKhlNU.002.mp4,low
fIiXuRlTPa0.000.mp4,low
fipvPdFbKN4.000.mp4,low
fipvPdFbKN4.004.mp4,low
fiVkE3iDWY4.004.mp4,low
fiVORaERbP0.002.mp4,low
fiVORaERbP0.004.mp4,low
FJPqNQPXp5c.005.mp4,low
fk_ggmC872E.000.mp4,low
fk_ggmC872E.001.mp4,low
fk_ggmC872E.003.mp4,low
fkDqn2muw-A.000.mp4,low
fkDqn2muw-A.002.mp4,low
fkDqn2muw-A.003.mp4,low
FksSYDfLH04.002.mp4,low
FkuwzJcoRVI.000.mp4,low
FkuwzJcoRVI.001.mp4,low
FkuwzJcoRVI.003.mp4,low
FkuwzJcoRVI.004.mp4,low
FkuwzJcoRVI.005.mp4,low
FkzVX7SQ9wE.001.mp4,low
FkzVX7SQ9wE.002.mp4,low
FkzVX7SQ9wE.004.mp4,low
fL8VYpOTLSM.001.mp4,low
fL8VYpOTLSM.002.mp4,low
fL8VYpOTLSM.004.mp4,low
FlAGm93fJa0.000.mp4,low
FlAGm93fJa0.004.mp4,low
fLRRMLTFGMQ.000.mp4,low
fLRRMLTFGMQ.002.mp4,low
fLRRMLTFGMQ.004.mp4,low
fLRRMLTFGMQ.005.mp4,low
FM5UaJS-bhg.000.mp4,low
FM5UaJS-bhg.001.mp4,low
FM5UaJS-bhg.002.mp4,low
FM5UaJS-bhg.004.mp4,low
FM5UaJS-bhg.005.mp4,low
fmjILOLc3eg.001.mp4,low
fmue_KpW9Ro.000.mp4,low
fmue_KpW9Ro.003.mp4,low
fmue_KpW9Ro.004.mp4,low
fmue_KpW9Ro.005.mp4,low
FNHMXPaHll0.004.mp4,low
FogaU_yB9aY.001.mp4,low
foj4bqLSmF8.001.mp4,low
foj4bqLSmF8.002.mp4,low
foj4bqLSmF8.003.mp4,low
FoWuHvikyqU.001.mp4,low
FoWuHvikyqU.003.mp4,low
FoWuHvikyqU.004.mp4,low
FPfgwGsy8dE.004.mp4,low
fPLd_NLF43M.002.mp4,low
fpyBDfh7qF0.001.mp4,low
fpyBDfh7qF0.002.mp4,low
fpyBDfh7qF0.004.mp4,low
FQMmM3TL5rE.001.mp4,low
FQMmM3TL5rE.003.mp4,low
FQMmM3TL5rE.004.mp4,low
FrOxqNe6sAU.000.mp4,low
frsDpQjmC5k.002.mp4,low
frsDpQjmC5k.003.mp4,low
fsaslN7xV-w.000.mp4,low
fsaslN7xV-w.002.mp4,low
fsaslN7xV-w.004.mp4,low
FSBBbxNi0iU.004.mp4,low
FSBBbxNi0iU.005.mp4,low
fsCK8Xuzl1Y.000.mp4,low
fsCK8Xuzl1Y.003.mp4,low
fsCK8Xuzl1Y.004.mp4,low
fSDA4eEyGHk.000.mp4,low
fSDA4eEyGHk.002.mp4,low
fSDA4eEyGHk.004.mp4,low
fSkQXqXR7D0.000.mp4,low
fSkQXqXR7D0.001.mp4,low
fSkQXqXR7D0.002.mp4,low
fSkQXqXR7D0.004.mp4,low
fsLf6Xv_Gbk.001.mp4,low
Ft0ahViXZPc.001.mp4,low
Ft0ahViXZPc.003.mp4,low
fTpemcfElxI.000.mp4,low
fTpemcfElxI.001.mp4,low
fTpemcfElxI.003.mp4,low
fTpemcfElxI.004.mp4,low
fTpemcfElxI.005.mp4,low
FU1ak530DDo.001.mp4,low
FU1ak530DDo.003.mp4,low
fUIWjaZCYwM.000.mp4,low
fUIWjaZCYwM.001.mp4,low
fuKtMm2WR0g.001.mp4,low
fv5lLeyRdd4.001.mp4,low
fv5lLeyRdd4.002.mp4,low
fv5lLeyRdd4.004.mp4,low
fv5lLeyRdd4.005.mp4,low
FvjIziLzffo.002.mp4,low
FvjIziLzffo.003.mp4,low
FvjIziLzffo.004.mp4,low
FwjoTGcsFNg.000.mp4,low
FwjoTGcsFNg.001.mp4,low
FwjoTGcsFNg.002.mp4,low
FwjoTGcsFNg.003.mp4,low
fwJykIyvS04.001.mp4,low
fwYZP8qOtC0.005.mp4,low
FxVUG2R1y0Q.000.mp4,low
FxVUG2R1y0Q.001.mp4,low
FxVUG2R1y0Q.004.mp4,low
fY4tctYZTz8.003.mp4,low
fY4tctYZTz8.005.mp4,low
fYUcoKDyRiU.001.mp4,low
fyXiORXmWHs.002.mp4,low
fyXiORXmWHs.003.mp4,low
Fz1BcPpjNXY.001.mp4,low
FZYN9ZFngFM.001.mp4,low
G-25EWOIGNs.000.mp4,low
G-25EWOIGNs.001.mp4,low
G-25EWOIGNs.002.mp4,low
G-25EWOIGNs.004.mp4,low
G-25EWOIGNs.005.mp4,low
g00oS-Kt248.001.mp4,low
g0PWBzU95sI.000.mp4,low
g0PWBzU95sI.001.mp4,low
g0PWBzU95sI.004.mp4,low
g0Zlp-F6Z6E.001.mp4,low
g0Zlp-F6Z6E.003.mp4,low
g0Zlp-F6Z6E.004.mp4,low
g1TMjzZH8bw.000.mp4,low
g1TMjzZH8bw.002.mp4,low
g1TMjzZH8bw.004.mp4,low
g24JGYuT74A.002.mp4,low
g24JGYuT74A.003.mp4,low
G2D3qU6R_YA.001.mp4,low
G2D3qU6R_YA.002.mp4,low
G2D3qU6R_YA.004.mp4,low
g4PQ753TDls.000.mp4,low
G7hYffrZ1Hc.004.mp4,low
G7hYffrZ1Hc.005.mp4,low
G7QTNbKbu_4.003.mp4,low
G7QTNbKbu_4.005.mp4,low
g7sDGH8APwk.000.mp4,low
g8rjtlzAQ6k.002.mp4,low
g8rjtlzAQ6k.003.mp4,low
g9zgIN56MnQ.001.mp4,low
g9zgIN56MnQ.004.mp4,low
g9zgIN56MnQ.005.mp4,low
g_UeE-1ghtQ.001.mp4,low
G_VQne_BXWE.002.mp4,low
ga_XczsO4eY.000.mp4,low
ga_XczsO4eY.001.mp4,low
ga_XczsO4eY.004.mp4,low
ga_XczsO4eY.005.mp4,low
GaUs3UUUtmw.001.mp4,low
gAWA-fcIa_M.001.mp4,low
gAWA-fcIa_M.002.mp4,low
gAWA-fcIa_M.003.mp4,low
gAWA-fcIa_M.004.mp4,low
gAWA-fcIa_M.005.mp4,low
gChqk1izWkc.002.mp4,low
GCkOL2jLSQA.000.mp4,low
GCkOL2jLSQA.001.mp4,low
GCkOL2jLSQA.002.mp4,low
GCkOL2jLSQA.005.mp4,low
gCQT7zfS7sI.001.mp4,low
gCQT7zfS7sI.002.mp4,low
Gd08FYfFRtk.000.mp4,low
Gd08FYfFRtk.001.mp4,low
Gd08FYfFRtk.004.mp4,low
Gd08FYfFRtk.005.mp4,low
Gdrgw7Z6tLg.002.mp4,low
Gdrgw7Z6tLg.003.mp4,low
Gdv79afXNKE.003.mp4,low
Gdv79afXNKE.005.mp4,low
geji1U2YAvg.002.mp4,low
geXpIfaFzF4.001.mp4,low
geXpIfaFzF4.002.mp4,low
geXpIfaFzF4.003.mp4,low
geXpIfaFzF4.004.mp4,low
gFEntQ_UKvk.002.mp4,low
gFEntQ_UKvk.003.mp4,low
gfTTzlRNF8s.003.mp4,low
Gg4OMtVe7lk.000.mp4,low
Gg4OMtVe7lk.001.mp4,low
Gg4OMtVe7lk.002.mp4,low
GG9WPQLI_rg.000.mp4,low
GG9WPQLI_rg.004.mp4,low
GG9WPQLI_rg.005.mp4,low
gggp205gPMI.001.mp4,low
gggp205gPMI.003.mp4,low
GGiKj4OC2Jk.001.mp4,low
GHetseJP358.001.mp4,low
GHetseJP358.004.mp4,low
gipWTZy9mjI.000.mp4,low
gipWTZy9mjI.002.mp4,low
gipWTZy9mjI.003.mp4,low
gipWTZy9mjI.005.mp4,low
gj3-xvhPeWg.003.mp4,low
gj3-xvhPeWg.005.mp4,low
Gk94xrcmFts.000.mp4,low
Gk94xrcmFts.002.mp4,low
Gk94xrcmFts.003.mp4,low
Gk94xrcmFts.004.mp4,low
Gk94xrcmFts.005.mp4,low
GkA0RCMSWF4.000.mp4,low
gkKHdsF6du4.000.mp4,low
gkKHdsF6du4.003.mp4,low
gkKHdsF6du4.004.mp4,low
GkPz3-y6Les.001.mp4,low
gktkLqLHMGs.001.mp4,low
Gl93Hw1A2kY.002.mp4,low
Gl93Hw1A2kY.003.mp4,low
Gl93Hw1A2kY.005.mp4,low
glgfB3vFewc.000.mp4,low
glgfB3vFewc.002.mp4,low
glgfB3vFewc.003.mp4,low
gLtvOEy7m8Q.002.mp4,low
gLtvOEy7m8Q.005.mp4,low
gM_KAA-ejJA.005.mp4,low
GMwEmLo-gfc.000.mp4,low
GMwEmLo-gfc.002.mp4,low
GMwEmLo-gfc.003.mp4,low
GMwEmLo-gfc.004.mp4,low
gngqDNTAXnI.002.mp4,low
gngqDNTAXnI.004.mp4,low
GO6s-qDADuU.004.mp4,low
GocSYjCaMlA.005.mp4,low
Gomd4Y8-D2Q.005.mp4,low
gOS-CneQsxI.003.mp4,low
gq0yaEv6gSE.000.mp4,low
gq0yaEv6gSE.002.mp4,low
GQczMGrVgbc.000.mp4,low
GQczMGrVgbc.001.mp4,low
GQczMGrVgbc.002.mp4,low
GquB5W7bzFo.003.mp4,low
GR-P1m_Yvm0.000.mp4,low
GR-P1m_Yvm0.005.mp4,low
grhDDOLsBho.000.mp4,low
grhDDOLsBho.002.mp4,low
grhDDOLsBho.004.mp4,low
grhDDOLsBho.005.mp4,low
GRXPm8mmidw.000.mp4,low
Gs-AdRcYSPo.000.mp4,low
Gs-AdRcYSPo.001.mp4,low
Gs-AdRcYSPo.004.mp4,low
GS7cBLgZKgk.000.mp4,low
GS7cBLgZKgk.001.mp4,low
GS7cBLgZKgk.002.mp4,low
GS7cBLgZKgk.003.mp4,low
GS7cBLgZKgk.004.mp4,low
gSCurvS_vWU.004.mp4,low
gsleSGEZHAs.000.mp4,low
gsleSGEZHAs.001.mp4,low
gsleSGEZHAs.002.mp4,low
gsleSGEZHAs.004.mp4,low
gsleSGEZHAs.005.mp4,low
GTmHSF6vNWc.001.mp4,low
GTmHSF6vNWc.002.mp4,low
GTmHSF6vNWc.003.mp4,low
GTmHSF6vNWc.005.mp4,low
GUxm9AWVpOI.000.mp4,low
GUxm9AWVpOI.003.mp4,low
gUyH1qvbOZA.000.mp4,low
gUyH1qvbOZA.004.mp4,low
gUyH1qvbOZA.005.mp4,low
Gvdh94z-SoM.002.mp4,low
gWCgqVn3m3k.000.mp4,low
gWCgqVn3m3k.001.mp4,low
GwKmjEb3qN0.001.mp4,low
GwKmjEb3qN0.002.mp4,low
GwKmjEb3qN0.004.mp4,low
GWOtluILlk4.002.mp4,low
GWOtluILlk4.003.mp4,low
GWOtluILlk4.005.mp4,low
gX20EUUZc9M.004.mp4,low
GxMxrhiyjO8.005.mp4,low
GYku69XEoxc.002.mp4,low
GYku69XEoxc.004.mp4,low
GyLjVOVPGKQ.001.mp4,low
GyLjVOVPGKQ.003.mp4,low
GyLjVOVPGKQ.004.mp4,low
GyLjVOVPGKQ.005.mp4,low
gZblxCs4EV4.001.mp4,low
gZzB49daFfA.003.mp4,low
gZzB49daFfA.005.mp4,low
h-jMFLm6U_Y.000.mp4,low
h-jMFLm6U_Y.004.mp4,low
H0_4dZMjUow.001.mp4,low
h2-_bQdTZYY.004.mp4,low
H6s9aFAQP3M.000.mp4,low
H6yu96w7tUc.000.mp4,low
H6yu96w7tUc.002.mp4,low
H6yu96w7tUc.005.mp4,low
h7qbP1GS50U.003.mp4,low
h7qbP1GS50U.004.mp4,low
H8h4fAGgV18.001.mp4,low
H8h4fAGgV18.005.mp4,low
h9jIdLBaMEo.000.mp4,low
h9jIdLBaMEo.001.mp4,low
h9jIdLBaMEo.002.mp4,low
h9jIdLBaMEo.004.mp4,low
h_GDQ9_H1es.002.mp4,low
h_kjgcJ_bqU.002.mp4,low
h_kjgcJ_bqU.003.mp4,low
h_kjgcJ_bqU.004.mp4,low
h_kjgcJ_bqU.005.mp4,low
haxhAfuccuE.000.mp4,low
HbGeoKBULAA.001.mp4,low
HCkDd0UnUgo.000.mp4,low
HCkDd0UnUgo.002.mp4,low
HCkDd0UnUgo.003.mp4,low
HCkDd0UnUgo.004.mp4,low
hd2-msVu9-g.000.mp4,low
hDqsuyVeWmw.000.mp4,low
hDqsuyVeWmw.004.mp4,low
heE4ZZXwehI.002.mp4,low
HegkSmkiBos.005.mp4,low
HEHMW0uiFa4.000.mp4,low
HEHMW0uiFa4.002.mp4,low
HekcZ0Em60E.000.mp4,low
HekcZ0Em60E.002.mp4,low
HekcZ0Em60E.004.mp4,low
HekcZ0Em60E.005.mp4,low
hF3yR5rmga8.001.mp4,low
hF3yR5rmga8.003.mp4,low
hF3yR5rmga8.004.mp4,low
hfUH9Am-Izs.000.mp4,low
hG-pwa191bw.000.mp4,low
hG-pwa191bw.002.mp4,low
hG0I7DLSSYg.001.mp4,low
hG0I7DLSSYg.002.mp4,low
hG0I7DLSSYg.003.mp4,low
hG0I7DLSSYg.005.mp4,low
HH03EXo0TB0.001.mp4,low
HH03EXo0TB0.002.mp4,low
HH03EXo0TB0.004.mp4,low
HH14jGFGuL0.005.mp4,low
HhC2cGFFZeY.000.mp4,low
HhC2cGFFZeY.001.mp4,low
HhC2cGFFZeY.005.mp4,low
hhdoeK8SsiI.000.mp4,low
hhdoeK8SsiI.001.mp4,low
hhdoeK8SsiI.002.mp4,low
hhdoeK8SsiI.003.mp4,low
hhdoeK8SsiI.005.mp4,low
hhdzTOyFIo8.001.mp4,low
hhdzTOyFIo8.002.mp4,low
hhdzTOyFIo8.003.mp4,low
hi8A0nUHnL8.003.mp4,low
hIFNZ_ycngg.001.mp4,low
hIFNZ_ycngg.002.mp4,low
hIxLNK_x_QA.002.mp4,low
hIxLNK_x_QA.005.mp4,low
HJkoeB_F4c4.000.mp4,low
HJkoeB_F4c4.001.mp4,low
hK5lmI9pwck.003.mp4,low
HkBs4_vaCcs.000.mp4,low
Hklc55y7vUI.000.mp4,low
Hklc55y7vUI.005.mp4,low
HL-K_PZXFR4.005.mp4,low
hl70w5drc_4.003.mp4,low
Hm5K_K0v718.000.mp4,low
Hm5K_K0v718.003.mp4,low
Hm5K_K0v718.004.mp4,low
hM96SfN5_F4.004.mp4,low
hmTY4CubpiE.002.mp4,low
hmy9XEvT2v4.000.mp4,low
hmy9XEvT2v4.004.mp4,low
HNKnvSmTkC4.001.mp4,low
HNKnvSmTkC4.002.mp4,low
HNKnvSmTkC4.005.mp4,low
hnMp0eX28es.001.mp4,low
hnWMsZEQWt4.001.mp4,low
hnWMsZEQWt4.003.mp4,low
HoJXPFp9hYo.000.mp4,low
HoJXPFp9hYo.004.mp4,low
HONL8ha-1BE.000.mp4,low
HONL8ha-1BE.002.mp4,low
HONL8ha-1BE.003.mp4,low
HONL8ha-1BE.004.mp4,low
HONL8ha-1BE.005.mp4,low
hOXvRgxjfik.000.mp4,low
hOXvRgxjfik.001.mp4,low
hOXvRgxjfik.003.mp4,low
hOXvRgxjfik.004.mp4,low
HP8f3oqJwz0.000.mp4,low
HP8f3oqJwz0.001.mp4,low
HP8f3oqJwz0.002.mp4,low
HP8f3oqJwz0.003.mp4,low
HP8f3oqJwz0.005.mp4,low
HPEemWelY1E.000.mp4,low
HPEemWelY1E.001.mp4,low
HPEemWelY1E.002.mp4,low
HPEemWelY1E.004.mp4,low
hPguTv1Zvg8.001.mp4,low
hPguTv1Zvg8.002.mp4,low
hPguTv1Zvg8.003.mp4,low
hPguTv1Zvg8.004.mp4,low
hqe-8SMJGmc.003.mp4,low
hQImLccateA.002.mp4,low
hquzfo9MVDo.001.mp4,low
hquzfo9MVDo.002.mp4,low
hquzfo9MVDo.003.mp4,low
HQZD4j8_FR8.003.mp4,low
hrat_RJczFM.001.mp4,low
hrat_RJczFM.002.mp4,low
hrat_RJczFM.004.mp4,low
HrddpXxWFns.002.mp4,low
hspeWl-Bip0.002.mp4,low
hspeWl-Bip0.003.mp4,low
hspeWl-Bip0.004.mp4,low
hsXn0N8bAYs.005.mp4,low
hT83GkLYIFs.001.mp4,low
hT83GkLYIFs.002.mp4,low
HT_8WpgGqjk.000.mp4,low
HT_8WpgGqjk.001.mp4,low
HT_8WpgGqjk.003.mp4,low
HT_8WpgGqjk.004.mp4,low
HTF8k56_Oxo.001.mp4,low
HTF8k56_Oxo.004.mp4,low
HTF8k56_Oxo.005.mp4,low
htH89DBizno.000.mp4,low
htH89DBizno.001.mp4,low
htH89DBizno.002.mp4,low
htH89DBizno.003.mp4,low
htH89DBizno.005.mp4,low
HUHFlCs3YJ8.000.mp4,low
HUHFlCs3YJ8.001.mp4,low
HUHFlCs3YJ8.003.mp4,low
HUHFlCs3YJ8.005.mp4,low
huIQlWsIEvY.000.mp4,low
huIQlWsIEvY.003.mp4,low
huIQlWsIEvY.004.mp4,low
huIQlWsIEvY.005.mp4,low
HUJt0I1UKzo.000.mp4,low
HUJt0I1UKzo.001.mp4,low
HUJt0I1UKzo.002.mp4,low
HUJt0I1UKzo.003.mp4,low
HUxtuDE-YNE.003.mp4,low
HUxtuDE-YNE.004.mp4,low
HWuh0biZQ_c.000.mp4,low
HWuh0biZQ_c.001.mp4,low
HWuh0biZQ_c.002.mp4,low
HX-3jJdK7HM.001.mp4,low
HX-3jJdK7HM.004.mp4,low
hX2TVefa5bQ.002.mp4,low
hX2TVefa5bQ.005.mp4,low
hZIGQXercNA.001.mp4,low
I01_ubtktEQ.001.mp4,low
I01_ubtktEQ.003.mp4,low
I01_ubtktEQ.004.mp4,low
I01_ubtktEQ.005.mp4,low
i1cAYtXA2Xs.002.mp4,low
i1cAYtXA2Xs.003.mp4,low
i1gouUmZumY.001.mp4,low
i1gouUmZumY.002.mp4,low
i1gouUmZumY.003.mp4,low
i4IVTm3uvoM.000.mp4,low
i4IVTm3uvoM.002.mp4,low
i4IVTm3uvoM.005.mp4,low
I53JQFtiQxM.000.mp4,low
I5x9T9ftW18.000.mp4,low
I5x9T9ftW18.004.mp4,low
I5x9T9ftW18.005.mp4,low
I8jMoBAMtVA.000.mp4,low
I8jMoBAMtVA.005.mp4,low
I_ncZcYgFjw.000.mp4,low
I_ncZcYgFjw.002.mp4,low
iaCYb7um0Lw.000.mp4,low
iAgu-wDe2MQ.000.mp4,low
iAgu-wDe2MQ.002.mp4,low
iAgu-wDe2MQ.003.mp4,low
ibawV2tqKug.001.mp4,low
ibawV2tqKug.004.mp4,low
ibawV2tqKug.005.mp4,low
IBqmyEhgnHM.005.mp4,low
ic_LECbCm5M.002.mp4,low
ic_LECbCm5M.004.mp4,low
idsEawKW4X8.000.mp4,low
idsEawKW4X8.004.mp4,low
idsEawKW4X8.005.mp4,low
Ie2y_yOeKpo.004.mp4,low
IFF47jVKMj8.002.mp4,low
IFF47jVKMj8.003.mp4,low
IFF47jVKMj8.004.mp4,low
iFSF6v3xw_k.002.mp4,low
iFSF6v3xw_k.005.mp4,low
IFXaH_E54iA.002.mp4,low
IFXaH_E54iA.004.mp4,low
IFXaH_E54iA.005.mp4,low
iGBVrJMr62U.000.mp4,low
iGBVrJMr62U.002.mp4,low
iGBVrJMr62U.003.mp4,low
iGBVrJMr62U.005.mp4,low
iGlLSkRAsJc.000.mp4,low
iGlLSkRAsJc.003.mp4,low
iGlLSkRAsJc.004.mp4,low
iGlLSkRAsJc.005.mp4,low
ihA8DzHWyiU.001.mp4,low
ihEFzP5S57g.000.mp4,low
ihEFzP5S57g.003.mp4,low
IHJn3UHXCMs.000.mp4,low
IHJn3UHXCMs.001.mp4,low
IHJn3UHXCMs.003.mp4,low
IHJn3UHXCMs.004.mp4,low
II2KVV-uLNI.000.mp4,low
II2KVV-uLNI.001.mp4,low
II2KVV-uLNI.002.mp4,low
II2KVV-uLNI.003.mp4,low
II2KVV-uLNI.004.mp4,low
II2KVV-uLNI.005.mp4,low
iiW_nu6JITY.001.mp4,low
iiW_nu6JITY.002.mp4,low
iiW_nu6JITY.004.mp4,low
iiW_nu6JITY.005.mp4,low
iJGHwoJKEpA.002.mp4,low
iJGHwoJKEpA.003.mp4,low
IL5VgGakSNw.000.mp4,low
IL5VgGakSNw.003.mp4,low
IL5VgGakSNw.005.mp4,low
iL6lNdRS0ZU.000.mp4,low
IlbODduDCb4.000.mp4,low
IlbODduDCb4.001.mp4,low
IlbODduDCb4.002.mp4,low
IlbODduDCb4.003.mp4,low
IlbODduDCb4.004.mp4,low
IlbODduDCb4.005.mp4,low
ilOi-sQo9HI.001.mp4,low
ilOi-sQo9HI.005.mp4,low
IMCEXoAkZv4.000.mp4,low
IMCEXoAkZv4.002.mp4,low
IMCEXoAkZv4.005.mp4,low
in-HuMgiDCE.001.mp4,low
in-HuMgiDCE.002.mp4,low
in-HuMgiDCE.003.mp4,low
in-HuMgiDCE.004.mp4,low
io0aNQE8En8.000.mp4,low
io0aNQE8En8.002.mp4,low
io0aNQE8En8.003.mp4,low
io0aNQE8En8.005.mp4,low
io8dFIfl9Go.000.mp4,low
ioaBnmfoHgo.000.mp4,low
iOB65zCiOFM.001.mp4,low
iOB65zCiOFM.003.mp4,low
iOv0_RdVPCM.000.mp4,low
iOv0_RdVPCM.003.mp4,low
iOv0_RdVPCM.005.mp4,low
iPblZBQpafs.001.mp4,low
iPblZBQpafs.002.mp4,low
iPblZBQpafs.003.mp4,low
iPblZBQpafs.004.mp4,low
iPblZBQpafs.005.mp4,low
IPjl2LdPMn0.000.mp4,low
IPjl2LdPMn0.003.mp4,low
IPjl2LdPMn0.004.mp4,low
ipP--IqIuWU.001.mp4,low
ipP--IqIuWU.002.mp4,low
ipP--IqIuWU.003.mp4,low
Iqbg3CwVpXA.004.mp4,low
IQdz0Pd-L2Y.001.mp4,low
IQdz0Pd-L2Y.003.mp4,low
IQdz0Pd-L2Y.004.mp4,low
IQdz0Pd-L2Y.005.mp4,low
IQNNEfYYYiw.005.mp4,low
iqs7mZbg5UI.001.mp4,low
iqs7mZbg5UI.005.mp4,low
iQvoDdxt06M.000.mp4,low
iQvoDdxt06M.003.mp4,low
iQvoDdxt06M.005.mp4,low
isaP2l3rlBQ.001.mp4,low
isqmQc9AfBc.000.mp4,low
isqmQc9AfBc.001.mp4,low
isqmQc9AfBc.003.mp4,low
isqmQc9AfBc.005.mp4,low
It0-yCwOc5k.000.mp4,low
It0-yCwOc5k.002.mp4,low
It0-yCwOc5k.003.mp4,low
ItkIHtgVhIk.000.mp4,low
ItkIHtgVhIk.001.mp4,low
ItkIHtgVhIk.004.mp4,low
iuiuZuWtEH8.001.mp4,low
IV01x2GS61g.000.mp4,low
ivcVlDXJCDo.000.mp4,low
ivcVlDXJCDo.001.mp4,low
ivcVlDXJCDo.002.mp4,low
ivecmGb711M.001.mp4,low
IveGfOJ86wY.000.mp4,low
IveGfOJ86wY.001.mp4,low
IveGfOJ86wY.002.mp4,low
IveGfOJ86wY.004.mp4,low
ivpw58MIRtQ.003.mp4,low
ivpw58MIRtQ.005.mp4,low
iW1t-ZiG2rc.000.mp4,low
iW1t-ZiG2rc.001.mp4,low
IWAT58l2Chg.001.mp4,low
IwfA-squ7Oo.000.mp4,low
IwfA-squ7Oo.001.mp4,low
IwfA-squ7Oo.002.mp4,low
IwfA-squ7Oo.004.mp4,low
IwfA-squ7Oo.005.mp4,low
iWyAQkMVNfM.003.mp4,low
iWyAQkMVNfM.004.mp4,low
iXaqqRE76lI.000.mp4,low
iXaqqRE76lI.001.mp4,low
iXaqqRE76lI.003.mp4,low
ixkHBIX84SE.000.mp4,low
ixPqs7L8oAE.003.mp4,low
ixPqs7L8oAE.004.mp4,low
ixPqs7L8oAE.005.mp4,low
IXVf5VWxOAg.000.mp4,low
IXVf5VWxOAg.002.mp4,low
IXVf5VWxOAg.003.mp4,low
IXVf5VWxOAg.004.mp4,low
IXVf5VWxOAg.005.mp4,low
IyBCZySg-c4.000.mp4,low
IyBCZySg-c4.001.mp4,low
IyBCZySg-c4.003.mp4,low
iYVJt41_q7M.002.mp4,low
IzKWDY_QNTU.000.mp4,low
izq1ogkfedI.002.mp4,low
izq1ogkfedI.004.mp4,low
izqyworQEEM.000.mp4,low
izqyworQEEM.001.mp4,low
izqyworQEEM.002.mp4,low
IzsP0TRzFbo.002.mp4,low
j-XUQ3Rmq6w.001.mp4,low
j-XUQ3Rmq6w.002.mp4,low
j-XUQ3Rmq6w.003.mp4,low
j-XUQ3Rmq6w.004.mp4,low
j-XUQ3Rmq6w.005.mp4,low
j0dnDXTyUBA.001.mp4,low
J0I8JzMR4IE.005.mp4,low
J0JrzUmZGcA.001.mp4,low
J0JrzUmZGcA.002.mp4,low
J0JrzUmZGcA.003.mp4,low
J0JrzUmZGcA.005.mp4,low
j1idNSoB7tA.000.mp4,low
J28DwJsK8Do.000.mp4,low
J28DwJsK8Do.002.mp4,low
J28DwJsK8Do.003.mp4,low
J28DwJsK8Do.004.mp4,low
J30sMEMrKjA.000.mp4,low
J30sMEMrKjA.001.mp4,low
J30sMEMrKjA.002.mp4,low
j3jdT1V-DeI.000.mp4,low
j3jdT1V-DeI.001.mp4,low
j3jdT1V-DeI.002.mp4,low
j3jdT1V-DeI.003.mp4,low
j3jdT1V-DeI.004.mp4,low
j3jdT1V-DeI.005.mp4,low
J4GQm9j0JZ0.000.mp4,low
J4GQm9j0JZ0.001.mp4,low
J4GQm9j0JZ0.003.mp4,low
J4GQm9j0JZ0.005.mp4,low
j5fXaXrNPoA.000.mp4,low
j5fXaXrNPoA.004.mp4,low
j5fXaXrNPoA.005.mp4,low
j6d-KRDXnUI.001.mp4,low
J6RHl6U6Jcw.000.mp4,low
j7VLzb0qw8Q.001.mp4,low
j7VLzb0qw8Q.004.mp4,low
J8N2OCqM6N0.001.mp4,low
J8YpOUmN_aI.000.mp4,low
J8YpOUmN_aI.001.mp4,low
J8YpOUmN_aI.003.mp4,low
J8YpOUmN_aI.005.mp4,low
J9MfhPoJOaw.003.mp4,low
J9MfhPoJOaw.004.mp4,low
J9WyswA0vow.001.mp4,low
J9WyswA0vow.002.mp4,low
J9WyswA0vow.003.mp4,low
jaWY130zc1U.001.mp4,low
JBdLI6AhJrw.000.mp4,low
JBdLI6AhJrw.001.mp4,low
JBdLI6AhJrw.002.mp4,low
JBiq9X_-r84.000.mp4,low
JBiq9X_-r84.002.mp4,low
JBiq9X_-r84.004.mp4,low
JbXgnjVWEoM.002.mp4,low
JciLbidX1Q8.003.mp4,low
JcNmLCtlKok.001.mp4,low
Jcw9NZkMn6I.004.mp4,low
jDdRrqRcSzM.000.mp4,low
jDdRrqRcSzM.001.mp4,low
jDdRrqRcSzM.002.mp4,low
jdli4DDP7XM.003.mp4,low
jdli4DDP7XM.004.mp4,low
jdli4DDP7XM.005.mp4,low
JEhC58vobs4.001.mp4,low
JEualxMkaE4.002.mp4,low
JEualxMkaE4.003.mp4,low
JEualxMkaE4.004.mp4,low
Jf8lqSpAjZ8.001.mp4,low
Jf8lqSpAjZ8.002.mp4,low
Jf8lqSpAjZ8.004.mp4,low
JFKZEGDhcRs.000.mp4,low
JFKZEGDhcRs.001.mp4,low
JFKZEGDhcRs.002.mp4,low
JFKZEGDhcRs.003.mp4,low
JFKZEGDhcRs.004.mp4,low
JFKZEGDhcRs.005.mp4,low
jFx6AEw6viQ.002.mp4,low
jFx6AEw6viQ.004.mp4,low
jFx6AEw6viQ.005.mp4,low
jgyDXrhO3n4.000.mp4,low
jgyDXrhO3n4.003.mp4,low
Jh7Wk5fYeMk.001.mp4,low
Jh7Wk5fYeMk.002.mp4,low
JhdFmuwquHM.003.mp4,low
Jhz5ssCKaug.001.mp4,low
Jhz5ssCKaug.002.mp4,low
Jhz5ssCKaug.003.mp4,low
JIR4aPcyrn8.000.mp4,low
JIR4aPcyrn8.001.mp4,low
JiXJeI5_jGM.000.mp4,low
JiXJeI5_jGM.002.mp4,low
JiXJeI5_jGM.003.mp4,low
JiXJeI5_jGM.005.mp4,low
JIYZTruMpiI.000.mp4,low
JIYZTruMpiI.001.mp4,low
JIYZTruMpiI.003.mp4,low
JIYZTruMpiI.005.mp4,low
jjFzwsootdM.000.mp4,low
jjFzwsootdM.004.mp4,low
JJs_HTelie4.002.mp4,low
JKDEEwxZwrw.001.mp4,low
JKDEEwxZwrw.005.mp4,low
jKHaHWuaU14.001.mp4,low
jlDYn537Pd0.001.mp4,low
jlDYn537Pd0.002.mp4,low
jlDYn537Pd0.004.mp4,low
jlHKgXrxCu8.000.mp4,low
jlHKgXrxCu8.004.mp4,low
JlMPF03b8SM.001.mp4,low
JmAQlC-FEV8.003.mp4,low
jmbAPNTJ3Vk.002.mp4,low
jmbAPNTJ3Vk.003.mp4,low
jmbAPNTJ3Vk.005.mp4,low
Jn76eAPxjNA.002.mp4,low
Jn76eAPxjNA.003.mp4,low
Jn76eAPxjNA.005.mp4,low
JN_LH6fs868.005.mp4,low
jnEHHvlBgxE.002.mp4,low
JO44XCaQGVY.000.mp4,low
JO44XCaQGVY.003.mp4,low
JO44XCaQGVY.004.mp4,low
Jog1-pYOSD0.000.mp4,low
Jog1-pYOSD0.001.mp4,low
Jog1-pYOSD0.002.mp4,low
Jog1-pYOSD0.003.mp4,low
Jog1-pYOSD0.005.mp4,low
jolhoLhAurM.001.mp4,low
jolhoLhAurM.002.mp4,low
jolhoLhAurM.004.mp4,low
jolhoLhAurM.005.mp4,low
joOfhNyKRjE.004.mp4,low
JoQRNgGQCgY.000.mp4,low
JoQRNgGQCgY.002.mp4,low
JoQRNgGQCgY.003.mp4,low
JoQRNgGQCgY.004.mp4,low
jOTlJwOBSd4.002.mp4,low
jOTlJwOBSd4.003.mp4,low
jOTlJwOBSd4.004.mp4,low
jOTlJwOBSd4.005.mp4,low
Jp-Hu7yxqR8.000.mp4,low
jpbz8CA4RvI.000.mp4,low
jpbz8CA4RvI.004.mp4,low
jPpZkVzQywk.000.mp4,low
jPpZkVzQywk.001.mp4,low
jPpZkVzQywk.003.mp4,low
jpPZVmzleAo.001.mp4,low
jpPZVmzleAo.002.mp4,low
jpRnHWTLDUs.003.mp4,low
jpRnHWTLDUs.005.mp4,low
jpyU48DzGTY.001.mp4,low
jpyU48DzGTY.002.mp4,low
jpyU48DzGTY.004.mp4,low
jpyU48DzGTY.005.mp4,low
jq1dLOVUQJA.000.mp4,low
jQRFHBVs0dA.004.mp4,low
jQRFHBVs0dA.005.mp4,low
Jr6GmDtvTK0.000.mp4,low
jrhvXPaXo-0.000.mp4,low
jSw-grsJCnE.000.mp4,low
jSw-grsJCnE.003.mp4,low
jTkEWnuDnbA.001.mp4,low
jTkEWnuDnbA.002.mp4,low
jTkEWnuDnbA.004.mp4,low
JTmq4k4uQCY.000.mp4,low
JTmq4k4uQCY.001.mp4,low
JTmq4k4uQCY.002.mp4,low
JTmq4k4uQCY.003.mp4,low
ju7N5w4XZ4A.000.mp4,low
ju7N5w4XZ4A.002.mp4,low
jub-AHFTH_g.000.mp4,low
Jv2lyDcOmEM.001.mp4,low
Jv2lyDcOmEM.002.mp4,low
Jv2lyDcOmEM.003.mp4,low
Jv2lyDcOmEM.004.mp4,low
Jv2lyDcOmEM.005.mp4,low
jVGTEDAYWZ8.001.mp4,low
jVGTEDAYWZ8.003.mp4,low
jvHDFrgu9PA.005.mp4,low
JVzG-zy9CO0.004.mp4,low
jwbHWwySJW8.004.mp4,low
jwcSbw4NDn0.002.mp4,low
jwcSbw4NDn0.004.mp4,low
jwcSbw4NDn0.005.mp4,low
jwPTGuWAnSI.004.mp4,low
jxoOEkSq0uM.001.mp4,low
jxt1W2WRNHQ.000.mp4,low
jxt1W2WRNHQ.002.mp4,low
jxt1W2WRNHQ.003.mp4,low
jxt1W2WRNHQ.004.mp4,low
jxt1W2WRNHQ.005.mp4,low
JxxF9y61ujA.000.mp4,low
JxxF9y61ujA.003.mp4,low
JxxF9y61ujA.004.mp4,low
JxxF9y61ujA.005.mp4,low
jz9kgvYbBYA.003.mp4,low
jz9kgvYbBYA.005.mp4,low
jZDlFzVUZwY.001.mp4,low
jZDlFzVUZwY.002.mp4,low
jZDlFzVUZwY.003.mp4,low
jZDlFzVUZwY.005.mp4,low
jZhlaIUFMLc.000.mp4,low
jZhlaIUFMLc.001.mp4,low
jZhlaIUFMLc.003.mp4,low
jZhlaIUFMLc.004.mp4,low
jZhlaIUFMLc.005.mp4,low
jZl3Rq1MRQg.000.mp4,low
jZl3Rq1MRQg.003.mp4,low
JZNMxa3OKHY.005.mp4,low
JzXnxQDnwWE.002.mp4,low
K-fMyzPB7FI.005.mp4,low
K-iwJMxjyx4.000.mp4,low
K-iwJMxjyx4.001.mp4,low
K-iwJMxjyx4.003.mp4,low
K-iwJMxjyx4.004.mp4,low
K-iwJMxjyx4.005.mp4,low
K-Z_mLE8nlo.004.mp4,low
k1eXxMAfnIY.005.mp4,low
k2buv6xZ4_o.000.mp4,low
k2buv6xZ4_o.001.mp4,low
k2buv6xZ4_o.003.mp4,low
k2buv6xZ4_o.004.mp4,low
k2buv6xZ4_o.005.mp4,low
K3-YXXLR0Ho.000.mp4,low
k3iu-fhIkeI.000.mp4,low
k3iu-fhIkeI.002.mp4,low
k3iu-fhIkeI.003.mp4,low
k4eeYoHtnnI.000.mp4,low
k4eeYoHtnnI.001.mp4,low
k4eeYoHtnnI.004.mp4,low
k4QmzZuQl9s.003.mp4,low
k4QmzZuQl9s.004.mp4,low
K4UcCvZOxWo.001.mp4,low
K4UcCvZOxWo.004.mp4,low
K5WDz2jxtuI.000.mp4,low
K63T9l1xY7U.000.mp4,low
K63T9l1xY7U.001.mp4,low
K63T9l1xY7U.003.mp4,low
K7vBdKrcFKo.001.mp4,low
k99PI3FGEj0.000.mp4,low
K9h_wA30XgM.002.mp4,low
K9U_Z8GdGRo.001.mp4,low
K9U_Z8GdGRo.005.mp4,low
K9ZTOb6PbfQ.000.mp4,low
K9ZTOb6PbfQ.004.mp4,low
kAbMWBsPKR4.000.mp4,low
kAbMWBsPKR4.002.mp4,low
KAGTaM0Z9tA.001.mp4,low
KAGTaM0Z9tA.004.mp4,low
KAGTaM0Z9tA.005.mp4,low
KahSwziq8F0.000.mp4,low
KahSwziq8F0.001.mp4,low
KahSwziq8F0.002.mp4,low
KahSwziq8F0.003.mp4,low
KahSwziq8F0.004.mp4,low
kAjPHyfol4w.001.mp4,low
kAjPHyfol4w.004.mp4,low
kAjvzIWWrWA.002.mp4,low
kAjvzIWWrWA.003.mp4,low
kAjvzIWWrWA.005.mp4,low
kare8QF7vrE.000.mp4,low
KB09jENVJ_0.002.mp4,low
KB09jENVJ_0.004.mp4,low
Kbcvurfuvhk.000.mp4,low
Kbcvurfuvhk.002.mp4,low
Kbcvurfuvhk.004.mp4,low
kcHvO5ins50.002.mp4,low
kcHvO5ins50.003.mp4,low
KD9rExmTXcE.005.mp4,low
kDInh1O8p5w.005.mp4,low
kDJigDGDJTo.000.mp4,low
kDJigDGDJTo.001.mp4,low
kDJigDGDJTo.003.mp4,low
kDJigDGDJTo.005.mp4,low
KdMiQUWNByk.001.mp4,low
kDP6_hiBR0o.002.mp4,low
kDP6_hiBR0o.003.mp4,low
kDP6_hiBR0o.005.mp4,low
kdPRPO3wgg0.000.mp4,low
kdPRPO3wgg0.001.mp4,low
kdPRPO3wgg0.004.mp4,low
KDwpjQiIfjY.000.mp4,low
KDwpjQiIfjY.003.mp4,low
KDwpjQiIfjY.005.mp4,low
kDXYolv-8p8.000.mp4,low
kDXYolv-8p8.002.mp4,low
kDXYolv-8p8.003.mp4,low
kDXYolv-8p8.005.mp4,low
keGXYAcUXmA.001.mp4,low
keGXYAcUXmA.002.mp4,low
keGXYAcUXmA.005.mp4,low
keW8-eSiQ70.003.mp4,low
kFak4VnRnRM.001.mp4,low
kFak4VnRnRM.004.mp4,low
kFak4VnRnRM.005.mp4,low
KfurkMyjD-c.001.mp4,low
KfurkMyjD-c.002.mp4,low
KfurkMyjD-c.003.mp4,low
KfurkMyjD-c.004.mp4,low
Kga18VO9VwY.000.mp4,low
Kga18VO9VwY.002.mp4,low
KGRUaRe3r7I.001.mp4,low
KGRUaRe3r7I.002.mp4,low
KGRUaRe3r7I.005.mp4,low
khCsAN1Bk_I.000.mp4,low
khCsAN1Bk_I.001.mp4,low
khCsAN1Bk_I.002.mp4,low
kHK5PkwJS7Y.003.mp4,low
KhMsmtSC5Lg.000.mp4,low
KhMsmtSC5Lg.001.mp4,low
KhMsmtSC5Lg.005.mp4,low
KHQJhOzdrYo.002.mp4,low
KHQJhOzdrYo.003.mp4,low
KHQJhOzdrYo.004.mp4,low
KIhpjwf5uAA.000.mp4,low
KIhpjwf5uAA.001.mp4,low
KIhpjwf5uAA.002.mp4,low
KIhpjwf5uAA.003.mp4,low
KIJ9IYETe38.001.mp4,low
KIJ9IYETe38.002.mp4,low
KIJ9IYETe38.003.mp4,low
KiM9P_FJVHg.004.mp4,low
KiM9P_FJVHg.005.mp4,low
KJ643kfjqLY.001.mp4,low
KJ643kfjqLY.002.mp4,low
KJ643kfjqLY.003.mp4,low
kJLeYUobR0M.001.mp4,low
KJP4SKS2vtY.000.mp4,low
KJP4SKS2vtY.003.mp4,low
kK4QL7pOrhs.002.mp4,low
kK4QL7pOrhs.003.mp4,low
kK534gUcRF4.004.mp4,low
kKRc2aXzQyM.002.mp4,low
kKRc2aXzQyM.004.mp4,low
kL-CeaXG9jM.000.mp4,low
kL-CeaXG9jM.001.mp4,low
kL-CeaXG9jM.002.mp4,low
kL-CeaXG9jM.004.mp4,low
KLY518hfGhU.000.mp4,low
KLY518hfGhU.001.mp4,low
KLY518hfGhU.004.mp4,low
KLY518hfGhU.005.mp4,low
KM6Nc_VipyQ.001.mp4,low
KM6Nc_VipyQ.005.mp4,low
KmHe8urs3LI.002.mp4,low
KmHe8urs3LI.003.mp4,low
KmHe8urs3LI.005.mp4,low
Kmrd1MsZKmQ.000.mp4,low
Kmrd1MsZKmQ.001.mp4,low
Kmrd1MsZKmQ.002.mp4,low
Kmrd1MsZKmQ.003.mp4,low
kmV6Qtv0amA.001.mp4,low
kmV6Qtv0amA.003.mp4,low
kmV6Qtv0amA.005.mp4,low
kn6I8LdQFN0.004.mp4,low
kN9cs2nFhM4.002.mp4,low
kN9cs2nFhM4.003.mp4,low
kN9cs2nFhM4.004.mp4,low
kN9cs2nFhM4.005.mp4,low
kN_bFMVnfzY.001.mp4,low
KnbEca4Ibwk.000.mp4,low
KnbEca4Ibwk.002.mp4,low
KnbEca4Ibwk.005.mp4,low
knK0zyX8bS4.004.mp4,low
KNOHhnRMpSw.000.mp4,low
KNOHhnRMpSw.001.mp4,low
KNOHhnRMpSw.002.mp4,low
KNOHhnRMpSw.003.mp4,low
KNOHhnRMpSw.005.mp4,low
knpgk7LAMb0.000.mp4,low
knpgk7LAMb0.002.mp4,low
knpgk7LAMb0.005.mp4,low
KO7ZGXwPu-Y.000.mp4,low
KO7ZGXwPu-Y.002.mp4,low
kp3c66Igyr8.001.mp4,low
kp3c66Igyr8.002.mp4,low
kp3c66Igyr8.004.mp4,low
kp3c66Igyr8.005.mp4,low
kPife9TY9Pw.000.mp4,low
kPJzHs5jclg.001.mp4,low
KppCIwj0hC4.000.mp4,low
KppCIwj0hC4.002.mp4,low
KppCIwj0hC4.004.mp4,low
kppgmuWEv-A.000.mp4,low
kppgmuWEv-A.001.mp4,low
kppgmuWEv-A.003.mp4,low
kppgmuWEv-A.004.mp4,low
kppgmuWEv-A.005.mp4,low
KpTHRBaYny8.001.mp4,low
KpTHRBaYny8.005.mp4,low
Kpto8K_B-5A.002.mp4,low
Kpto8K_B-5A.004.mp4,low
Kpto8K_B-5A.005.mp4,low
kPXVZD3ac8s.005.mp4,low
Kq-c6lqGNlo.000.mp4,low
Kq-c6lqGNlo.001.mp4,low
Kq-c6lqGNlo.002.mp4,low
Kq-c6lqGNlo.004.mp4,low
Kq-c6lqGNlo.005.mp4,low
kQ8HhrysfaA.003.mp4,low
kQ8HhrysfaA.005.mp4,low
KRo-x2uoHUg.003.mp4,low
krTAAqQ8_A8.005.mp4,low
ksCoS_ghDfM.000.mp4,low
ksCoS_ghDfM.002.mp4,low
kSk-rf7a1Ig.000.mp4,low
kSk-rf7a1Ig.001.mp4,low
kSk-rf7a1Ig.003.mp4,low
KsToJAKi7xQ.000.mp4,low
KTdbKiGFzJY.000.mp4,low
KTdbKiGFzJY.003.mp4,low
KtY6C83o2rs.004.mp4,low
KtY6C83o2rs.005.mp4,low
kUpkeJDcxaE.000.mp4,low
kUpkeJDcxaE.002.mp4,low
kUpkeJDcxaE.003.mp4,low
kUv0BJQmKq0.000.mp4,low
kUv0BJQmKq0.001.mp4,low
kUv0BJQmKq0.002.mp4,low
kUv0BJQmKq0.003.mp4,low
Kv0kZgqZEM0.003.mp4,low
Kv0kZgqZEM0.004.mp4,low
kV7MFI2_ddo.000.mp4,low
kV7MFI2_ddo.002.mp4,low
kV7MFI2_ddo.005.mp4,low
KVepk_9iPEU.002.mp4,low
kwcpINU9LLk.001.mp4,low
kwcpINU9LLk.004.mp4,low
kX-o1qmgWvc.002.mp4,low
kX-o1qmgWvc.004.mp4,low
kxlqIrk0WnY.002.mp4,low
KXUERmhPyr8.002.mp4,low
KXUERmhPyr8.004.mp4,low
KXUERmhPyr8.005.mp4,low
kY_4WyAXxrQ.000.mp4,low
kY_4WyAXxrQ.003.mp4,low
kY_4WyAXxrQ.004.mp4,low
KYkfjIZEScM.005.mp4,low
kyq-X4IFMtw.001.mp4,low
KYvbRwTCtaU.000.mp4,low
KYvbRwTCtaU.001.mp4,low
KYvbRwTCtaU.002.mp4,low
KYvbRwTCtaU.003.mp4,low
KYvbRwTCtaU.005.mp4,low
KYvMsMLNGvY.005.mp4,low
kzDQXSGGomg.002.mp4,low
kzDQXSGGomg.004.mp4,low
kzDQXSGGomg.005.mp4,low
L-C1blPD_ec.000.mp4,low
L-C1blPD_ec.001.mp4,low
L-C1blPD_ec.004.mp4,low
L-C1blPD_ec.005.mp4,low
L-rmZZP_wj8.003.mp4,low
L-rmZZP_wj8.004.mp4,low
l-WgXcGLdZk.002.mp4,low
l-WgXcGLdZk.003.mp4,low
l-WgXcGLdZk.004.mp4,low
l-WgXcGLdZk.005.mp4,low
l0qApUuiDjo.005.mp4,low
l1L61qbiV2U.001.mp4,low
l1V-DuJ-WgU.000.mp4,low
l1V-DuJ-WgU.002.mp4,low
l1V-DuJ-WgU.004.mp4,low
l2YS_qsF7SQ.004.mp4,low
l3IoZ_QmOQo.001.mp4,low
l3IoZ_QmOQo.004.mp4,low
l3MXBCviqE8.004.mp4,low
l3RE0rN7oEg.001.mp4,low
l3RE0rN7oEg.003.mp4,low
L4Jlm0vGsvc.000.mp4,low
L4Jlm0vGsvc.002.mp4,low
L4Jlm0vGsvc.004.mp4,low
L5kpy0SA7os.000.mp4,low
L5kpy0SA7os.003.mp4,low
L5kpy0SA7os.005.mp4,low
L5PkZA1ErYY.002.mp4,low
L5PkZA1ErYY.005.mp4,low
L7HDCG2PsII.001.mp4,low
L7HDCG2PsII.003.mp4,low
l7U3YDIOE_s.000.mp4,low
l7U3YDIOE_s.003.mp4,low
l8weBJSCHbA.000.mp4,low
l8weBJSCHbA.001.mp4,low
l8weBJSCHbA.002.mp4,low
l8weBJSCHbA.003.mp4,low
l8weBJSCHbA.005.mp4,low
L9sG80PI1Gw.003.mp4,low
L_gmlaz-0s4.001.mp4,low
L_gmlaz-0s4.003.mp4,low
L_gmlaz-0s4.005.mp4,low
lAJWoIcgXlU.000.mp4,low
lAJWoIcgXlU.001.mp4,low
laPGbkC87us.004.mp4,low
LaxnVuOM6kE.002.mp4,low
lAy2z5PN80E.000.mp4,low
lAy2z5PN80E.001.mp4,low
LBKbubsgpE8.001.mp4,low
LBKbubsgpE8.003.mp4,low
LBrmHHzyIiY.000.mp4,low
LBrmHHzyIiY.001.mp4,low
LBrmHHzyIiY.002.mp4,low
LBrmHHzyIiY.003.mp4,low
LCafv-LfC3Y.000.mp4,low
LCafv-LfC3Y.001.mp4,low
LCafv-LfC3Y.003.mp4,low
LCafv-LfC3Y.004.mp4,low
lCWWjATDrRM.003.mp4,low
ld7mBR4v3yU.001.mp4,low
ld7mBR4v3yU.002.mp4,low
ldq15dfuaLg.001.mp4,low
LeQKH1vAVpg.001.mp4,low
LeQKH1vAVpg.003.mp4,low
LeQKH1vAVpg.004.mp4,low
LeQKH1vAVpg.005.mp4,low
lErjGxBb1Bk.002.mp4,low
lErjGxBb1Bk.004.mp4,low
leslBYwG8kc.002.mp4,low
LeuT6NgJ6N8.004.mp4,low
LfvTKoMYLEE.004.mp4,low
LGdzP-r_G3U.001.mp4,low
LGdzP-r_G3U.004.mp4,low
LGdzP-r_G3U.005.mp4,low
LGgx7RVdL2Y.000.mp4,low
LGgx7RVdL2Y.002.mp4,low
LGgx7RVdL2Y.004.mp4,low
LGgx7RVdL2Y.005.mp4,low
lGIHEaCvWEA.000.mp4,low
LglT6Gp5oQg.003.mp4,low
LGPm8ok6kVo.001.mp4,low
LHV4HNK35pM.001.mp4,low
LHV4HNK35pM.005.mp4,low
liRQoL7SsPw.001.mp4,low
Lj1WuMXFa-4.001.mp4,low
Lj1WuMXFa-4.002.mp4,low
Lj1WuMXFa-4.004.mp4,low
lK1HFH7j93c.000.mp4,low
Lk6Ts7y4OPY.000.mp4,low
LKBoLbWHJYI.002.mp4,low
LKBoLbWHJYI.003.mp4,low
LKc69Et2Jg8.004.mp4,low
lkdQjIunxSE.000.mp4,low
lkdQjIunxSE.002.mp4,low
lkdQjIunxSE.003.mp4,low
lKePJbjYiy0.000.mp4,low
lKePJbjYiy0.002.mp4,low
lkeXyB-3Gs0.001.mp4,low
LKqN07ryM5I.001.mp4,low
LKqN07ryM5I.004.mp4,low
LKqO2BhfAvM.002.mp4,low
LKvxVEI8uVA.001.mp4,low
LKvxVEI8uVA.004.mp4,low
ll_chn4R32Y.000.mp4,low
lLKwlPLdYig.000.mp4,low
lLKwlPLdYig.001.mp4,low
lLObIVKYDUI.000.mp4,low
lLObIVKYDUI.004.mp4,low
lLObIVKYDUI.005.mp4,low
LLP-oZfo8oE.002.mp4,low
LLP-oZfo8oE.003.mp4,low
LLP-oZfo8oE.004.mp4,low
LLP-oZfo8oE.005.mp4,low
lLWOcztaIBI.000.mp4,low
lLWOcztaIBI.001.mp4,low
lLWOcztaIBI.002.mp4,low
lLWOcztaIBI.003.mp4,low
lLWOcztaIBI.004.mp4,low
LmA23EIaXqg.000.mp4,low
LmA23EIaXqg.001.mp4,low
LmA23EIaXqg.003.mp4,low
LmA23EIaXqg.005.mp4,low
lmz3nj1VLzY.003.mp4,low
lnawWqnGpMc.000.mp4,low
lnawWqnGpMc.002.mp4,low
lnawWqnGpMc.004.mp4,low
lnawWqnGpMc.005.mp4,low
lNaZ4aJaiBU.000.mp4,low
LNiiKncirQA.000.mp4,low
LNM1i-a9q_A.002.mp4,low
LNM1i-a9q_A.004.mp4,low
lNY0BdE4NqY.000.mp4,low
lNY0BdE4NqY.004.mp4,low
LP5N5uPfTdA.004.mp4,low
LP5N5uPfTdA.005.mp4,low
Lq4uvcHNiy8.000.mp4,low
Lq4uvcHNiy8.001.mp4,low
Lq4uvcHNiy8.002.mp4,low
Lq4uvcHNiy8.003.mp4,low
LqtBNNM2jIw.004.mp4,low
LRczShwIVbM.004.mp4,low
LRczShwIVbM.005.mp4,low
LRU4jLhKaak.003.mp4,low
LsPKxJgefks.003.mp4,low
LsPKxJgefks.004.mp4,low
LsqAIHhFpLE.002.mp4,low
LSqijVxP0EM.000.mp4,low
LSqijVxP0EM.001.mp4,low
LSqijVxP0EM.002.mp4,low
LSqijVxP0EM.004.mp4,low
lsVwEApsljU.003.mp4,low
lsVwEApsljU.005.mp4,low
lsXw8u4QXIU.001.mp4,low
Lt89YrQHF_w.002.mp4,low
Lt89YrQHF_w.004.mp4,low
Lt89YrQHF_w.005.mp4,low
LtBYojIGYEc.000.mp4,low
LtBYojIGYEc.001.mp4,low
LtBYojIGYEc.003.mp4,low
Lu9UNCSpQZM.003.mp4,low
Lu9UNCSpQZM.004.mp4,low
luH2RoZW-eY.001.mp4,low
luH2RoZW-eY.003.mp4,low
LuLUAwn0aWU.000.mp4,low
LuLUAwn0aWU.001.mp4,low
LuLUAwn0aWU.002.mp4,low
LuLUAwn0aWU.003.mp4,low
LuLUAwn0aWU.004.mp4,low
LuLUAwn0aWU.005.mp4,low
lvae9lRUugE.000.mp4,low
lvae9lRUugE.003.mp4,low
lvae9lRUugE.004.mp4,low
lvae9lRUugE.005.mp4,low
LvpUVPQKWcQ.005.mp4,low
LWO2ZhalAEY.004.mp4,low
LWO2ZhalAEY.005.mp4,low
LWylAwr9kJI.001.mp4,low
LWylAwr9kJI.002.mp4,low
LWylAwr9kJI.004.mp4,low
lWz3uSk1qms.000.mp4,low
lx6A8s_Ega8.000.mp4,low
lx6A8s_Ega8.003.mp4,low
LXmwDq89LdA.000.mp4,low
LXmwDq89LdA.002.mp4,low
LXmwDq89LdA.005.mp4,low
lxnV9X8T2Zc.000.mp4,low
lxnV9X8T2Zc.003.mp4,low
lxnV9X8T2Zc.004.mp4,low
ly_0m16694Q.000.mp4,low
ly_0m16694Q.003.mp4,low
lyznxF-Pj6g.001.mp4,low
lyZZSU1ziCQ.001.mp4,low
lyZZSU1ziCQ.002.mp4,low
lyZZSU1ziCQ.003.mp4,low
lyZZSU1ziCQ.005.mp4,low
Lz3hYPF6aIM.000.mp4,low
Lz3hYPF6aIM.003.mp4,low
Lz3hYPF6aIM.004.mp4,low
Lz3hYPF6aIM.005.mp4,low
Lz3suTodXQM.002.mp4,low
Lz3suTodXQM.005.mp4,low
LzT4m85N17o.002.mp4,low
M-SuraqmC9s.000.mp4,low
m04e9ylCoK0.000.mp4,low
m04e9ylCoK0.003.mp4,low
m0iznoJi8hw.001.mp4,low
m0iznoJi8hw.002.mp4,low
m0iznoJi8hw.003.mp4,low
M0O87_LiyMw.001.mp4,low
M0O87_LiyMw.002.mp4,low
M0O87_LiyMw.004.mp4,low
M0O87_LiyMw.005.mp4,low
m0tNIKbEwHE.003.mp4,low
m0tNIKbEwHE.004.mp4,low
M0U48Lm33A8.000.mp4,low
M0U48Lm33A8.001.mp4,low
M0U48Lm33A8.002.mp4,low
M0U48Lm33A8.003.mp4,low
M0U48Lm33A8.004.mp4,low
M0U48Lm33A8.005.mp4,low
M20gRMBy-4I.000.mp4,low
m2uxFfpb5xU.001.mp4,low
m2uxFfpb5xU.005.mp4,low
M39PNQ8Omhc.001.mp4,low
M39PNQ8Omhc.005.mp4,low
m3z_a0l0FRk.000.mp4,low
m3z_a0l0FRk.002.mp4,low
m4-vvEeWP8s.000.mp4,low
m4-vvEeWP8s.001.mp4,low
m4-vvEeWP8s.002.mp4,low
m4KKYcD6CZw.002.mp4,low
m4KKYcD6CZw.003.mp4,low
m4ZmRZCv6VA.005.mp4,low
m536hegSuKI.002.mp4,low
m536hegSuKI.004.mp4,low
M56UFrEgXnI.004.mp4,low
M5_x5J-H2I0.001.mp4,low
M5_x5J-H2I0.003.mp4,low
m5kTITzj1bY.001.mp4,low
m5kTITzj1bY.005.mp4,low
m6JOFpKvkE0.001.mp4,low
m7zdWVDT-34.001.mp4,low
m7zdWVDT-34.002.mp4,low
m7zdWVDT-34.004.mp4,low
m7zdWVDT-34.005.mp4,low
M9nVAfSPOZ8.005.mp4,low
m_2k0dL8CRM.001.mp4,low
m_9aygJNij8.004.mp4,low
M_OpMKBEOyU.000.mp4,low
M_OpMKBEOyU.001.mp4,low
M_OpMKBEOyU.002.mp4,low
M_OpMKBEOyU.003.mp4,low
M_OpMKBEOyU.004.mp4,low
maDObxiOQRo.000.mp4,low
maDObxiOQRo.003.mp4,low
MajYvFTkKnk.002.mp4,low
MajYvFTkKnk.003.mp4,low
MajYvFTkKnk.004.mp4,low
MajYvFTkKnk.005.mp4,low
mBdVuEXRlfQ.000.mp4,low
mBdVuEXRlfQ.001.mp4,low
MBgwyWKYWVM.002.mp4,low
mBJTwQsDC4M.002.mp4,low
mBJTwQsDC4M.003.mp4,low
MbufNmC0JL0.004.mp4,low
MbunPsukPnQ.001.mp4,low
MCr6FmFAhak.001.mp4,low
MCr6FmFAhak.004.mp4,low
mcxi2vtevb4.000.mp4,low
MD9yyz-OSRs.002.mp4,low
MD9yyz-OSRs.004.mp4,low
MD9yyz-OSRs.005.mp4,low
MDoZUDTSayc.000.mp4,low
MDoZUDTSayc.003.mp4,low
me15sHPOjKo.002.mp4,low
me15sHPOjKo.005.mp4,low
Me22JENkhJA.000.mp4,low
Me22JENkhJA.005.mp4,low
me5UoRny6NU.005.mp4,low
ME6JLtAM160.001.mp4,low
mEQBB6XsJFk.001.mp4,low
mEQBB6XsJFk.005.mp4,low
merppcmY6y0.000.mp4,low
merppcmY6y0.002.mp4,low
merppcmY6y0.003.mp4,low
merppcmY6y0.004.mp4,low
mf0LqiLJYr0.001.mp4,low
MFGGMnNE6Q0.000.mp4,low
MFGGMnNE6Q0.002.mp4,low
mfGhtr0zy3k.001.mp4,low
mfGhtr0zy3k.002.mp4,low
mflgXFsGU9w.000.mp4,low
mflgXFsGU9w.002.mp4,low
mflgXFsGU9w.003.mp4,low
mflgXFsGU9w.004.mp4,low
mFz5Fbs97QA.002.mp4,low
mFz5Fbs97QA.003.mp4,low
mGWS0Akp08E.000.mp4,low
mGWS0Akp08E.001.mp4,low
mhF4kYTlVUE.000.mp4,low
mhF4kYTlVUE.001.mp4,low
mhF4kYTlVUE.002.mp4,low
mhF4kYTlVUE.003.mp4,low
mhF4kYTlVUE.004.mp4,low
mhvkJjOAjYI.004.mp4,low
mhvkJjOAjYI.005.mp4,low
MI_GQLbnoew.000.mp4,low
MI_GQLbnoew.001.mp4,low
mIcktEhNxRo.003.mp4,low
mIQnQ8Nmj-c.001.mp4,low
mIQnQ8Nmj-c.005.mp4,low
mIxTz3tOgmQ.000.mp4,low
MK7KveAeb6Y.000.mp4,low
MK7KveAeb6Y.002.mp4,low
MK7KveAeb6Y.004.mp4,low
mK8ebTJyrCI.002.mp4,low
mkJjaOADfj4.001.mp4,low
mkJjaOADfj4.002.mp4,low
mkJjaOADfj4.003.mp4,low
mkJjaOADfj4.005.mp4,low
mKsGK9nCTxw.000.mp4,low
mKsGK9nCTxw.001.mp4,low
MkVsl0hdphE.000.mp4,low
MkVsl0hdphE.003.mp4,low
mkWfG-4vvGc.000.mp4,low
mkWfG-4vvGc.003.mp4,low
mkWfG-4vvGc.004.mp4,low
mKWscEow1U8.000.mp4,low
mKWscEow1U8.002.mp4,low
MLCIfM5jYlI.000.mp4,low
mlsiYewUwO0.002.mp4,low
mlsiYewUwO0.003.mp4,low
mlsiYewUwO0.005.mp4,low
mlXZQ8dO0nQ.004.mp4,low
mlXZQ8dO0nQ.005.mp4,low
mLZw7Hf8AYI.004.mp4,low
mM6QbrCrdLo.000.mp4,low
mMNjlGNWsZA.001.mp4,low
mmTbHy5iftA.002.mp4,low
MnARi5OWW9Q.000.mp4,low
MnARi5OWW9Q.002.mp4,low
mnRuiwFx_Z8.000.mp4,low
mnRuiwFx_Z8.002.mp4,low
mnRuiwFx_Z8.005.mp4,low
modNfUPt3F4.000.mp4,low
modNfUPt3F4.005.mp4,low
MOobNUpfWiY.000.mp4,low
MOobNUpfWiY.002.mp4,low
MOobNUpfWiY.004.mp4,low
MOobNUpfWiY.005.mp4,low
MOXPVzRBDPo.002.mp4,low
MOXPVzRBDPo.004.mp4,low
mpk5Ubw2fj8.000.mp4,low
mpk5Ubw2fj8.004.mp4,low
mpXOSY5dW7c.000.mp4,low
mpXOSY5dW7c.002.mp4,low
mpXOSY5dW7c.004.mp4,low
mpXOSY5dW7c.005.mp4,low
mq9NNKmKYdk.000.mp4,low
mq9NNKmKYdk.003.mp4,low
mq9NNKmKYdk.004.mp4,low
mq9NNKmKYdk.005.mp4,low
mqDv8688ztg.004.mp4,low
mQpNe8f5xA8.003.mp4,low
mQTBqDY71dU.002.mp4,low
MrfJ1qDJAwo.001.mp4,low
MrfJ1qDJAwo.002.mp4,low
MrfJ1qDJAwo.003.mp4,low
MrfJ1qDJAwo.004.mp4,low
MrfJ1qDJAwo.005.mp4,low
mRfkHyx__4w.000.mp4,low
mRKGI6hq4UU.003.mp4,low
mRKGI6hq4UU.004.mp4,low
MRquWhqw4Jw.000.mp4,low
MRquWhqw4Jw.004.mp4,low
MrYEK0nvnAo.001.mp4,low
MrYEK0nvnAo.002.mp4,low
MrYEK0nvnAo.003.mp4,low
MswJxdf-3Fc.002.mp4,low
MswJxdf-3Fc.005.mp4,low
MT3tOBpG5II.000.mp4,low
MT3tOBpG5II.004.mp4,low
muKwyr-hrkc.001.mp4,low
muLgzV1gGao.001.mp4,low
muLgzV1gGao.004.mp4,low
muLgzV1gGao.005.mp4,low
MuYYY3XaJ7Q.002.mp4,low
MuYYY3XaJ7Q.003.mp4,low
MuYYY3XaJ7Q.004.mp4,low
MuYYY3XaJ7Q.005.mp4,low
MvWDky9ZaWU.000.mp4,low
MvWDky9ZaWU.003.mp4,low
MvWDky9ZaWU.005.mp4,low
MVwxnf6L8po.004.mp4,low
mXaI17Dx7u0.000.mp4,low
mXaI17Dx7u0.001.mp4,low
mXaI17Dx7u0.003.mp4,low
mXgUV0o6a20.000.mp4,low
mXgUV0o6a20.001.mp4,low
mxLRr3YqgMU.000.mp4,low
mxLRr3YqgMU.001.mp4,low
mxLRr3YqgMU.004.mp4,low
mY1ZTvNVkSA.002.mp4,low
mY1ZTvNVkSA.003.mp4,low
mY1ZTvNVkSA.005.mp4,low
myhEW1aZRg4.000.mp4,low
mZ2CHgzwDt0.000.mp4,low
mZ2CHgzwDt0.001.mp4,low
mZ2CHgzwDt0.002.mp4,low
mZ2CHgzwDt0.003.mp4,low
mZ3vypXAfHg.000.mp4,low
mZ3vypXAfHg.003.mp4,low
MZkDsB04kt8.000.mp4,low
MZkDsB04kt8.004.mp4,low
mZQP06F94u8.003.mp4,low
mZQP06F94u8.004.mp4,low
mZzWhUI0CP0.005.mp4,low
n0acEDmc0mA.000.mp4,low
N0QizgPLLbs.000.mp4,low
N0QizgPLLbs.005.mp4,low
N0s2M3bJkUk.002.mp4,low
N0s2M3bJkUk.003.mp4,low
N0s2M3bJkUk.005.mp4,low
N0UweTwwQqQ.000.mp4,low
N1ZOAktFbI0.001.mp4,low
N1ZOAktFbI0.002.mp4,low
N1ZOAktFbI0.004.mp4,low
n2BuwHbdilY.002.mp4,low
n4NkVZ1_dfk.000.mp4,low
n4NkVZ1_dfk.003.mp4,low
n4NkVZ1_dfk.004.mp4,low
n4NkVZ1_dfk.005.mp4,low
N4tuu9aCXkw.003.mp4,low
N4tuu9aCXkw.004.mp4,low
n5Jeeqfj2_U.000.mp4,low
n5Jeeqfj2_U.005.mp4,low
N5nIQZMW_ig.003.mp4,low
n6JNJurop2U.000.mp4,low
n6JNJurop2U.003.mp4,low
N7oR6_oMBFk.000.mp4,low
N7oR6_oMBFk.004.mp4,low
n8IiQJyqjiE.000.mp4,low
n8IiQJyqjiE.001.mp4,low
n8IiQJyqjiE.003.mp4,low
n8IiQJyqjiE.004.mp4,low
n_4vw3RKaog.002.mp4,low
N_PICgkFxAM.002.mp4,low
naAGy30bnwA.000.mp4,low
naAGy30bnwA.005.mp4,low
nB-fPmvZg3U.005.mp4,low
NBacfF-K2eQ.000.mp4,low
NBacfF-K2eQ.001.mp4,low
NBacfF-K2eQ.004.mp4,low
nBjBfN9SbpM.001.mp4,low
nBjBfN9SbpM.002.mp4,low
nBjBfN9SbpM.003.mp4,low
nBjBfN9SbpM.004.mp4,low
nBjBfN9SbpM.005.mp4,low
nCc8XfmSvf8.001.mp4,low
nClvfVFYzbM.000.mp4,low
nClvfVFYzbM.003.mp4,low
nClvfVFYzbM.005.mp4,low
NCm736FngNo.000.mp4,low
ncmnmmmWEpU.000.mp4,low
ncmnmmmWEpU.004.mp4,low
ncmnmmmWEpU.005.mp4,low
nCWEEoJfjgE.000.mp4,low
nCWEEoJfjgE.002.mp4,low
nCWEEoJfjgE.004.mp4,low
nCWEEoJfjgE.005.mp4,low
NdAJGXf8aos.002.mp4,low
NdAJGXf8aos.005.mp4,low
NDBCrVvp0Vg.000.mp4,low
NDBCrVvp0Vg.003.mp4,low
NDC375coN1o.001.mp4,low
NDC375coN1o.002.mp4,low
NDC375coN1o.005.mp4,low
nDcl8Jo2tYg.002.mp4,low
ndLtwmvPpr8.000.mp4,low
ndLtwmvPpr8.003.mp4,low
nDsTSmE73M0.000.mp4,low
nDsTSmE73M0.005.mp4,low
nEm44UpCKmA.000.mp4,low
nex61B854Ms.003.mp4,low
nex61B854Ms.004.mp4,low
nex61B854Ms.005.mp4,low
NF8nb3SQPNg.002.mp4,low
NFAlff6GUpA.000.mp4,low
NFAlff6GUpA.003.mp4,low
NFAlff6GUpA.005.mp4,low
nfEhF5GBQpo.000.mp4,low
nfN9qJSVank.000.mp4,low
nfN9qJSVank.002.mp4,low
nfN9qJSVank.003.mp4,low
nfN9qJSVank.004.mp4,low
nfN9qJSVank.005.mp4,low
nFP7EEgz0Xg.002.mp4,low
Ng2E0E5tiZQ.003.mp4,low
Ng2E0E5tiZQ.005.mp4,low
ng42eoHytOA.001.mp4,low
ng42eoHytOA.002.mp4,low
ng42eoHytOA.003.mp4,low
ng42eoHytOA.005.mp4,low
NG8qWulkRM4.000.mp4,low
NG8qWulkRM4.001.mp4,low
NG8qWulkRM4.002.mp4,low
NG8qWulkRM4.005.mp4,low
nGe8dIc-ecc.000.mp4,low
nGe8dIc-ecc.002.mp4,low
nGe8dIc-ecc.003.mp4,low
nGe8dIc-ecc.005.mp4,low
nGGtTu6dSJE.000.mp4,low
nghDz0el8iI.000.mp4,low
nghDz0el8iI.001.mp4,low
NhyVkwcZbTA.002.mp4,low
NhyVkwcZbTA.003.mp4,low
NhyVkwcZbTA.004.mp4,low
NhyVkwcZbTA.005.mp4,low
NI-tZF3gfes.002.mp4,low
NI-tZF3gfes.003.mp4,low
NI-tZF3gfes.004.mp4,low
nI6qUE8N8hk.000.mp4,low
nIwFocnmRFY.000.mp4,low
nIwFocnmRFY.003.mp4,low
niWi1hcuSmo.005.mp4,low
NkFJuN8fBDU.000.mp4,low
NkFJuN8fBDU.001.mp4,low
NkFJuN8fBDU.004.mp4,low
nKLhatlbqEw.000.mp4,low
nKLhatlbqEw.001.mp4,low
nKLhatlbqEw.002.mp4,low
nKLhatlbqEw.005.mp4,low
nkmYbzMmrYw.001.mp4,low
nkmYbzMmrYw.003.mp4,low
nkmYbzMmrYw.004.mp4,low
nKx64KH7Xks.001.mp4,low
nKx64KH7Xks.002.mp4,low
nKx64KH7Xks.003.mp4,low
nKx64KH7Xks.004.mp4,low
nKx64KH7Xks.005.mp4,low
nLB29nx1Jp4.001.mp4,low
nlIrqbcvqLk.001.mp4,low
nLuAoNAOGcQ.000.mp4,low
nmZRXxKPPuQ.002.mp4,low
nmZRXxKPPuQ.005.mp4,low
nndDX4RgU1w.000.mp4,low
nOCSTnpB_F4.001.mp4,low
nOCSTnpB_F4.002.mp4,low
noepjVnUVFY.000.mp4,low
noepjVnUVFY.001.mp4,low
nOFHZ_s7Et4.001.mp4,low
nOFHZ_s7Et4.005.mp4,low
NoHext7JXYU.000.mp4,low
NoHext7JXYU.003.mp4,low
NOrjfF0-pQ4.004.mp4,low
NOrjfF0-pQ4.005.mp4,low
NpiglwrZzsA.001.mp4,low
NpiglwrZzsA.002.mp4,low
NpiglwrZzsA.004.mp4,low
nQtiqrceBhg.001.mp4,low
nQtiqrceBhg.003.mp4,low
nQxTTYWy7pA.001.mp4,low
nQxTTYWy7pA.002.mp4,low
nR0h3WFbPfA.000.mp4,low
nR0h3WFbPfA.001.mp4,low
nR0h3WFbPfA.003.mp4,low
nR0h3WFbPfA.004.mp4,low
nskJh7v6v1U.002.mp4,low
nskJh7v6v1U.004.mp4,low
nskJh7v6v1U.005.mp4,low
NTATNIs2sSc.001.mp4,low
NTSMogqhvBg.001.mp4,low
NTSMogqhvBg.002.mp4,low
NTxMChSejQE.001.mp4,low
nUazOUcW_AM.004.mp4,low
nUazOUcW_AM.005.mp4,low
nUbhRInpVbA.001.mp4,low
nUbhRInpVbA.004.mp4,low
nUbhRInpVbA.005.mp4,low
Nv0-x4K9YFI.000.mp4,low
Nv0-x4K9YFI.001.mp4,low
Nv0-x4K9YFI.002.mp4,low
Nv0-x4K9YFI.004.mp4,low
Nv0-x4K9YFI.005.mp4,low
NvJ4jRPUuS0.001.mp4,low
nvlqJbHk_Lc.000.mp4,low
NVvKBE5FTMk.005.mp4,low
NvwD448H-40.001.mp4,low
NWlCdMyKlE0.000.mp4,low
NWlCdMyKlE0.001.mp4,low
NWlCdMyKlE0.002.mp4,low
NWlCdMyKlE0.003.mp4,low
NXG4n1pr4Ok.001.mp4,low
NXG4n1pr4Ok.002.mp4,low
NXG4n1pr4Ok.004.mp4,low
NYlFsljF0VM.003.mp4,low
NYlFsljF0VM.005.mp4,low
nZC82V87Pm0.002.mp4,low
nZC82V87Pm0.004.mp4,low
nZC82V87Pm0.005.mp4,low
NzCflfxgvwo.003.mp4,low
NZXtEENlWL4.003.mp4,low
nZz1hK90gwA.002.mp4,low
nZz1hK90gwA.003.mp4,low
nZz1hK90gwA.004.mp4,low
o-fNF5QVMNo.004.mp4,low
o-fNF5QVMNo.005.mp4,low
o0zIPrIQY4o.005.mp4,low
O14mSiNfYDo.001.mp4,low
O14mSiNfYDo.002.mp4,low
O14mSiNfYDo.005.mp4,low
o1mTIo1vPas.000.mp4,low
o2iolmvadac.002.mp4,low
O2J_3ScUCUQ.004.mp4,low
o2lu6rkd5-Y.001.mp4,low
o2lu6rkd5-Y.004.mp4,low
O2wMPdp2-Is.002.mp4,low
o2wtRccAgjE.003.mp4,low
O3_j0d7mq7k.001.mp4,low
O3_j0d7mq7k.002.mp4,low
O3_j0d7mq7k.004.mp4,low
o5eCmKiomvo.001.mp4,low
o5eCmKiomvo.002.mp4,low
o6JCQlOC3oE.002.mp4,low
O7h-kf7hPIU.001.mp4,low
O7h-kf7hPIU.005.mp4,low
o7J2fWIJndQ.005.mp4,low
O7ke1Wjb1ZM.003.mp4,low
O8L2pHEIcuo.004.mp4,low
o_kTWEEjtyw.001.mp4,low
o_kTWEEjtyw.003.mp4,low
o_kTWEEjtyw.005.mp4,low
OACoHiwOdXQ.002.mp4,low
OACoHiwOdXQ.003.mp4,low
OACoHiwOdXQ.005.mp4,low
oANKg9_grdA.004.mp4,low
oBE9f5xD9rk.000.mp4,low
oBE9f5xD9rk.002.mp4,low
oBE9f5xD9rk.004.mp4,low
oBE9f5xD9rk.005.mp4,low
obr7ktzX8w8.001.mp4,low
obr7ktzX8w8.003.mp4,low
obr7ktzX8w8.004.mp4,low
oC-qxnrmJws.000.mp4,low
oC-qxnrmJws.002.mp4,low
oC-qxnrmJws.003.mp4,low
oC-qxnrmJws.005.mp4,low
oCb9DK3M1DU.000.mp4,low
oCb9DK3M1DU.001.mp4,low
oCb9DK3M1DU.002.mp4,low
oCb9DK3M1DU.003.mp4,low
oCb9DK3M1DU.004.mp4,low
oCb9DK3M1DU.005.mp4,low
OckL7z_nBGg.002.mp4,low
OckL7z_nBGg.003.mp4,low
OckL7z_nBGg.004.mp4,low
OckL7z_nBGg.005.mp4,low
OCMseWyLuBQ.001.mp4,low
oCN_9daCssU.002.mp4,low
OcS4H_dFeOc.001.mp4,low
OD3cfWeJaOY.003.mp4,low
OD3cfWeJaOY.004.mp4,low
OD3cfWeJaOY.005.mp4,low
OD_gyCYpR8U.002.mp4,low
ODDGS0hTcUc.000.mp4,low
ODDGS0hTcUc.001.mp4,low
ODDGS0hTcUc.004.mp4,low
odHogR_36Dc.000.mp4,low
odHogR_36Dc.002.mp4,low
odHogR_36Dc.003.mp4,low
oDOoG0vX-7U.005.mp4,low
odRqijkG28U.000.mp4,low
odRqijkG28U.001.mp4,low
odRqijkG28U.004.mp4,low
OdwK_oMdfSU.000.mp4,low
OdwK_oMdfSU.002.mp4,low
OdwK_oMdfSU.003.mp4,low
OdwK_oMdfSU.005.mp4,low
oe1PZxExhzc.001.mp4,low
oe1PZxExhzc.003.mp4,low
oe6q_ZByIxQ.000.mp4,low
Oe7ItP7gS4w.000.mp4,low
Oe7ItP7gS4w.002.mp4,low
Oe7ItP7gS4w.004.mp4,low
OeGMd58Wgsk.000.mp4,low
OeGMd58Wgsk.003.mp4,low
OEKg-Tvwcbk.000.mp4,low
OEKg-Tvwcbk.003.mp4,low
OeT6Skotv7g.004.mp4,low
oG84VxrGfj0.001.mp4,low
og8vtyRh_bc.000.mp4,low
og8vtyRh_bc.001.mp4,low
og8vtyRh_bc.003.mp4,low
oGa05H9UXxU.002.mp4,low
oGa05H9UXxU.004.mp4,low
OgPC4wnLJR0.001.mp4,low
OgPC4wnLJR0.002.mp4,low
OgPC4wnLJR0.003.mp4,low
OgPC4wnLJR0.004.mp4,low
OgPC4wnLJR0.005.mp4,low
ogSLrHVeqLI.003.mp4,low
OhHg1lyxe4I.000.mp4,low
OhHg1lyxe4I.001.mp4,low
OhHg1lyxe4I.002.mp4,low
oHudDVcT5Lg.002.mp4,low
oHudDVcT5Lg.004.mp4,low
oHudDVcT5Lg.005.mp4,low
OIRq4d8IyKc.002.mp4,low
OIRq4d8IyKc.003.mp4,low
oJPdfhG4hT0.001.mp4,low
oJPdfhG4hT0.002.mp4,low
okdZnQbLnf8.001.mp4,low
okdZnQbLnf8.002.mp4,low
okdZnQbLnf8.004.mp4,low
okl467xvgOw.001.mp4,low
okSmKH2k5lE.002.mp4,low
OLFhKCgexRU.000.mp4,low
OLFhKCgexRU.001.mp4,low
OLFhKCgexRU.002.mp4,low
OLFhKCgexRU.004.mp4,low
oLO05QNhhGg.000.mp4,low
oLO05QNhhGg.001.mp4,low
oLO05QNhhGg.002.mp4,low
oLO05QNhhGg.003.mp4,low
oLO05QNhhGg.004.mp4,low
oLO05QNhhGg.005.mp4,low
om-9kFEKJIs.000.mp4,low
om-9kFEKJIs.001.mp4,low
om-9kFEKJIs.004.mp4,low
omeHsKF7InA.000.mp4,low
omeHsKF7InA.001.mp4,low
OMHlfDF99Mw.000.mp4,low
OMHlfDF99Mw.003.mp4,low
OMHlfDF99Mw.004.mp4,low
omQ5CGXJKS8.001.mp4,low
omQ5CGXJKS8.002.mp4,low
OmXuhT4yJpo.000.mp4,low
OmXuhT4yJpo.005.mp4,low
On2c_8sU8Vw.001.mp4,low
On2c_8sU8Vw.002.mp4,low
On2c_8sU8Vw.004.mp4,low
onbyz01BC_Y.003.mp4,low
OovRk5U9_GY.000.mp4,low
OovRk5U9_GY.004.mp4,low
OoxYhDbzWwg.002.mp4,low
OoxYhDbzWwg.005.mp4,low
opEoJBrcmbI.001.mp4,low
opEoJBrcmbI.002.mp4,low
opEoJBrcmbI.003.mp4,low
opEoJBrcmbI.005.mp4,low
opqoflph5ZE.004.mp4,low
opyTSeVCYtE.002.mp4,low
opyTSeVCYtE.003.mp4,low
opyTSeVCYtE.005.mp4,low
oq_v2yocx34.004.mp4,low
oQOvtrP52As.002.mp4,low
oqXx6ipHfUE.000.mp4,low
oqXx6ipHfUE.005.mp4,low
Or2_bP4lWYI.000.mp4,low
Or2_bP4lWYI.001.mp4,low
Or2_bP4lWYI.002.mp4,low
Or2_bP4lWYI.004.mp4,low
Or2_bP4lWYI.005.mp4,low
orlXEgAepGo.000.mp4,low
orlXEgAepGo.002.mp4,low
orlXEgAepGo.003.mp4,low
Os7L5C-i9Fw.000.mp4,low
Os7L5C-i9Fw.003.mp4,low
Os7L5C-i9Fw.004.mp4,low
OSDlyk5ZgAk.004.mp4,low
osqQpQsJNPQ.000.mp4,low
osqQpQsJNPQ.001.mp4,low
osqQpQsJNPQ.004.mp4,low
OtGJDbI9qkM.000.mp4,low
OtGJDbI9qkM.002.mp4,low
OtGJDbI9qkM.004.mp4,low
OtGJDbI9qkM.005.mp4,low
OTXGM3Guxy4.000.mp4,low
OTXGM3Guxy4.003.mp4,low
OTXGM3Guxy4.004.mp4,low
OTXGM3Guxy4.005.mp4,low
oU7zAWm_01o.000.mp4,low
oU7zAWm_01o.002.mp4,low
oU7zAWm_01o.003.mp4,low
oU7zAWm_01o.004.mp4,low
OuE91U_n04E.000.mp4,low
OuE91U_n04E.001.mp4,low
OugdInDyt9s.000.mp4,low
OugdInDyt9s.003.mp4,low
OugdInDyt9s.005.mp4,low
outvbZgNX58.000.mp4,low
outvbZgNX58.002.mp4,low
outvbZgNX58.004.mp4,low
ouYYWCY__5A.000.mp4,low
ouYYWCY__5A.001.mp4,low
ouYYWCY__5A.005.mp4,low
oVSMxtPpQ0M.002.mp4,low
oVSMxtPpQ0M.003.mp4,low
oVSMxtPpQ0M.005.mp4,low
oWDh03tstic.002.mp4,low
OwI3Q-qUqDw.000.mp4,low
OwI3Q-qUqDw.001.mp4,low
OwI3Q-qUqDw.002.mp4,low
OwI3Q-qUqDw.005.mp4,low
OwlFAiE0Qrg.000.mp4,low
OwlFAiE0Qrg.002.mp4,low
owRKOW0ymCM.002.mp4,low
owRKOW0ymCM.003.mp4,low
OWZ-qVZG14A.000.mp4,low
OWZ-qVZG14A.002.mp4,low
OWZ-qVZG14A.003.mp4,low
OWZ-qVZG14A.004.mp4,low
OWZ-qVZG14A.005.mp4,low
ox-qZvCLtls.005.mp4,low
OxaBanUE6KE.001.mp4,low
OxaBanUE6KE.002.mp4,low
OxaBanUE6KE.004.mp4,low
OXkDmd3nA94.000.mp4,low
OXkDmd3nA94.002.mp4,low
OXkDmd3nA94.003.mp4,low
OXkDmd3nA94.004.mp4,low
oXRhk1PUPcQ.002.mp4,low
oxw3nT9LSsg.000.mp4,low
oYhWw97JYyU.000.mp4,low
oYhWw97JYyU.001.mp4,low
oYiWW-Qc0rs.000.mp4,low
oYiWW-Qc0rs.001.mp4,low
oYiWW-Qc0rs.002.mp4,low
oYiWW-Qc0rs.005.mp4,low
OZaP2T74bLI.000.mp4,low
OZaP2T74bLI.001.mp4,low
OZaP2T74bLI.004.mp4,low
OZaP2T74bLI.005.mp4,low
OZlpENU9h28.000.mp4,low
OZlpENU9h28.002.mp4,low
OZlpENU9h28.003.mp4,low
OZlpENU9h28.005.mp4,low
p-OcwNFQB0U.001.mp4,low
p-OcwNFQB0U.002.mp4,low
p-OcwNFQB0U.005.mp4,low
p-V78q8dtYo.001.mp4,low
p-V78q8dtYo.005.mp4,low
P0a209IS614.002.mp4,low
P0a209IS614.004.mp4,low
P0a209IS614.005.mp4,low
P0ZzjnS8E24.000.mp4,low
p1ORMiJ0fPU.002.mp4,low
p1ORMiJ0fPU.003.mp4,low
p1qyJ_mE-2U.002.mp4,low
p5QXPhJS8Ks.000.mp4,low
p5QXPhJS8Ks.005.mp4,low
p5v75vAZ7F0.003.mp4,low
p5v75vAZ7F0.005.mp4,low
P63CUj9KnSw.001.mp4,low
P63CUj9KnSw.004.mp4,low
P6g1mZ3f76U.001.mp4,low
P6g1mZ3f76U.002.mp4,low
P6g1mZ3f76U.003.mp4,low
p6jjj6jn2fM.003.mp4,low
p6UMx8dwHZQ.000.mp4,low
p6UMx8dwHZQ.001.mp4,low
p6UMx8dwHZQ.002.mp4,low
p6UMx8dwHZQ.003.mp4,low
p6UMx8dwHZQ.004.mp4,low
p7-JUvStF4w.000.mp4,low
p7-JUvStF4w.002.mp4,low
p7-JUvStF4w.003.mp4,low
p7-JUvStF4w.004.mp4,low
p7-JUvStF4w.005.mp4,low
p7_MVQ3uGJc.003.mp4,low
p7aNK5GKwEc.000.mp4,low
P7poMmhYnM0.001.mp4,low
p8ce3grr9XE.001.mp4,low
p9l1MBw-5ic.002.mp4,low
p9tAC-RqZPI.002.mp4,low
P9WDAY-MFzk.000.mp4,low
P9WDAY-MFzk.002.mp4,low
P9WDAY-MFzk.003.mp4,low
p_kPnCD7WzU.002.mp4,low
P_wDFLJnW-o.000.mp4,low
P_wDFLJnW-o.001.mp4,low
P_wDFLJnW-o.004.mp4,low
p_Z4QGqu4Qo.001.mp4,low
p_Z4QGqu4Qo.004.mp4,low
Pb7aNc6Kd40.001.mp4,low
Pb7aNc6Kd40.003.mp4,low
Pb7aNc6Kd40.005.mp4,low
Pb9GhzCRnqs.001.mp4,low
Pc-oQQwkIv8.000.mp4,low
Pc-oQQwkIv8.001.mp4,low
Pc-oQQwkIv8.003.mp4,low
Pc-oQQwkIv8.004.mp4,low
Pc3NjyhtVd0.003.mp4,low
PCmec_zcu_w.002.mp4,low
pDih4zWqYQw.001.mp4,low
pDt0F4zFfBs.003.mp4,low
pDt0F4zFfBs.005.mp4,low
pEr7WTIPW64.000.mp4,low
pEr7WTIPW64.005.mp4,low
pEYFpmjwKC0.001.mp4,low
pEYFpmjwKC0.002.mp4,low
pEYFpmjwKC0.003.mp4,low
pEYFpmjwKC0.004.mp4,low
PgpMUHH8lEI.000.mp4,low
PgpMUHH8lEI.002.mp4,low
PgpMUHH8lEI.003.mp4,low
PgpMUHH8lEI.004.mp4,low
PgpMUHH8lEI.005.mp4,low
pHCPbKprJGY.001.mp4,low
pHCPbKprJGY.003.mp4,low
phjVMKGYBKs.005.mp4,low
PHmkN1cPl10.003.mp4,low
PHmkN1cPl10.005.mp4,low
PHUlL5ZzX5U.001.mp4,low
PHUlL5ZzX5U.005.mp4,low
PHv6CzBIC5E.001.mp4,low
PHv6CzBIC5E.002.mp4,low
PHv6CzBIC5E.004.mp4,low
PHv6CzBIC5E.005.mp4,low
PHZQmf82HvA.002.mp4,low
PHZQmf82HvA.005.mp4,low
pJGLxS81YBc.004.mp4,low
PJxgOFaaUZM.004.mp4,low
PkEzIErhYZ8.002.mp4,low
Pkgi4--hwfo.005.mp4,low
PKtzsEqLGx4.000.mp4,low
PKtzsEqLGx4.001.mp4,low
PKtzsEqLGx4.005.mp4,low
pkwzo1OkEmY.002.mp4,low
pkwzo1OkEmY.005.mp4,low
PKYh4sungwI.002.mp4,low
PKYh4sungwI.003.mp4,low
PKyqjYem0dY.003.mp4,low
PKyqjYem0dY.004.mp4,low
pljK0DEusA0.003.mp4,low
PmJw3uI1qBE.000.mp4,low
Pn_LNsSsm58.000.mp4,low
Pn_LNsSsm58.001.mp4,low
Pn_LNsSsm58.004.mp4,low
Pn_LNsSsm58.005.mp4,low
Po4UGCJbCbw.002.mp4,low
pOBn7AuGIuI.002.mp4,low
pOBn7AuGIuI.003.mp4,low
pOBn7AuGIuI.005.mp4,low
PoF3lxFDggQ.000.mp4,low
PoF3lxFDggQ.004.mp4,low
PoF3lxFDggQ.005.mp4,low
PooFvZH6fK0.001.mp4,low
PooFvZH6fK0.003.mp4,low
pOtWKOF07iU.000.mp4,low
pOtWKOF07iU.002.mp4,low
pOtWKOF07iU.003.mp4,low
pOtWKOF07iU.004.mp4,low
PoVizBmIHy0.000.mp4,low
PpJ4S8ZM8mQ.000.mp4,low
PpJ4S8ZM8mQ.002.mp4,low
pPtzEnf5afw.000.mp4,low
pPtzEnf5afw.003.mp4,low
pPtzEnf5afw.005.mp4,low
PQBGDxYGaXU.001.mp4,low
pQy4omHIf7o.000.mp4,low
pQy4omHIf7o.001.mp4,low
pQy4omHIf7o.002.mp4,low
pQy4omHIf7o.003.mp4,low
pQy4omHIf7o.004.mp4,low
Pr-RpZ4gYCM.001.mp4,low
Pr7CHWFkWew.001.mp4,low
PReOtefm17s.002.mp4,low
PReOtefm17s.005.mp4,low
PRplbrM70sg.001.mp4,low
PRplbrM70sg.004.mp4,low
pru5ut4lxkQ.000.mp4,low
pru5ut4lxkQ.004.mp4,low
Ps55vHez10c.000.mp4,low
Psahy1Vju4A.000.mp4,low
Psahy1Vju4A.002.mp4,low
Psahy1Vju4A.003.mp4,low
Psahy1Vju4A.005.mp4,low
PsHb4YHooKM.003.mp4,low
PsqpkFKX8co.001.mp4,low
PsqpkFKX8co.002.mp4,low
pT8nyxks1Q4.005.mp4,low
PtA7yAu9-VE.000.mp4,low
PtA7yAu9-VE.004.mp4,low
PtA7yAu9-VE.005.mp4,low
PTV5TBVRHxo.000.mp4,low
PTV5TBVRHxo.002.mp4,low
puJ_NbKzRTE.003.mp4,low
puLXzqUvm_U.000.mp4,low
puLXzqUvm_U.001.mp4,low
puLXzqUvm_U.003.mp4,low
puLXzqUvm_U.004.mp4,low
PuVy3akfzNI.000.mp4,low
PuVy3akfzNI.002.mp4,low
PVm7Om88BSw.001.mp4,low
PVm7Om88BSw.003.mp4,low
pvvff396Rqg.004.mp4,low
pvvff396Rqg.005.mp4,low
PWAe9M2SxT8.001.mp4,low
PWAe9M2SxT8.003.mp4,low
PWAe9M2SxT8.004.mp4,low
PWM-bKcs2p8.001.mp4,low
PWM-bKcs2p8.004.mp4,low
pwvQaSwgso8.000.mp4,low
pwvQaSwgso8.001.mp4,low
pwvQaSwgso8.002.mp4,low
PxkMDzORBPE.005.mp4,low
PxpbeM9VavA.001.mp4,low
PxpbeM9VavA.003.mp4,low
PYL8BGJKu20.001.mp4,low
PyPFJWirPjs.000.mp4,low
PyPFJWirPjs.001.mp4,low
PYYC0Jiwfdg.000.mp4,low
PYYC0Jiwfdg.002.mp4,low
PYYC0Jiwfdg.004.mp4,low
pzfDth6nFQE.000.mp4,low
pzfDth6nFQE.003.mp4,low
pzfDth6nFQE.004.mp4,low
pzfDth6nFQE.005.mp4,low
pzG2VeUbefw.001.mp4,low
pzG2VeUbefw.003.mp4,low
pzG2VeUbefw.005.mp4,low
pZxqWp0e-Ik.000.mp4,low
pZxqWp0e-Ik.004.mp4,low
pZxqWp0e-Ik.005.mp4,low
Q-cZz-M17PE.000.mp4,low
Q0C0OU-j4DA.001.mp4,low
Q0C0OU-j4DA.002.mp4,low
Q0C0OU-j4DA.003.mp4,low
Q0C0OU-j4DA.004.mp4,low
Q0C0OU-j4DA.005.mp4,low
Q2AI4XpApFs.000.mp4,low
Q2AI4XpApFs.001.mp4,low
Q2AI4XpApFs.002.mp4,low
Q2AI4XpApFs.005.mp4,low
Q43qO4HC6mA.000.mp4,low
Q4z4GRUtccE.000.mp4,low
Q4z4GRUtccE.002.mp4,low
Q4z4GRUtccE.005.mp4,low
q5eIfoGdPWw.004.mp4,low
Q5h34e5xM0Q.000.mp4,low
q6au1xn_wIE.001.mp4,low
Q6We7dJplls.002.mp4,low
Q6We7dJplls.005.mp4,low
Q_YyIgxj6HE.001.mp4,low
qAisk1lgv2I.003.mp4,low
qBG1mjC7Zgg.000.mp4,low
qBG1mjC7Zgg.004.mp4,low
qBG1mjC7Zgg.005.mp4,low
QBZieJiOl1w.001.mp4,low
QBZieJiOl1w.003.mp4,low
QBZieJiOl1w.004.mp4,low
qCFFW1dM8V8.001.mp4,low
qCFFW1dM8V8.002.mp4,low
qCFFW1dM8V8.003.mp4,low
qCFFW1dM8V8.004.mp4,low
qCFFW1dM8V8.005.mp4,low
qcq5oIRJFUI.004.mp4,low
qD15qWMepxU.003.mp4,low
QdafN9Y_j-Y.001.mp4,low
QDd2AfQEAqs.001.mp4,low
Qe7q8SFJ71E.004.mp4,low
qfL0ml0f84g.003.mp4,low
qfL0ml0f84g.004.mp4,low
QfU5JsVMjfI.000.mp4,low
QfU5JsVMjfI.001.mp4,low
QfU5JsVMjfI.003.mp4,low
qFYgMFMal_s.005.mp4,low
QiPb8vlGDFo.000.mp4,low
QiPb8vlGDFo.001.mp4,low
QiPb8vlGDFo.002.mp4,low
QiPb8vlGDFo.003.mp4,low
QiPb8vlGDFo.004.mp4,low
QipgesEKSNA.000.mp4,low
QipgesEKSNA.001.mp4,low
QipgesEKSNA.002.mp4,low
QipgesEKSNA.004.mp4,low
QiR6yJbFCfM.005.mp4,low
qj-3b8snKho.002.mp4,low
qJ6_xSx9kCM.002.mp4,low
QJcc95Y0XPw.002.mp4,low
qjU3GX3jgSY.002.mp4,low
qjU3GX3jgSY.003.mp4,low
qjU3GX3jgSY.004.mp4,low
qjWi69HY2Fc.000.mp4,low
Qkao4XiSflU.003.mp4,low
QKcx5msA7iA.000.mp4,low
QKcx5msA7iA.003.mp4,low
QKcx5msA7iA.004.mp4,low
QKlawwZQK9M.000.mp4,low
QKlawwZQK9M.001.mp4,low
QKluS-uQIaM.002.mp4,low
qkmEt0ofGq8.002.mp4,low
qkmEt0ofGq8.003.mp4,low
qkmEt0ofGq8.004.mp4,low
qktahyrtrFs.000.mp4,low
qktahyrtrFs.001.mp4,low
QlBgvZjbX30.000.mp4,low
QlBgvZjbX30.002.mp4,low
qLbOPbx33dk.001.mp4,low
QlkTEWrSCBs.000.mp4,low
qLV1a_611kA.004.mp4,low
qMARpi60Hhs.000.mp4,low
qMARpi60Hhs.004.mp4,low
qmiBcHJpKR0.000.mp4,low
qmiBcHJpKR0.003.mp4,low
QMRAbwZCTfI.005.mp4,low
QNVsr2mGwGs.001.mp4,low
QNVsr2mGwGs.004.mp4,low
QNVsr2mGwGs.005.mp4,low
QovE6L-C9VY.000.mp4,low
qoztP0w5-Vo.000.mp4,low
qoztP0w5-Vo.005.mp4,low
qoZwA4ESb7g.000.mp4,low
qoZwA4ESb7g.001.mp4,low
qoZwA4ESb7g.003.mp4,low
qP1UtCbMaW4.003.mp4,low
qP8YzH6LT9c.001.mp4,low
QpA0gj1y6KE.000.mp4,low
qpwcdPnPeFM.004.mp4,low
qPzzmcuf-VI.000.mp4,low
qPzzmcuf-VI.004.mp4,low
qPzzmcuf-VI.005.mp4,low
Qqc1539E6rs.002.mp4,low
Qqc1539E6rs.003.mp4,low
Qqc1539E6rs.005.mp4,low
QqTw0lnrtBo.002.mp4,low
QqTw0lnrtBo.004.mp4,low
QQzeQOoqO20.001.mp4,low
QQzeQOoqO20.005.mp4,low
qr1C43Ylavg.001.mp4,low
qr1C43Ylavg.004.mp4,low
qr1C43Ylavg.005.mp4,low
qrjx2kxg6M4.002.mp4,low
qRtKUGgULL8.000.mp4,low
qRtKUGgULL8.002.mp4,low
qRtKUGgULL8.005.mp4,low
QS7TwjzkYiU.004.mp4,low
qsb1j9bEENs.000.mp4,low
qsb1j9bEENs.002.mp4,low
qsd4GdeN_eY.001.mp4,low
QsUj_OlGQ-0.000.mp4,low
QsUj_OlGQ-0.002.mp4,low
QsUj_OlGQ-0.004.mp4,low
QsUj_OlGQ-0.005.mp4,low
qtB-CogljAo.000.mp4,low
qtB-CogljAo.001.mp4,low
qtB-CogljAo.002.mp4,low
qtB-CogljAo.003.mp4,low
qtB-CogljAo.005.mp4,low
QTtTAFqT-no.004.mp4,low
Qu81v9Aybv4.000.mp4,low
Qu81v9Aybv4.002.mp4,low
Qu81v9Aybv4.003.mp4,low
Qu81v9Aybv4.004.mp4,low
Qu81v9Aybv4.005.mp4,low
QuwVzi2tQrQ.005.mp4,low
qVcw5-mm31s.000.mp4,low
qVcw5-mm31s.004.mp4,low
qVcw5-mm31s.005.mp4,low
qVrXROy4Ais.000.mp4,low
qVrXROy4Ais.001.mp4,low
qVrXROy4Ais.004.mp4,low
qW0TYVtzq5A.000.mp4,low
qW0TYVtzq5A.001.mp4,low
qW0TYVtzq5A.002.mp4,low
qW0TYVtzq5A.003.mp4,low
QXFRE_pjrAE.000.mp4,low
QXFRE_pjrAE.001.mp4,low
QXFRE_pjrAE.003.mp4,low
QyVTG0sGKg0.001.mp4,low
QyVTG0sGKg0.002.mp4,low
qyzuaettjU8.001.mp4,low
qyzuaettjU8.004.mp4,low
Qz_cjgCtDcM.001.mp4,low
Qz_cjgCtDcM.003.mp4,low
Qz_cjgCtDcM.005.mp4,low
Qzu9b49qvKo.003.mp4,low
R-qB2FX7ZbE.001.mp4,low
R-qB2FX7ZbE.004.mp4,low
R-vly7LKotQ.003.mp4,low
R0RURVpmU9M.004.mp4,low
r1v6EmZv7-o.001.mp4,low
r1v6EmZv7-o.002.mp4,low
r1v6EmZv7-o.004.mp4,low
r1v6EmZv7-o.005.mp4,low
r1YAW67aevY.000.mp4,low
r1YAW67aevY.003.mp4,low
r1YAW67aevY.005.mp4,low
r2BoxB3kgYk.000.mp4,low
r2BoxB3kgYk.001.mp4,low
r2BoxB3kgYk.003.mp4,low
r2HcJYjGK5s.001.mp4,low
r2HcJYjGK5s.003.mp4,low
r2HcJYjGK5s.004.mp4,low
r2HcJYjGK5s.005.mp4,low
R42dmIPCXwo.001.mp4,low
R42dmIPCXwo.003.mp4,low
r4BGKIXrD9c.003.mp4,low
r4BGKIXrD9c.005.mp4,low
R5uXsQsO6Uo.002.mp4,low
R6NTuhZtOks.003.mp4,low
R6NTuhZtOks.005.mp4,low
R8Gpa-rRywc.001.mp4,low
r93dLeVRk3U.002.mp4,low
r93dLeVRk3U.003.mp4,low
r9TaaVTo8Y8.000.mp4,low
r9TaaVTo8Y8.001.mp4,low
r9TaaVTo8Y8.002.mp4,low
r9TaaVTo8Y8.003.mp4,low
r9TaaVTo8Y8.004.mp4,low
R_6hhFo7M3o.002.mp4,low
R_6hhFo7M3o.003.mp4,low
r_cVo5qZ9n0.002.mp4,low
R_LJX7wszPY.000.mp4,low
RB9vu-0Y_Fk.001.mp4,low
RbX4q4KceVk.000.mp4,low
RbX4q4KceVk.003.mp4,low
RbX4q4KceVk.004.mp4,low
RbX4q4KceVk.005.mp4,low
rBxWZzkEncE.002.mp4,low
rBxWZzkEncE.003.mp4,low
rBxWZzkEncE.004.mp4,low
RCr48dXuZYE.002.mp4,low
rCxlfusNJlY.000.mp4,low
rCxlfusNJlY.001.mp4,low
rCxlfusNJlY.002.mp4,low
rD6NViDdyOU.001.mp4,low
rD6NViDdyOU.002.mp4,low
rD6NViDdyOU.005.mp4,low
RdHnu7ZxjzI.000.mp4,low
RdHnu7ZxjzI.002.mp4,low
RDOngWykAQU.000.mp4,low
RDOngWykAQU.002.mp4,low
RDOngWykAQU.003.mp4,low
REAxeTWo1QM.002.mp4,low
rFs0AC2qV6o.000.mp4,low
rFs0AC2qV6o.001.mp4,low
rG8D-A2F8xg.003.mp4,low
rG8D-A2F8xg.004.mp4,low
rG8D-A2F8xg.005.mp4,low
rGNeR3p1jKU.000.mp4,low
rGNeR3p1jKU.001.mp4,low
rGTn2uaCAT0.002.mp4,low
rGTn2uaCAT0.003.mp4,low
rGTn2uaCAT0.004.mp4,low
rGTn2uaCAT0.005.mp4,low
RGuHfwIRKpA.000.mp4,low
RGuHfwIRKpA.001.mp4,low
RgZTZIf8K8g.000.mp4,low
RgZTZIf8K8g.001.mp4,low
RgZTZIf8K8g.002.mp4,low
RgZTZIf8K8g.003.mp4,low
RHEkTC8UfME.000.mp4,low
RHEkTC8UfME.003.mp4,low
RhFPotjd0hM.002.mp4,low
RhFPotjd0hM.003.mp4,low
RhFPotjd0hM.004.mp4,low
rhKVPhhWHko.002.mp4,low
RhSWpef2e6s.000.mp4,low
rIHcq2E67Nc.003.mp4,low
rIHcq2E67Nc.005.mp4,low
rIRBEkDhn6Q.002.mp4,low
rIRBEkDhn6Q.003.mp4,low
rIRBEkDhn6Q.004.mp4,low
rIRBEkDhn6Q.005.mp4,low
rJgbslC72gw.001.mp4,low
rJgbslC72gw.003.mp4,low
rjS0PIwS47M.001.mp4,low
RlaaCqle7tY.003.mp4,low
RlaaCqle7tY.005.mp4,low
RlUuWWWFrhM.005.mp4,low
RMA5HIyEsXc.000.mp4,low
rMFJmA5dRFQ.000.mp4,low
Rops7WYMCCY.000.mp4,low
Rops7WYMCCY.001.mp4,low
Rops7WYMCCY.002.mp4,low
Rops7WYMCCY.003.mp4,low
ROTx-0q1F9M.001.mp4,low
ROTx-0q1F9M.004.mp4,low
ROTx-0q1F9M.005.mp4,low
Rp_gyvKE4hI.000.mp4,low
Rp_gyvKE4hI.001.mp4,low
Rp_gyvKE4hI.002.mp4,low
Rp_gyvKE4hI.004.mp4,low
Rp_gyvKE4hI.005.mp4,low
RQdZHLGGR_E.001.mp4,low
RQeoo3idUJc.004.mp4,low
rqfvIjzegpI.000.mp4,low
rqfvIjzegpI.001.mp4,low
rqfvIjzegpI.005.mp4,low
rrdSLfnU2pg.000.mp4,low
rrdSLfnU2pg.003.mp4,low
RrvG7JlKoXM.002.mp4,low
RrvG7JlKoXM.004.mp4,low
RrvG7JlKoXM.005.mp4,low
RsjDkkvJirs.005.mp4,low
RsYSOFRFszk.001.mp4,low
RsYSOFRFszk.004.mp4,low
Rsz-26AaL2o.001.mp4,low
rT0TqakPrAI.000.mp4,low
rtEASqA8_WE.000.mp4,low
rTG9gtci67c.001.mp4,low
rTG9gtci67c.002.mp4,low
rTG9gtci67c.004.mp4,low
rTG9gtci67c.005.mp4,low
RthpiC1KtSg.000.mp4,low
RthpiC1KtSg.003.mp4,low
RthpiC1KtSg.004.mp4,low
RTJK4Duuxsc.003.mp4,low
RtNylXap2qk.000.mp4,low
RtNylXap2qk.001.mp4,low
RtNylXap2qk.005.mp4,low
rUGAiuYHNgE.000.mp4,low
rUGAiuYHNgE.002.mp4,low
rUGAiuYHNgE.004.mp4,low
RuRn2t7iPSc.000.mp4,low
RuRn2t7iPSc.002.mp4,low
RuRn2t7iPSc.004.mp4,low
rvB9DYAKHpk.000.mp4,low
rvB9DYAKHpk.001.mp4,low
rvB9DYAKHpk.002.mp4,low
RvoxbgEP49Q.003.mp4,low
RvoxbgEP49Q.005.mp4,low
rW3hFpfGMHs.003.mp4,low
RW4a2ERzTO8.000.mp4,low
Rw_ZLT9vZTI.003.mp4,low
Rw_ZLT9vZTI.005.mp4,low
RWfY3Xk0XPQ.002.mp4,low
RWfY3Xk0XPQ.003.mp4,low
RWfY3Xk0XPQ.005.mp4,low
RWhyKkFI3zw.001.mp4,low
RWhyKkFI3zw.004.mp4,low
RWhyKkFI3zw.005.mp4,low
rwinPicu_aw.000.mp4,low
rwinPicu_aw.001.mp4,low
rwinPicu_aw.002.mp4,low
Rwsss8y1bf0.000.mp4,low
Rwsss8y1bf0.002.mp4,low
Rwsss8y1bf0.004.mp4,low
rWT8N_yjf60.005.mp4,low
rXoCKj1qwn4.001.mp4,low
rxYWgXYTATs.000.mp4,low
rxYWgXYTATs.001.mp4,low
rxYWgXYTATs.002.mp4,low
rxYWgXYTATs.003.mp4,low
rxYWgXYTATs.005.mp4,low
Ry5JJvTfP-8.002.mp4,low
Ry5JJvTfP-8.004.mp4,low
RYG6XhdmPY0.001.mp4,low
RYG6XhdmPY0.002.mp4,low
RYG6XhdmPY0.004.mp4,low
RYG6XhdmPY0.005.mp4,low
RZgTERiRDjA.001.mp4,low
rzKtAeWgZH0.003.mp4,low
RZOimXPTG0s.000.mp4,low
RZOimXPTG0s.002.mp4,low
RZOimXPTG0s.003.mp4,low
S-e9-bW4seo.001.mp4,low
S-e9-bW4seo.004.mp4,low
S-jhg6Y5OrE.001.mp4,low
s-jZlMKQGwc.000.mp4,low
s-jZlMKQGwc.002.mp4,low
s-jZlMKQGwc.003.mp4,low
s0MKUEnyHSE.003.mp4,low
s0pgZM5G6ds.003.mp4,low
s0pgZM5G6ds.004.mp4,low
S0QIXcQGG-g.000.mp4,low
S0QIXcQGG-g.001.mp4,low
S0QIXcQGG-g.002.mp4,low
S0QIXcQGG-g.004.mp4,low
S1AEj1kO5dc.002.mp4,low
S1AEj1kO5dc.004.mp4,low
S1AEj1kO5dc.005.mp4,low
s1DOqsQoN5s.001.mp4,low
s1DOqsQoN5s.002.mp4,low
s1DOqsQoN5s.003.mp4,low
s3m8DgUi6GM.000.mp4,low
s3m8DgUi6GM.001.mp4,low
s3m8DgUi6GM.004.mp4,low
s6gN_358tk4.001.mp4,low
s6N1pv5lzrU.002.mp4,low
s6N1pv5lzrU.003.mp4,low
s85T4B1ONWE.005.mp4,low
sa7E6SrSmEs.003.mp4,low
Sa7iqqSbaTU.000.mp4,low
Sa7iqqSbaTU.002.mp4,low
saTSCzI1dKo.004.mp4,low
Sb1b8JMVhLs.000.mp4,low
Sb1b8JMVhLs.002.mp4,low
Sb1b8JMVhLs.005.mp4,low
SBEad3L1Hdc.000.mp4,low
SBEad3L1Hdc.001.mp4,low
SBEad3L1Hdc.003.mp4,low
sBHv1jYmZQE.000.mp4,low
sBHv1jYmZQE.003.mp4,low
sBHv1jYmZQE.004.mp4,low
SbtIS7XwkLU.001.mp4,low
SbtIS7XwkLU.005.mp4,low
sBw7VHQ74SY.005.mp4,low
scifP1EXSdo.001.mp4,low
SCnQFpdklMg.001.mp4,low
SCnQFpdklMg.002.mp4,low
SCnQFpdklMg.004.mp4,low
SCnQFpdklMg.005.mp4,low
SCZLT4fH5B8.000.mp4,low
SCZLT4fH5B8.001.mp4,low
sDfU1gixDmM.000.mp4,low
sDNzrM6N7wA.000.mp4,low
sDNzrM6N7wA.003.mp4,low
Sdqg-jn_tBk.000.mp4,low
Sdqg-jn_tBk.001.mp4,low
Sdqg-jn_tBk.004.mp4,low
sduFj_uaZ-w.000.mp4,low
sDWJMBZ1mVA.001.mp4,low
sDWJMBZ1mVA.002.mp4,low
sDWJMBZ1mVA.003.mp4,low
sDWJMBZ1mVA.005.mp4,low
Se3Gts4u1vs.000.mp4,low
Se3Gts4u1vs.005.mp4,low
SEELGB_-uWU.001.mp4,low
SEELGB_-uWU.002.mp4,low
SEELGB_-uWU.003.mp4,low
SEELGB_-uWU.005.mp4,low
sf29orxf4X0.000.mp4,low
sf29orxf4X0.002.mp4,low
sf29orxf4X0.003.mp4,low
sf8TXpaKnt4.001.mp4,low
SfldZBPyPFo.001.mp4,low
SfldZBPyPFo.002.mp4,low
SfldZBPyPFo.003.mp4,low
SFRis1tTZWk.002.mp4,low
SFRis1tTZWk.003.mp4,low
SFxiMxHvJuo.000.mp4,low
SFxiMxHvJuo.001.mp4,low
SFxiMxHvJuo.005.mp4,low
SG2QAh_50ek.001.mp4,low
SG2QAh_50ek.005.mp4,low
SgWtBK48AjE.001.mp4,low
SgzOYog1pH4.001.mp4,low
SgzOYog1pH4.003.mp4,low
shAhNNV-zHA.000.mp4,low
shAhNNV-zHA.001.mp4,low
shAhNNV-zHA.002.mp4,low
shAhNNV-zHA.004.mp4,low
shAhNNV-zHA.005.mp4,low
shEsu57CYnA.001.mp4,low
shEsu57CYnA.002.mp4,low
shEsu57CYnA.003.mp4,low
shEsu57CYnA.004.mp4,low
shEsu57CYnA.005.mp4,low
Shf0JB_MutI.001.mp4,low
shQmRW4CrGE.000.mp4,low
shtirfEzWFA.000.mp4,low
shtirfEzWFA.001.mp4,low
shtirfEzWFA.002.mp4,low
shV5Fbzn9pw.002.mp4,low
shV5Fbzn9pw.003.mp4,low
sHVXhr7_EOs.002.mp4,low
sHVXhr7_EOs.003.mp4,low
SI93csgHMTk.004.mp4,low
si_gZCrLa4A.001.mp4,low
si_gZCrLa4A.002.mp4,low
si_gZCrLa4A.005.mp4,low
siEnTktB4lQ.001.mp4,low
siEnTktB4lQ.002.mp4,low
siEnTktB4lQ.004.mp4,low
sIfHl2N8Hkg.004.mp4,low
simc6hmrUOE.000.mp4,low
simc6hmrUOE.005.mp4,low
SIpQm4G4DDg.000.mp4,low
SIpQm4G4DDg.004.mp4,low
SkNO4x-LSgE.004.mp4,low
SkNO4x-LSgE.005.mp4,low
slE2PWIwzus.002.mp4,low
SM0i7RkOjPk.000.mp4,low
SM0i7RkOjPk.005.mp4,low
sNPK8f4FSfo.001.mp4,low
sNs4yCA11wk.000.mp4,low
sNs4yCA11wk.001.mp4,low
sNs4yCA11wk.002.mp4,low
sNs4yCA11wk.003.mp4,low
sNs4yCA11wk.005.mp4,low
sntohi33U5s.000.mp4,low
sntohi33U5s.001.mp4,low
sntohi33U5s.004.mp4,low
sntohi33U5s.005.mp4,low
SoHlnvNirJg.001.mp4,low
sOkGz6gEmGk.000.mp4,low
sOkGz6gEmGk.001.mp4,low
sOkGz6gEmGk.002.mp4,low
sOkGz6gEmGk.003.mp4,low
SOxdUtjGmAo.001.mp4,low
SOxdUtjGmAo.002.mp4,low
SOxdUtjGmAo.003.mp4,low
SPD5fXHVyIk.002.mp4,low
SPD5fXHVyIk.004.mp4,low
sPMNhG1Sehc.004.mp4,low
sPMNhG1Sehc.005.mp4,low
SPpox8EGQqU.001.mp4,low
sqnW6xXYTKg.000.mp4,low
sqnW6xXYTKg.001.mp4,low
sqnW6xXYTKg.002.mp4,low
sqnW6xXYTKg.003.mp4,low
squHxV3QXlQ.002.mp4,low
SR1Q5M2urxY.003.mp4,low
SR1Q5M2urxY.004.mp4,low
SRjhmQTPOmA.002.mp4,low
SRjhmQTPOmA.004.mp4,low
SRjhmQTPOmA.005.mp4,low
sRuO_Fz3eog.004.mp4,low
SsoZjq7x4MA.000.mp4,low
SsoZjq7x4MA.004.mp4,low
sSR1a5XW7n4.001.mp4,low
sSR1a5XW7n4.002.mp4,low
ssxo35zmKWQ.001.mp4,low
ssxo35zmKWQ.002.mp4,low
ssxo35zmKWQ.003.mp4,low
ssxo35zmKWQ.004.mp4,low
ssxo35zmKWQ.005.mp4,low
sSYCMN-WHmI.000.mp4,low
struoSVUsUg.002.mp4,low
struoSVUsUg.005.mp4,low
sTUJhj154Sc.002.mp4,low
sTUJhj154Sc.003.mp4,low
sTUJhj154Sc.005.mp4,low
SUI6WNryjqw.000.mp4,low
SUI6WNryjqw.002.mp4,low
SUI6WNryjqw.003.mp4,low
SUY_HDzgvGA.003.mp4,low
SxKLweLx_ZE.000.mp4,low
SxRNdq2nGN0.000.mp4,low
SxRNdq2nGN0.001.mp4,low
SxRNdq2nGN0.002.mp4,low
sY4urmZmhJA.002.mp4,low
SyaRn3MHEIE.003.mp4,low
SyaRn3MHEIE.004.mp4,low
syAUKJMQWeo.001.mp4,low
SYlV95nPTPs.001.mp4,low
syTTeox8Yaw.002.mp4,low
syTTeox8Yaw.003.mp4,low
T-mK85acIOc.004.mp4,low
T-mK85acIOc.005.mp4,low
t0_DAgeU4nM.002.mp4,low
t0_DAgeU4nM.003.mp4,low
t0AupkXkkZw.001.mp4,low
t0AupkXkkZw.003.mp4,low
t0AupkXkkZw.004.mp4,low
t0AupkXkkZw.005.mp4,low
T0drx76OLAc.000.mp4,low
T1--98_78ns.003.mp4,low
T1_6sVNHG70.000.mp4,low
T1_6sVNHG70.001.mp4,low
T1_6sVNHG70.005.mp4,low
t1PKNXE-IiM.000.mp4,low
t1PKNXE-IiM.001.mp4,low
t1PKNXE-IiM.005.mp4,low
T1tJTwlGqOM.000.mp4,low
T1tJTwlGqOM.001.mp4,low
T1tJTwlGqOM.004.mp4,low
T1tJTwlGqOM.005.mp4,low
t30ERiF6b50.000.mp4,low
t30ERiF6b50.003.mp4,low
t3A2UMN3JeE.000.mp4,low
t3A2UMN3JeE.002.mp4,low
t3A2UMN3JeE.003.mp4,low
T3v3-2tvV0s.000.mp4,low
T4eZ81aJwJI.000.mp4,low
T4eZ81aJwJI.003.mp4,low
T4eZ81aJwJI.004.mp4,low
T4eZ81aJwJI.005.mp4,low
t6-ljEWQjW8.000.mp4,low
t6-ljEWQjW8.002.mp4,low
t6-ljEWQjW8.005.mp4,low
T6CMGXdPUTA.000.mp4,low
T6CMGXdPUTA.001.mp4,low
T6CMGXdPUTA.002.mp4,low
t899haDGi38.002.mp4,low
t899haDGi38.003.mp4,low
t899haDGi38.004.mp4,low
t899haDGi38.005.mp4,low
T8ibN-b3h7Y.001.mp4,low
t9wFHk9TM-U.002.mp4,low
t9wFHk9TM-U.003.mp4,low
T9xSEBSaL7Q.003.mp4,low
T_X16g5ExgE.005.mp4,low
Tad9Q9OFjJw.002.mp4,low
Tad9Q9OFjJw.003.mp4,low
Tad9Q9OFjJw.004.mp4,low
TaL5JleXDP8.003.mp4,low
TaL5JleXDP8.005.mp4,low
taSAaWKcmTw.000.mp4,low
taSAaWKcmTw.002.mp4,low
taSAaWKcmTw.004.mp4,low
taSAaWKcmTw.005.mp4,low
TaTMtWvSmu4.000.mp4,low
TaTMtWvSmu4.001.mp4,low
TaTMtWvSmu4.003.mp4,low
TaTMtWvSmu4.004.mp4,low
tBQlU4_cIS0.000.mp4,low
Tch2Bt9b8AY.001.mp4,low
tcmYlyeqwuI.003.mp4,low
tcmYlyeqwuI.004.mp4,low
tCnfvBwWVKw.000.mp4,low
tCnfvBwWVKw.002.mp4,low
tCnfvBwWVKw.003.mp4,low
TCzYD74Xqe8.000.mp4,low
TCzYD74Xqe8.002.mp4,low
TD2jIXMD-SM.001.mp4,low
TD2jIXMD-SM.002.mp4,low
TD2jIXMD-SM.005.mp4,low
TD3H2DOSi1Y.001.mp4,low
TEGJrmNFvXY.001.mp4,low
TEGJrmNFvXY.004.mp4,low
TeNC9wOhlXM.000.mp4,low
tepWDnvIuRg.001.mp4,low
tepWDnvIuRg.002.mp4,low
tepWDnvIuRg.003.mp4,low
tepWDnvIuRg.004.mp4,low
tepWDnvIuRg.005.mp4,low
tEQEKN07KgQ.000.mp4,low
tEQEKN07KgQ.001.mp4,low
tEQEKN07KgQ.003.mp4,low
tEQEKN07KgQ.004.mp4,low
tEQEKN07KgQ.005.mp4,low
teRgvZ63_2I.001.mp4,low
teRgvZ63_2I.003.mp4,low
tg0i-zxvQXk.000.mp4,low
Tg8a_iNEamM.000.mp4,low
Tg8a_iNEamM.005.mp4,low
tGHOYmQHZUc.001.mp4,low
THO-md3eEkA.000.mp4,low
THO-md3eEkA.003.mp4,low
THO-md3eEkA.004.mp4,low
tHYxFw-7po8.001.mp4,low
TiQF5QduRNE.003.mp4,low
TIRrlL71dEQ.000.mp4,low
TIRrlL71dEQ.005.mp4,low
tiVKJWLzmk4.000.mp4,low
tiVKJWLzmk4.001.mp4,low
tiVKJWLzmk4.004.mp4,low
TJD__22fOr0.000.mp4,low
TJJJfJfj46M.001.mp4,low
Tm44tg1zPwU.004.mp4,low
TmpP2fXeVtk.000.mp4,low
TmpP2fXeVtk.002.mp4,low
TmpP2fXeVtk.003.mp4,low
TmyDT-HC3qI.001.mp4,low
TmyDT-HC3qI.002.mp4,low
TNjEJGdqmH0.000.mp4,low
TNjEJGdqmH0.001.mp4,low
TNjEJGdqmH0.002.mp4,low
TNjEJGdqmH0.003.mp4,low
TNjEJGdqmH0.005.mp4,low
tNPLxKC38Xs.000.mp4,low
tNPLxKC38Xs.002.mp4,low
tNPLxKC38Xs.003.mp4,low
tNPLxKC38Xs.004.mp4,low
TNtcyfM9jak.000.mp4,low
TNtcyfM9jak.001.mp4,low
TNtcyfM9jak.002.mp4,low
TNtcyfM9jak.003.mp4,low
TNtcyfM9jak.005.mp4,low
tOifNTq8jPw.005.mp4,low
tomb22yfjTc.001.mp4,low
tomb22yfjTc.002.mp4,low
TPk6KiHuPag.000.mp4,low
TPk6KiHuPag.001.mp4,low
TPk6KiHuPag.003.mp4,low
TPk6KiHuPag.004.mp4,low
TPRQyuiNYmI.002.mp4,low
tPVSlH_VmZk.001.mp4,low
TQHzCznQ14Y.000.mp4,low
TQHzCznQ14Y.003.mp4,low
Tr3A7WODEuM.001.mp4,low
tS6bRcIIjDc.000.mp4,low
tS6bRcIIjDc.001.mp4,low
tS6bRcIIjDc.002.mp4,low
tS6bRcIIjDc.003.mp4,low
tS6bRcIIjDc.004.mp4,low
tS6bRcIIjDc.005.mp4,low
TSGpD2NBeCQ.002.mp4,low
TTuysItuSdo.004.mp4,low
TTx4lC7LLcI.000.mp4,low
TTx4lC7LLcI.001.mp4,low
TUaOp5eIU2c.000.mp4,low
TUaOp5eIU2c.001.mp4,low
TUaOp5eIU2c.002.mp4,low
TUaOp5eIU2c.003.mp4,low
TursJyaFzqY.000.mp4,low
TursJyaFzqY.002.mp4,low
TursJyaFzqY.003.mp4,low
TursJyaFzqY.004.mp4,low
TursJyaFzqY.005.mp4,low
tutTFKP_fdg.000.mp4,low
tutTFKP_fdg.005.mp4,low
tvKUJujTUEo.001.mp4,low
tvKUJujTUEo.003.mp4,low
tvKUJujTUEo.004.mp4,low
tvKUJujTUEo.005.mp4,low
tw6lY2ptkvo.002.mp4,low
TWKKCoT4FTc.001.mp4,low
twmdh5zdvfg.000.mp4,low
twO6ceVTuII.001.mp4,low
twO6ceVTuII.002.mp4,low
twO6ceVTuII.003.mp4,low
twO6ceVTuII.005.mp4,low
TwWDFpN3occ.001.mp4,low
TwWDFpN3occ.002.mp4,low
TwWDFpN3occ.003.mp4,low
txU8yE9d-4k.001.mp4,low
txU8yE9d-4k.003.mp4,low
txU8yE9d-4k.005.mp4,low
tYpxPqwle5k.005.mp4,low
tZiRqu8joX8.003.mp4,low
TzW_VxrCR30.002.mp4,low
U-PRay-woXU.000.mp4,low
U-PRay-woXU.002.mp4,low
U-PRay-woXU.004.mp4,low
U-PRay-woXU.005.mp4,low
U-XrzfFzMkg.004.mp4,low
U-XrzfFzMkg.005.mp4,low
u0NIAbS0mDM.001.mp4,low
U22Jy0m5xSQ.001.mp4,low
U22Jy0m5xSQ.005.mp4,low
U2lT_RogJMM.001.mp4,low
U2RemWUyjts.000.mp4,low
U2RemWUyjts.003.mp4,low
u2XbiBuuxyI.001.mp4,low
U3UaF1aFek4.001.mp4,low
U3UaF1aFek4.002.mp4,low
U3UaF1aFek4.005.mp4,low
u50B6bIkN9g.000.mp4,low
u50B6bIkN9g.002.mp4,low
U9cidDFDTQE.001.mp4,low
U9cidDFDTQE.003.mp4,low
U9cidDFDTQE.004.mp4,low
U9NlCSah83U.001.mp4,low
u9vOa9GdNcM.003.mp4,low
U_QQ8EuuWPg.000.mp4,low
U_QQ8EuuWPg.001.mp4,low
U_QQ8EuuWPg.002.mp4,low
U_QQ8EuuWPg.003.mp4,low
U_QQ8EuuWPg.005.mp4,low
u_qvbRpm88k.002.mp4,low
u_qvbRpm88k.005.mp4,low
ua5c716lu5s.001.mp4,low
ua5c716lu5s.002.mp4,low
ua5c716lu5s.003.mp4,low
ua5c716lu5s.004.mp4,low
ua5c716lu5s.005.mp4,low
UA6UY69EVSI.000.mp4,low
UA6UY69EVSI.002.mp4,low
UA6UY69EVSI.004.mp4,low
UANQntvIqVk.000.mp4,low
UANQntvIqVk.003.mp4,low
UANQntvIqVk.004.mp4,low
uATtAHyVSMM.002.mp4,low
uATtAHyVSMM.003.mp4,low
uATtAHyVSMM.005.mp4,low
uCJNAX_b9mc.000.mp4,low
uCJNAX_b9mc.002.mp4,low
UCKiPkp4ZkA.000.mp4,low
UcyjGGEBn30.001.mp4,low
UcyjGGEBn30.004.mp4,low
UcyjGGEBn30.005.mp4,low
UD-8YYU7GZs.000.mp4,low
UD-8YYU7GZs.003.mp4,low
UD-8YYU7GZs.004.mp4,low
udn-L92wdn8.000.mp4,low
uE2U_Y7QrIw.000.mp4,low
uE2U_Y7QrIw.002.mp4,low
uE2U_Y7QrIw.003.mp4,low
UEYKBC_SuzU.001.mp4,low
UEYKBC_SuzU.004.mp4,low
uf_sIIw4zxY.001.mp4,low
uf_sIIw4zxY.002.mp4,low
uf_sIIw4zxY.005.mp4,low
UGn9Q8Fe9jw.001.mp4,low
UGp1GNK0GWg.000.mp4,low
UGsr6Vnqf7I.003.mp4,low
UGsr6Vnqf7I.004.mp4,low
UhNyHUwo1SY.001.mp4,low
UhNyHUwo1SY.003.mp4,low
uHrP02iwW1o.000.mp4,low
uHrP02iwW1o.002.mp4,low
Ui1ajQU5Ib8.000.mp4,low
Ui1ajQU5Ib8.001.mp4,low
Ui1ajQU5Ib8.005.mp4,low
uifW-cV-iQo.002.mp4,low
UipoC_HLOP0.001.mp4,low
UipoC_HLOP0.003.mp4,low
UipoC_HLOP0.004.mp4,low
UjqpaK1HlKI.004.mp4,low
UjqpaK1HlKI.005.mp4,low
UKHSKkb0V1o.003.mp4,low
UKHSKkb0V1o.004.mp4,low
UKHSKkb0V1o.005.mp4,low
uKy7lHuMQ_o.000.mp4,low
uKy7lHuMQ_o.002.mp4,low
uMCRfie1lkc.001.mp4,low
uMCRfie1lkc.002.mp4,low
uMCRfie1lkc.003.mp4,low
uMCRfie1lkc.004.mp4,low
UMgeWS5r3IE.005.mp4,low
UMMhvyjgRnM.004.mp4,low
uNJpPYo5Qp4.002.mp4,low
UoC_4qi_m9c.002.mp4,low
UoC_4qi_m9c.003.mp4,low
UOvgGSx9k_k.001.mp4,low
UOvgGSx9k_k.002.mp4,low
UOvgGSx9k_k.003.mp4,low
upgv7xmOb1I.001.mp4,low
upgv7xmOb1I.002.mp4,low
upgv7xmOb1I.003.mp4,low
upgv7xmOb1I.004.mp4,low
upgv7xmOb1I.005.mp4,low
uqd_cEJMJ4o.003.mp4,low
UQeuBvZNusI.000.mp4,low
UQeuBvZNusI.001.mp4,low
UQeuBvZNusI.003.mp4,low
UqfFvPT9mEs.000.mp4,low
UrOamWOcOwQ.000.mp4,low
UrOamWOcOwQ.002.mp4,low
UrOamWOcOwQ.003.mp4,low
UrOamWOcOwQ.004.mp4,low
UrOamWOcOwQ.005.mp4,low
uRY3aJAaogw.001.mp4,low
uRY3aJAaogw.002.mp4,low
uRY3aJAaogw.003.mp4,low
uRY3aJAaogw.005.mp4,low
US4PxgfKDeA.000.mp4,low
US4PxgfKDeA.003.mp4,low
US4PxgfKDeA.004.mp4,low
usG6pVxbQkw.000.mp4,low
usG6pVxbQkw.001.mp4,low
USicjVA1trA.003.mp4,low
USicjVA1trA.004.mp4,low
USicjVA1trA.005.mp4,low
UsmwjNu3kgQ.001.mp4,low
USO-o9dHJ3U.000.mp4,low
USO-o9dHJ3U.001.mp4,low
USO-o9dHJ3U.004.mp4,low
USO-o9dHJ3U.005.mp4,low
uStuc1OX0f0.000.mp4,low
uTluOTPA7e4.001.mp4,low
uTluOTPA7e4.002.mp4,low
uTluOTPA7e4.003.mp4,low
uTluOTPA7e4.004.mp4,low
utv9RBNcL5w.000.mp4,low
utv9RBNcL5w.005.mp4,low
UtVo107m5lg.001.mp4,low
UtVo107m5lg.002.mp4,low
UtVo107m5lg.003.mp4,low
UtVo107m5lg.005.mp4,low
Uu-NbXUPr-A.000.mp4,low
Uu-NbXUPr-A.001.mp4,low
UVMEzA3yHsM.001.mp4,low
UVMEzA3yHsM.003.mp4,low
UVvBaGOxwRI.000.mp4,low
UvX6ctu2ObM.002.mp4,low
uwUkp63db18.001.mp4,low
uwUkp63db18.002.mp4,low
uwUkp63db18.003.mp4,low
uwUkp63db18.004.mp4,low
uwUkp63db18.005.mp4,low
UWVOT3YPQH4.001.mp4,low
UWVOT3YPQH4.002.mp4,low
UWVOT3YPQH4.004.mp4,low
UWVOT3YPQH4.005.mp4,low
uwYQKM_STCw.002.mp4,low
uwYQKM_STCw.005.mp4,low
uxTxqewSuxg.000.mp4,low
UzgW75Fd4jU.001.mp4,low
v0jtovM6Ajg.000.mp4,low
v0jtovM6Ajg.003.mp4,low
V1I40vVRk78.002.mp4,low
V1I40vVRk78.003.mp4,low
V1TjmLtgNm0.000.mp4,low
V1TjmLtgNm0.002.mp4,low
V1TjmLtgNm0.005.mp4,low
V2nvyZB-JNM.001.mp4,low
V2nvyZB-JNM.002.mp4,low
V2nvyZB-JNM.003.mp4,low
V2nvyZB-JNM.004.mp4,low
V4ibYU1O-YI.000.mp4,low
V4ibYU1O-YI.001.mp4,low
V4ibYU1O-YI.005.mp4,low
v68FyWS-Q9s.002.mp4,low
v68FyWS-Q9s.003.mp4,low
V7_h3URfSFY.000.mp4,low
V7_h3URfSFY.003.mp4,low
V7_h3URfSFY.005.mp4,low
V8JaJ2IVG9E.004.mp4,low
V8JaJ2IVG9E.005.mp4,low
V8PSAROGbZM.004.mp4,low
V8w2Lo5wxl8.000.mp4,low
V8w2Lo5wxl8.001.mp4,low
V8w2Lo5wxl8.004.mp4,low
V9aMA9YLa2k.001.mp4,low
V9aMA9YLa2k.005.mp4,low
V9OuGDPnqHI.000.mp4,low
V9OuGDPnqHI.001.mp4,low
V9OuGDPnqHI.004.mp4,low
V9roK_mLM-w.000.mp4,low
V9roK_mLM-w.002.mp4,low
V9roK_mLM-w.003.mp4,low
VA5XjOaBH0Y.000.mp4,low
vAEqpUwBMJQ.001.mp4,low
vAEqpUwBMJQ.003.mp4,low
vAEqpUwBMJQ.004.mp4,low
vAEqpUwBMJQ.005.mp4,low
vAV6ovUKPDg.005.mp4,low
VAZLQqJa9rQ.001.mp4,low
VAZLQqJa9rQ.002.mp4,low
VAZLQqJa9rQ.003.mp4,low
VAZLQqJa9rQ.004.mp4,low
VbiUhNAdzus.000.mp4,low
VbiUhNAdzus.002.mp4,low
vCV-5LypZCs.005.mp4,low
vCY4uvfrWXA.003.mp4,low
vCY4uvfrWXA.005.mp4,low
Vd9biSOZ5CI.001.mp4,low
Vd9biSOZ5CI.002.mp4,low
Vd9biSOZ5CI.003.mp4,low
Vd9biSOZ5CI.004.mp4,low
VDcYF-YQuWw.000.mp4,low
vE9XgQL7DGE.001.mp4,low
vE9XgQL7DGE.003.mp4,low
vE9XgQL7DGE.004.mp4,low
VForU0EmBr0.000.mp4,low
VForU0EmBr0.001.mp4,low
VForU0EmBr0.003.mp4,low
VForU0EmBr0.005.mp4,low
VGoAtKcKIe8.002.mp4,low
VGoAtKcKIe8.005.mp4,low
vHc0pnY9BoI.002.mp4,low
VhHnmeRABJw.003.mp4,low
VhHnmeRABJw.005.mp4,low
vHIBCKwJLEY.001.mp4,low
vHIBCKwJLEY.003.mp4,low
vHIBCKwJLEY.004.mp4,low
vHn6-GQAI_Y.001.mp4,low
vHn6-GQAI_Y.003.mp4,low
vHn6-GQAI_Y.004.mp4,low
vhugKRUnd-c.000.mp4,low
vhugKRUnd-c.001.mp4,low
vhugKRUnd-c.004.mp4,low
VIhStXxpAr0.000.mp4,low
VIhStXxpAr0.001.mp4,low
VIhStXxpAr0.003.mp4,low
VIhStXxpAr0.004.mp4,low
VIKk25Ozx40.000.mp4,low
Vimaz7NzPIg.001.mp4,low
vIW7gDmhYMk.001.mp4,low
vIW7gDmhYMk.003.mp4,low
vIW7gDmhYMk.004.mp4,low
vIW7gDmhYMk.005.mp4,low
Vj-Cmtqv_qY.001.mp4,low
vJDx6TCX32M.000.mp4,low
vJDx6TCX32M.001.mp4,low
vJDx6TCX32M.004.mp4,low
vJnjjy5DZN4.001.mp4,low
vJnjjy5DZN4.002.mp4,low
vJnjjy5DZN4.003.mp4,low
VJuVsi6G96s.000.mp4,low
VJuVsi6G96s.002.mp4,low
VjYqagJ4xt8.001.mp4,low
VjYqagJ4xt8.004.mp4,low
Vk3scj5vhd4.004.mp4,low
vLAHfIjmRMc.001.mp4,low
vLAHfIjmRMc.005.mp4,low
VM409fZmJE0.000.mp4,low
vMtF0akNUK4.000.mp4,low
vMtF0akNUK4.001.mp4,low
vMtF0akNUK4.002.mp4,low
vMtF0akNUK4.004.mp4,low
VmV8NIvVVkw.000.mp4,low
VmXZ2jMWuvk.001.mp4,low
VmXZ2jMWuvk.004.mp4,low
VmyIItgMzpE.002.mp4,low
vNEs2yGe77s.000.mp4,low
VNK6LQHh25w.000.mp4,low
VNK6LQHh25w.004.mp4,low
VnUkBYQkJms.002.mp4,low
VnUkBYQkJms.003.mp4,low
VnUkBYQkJms.004.mp4,low
VnUkBYQkJms.005.mp4,low
vNZJSHliTR4.001.mp4,low
vo-Y5kgSBa8.000.mp4,low
vo-Y5kgSBa8.002.mp4,low
vo-Y5kgSBa8.003.mp4,low
vo-Y5kgSBa8.005.mp4,low
vOEQlAMABWM.000.mp4,low
vOEQlAMABWM.001.mp4,low
vOEQlAMABWM.003.mp4,low
VOeVhXWK7-8.004.mp4,low
VOeVhXWK7-8.005.mp4,low
VOhsEbDjZ9E.001.mp4,low
VoPuhcQc_mg.000.mp4,low
voSLxKtKr0Q.000.mp4,low
voSLxKtKr0Q.002.mp4,low
voSLxKtKr0Q.003.mp4,low
voSLxKtKr0Q.004.mp4,low
voSLxKtKr0Q.005.mp4,low
vOxgWKGNEYc.000.mp4,low
VoXh9utSIx8.000.mp4,low
voXr6-ykd1w.000.mp4,low
voXr6-ykd1w.002.mp4,low
vP6TUda99tc.005.mp4,low
vp9p1osOaLI.002.mp4,low
vp9p1osOaLI.003.mp4,low
VPFrKx72gvo.001.mp4,low
VPFrKx72gvo.002.mp4,low
vQEZ5KF9I4E.003.mp4,low
vQEZ5KF9I4E.004.mp4,low
vqF65-bFHKM.003.mp4,low
vqF65-bFHKM.004.mp4,low
vqLtOsoNPnU.002.mp4,low
vqLtOsoNPnU.004.mp4,low
VQMizni7nY0.001.mp4,low
vr5FWHUkYRM.000.mp4,low
vr5FWHUkYRM.001.mp4,low
vR7YF7Zv5-Q.000.mp4,low
vR7YF7Zv5-Q.003.mp4,low
VRjJxTqOJyo.001.mp4,low
VRjJxTqOJyo.002.mp4,low
VRjJxTqOJyo.004.mp4,low
vrMlwwTLWIE.005.mp4,low
VsY6jAlvb9o.000.mp4,low
vtOEl_Mg0Io.000.mp4,low
vtOEl_Mg0Io.004.mp4,low
VTrqCDYHVqU.001.mp4,low
VTrqCDYHVqU.002.mp4,low
VTrqCDYHVqU.003.mp4,low
VTv4BAYgJpk.001.mp4,low
VTv4BAYgJpk.002.mp4,low
VTv4BAYgJpk.003.mp4,low
VTv4BAYgJpk.005.mp4,low
VtYPH6UsVnU.000.mp4,low
VtYPH6UsVnU.001.mp4,low
VtYPH6UsVnU.002.mp4,low
VtYPH6UsVnU.003.mp4,low
VtYPH6UsVnU.005.mp4,low
VuadgOz6T7s.000.mp4,low
VuadgOz6T7s.001.mp4,low
VuadgOz6T7s.002.mp4,low
VUgKH9DIs-8.000.mp4,low
VUgKH9DIs-8.001.mp4,low
VUgKH9DIs-8.002.mp4,low
VUgKH9DIs-8.003.mp4,low
VUgKH9DIs-8.005.mp4,low
VugKq4gOi50.000.mp4,low
VugKq4gOi50.004.mp4,low
VugKq4gOi50.005.mp4,low
VUGWfw5PVLY.000.mp4,low
VUGWfw5PVLY.002.mp4,low
vUKex2msIEU.002.mp4,low
vUKex2msIEU.004.mp4,low
vUo6wnBOBpo.002.mp4,low
VuS938tAv-0.003.mp4,low
VvSk5m90xOs.000.mp4,low
VvSk5m90xOs.002.mp4,low
VvSk5m90xOs.003.mp4,low
VvVigAr4hZc.003.mp4,low
VxtZDXM0cuQ.001.mp4,low
VxtZDXM0cuQ.002.mp4,low
VxtZDXM0cuQ.005.mp4,low
vxuBHsokOX4.005.mp4,low
Vy-Lr_iM5qo.000.mp4,low
Vy-Lr_iM5qo.001.mp4,low
Vy-Lr_iM5qo.003.mp4,low
Vy-Lr_iM5qo.005.mp4,low
vYkHHVeNK_M.001.mp4,low
vYkHHVeNK_M.002.mp4,low
vYkHHVeNK_M.003.mp4,low
vYkHHVeNK_M.004.mp4,low
Vyktsh14Kww.005.mp4,low
vYVqhg_VGP8.000.mp4,low
VZ6jhnbk-5g.001.mp4,low
VZ6jhnbk-5g.002.mp4,low
VZ6jhnbk-5g.003.mp4,low
VZ6jhnbk-5g.004.mp4,low
vZPLbzF0aSg.001.mp4,low
vZpneJlniAE.005.mp4,low
W0Ay5uul8j0.001.mp4,low
W0Ay5uul8j0.002.mp4,low
w0CQ55sKmck.002.mp4,low
W0FCCk0a0tg.001.mp4,low
W0FCCk0a0tg.003.mp4,low
W0LRjSS9pVM.001.mp4,low
W0LRjSS9pVM.004.mp4,low
W2AB3UUyvwI.002.mp4,low
W2AB3UUyvwI.003.mp4,low
W2AB3UUyvwI.005.mp4,low
W2asVll3OSU.001.mp4,low
w2FKw8IhbFw.001.mp4,low
w4cZStXMUII.003.mp4,low
W4tz3plvvKI.003.mp4,low
W7BbL3NZvrU.001.mp4,low
W7BbL3NZvrU.004.mp4,low
w7O2QJu2Wl4.004.mp4,low
w7O2QJu2Wl4.005.mp4,low
w7wPDiQkiA4.001.mp4,low
w7wPDiQkiA4.004.mp4,low
W8NkAXNboT0.000.mp4,low
W8NkAXNboT0.002.mp4,low
w989xx44UQI.000.mp4,low
w989xx44UQI.001.mp4,low
w989xx44UQI.003.mp4,low
w989xx44UQI.004.mp4,low
w_ExyXsnw2A.000.mp4,low
w_ExyXsnw2A.003.mp4,low
Wa-HX5jP3ew.001.mp4,low
Wa-HX5jP3ew.002.mp4,low
Wa-HX5jP3ew.003.mp4,low
wAl_Pm7xG3A.001.mp4,low
WATt9OOVZh8.001.mp4,low
WATt9OOVZh8.002.mp4,low
WATt9OOVZh8.004.mp4,low
wBCSJVBr4ZE.004.mp4,low
wBCSJVBr4ZE.005.mp4,low
Wbd7QufjK_E.002.mp4,low
wBSf7anTC_g.004.mp4,low
Wby2oMliGz0.000.mp4,low
Wby2oMliGz0.002.mp4,low
Wby2oMliGz0.003.mp4,low
Wby2oMliGz0.004.mp4,low
Wby2oMliGz0.005.mp4,low
WCLkd1Fek0w.001.mp4,low
Wd0V4MNvqcg.000.mp4,low
Wd0V4MNvqcg.001.mp4,low
Wd0V4MNvqcg.002.mp4,low
WD1WsbooU2w.001.mp4,low
WD1WsbooU2w.002.mp4,low
wdeOWVDSeLE.001.mp4,low
wdeOWVDSeLE.002.mp4,low
wDvZdcb00Bg.001.mp4,low
wDvZdcb00Bg.002.mp4,low
wDvZdcb00Bg.003.mp4,low
wDvZdcb00Bg.004.mp4,low
Wev85dXzVGM.000.mp4,low
WfCSCxADlrg.002.mp4,low
WfCSCxADlrg.004.mp4,low
WfCSCxADlrg.005.mp4,low
WfjLOieAwGY.002.mp4,low
wFZJ3gTKwwM.002.mp4,low
WfZodMIIGR0.000.mp4,low
WGP2HLnoma0.001.mp4,low
wJl7DbsbrDA.000.mp4,low
wJl7DbsbrDA.001.mp4,low
wJl7DbsbrDA.005.mp4,low
wK_ExIjn5Q8.002.mp4,low
wK_ExIjn5Q8.004.mp4,low
wK_ExIjn5Q8.005.mp4,low
WkbvQZU475o.003.mp4,low
wm94g-5Cg5s.000.mp4,low
wm94g-5Cg5s.002.mp4,low
wm94g-5Cg5s.003.mp4,low
wm94g-5Cg5s.004.mp4,low
wm94g-5Cg5s.005.mp4,low
WMp0lsXbOqM.002.mp4,low
WMp0lsXbOqM.003.mp4,low
wNH5FmWVr-M.001.mp4,low
WosLI6krxUg.001.mp4,low
WosLI6krxUg.002.mp4,low
WOyix7rTgwI.001.mp4,low
WpEZOSrENL0.002.mp4,low
WpMPrPnk1po.000.mp4,low
WQg0-M4Yn3s.000.mp4,low
wr4dP9MuHME.004.mp4,low
wr4dP9MuHME.005.mp4,low
WRz1F6DqmRQ.000.mp4,low
WRz1F6DqmRQ.002.mp4,low
WRz1F6DqmRQ.004.mp4,low
WRz1F6DqmRQ.005.mp4,low
wsBrLt5coeM.000.mp4,low
WT1YjeADatU.000.mp4,low
WT1YjeADatU.001.mp4,low
WT1YjeADatU.002.mp4,low
WT1YjeADatU.003.mp4,low
wTo1uZns2X8.000.mp4,low
wTo1uZns2X8.001.mp4,low
wTo1uZns2X8.003.mp4,low
wTo1uZns2X8.005.mp4,low
wTpb1CfMnVM.005.mp4,low
WTzDOt2GO1M.002.mp4,low
WTzDOt2GO1M.005.mp4,low
WU2_ELn71Rw.000.mp4,low
WuHLxhCSnGs.001.mp4,low
WuHLxhCSnGs.003.mp4,low
WuHLxhCSnGs.004.mp4,low
WuHLxhCSnGs.005.mp4,low
wuhoIm_jPc0.002.mp4,low
wuhoIm_jPc0.003.mp4,low
wuhoIm_jPc0.004.mp4,low
wuhoIm_jPc0.005.mp4,low
WuIKjBb7s4Q.000.mp4,low
WuIKjBb7s4Q.002.mp4,low
WuIKjBb7s4Q.003.mp4,low
WuIKjBb7s4Q.004.mp4,low
WuIKjBb7s4Q.005.mp4,low
WUNXs4r_xCU.000.mp4,low
WUNXs4r_xCU.001.mp4,low
WUNXs4r_xCU.002.mp4,low
WUNXs4r_xCU.003.mp4,low
WUNXs4r_xCU.004.mp4,low
WuoQDp7pU24.001.mp4,low
WuoQDp7pU24.002.mp4,low
WuoQDp7pU24.003.mp4,low
wVpjBxCirAQ.001.mp4,low
wVpjBxCirAQ.004.mp4,low
wVpjBxCirAQ.005.mp4,low
WWdCfiraNQk.003.mp4,low
WwGca41TJVU.002.mp4,low
WwGca41TJVU.003.mp4,low
Wx_oe0SxD9w.000.mp4,low
Wx_oe0SxD9w.001.mp4,low
Wx_oe0SxD9w.002.mp4,low
Wx_oe0SxD9w.003.mp4,low
wxpXOLNwW1E.000.mp4,low
wxpXOLNwW1E.002.mp4,low
wy1szFSVpEI.002.mp4,low
Wy4hWbeibhU.000.mp4,low
Wy4hWbeibhU.002.mp4,low
wYixHjntI-4.001.mp4,low
wYixHjntI-4.002.mp4,low
wYixHjntI-4.004.mp4,low
wYixHjntI-4.005.mp4,low
WyLqK6wzYLU.000.mp4,low
WyLqK6wzYLU.001.mp4,low
WYXRdYT4F0Q.003.mp4,low
wYZJ2HXfvmQ.001.mp4,low
wYZJ2HXfvmQ.002.mp4,low
wYZJ2HXfvmQ.003.mp4,low
wYZJ2HXfvmQ.005.mp4,low
wzCdM6Fe_4A.001.mp4,low
wzCdM6Fe_4A.003.mp4,low
wzCdM6Fe_4A.004.mp4,low
WZnLayQeIZ0.000.mp4,low
WZnLayQeIZ0.005.mp4,low
X-i_eQ48DBw.000.mp4,low
X-i_eQ48DBw.001.mp4,low
X-i_eQ48DBw.004.mp4,low
x0CZuHnJ0Hs.004.mp4,low
x0CZuHnJ0Hs.005.mp4,low
X1EjfXX3NTk.000.mp4,low
X1EjfXX3NTk.003.mp4,low
X1EjfXX3NTk.004.mp4,low
X4NG3EGtUvo.003.mp4,low
X4NG3EGtUvo.005.mp4,low
x57nEfACdXA.001.mp4,low
x57nEfACdXA.002.mp4,low
x57nEfACdXA.003.mp4,low
x57nEfACdXA.005.mp4,low
X5aKCrWf6a4.001.mp4,low
X5aKCrWf6a4.003.mp4,low
X5aKCrWf6a4.005.mp4,low
x6Tluj4dJTU.002.mp4,low
x6Tluj4dJTU.004.mp4,low
X7S71Som15M.001.mp4,low
X7S71Som15M.002.mp4,low
X8RfXbeIQvo.001.mp4,low
X9AEEGzWSU8.001.mp4,low
X9AEEGzWSU8.002.mp4,low
X9AEEGzWSU8.003.mp4,low
X9AEEGzWSU8.005.mp4,low
xA3GCTL5o-k.000.mp4,low
XAO4l8Ej-J8.003.mp4,low
XAO4l8Ej-J8.005.mp4,low
Xauhek9-iKA.001.mp4,low
XB4JOAiEanw.000.mp4,low
XB81sertsYU.000.mp4,low
xbAb00tGeBQ.000.mp4,low
xBiI0Oo1vBw.000.mp4,low
xBiI0Oo1vBw.005.mp4,low
XbsA_lCKQLs.002.mp4,low
XbsA_lCKQLs.003.mp4,low
XbsA_lCKQLs.004.mp4,low
XcEFSi3uaJM.000.mp4,low
XcEFSi3uaJM.002.mp4,low
XcEFSi3uaJM.005.mp4,low
xcMwMi4fdis.001.mp4,low
xcMwMi4fdis.002.mp4,low
xcMwMi4fdis.005.mp4,low
xcVy0l2nfV0.001.mp4,low
xDjhf8wrNWQ.001.mp4,low
xDjhf8wrNWQ.003.mp4,low
xDjhf8wrNWQ.004.mp4,low
xDjhf8wrNWQ.005.mp4,low
xe3l76e8yE4.001.mp4,low
xeE08Vn-HXI.000.mp4,low
xeE08Vn-HXI.001.mp4,low
xEmwNv4OxGE.001.mp4,low
XEpdSMQfEOs.002.mp4,low
XEpdSMQfEOs.003.mp4,low
XEpdSMQfEOs.004.mp4,low
xerGtxpxW6Q.002.mp4,low
xerGtxpxW6Q.003.mp4,low
XfK7WZ3skUM.001.mp4,low
xfLVThCzEEk.000.mp4,low
xfMOELCuN94.003.mp4,low
xfMOELCuN94.004.mp4,low
Xfmu-7JuDGg.000.mp4,low
Xfmu-7JuDGg.001.mp4,low
Xfmu-7JuDGg.002.mp4,low
Xfmu-7JuDGg.004.mp4,low
XFpzukISe6s.004.mp4,low
XFpzukISe6s.005.mp4,low
XFqLaKqrUHM.004.mp4,low
XfUqFt2amrM.000.mp4,low
XfUqFt2amrM.002.mp4,low
XfUqFt2amrM.003.mp4,low
xGo_wImhwkQ.003.mp4,low
xgRqkTXmZko.000.mp4,low
xgRqkTXmZko.001.mp4,low
xgwiqo2AsCA.000.mp4,low
xgwiqo2AsCA.001.mp4,low
xgwiqo2AsCA.002.mp4,low
xHb5_bc1JOA.000.mp4,low
xHb5_bc1JOA.001.mp4,low
xHb5_bc1JOA.003.mp4,low
XhgDsQlEnuU.000.mp4,low
XhgDsQlEnuU.001.mp4,low
XhgDsQlEnuU.002.mp4,low
xHsh2Rg5ANU.000.mp4,low
XJj34u5IzU0.002.mp4,low
XJj34u5IzU0.003.mp4,low
XJj34u5IzU0.004.mp4,low
XkeSLRAftxA.001.mp4,low
XkeSLRAftxA.004.mp4,low
XkeSLRAftxA.005.mp4,low
xLfLuyIQOJE.002.mp4,low
xLfLuyIQOJE.003.mp4,low
xLfLuyIQOJE.004.mp4,low
xLfLuyIQOJE.005.mp4,low
XLKNGnpTO9k.001.mp4,low
XLKNGnpTO9k.005.mp4,low
XLV7teADu3c.000.mp4,low
XLV7teADu3c.002.mp4,low
xmaC2XOhPaE.001.mp4,low
xmaC2XOhPaE.003.mp4,low
xmD4FKMq2rk.000.mp4,low
xmD4FKMq2rk.001.mp4,low
xmD4FKMq2rk.005.mp4,low
XmWA7zTJj-c.003.mp4,low
XN5vpJU3ifw.000.mp4,low
XN5vpJU3ifw.001.mp4,low
XN5vpJU3ifw.003.mp4,low
XN5vpJU3ifw.004.mp4,low
XN5vpJU3ifw.005.mp4,low
XNWN7ScxVIA.002.mp4,low
XOioICna1hc.001.mp4,low
XOioICna1hc.004.mp4,low
XOioICna1hc.005.mp4,low
xotlPVnG05U.000.mp4,low
XoyQKsK7OtA.000.mp4,low
xP6i_WO1LCM.000.mp4,low
xpSCu7PgJts.000.mp4,low
xpSCu7PgJts.004.mp4,low
XPV4pavXh94.001.mp4,low
XPV4pavXh94.005.mp4,low
XpY-cxkbYdo.002.mp4,low
XQ3do4LDFv8.000.mp4,low
XQ3do4LDFv8.003.mp4,low
XQ3do4LDFv8.004.mp4,low
xqGyF2T3pso.000.mp4,low
xqGyF2T3pso.001.mp4,low
xqGyF2T3pso.002.mp4,low
xQHmbJ_lPjY.001.mp4,low
xQHmbJ_lPjY.003.mp4,low
xQHmbJ_lPjY.005.mp4,low
XQZ5M9oLkXw.001.mp4,low
XQZ5M9oLkXw.003.mp4,low
XQZ5M9oLkXw.005.mp4,low
xRhUBifOWiI.000.mp4,low
xRhUBifOWiI.001.mp4,low
xRhUBifOWiI.003.mp4,low
xRhUBifOWiI.004.mp4,low
xRLaEoXAsjk.001.mp4,low
XRoSKIIFp9c.003.mp4,low
XRoSKIIFp9c.004.mp4,low
xrxAyO8pKUo.002.mp4,low
xrxAyO8pKUo.003.mp4,low
xsDABUrvs6w.001.mp4,low
xsDABUrvs6w.002.mp4,low
xsLvl2qGrxU.000.mp4,low
xsLvl2qGrxU.001.mp4,low
xsLvl2qGrxU.002.mp4,low
xsLvl2qGrxU.003.mp4,low
XT4rTk6-Etc.000.mp4,low
XT4rTk6-Etc.001.mp4,low
xtDw9TlWiww.000.mp4,low
xtDw9TlWiww.002.mp4,low
xUdaVBK1b8w.001.mp4,low
xun35caJTQI.002.mp4,low
xun35caJTQI.003.mp4,low
xun35caJTQI.005.mp4,low
xVJDjbiIjTo.001.mp4,low
xvLi31p57oA.004.mp4,low
XvV4YdhpC2w.001.mp4,low
XvV4YdhpC2w.002.mp4,low
XvV4YdhpC2w.004.mp4,low
xX5Imr7UmaA.002.mp4,low
xyOq5SL0Evc.000.mp4,low
xyOq5SL0Evc.002.mp4,low
xyOq5SL0Evc.003.mp4,low
xyOq5SL0Evc.004.mp4,low
XYt6WL-l7do.001.mp4,low
XYt6WL-l7do.002.mp4,low
XYt6WL-l7do.004.mp4,low
XYt6WL-l7do.005.mp4,low
xyWpSrfFlQw.004.mp4,low
xZ9iwqHw7GY.002.mp4,low
xZ9iwqHw7GY.003.mp4,low
xZFZ0Mvjiuo.000.mp4,low
xZFZ0Mvjiuo.001.mp4,low
xZFZ0Mvjiuo.003.mp4,low
xZFZ0Mvjiuo.005.mp4,low
xzRYaxrhne8.002.mp4,low
xzRYaxrhne8.003.mp4,low
xzRYaxrhne8.004.mp4,low
xzRYaxrhne8.005.mp4,low
y--uBBy7ebM.000.mp4,low
y--uBBy7ebM.002.mp4,low
y--uBBy7ebM.004.mp4,low
y--uBBy7ebM.005.mp4,low
Y-_JeJoCjUo.001.mp4,low
Y-_JeJoCjUo.005.mp4,low
Y-YdRocu0os.001.mp4,low
y0UCXXk9tlM.002.mp4,low
y0UCXXk9tlM.003.mp4,low
y0UCXXk9tlM.004.mp4,low
y0UCXXk9tlM.005.mp4,low
y1e8xPAaL9k.000.mp4,low
y1e8xPAaL9k.002.mp4,low
Y1LrgyCJtpU.000.mp4,low
Y1LrgyCJtpU.001.mp4,low
Y1LrgyCJtpU.002.mp4,low
Y1LrgyCJtpU.003.mp4,low
Y1LrgyCJtpU.005.mp4,low
Y1LXjxAQihQ.004.mp4,low
Y2An1KkoHzY.002.mp4,low
y2UF49ddapI.001.mp4,low
y2UF49ddapI.003.mp4,low
y4Ej1YSEQf0.000.mp4,low
y4Ej1YSEQf0.002.mp4,low
Y6iogSmj6FQ.002.mp4,low
Y6iogSmj6FQ.003.mp4,low
Y6iogSmj6FQ.005.mp4,low
y6LC5kAJmHw.004.mp4,low
y6sy0HBe-Zs.000.mp4,low
y6sy0HBe-Zs.005.mp4,low
y7MEVu2nyes.000.mp4,low
y7MEVu2nyes.001.mp4,low
y7MEVu2nyes.003.mp4,low
y7MEVu2nyes.004.mp4,low
Y8gv_ZK3w4A.000.mp4,low
Y8gv_ZK3w4A.002.mp4,low
Y8gv_ZK3w4A.003.mp4,low
Y8gv_ZK3w4A.004.mp4,low
Y9WX7ucPP-o.000.mp4,low
Y9WX7ucPP-o.002.mp4,low
ya8Ec_yTai8.002.mp4,low
ya8Ec_yTai8.003.mp4,low
Ya9Szm73LfE.002.mp4,low
Ya9Szm73LfE.003.mp4,low
yAVnxsaTyuE.001.mp4,low
YbdJd16c3eo.004.mp4,low
yBlPsPBRv5E.001.mp4,low
yBlPsPBRv5E.002.mp4,low
yBMuZWldxLk.001.mp4,low
YBsKLg3GMrE.005.mp4,low
YbxdeEd7wq4.001.mp4,low
YC3X1DcnUrk.000.mp4,low
YC3X1DcnUrk.001.mp4,low
YC3X1DcnUrk.005.mp4,low
YdxS3f4HXaA.005.mp4,low
YEbaKrAxo5I.001.mp4,low
yEE9FoKWdpU.005.mp4,low
yEWy_vXTTJU.005.mp4,low
YF2QVn1fK1E.002.mp4,low
YF2QVn1fK1E.005.mp4,low
yftfxiDNXko.000.mp4,low
yftfxiDNXko.001.mp4,low
yftfxiDNXko.002.mp4,low
yftfxiDNXko.004.mp4,low
yFZ3eUD6Pqs.000.mp4,low
yFZ3eUD6Pqs.001.mp4,low
yFZ3eUD6Pqs.002.mp4,low
yFZ3eUD6Pqs.003.mp4,low
yFZ3eUD6Pqs.004.mp4,low
yFZ3eUD6Pqs.005.mp4,low
YGJ33FXzJO8.005.mp4,low
YGrCXe2-fVk.001.mp4,low
YGrCXe2-fVk.004.mp4,low
ygUEI08LgcM.002.mp4,low
yHwuRYr5lxk.003.mp4,low
yHwuRYr5lxk.004.mp4,low
yHwuRYr5lxk.005.mp4,low
yIe7Rp54-bU.001.mp4,low
yIe7Rp54-bU.004.mp4,low
yIM5bal1VVs.000.mp4,low
yIM5bal1VVs.003.mp4,low
yIM5bal1VVs.004.mp4,low
yIM5bal1VVs.005.mp4,low
YiX6thczM1w.001.mp4,low
YiX6thczM1w.002.mp4,low
YiX6thczM1w.005.mp4,low
yj2Y1Y26rd4.001.mp4,low
yj2Y1Y26rd4.002.mp4,low
Yj36y7ELRZE.000.mp4,low
Yj36y7ELRZE.001.mp4,low
Yj36y7ELRZE.004.mp4,low
YJ5CINQ8v_E.000.mp4,low
YJ5CINQ8v_E.001.mp4,low
YJ5CINQ8v_E.005.mp4,low
YjXUMygVw7U.002.mp4,low
YjXUMygVw7U.005.mp4,low
ykm4JTvlOCQ.000.mp4,low
YliKljQIX2o.002.mp4,low
YliKljQIX2o.003.mp4,low
YliKljQIX2o.004.mp4,low
YLKPVl-M3Ck.000.mp4,low
YLKPVl-M3Ck.001.mp4,low
ymrFbEMNBME.001.mp4,low
ymrFbEMNBME.004.mp4,low
YN0Xd70SqEo.004.mp4,low
YNlhBpVk1tw.000.mp4,low
YNlhBpVk1tw.001.mp4,low
YNlhBpVk1tw.002.mp4,low
YNlhBpVk1tw.004.mp4,low
YocrYFLm4CM.000.mp4,low
YocrYFLm4CM.002.mp4,low
yOzHZOg95Ug.001.mp4,low
yOzHZOg95Ug.003.mp4,low
yOzHZOg95Ug.004.mp4,low
yOzHZOg95Ug.005.mp4,low
yozI_jvMrTw.004.mp4,low
yozI_jvMrTw.005.mp4,low
yp-tfq1NxBk.003.mp4,low
YP7N98ECZaI.001.mp4,low
YP7N98ECZaI.002.mp4,low
YP7N98ECZaI.003.mp4,low
YP7N98ECZaI.004.mp4,low
YP7N98ECZaI.005.mp4,low
YPMffqhP0C8.000.mp4,low
YPMffqhP0C8.001.mp4,low
YPMffqhP0C8.002.mp4,low
YPMffqhP0C8.004.mp4,low
YPnuq0tDDqk.000.mp4,low
YPnuq0tDDqk.003.mp4,low
yrToGVRf27U.003.mp4,low
yrToGVRf27U.004.mp4,low
yRVvI1x2DBI.002.mp4,low
yRVvI1x2DBI.004.mp4,low
yRVvI1x2DBI.005.mp4,low
YryBLVZgJj0.001.mp4,low
YryBLVZgJj0.003.mp4,low
YryBLVZgJj0.005.mp4,low
ySEeioc339E.002.mp4,low
ySEeioc339E.003.mp4,low
ySEeioc339E.004.mp4,low
YucM3Zzvekg.001.mp4,low
yuE25dFTn2o.000.mp4,low
yuE25dFTn2o.001.mp4,low
yUESJPS0wS8.000.mp4,low
yUESJPS0wS8.002.mp4,low
yUESJPS0wS8.004.mp4,low
YuoLr4xDvbE.000.mp4,low
YuoLr4xDvbE.002.mp4,low
YuoLr4xDvbE.004.mp4,low
YuoLr4xDvbE.005.mp4,low
yVSfQZGt1co.001.mp4,low
yVSfQZGt1co.004.mp4,low
ywefrPdzz0U.000.mp4,low
YwsVpkumbJc.002.mp4,low
YXz6s1XNOLs.000.mp4,low
YXz6s1XNOLs.002.mp4,low
YXz6s1XNOLs.004.mp4,low
YXz6s1XNOLs.005.mp4,low
YygvfVxOWP8.000.mp4,low
YygvfVxOWP8.005.mp4,low
YyHOKFYDZ5Y.002.mp4,low
YyHOKFYDZ5Y.004.mp4,low
YyHOKFYDZ5Y.005.mp4,low
YyYDxAyV_Aw.003.mp4,low
YzcZY1mUZfc.000.mp4,low
YzcZY1mUZfc.001.mp4,low
YzcZY1mUZfc.002.mp4,low
YzcZY1mUZfc.003.mp4,low
YzcZY1mUZfc.004.mp4,low
YzcZY1mUZfc.005.mp4,low
yzgA9oAEgI4.002.mp4,low
yzgA9oAEgI4.003.mp4,low
YzNbGMNr3z0.001.mp4,low
YZp79VcnY0w.001.mp4,low
YZp79VcnY0w.002.mp4,low
YZp79VcnY0w.004.mp4,low
Z-CIdOjWcKc.001.mp4,low
z-CV743owek.001.mp4,low
z-CV743owek.003.mp4,low
z-CV743owek.005.mp4,low
z3DO3tdrsnQ.000.mp4,low
z3DO3tdrsnQ.001.mp4,low
Z3E1jkaNRKs.000.mp4,low
Z3E1jkaNRKs.001.mp4,low
Z3E1jkaNRKs.003.mp4,low
Z3FdUfZLHyw.000.mp4,low
Z3FdUfZLHyw.001.mp4,low
Z3FdUfZLHyw.002.mp4,low
Z3FdUfZLHyw.004.mp4,low
Z3FdUfZLHyw.005.mp4,low
z54OqeICELg.000.mp4,low
z54OqeICELg.001.mp4,low
z54OqeICELg.004.mp4,low
z54OqeICELg.005.mp4,low
Z5S5uGXkNuc.001.mp4,low
Z5S5uGXkNuc.002.mp4,low
Z5S5uGXkNuc.004.mp4,low
Z6vQQvro86Y.001.mp4,low
Z6vQQvro86Y.002.mp4,low
Z6vQQvro86Y.004.mp4,low
Z6vQQvro86Y.005.mp4,low
z82YEuBU8mA.003.mp4,low
Z9GzSxQHKSI.001.mp4,low
Z9GzSxQHKSI.004.mp4,low
Z_STuUHKQTg.002.mp4,low
Z_STuUHKQTg.003.mp4,low
Z_STuUHKQTg.004.mp4,low
z_W8_j7CB2A.000.mp4,low
z_W8_j7CB2A.001.mp4,low
za14O68VN3E.001.mp4,low
ZaihsIQZCx8.002.mp4,low
ZaihsIQZCx8.003.mp4,low
ZCLfVue6xAg.001.mp4,low
ZCLfVue6xAg.002.mp4,low
ZCLfVue6xAg.003.mp4,low
ZCLfVue6xAg.005.mp4,low
zDSpbDg6WB8.002.mp4,low
ZeGT9pSG734.002.mp4,low
ZeGT9pSG734.003.mp4,low
ZeGT9pSG734.004.mp4,low
zeUC7e-4w1E.003.mp4,low
zeUC7e-4w1E.005.mp4,low
zEyRyTnIw5I.001.mp4,low
zEyRyTnIw5I.005.mp4,low
zF3Uk2OAJAE.001.mp4,low
zF46tAI2PQc.004.mp4,low
zF46tAI2PQc.005.mp4,low
ZFOb9zsgLLY.003.mp4,low
zFVjcb45pjI.002.mp4,low
zFVjcb45pjI.003.mp4,low
ZgFh3JPMs3Q.001.mp4,low
ZgFh3JPMs3Q.002.mp4,low
ZgFh3JPMs3Q.003.mp4,low
ZGox7tevC6A.004.mp4,low
ZGox7tevC6A.005.mp4,low
zH9pTx5_ZwY.003.mp4,low
zH9pTx5_ZwY.004.mp4,low
ZhPQrqxo2mw.000.mp4,low
ZhPQrqxo2mw.004.mp4,low
ZhPQrqxo2mw.005.mp4,low
ZHya-p83XPQ.002.mp4,low
Zi7QHI_5ipU.000.mp4,low
Zi7QHI_5ipU.004.mp4,low
Zi7QHI_5ipU.005.mp4,low
ZIk7N-xHvF4.000.mp4,low
ZIk7N-xHvF4.002.mp4,low
ZIk7N-xHvF4.003.mp4,low
ZIk7N-xHvF4.004.mp4,low
ZiKxJbVI5_g.000.mp4,low
ZiKxJbVI5_g.001.mp4,low
ZiKxJbVI5_g.002.mp4,low
ZiKxJbVI5_g.004.mp4,low
ZIyfXdCxN9E.000.mp4,low
zJEnT19uoPY.000.mp4,low
zJEnT19uoPY.001.mp4,low
zJEnT19uoPY.004.mp4,low
zJEnT19uoPY.005.mp4,low
zJR7w4DABGU.002.mp4,low
ZkypeQdzgvQ.000.mp4,low
ZkypeQdzgvQ.002.mp4,low
ZkypeQdzgvQ.003.mp4,low
ZkypeQdzgvQ.004.mp4,low
ZlcINjtdkQQ.000.mp4,low
ZlcINjtdkQQ.001.mp4,low
zMXfMcqpPwQ.001.mp4,low
zMXfMcqpPwQ.002.mp4,low
zMXfMcqpPwQ.005.mp4,low
zMXIf66PPhU.001.mp4,low
zMXIf66PPhU.002.mp4,low
zMXIf66PPhU.004.mp4,low
zNHM8iNyTO4.005.mp4,low
Znixev2a1AI.000.mp4,low
Znixev2a1AI.001.mp4,low
Znixev2a1AI.004.mp4,low
ZNJFmNiWC4I.000.mp4,low
ZNJFmNiWC4I.001.mp4,low
ZNJFmNiWC4I.003.mp4,low
ZNJFmNiWC4I.005.mp4,low
zNmuwZkaeVg.001.mp4,low
zNmuwZkaeVg.002.mp4,low
ZNRfeL8nPfw.000.mp4,low
ZNRfeL8nPfw.001.mp4,low
ZNRfeL8nPfw.003.mp4,low
ZNRfeL8nPfw.004.mp4,low
ZNRfeL8nPfw.005.mp4,low
ZNymNgd5EuQ.000.mp4,low
ZNymNgd5EuQ.004.mp4,low
ZO5JoyVTat8.000.mp4,low
ZO5JoyVTat8.001.mp4,low
ZO5JoyVTat8.002.mp4,low
ZO5JoyVTat8.004.mp4,low
ZO5JoyVTat8.005.mp4,low
ZoHY-rWJsyw.000.mp4,low
ZoHY-rWJsyw.001.mp4,low
ZoHY-rWJsyw.004.mp4,low
zpLiIVF0x7U.000.mp4,low
ZqbJIM7rmO8.001.mp4,low
ZqbJIM7rmO8.003.mp4,low
ZqbJIM7rmO8.005.mp4,low
zqpXz9h41jg.000.mp4,low
zqpXz9h41jg.002.mp4,low
zqpXz9h41jg.005.mp4,low
zrbcY4TMVyc.000.mp4,low
zrdxHERn628.003.mp4,low
zRevZ94Rxjc.004.mp4,low
zRiS2gIUc9s.000.mp4,low
zRiS2gIUc9s.001.mp4,low
ZRl_k6DzTeI.000.mp4,low
ZRl_k6DzTeI.001.mp4,low
ZRl_k6DzTeI.004.mp4,low
ZRrduU1CXqU.001.mp4,low
ZRrduU1CXqU.002.mp4,low
ZRrduU1CXqU.003.mp4,low
ZRrduU1CXqU.004.mp4,low
ZRrduU1CXqU.005.mp4,low
ZT7cEiaYGp8.000.mp4,low
zT_s9X21gAE.001.mp4,low
zT_s9X21gAE.003.mp4,low
zT_s9X21gAE.004.mp4,low
zT_s9X21gAE.005.mp4,low
ztyBhnjtrz0.000.mp4,low
ztyBhnjtrz0.001.mp4,low
ztyBhnjtrz0.002.mp4,low
ztyBhnjtrz0.003.mp4,low
ztyBhnjtrz0.004.mp4,low
zupxsNi2er8.002.mp4,low
zupxsNi2er8.004.mp4,low
zupxsNi2er8.005.mp4,low
Zvdh8ym1Yrg.001.mp4,low
Zvdh8ym1Yrg.003.mp4,low
Zvdh8ym1Yrg.004.mp4,low
Zvdh8ym1Yrg.005.mp4,low
zvX4fNj0uxk.001.mp4,low
zvX4fNj0uxk.003.mp4,low
zvX4fNj0uxk.004.mp4,low
ZvxUUh2wN7s.002.mp4,low
zwO2zBdbCb4.002.mp4,low
Zwu5Y5r3Lrs.001.mp4,low
Zwu5Y5r3Lrs.003.mp4,low
ZX3okNzASCs.000.mp4,low
ZX3okNzASCs.002.mp4,low
ZXeO5dRFrj0.001.mp4,low
ZXeO5dRFrj0.005.mp4,low
zxuPCshTSOs.002.mp4,low
zxuPCshTSOs.005.mp4,low
zY0J9qKEekE.004.mp4,low
Zy9Xg3TdZJk.001.mp4,low
zyGz_H1UTnQ.003.mp4,low
ZYrFfvp7_Mo.000.mp4,low
