video_id,video_path
--Ymqszjv54.001,train/--Ymqszjv54.001.mp4
--Ymqszjv54.003,train/--Ymqszjv54.003.mp4
--Ymqszjv54.004,train/--Ymqszjv54.004.mp4
--Ymqszjv54.005,train/--Ymqszjv54.005.mp4
-2qsCrkXdWs.001,train/-2qsCrkXdWs.001.mp4
-55DRRMTppE.000,train/-55DRRMTppE.000.mp4
-55DRRMTppE.005,train/-55DRRMTppE.005.mp4
-5riMLK-PgU.001,train/-5riMLK-PgU.001.mp4
-6otZ7M-Mro.000,train/-6otZ7M-Mro.000.mp4
-6otZ7M-Mro.001,train/-6otZ7M-Mro.001.mp4
-8asrRvfJWA.003,train/-8asrRvfJWA.003.mp4
-8asrRvfJWA.004,train/-8asrRvfJWA.004.mp4
-9BZ8A9U7TE.000,train/-9BZ8A9U7TE.000.mp4
-9BZ8A9U7TE.003,train/-9BZ8A9U7TE.003.mp4
-9BZ8A9U7TE.004,train/-9BZ8A9U7TE.004.mp4
-agCXYgb7pI.004,train/-agCXYgb7pI.004.mp4
-AmMDnVl4s8.003,train/-AmMDnVl4s8.003.mp4
-aU2FN5pkWA.001,train/-aU2FN5pkWA.001.mp4
-aU2FN5pkWA.004,train/-aU2FN5pkWA.004.mp4
-awAu11kBZ0.000,train/-awAu11kBZ0.000.mp4
-c2HtptBFxY.002,train/-c2HtptBFxY.002.mp4
-C5M9g4Quzc.002,train/-C5M9g4Quzc.002.mp4
-c_tyGzShwk.004,train/-c_tyGzShwk.004.mp4
-DOqN0d8KHw.002,train/-DOqN0d8KHw.002.mp4
-DOqN0d8KHw.003,train/-DOqN0d8KHw.003.mp4
-fqiCqZtgYs.001,train/-fqiCqZtgYs.001.mp4
-fqiCqZtgYs.002,train/-fqiCqZtgYs.002.mp4
-fqiCqZtgYs.003,train/-fqiCqZtgYs.003.mp4
-fXqnCljdm0.000,train/-fXqnCljdm0.000.mp4
-fXqnCljdm0.003,train/-fXqnCljdm0.003.mp4
-Gl98Jn45Fs.000,train/-Gl98Jn45Fs.000.mp4
-Gl98Jn45Fs.001,train/-Gl98Jn45Fs.001.mp4
-Gl98Jn45Fs.003,train/-Gl98Jn45Fs.003.mp4
-IK--4uz5ZY.000,train/-IK--4uz5ZY.000.mp4
-IK--4uz5ZY.002,train/-IK--4uz5ZY.002.mp4
-IK--4uz5ZY.003,train/-IK--4uz5ZY.003.mp4
-IK--4uz5ZY.004,train/-IK--4uz5ZY.004.mp4
-mt-IKgGhuY.004,train/-mt-IKgGhuY.004.mp4
-N6QKrbnaDs.005,train/-N6QKrbnaDs.005.mp4
-NwfYYf5xLo.005,train/-NwfYYf5xLo.005.mp4
-Osv5l1vrNU.001,train/-Osv5l1vrNU.001.mp4
-Osv5l1vrNU.004,train/-Osv5l1vrNU.004.mp4
-OXMbG7ZwRk.000,train/-OXMbG7ZwRk.000.mp4
-OXMbG7ZwRk.003,train/-OXMbG7ZwRk.003.mp4
-OXMbG7ZwRk.004,train/-OXMbG7ZwRk.004.mp4
-OXMbG7ZwRk.005,train/-OXMbG7ZwRk.005.mp4
-R2SZu3SYgM.000,train/-R2SZu3SYgM.000.mp4
-R2SZu3SYgM.004,train/-R2SZu3SYgM.004.mp4
-RhPxhfpg4U.001,train/-RhPxhfpg4U.001.mp4
-RhPxhfpg4U.003,train/-RhPxhfpg4U.003.mp4
-RhPxhfpg4U.005,train/-RhPxhfpg4U.005.mp4
-utrsarZeIY.001,train/-utrsarZeIY.001.mp4
-utrsarZeIY.004,train/-utrsarZeIY.004.mp4
-VTqcHNgH7M.002,train/-VTqcHNgH7M.002.mp4
-VTqcHNgH7M.003,train/-VTqcHNgH7M.003.mp4
-VTqcHNgH7M.004,train/-VTqcHNgH7M.004.mp4
-Wqk9eex6bQ.002,train/-Wqk9eex6bQ.002.mp4
-Wqk9eex6bQ.003,train/-Wqk9eex6bQ.003.mp4
-Wqk9eex6bQ.004,train/-Wqk9eex6bQ.004.mp4
-Wqk9eex6bQ.005,train/-Wqk9eex6bQ.005.mp4
-zNyDPzId4E.001,train/-zNyDPzId4E.001.mp4
-zNyDPzId4E.003,train/-zNyDPzId4E.003.mp4
01qN-BqJXRM.005,train/01qN-BqJXRM.005.mp4
04oq2yrBwMg.001,train/04oq2yrBwMg.001.mp4
04oq2yrBwMg.004,train/04oq2yrBwMg.004.mp4
05l5bteT_qA.000,train/05l5bteT_qA.000.mp4
05l5bteT_qA.001,train/05l5bteT_qA.001.mp4
0_xOGmydDN0.001,train/0_xOGmydDN0.001.mp4
0_xOGmydDN0.002,train/0_xOGmydDN0.002.mp4
0_xOGmydDN0.003,train/0_xOGmydDN0.003.mp4
0_xOGmydDN0.004,train/0_xOGmydDN0.004.mp4
0axZSeaUbfs.002,train/0axZSeaUbfs.002.mp4
0axZSeaUbfs.004,train/0axZSeaUbfs.004.mp4
0axZSeaUbfs.005,train/0axZSeaUbfs.005.mp4
0C6i34q2-f8.000,train/0C6i34q2-f8.000.mp4
0C6i34q2-f8.001,train/0C6i34q2-f8.001.mp4
0C6i34q2-f8.003,train/0C6i34q2-f8.003.mp4
0D7W2pR4RpQ.004,train/0D7W2pR4RpQ.004.mp4
0dIqLMMn4jY.000,train/0dIqLMMn4jY.000.mp4
0fMw9o1v2tY.001,train/0fMw9o1v2tY.001.mp4
0fMw9o1v2tY.002,train/0fMw9o1v2tY.002.mp4
0fMw9o1v2tY.003,train/0fMw9o1v2tY.003.mp4
0FVu7VKIg2s.000,train/0FVu7VKIg2s.000.mp4
0G9vplL8ae8.001,train/0G9vplL8ae8.001.mp4
0G9vplL8ae8.003,train/0G9vplL8ae8.003.mp4
0gv5Z0qt2jc.000,train/0gv5Z0qt2jc.000.mp4
0gv5Z0qt2jc.001,train/0gv5Z0qt2jc.001.mp4
0gv5Z0qt2jc.002,train/0gv5Z0qt2jc.002.mp4
0gv5Z0qt2jc.003,train/0gv5Z0qt2jc.003.mp4
0gv5Z0qt2jc.004,train/0gv5Z0qt2jc.004.mp4
0gv5Z0qt2jc.005,train/0gv5Z0qt2jc.005.mp4
0hWbtuRVUgM.001,train/0hWbtuRVUgM.001.mp4
0hWbtuRVUgM.005,train/0hWbtuRVUgM.005.mp4
0iQIfGnKflc.001,train/0iQIfGnKflc.001.mp4
0iQIfGnKflc.002,train/0iQIfGnKflc.002.mp4
0iXXdsO95O0.000,train/0iXXdsO95O0.000.mp4
0kg6pmbSN6A.000,train/0kg6pmbSN6A.000.mp4
0kg6pmbSN6A.001,train/0kg6pmbSN6A.001.mp4
0kg6pmbSN6A.002,train/0kg6pmbSN6A.002.mp4
0kg6pmbSN6A.005,train/0kg6pmbSN6A.005.mp4
0LqfKzp11kg.000,train/0LqfKzp11kg.000.mp4
0MB91ku0eEw.003,train/0MB91ku0eEw.003.mp4
0mym1CooiTE.000,train/0mym1CooiTE.000.mp4
0mym1CooiTE.001,train/0mym1CooiTE.001.mp4
0mym1CooiTE.003,train/0mym1CooiTE.003.mp4
0mym1CooiTE.004,train/0mym1CooiTE.004.mp4
0n2vWTs6XwA.001,train/0n2vWTs6XwA.001.mp4
0ObEtA6Q8vU.002,train/0ObEtA6Q8vU.002.mp4
0ObEtA6Q8vU.003,train/0ObEtA6Q8vU.003.mp4
0ObEtA6Q8vU.005,train/0ObEtA6Q8vU.005.mp4
0QTR0WiJSNk.001,train/0QTR0WiJSNk.001.mp4
0RLFM1ehSFM.000,train/0RLFM1ehSFM.000.mp4
0tse0Fsy_rg.001,train/0tse0Fsy_rg.001.mp4
0tse0Fsy_rg.002,train/0tse0Fsy_rg.002.mp4
0tse0Fsy_rg.004,train/0tse0Fsy_rg.004.mp4
0u56Q_QmxIM.002,train/0u56Q_QmxIM.002.mp4
0u56Q_QmxIM.004,train/0u56Q_QmxIM.004.mp4
0uCqd5hZcyI.000,train/0uCqd5hZcyI.000.mp4
0uCqd5hZcyI.005,train/0uCqd5hZcyI.005.mp4
0VnZngec8sc.001,train/0VnZngec8sc.001.mp4
0VnZngec8sc.003,train/0VnZngec8sc.003.mp4
0VnZngec8sc.004,train/0VnZngec8sc.004.mp4
0Wr69VD_oXI.004,train/0Wr69VD_oXI.004.mp4
0zJcYnsh55g.003,train/0zJcYnsh55g.003.mp4
0ZK5jQAvhFo.004,train/0ZK5jQAvhFo.004.mp4
1-GgVRmAEoo.002,train/1-GgVRmAEoo.002.mp4
1-GgVRmAEoo.003,train/1-GgVRmAEoo.003.mp4
1-GgVRmAEoo.004,train/1-GgVRmAEoo.004.mp4
117jrwvl2Nc.000,train/117jrwvl2Nc.000.mp4
117jrwvl2Nc.004,train/117jrwvl2Nc.004.mp4
12Ezy1y1cWY.001,train/12Ezy1y1cWY.001.mp4
12Ezy1y1cWY.005,train/12Ezy1y1cWY.005.mp4
12Hbl_oZF9c.001,train/12Hbl_oZF9c.001.mp4
12Hbl_oZF9c.003,train/12Hbl_oZF9c.003.mp4
12lqQE6oPNE.001,train/12lqQE6oPNE.001.mp4
13kjwEtSyXc.000,train/13kjwEtSyXc.000.mp4
13kjwEtSyXc.002,train/13kjwEtSyXc.002.mp4
13kjwEtSyXc.004,train/13kjwEtSyXc.004.mp4
13KtmgntgQw.002,train/13KtmgntgQw.002.mp4
13XlKeC_p3U.000,train/13XlKeC_p3U.000.mp4
13XlKeC_p3U.001,train/13XlKeC_p3U.001.mp4
15yOT2ZolPE.002,train/15yOT2ZolPE.002.mp4
176vWywoq9E.000,train/176vWywoq9E.000.mp4
176vWywoq9E.001,train/176vWywoq9E.001.mp4
176vWywoq9E.002,train/176vWywoq9E.002.mp4
176vWywoq9E.004,train/176vWywoq9E.004.mp4
184MlJCcboQ.000,train/184MlJCcboQ.000.mp4
186c7kCyCHQ.005,train/186c7kCyCHQ.005.mp4
19cplBTXyoY.002,train/19cplBTXyoY.002.mp4
19pTUX8KfYM.000,train/19pTUX8KfYM.000.mp4
1AMp8Y_0UGc.000,train/1AMp8Y_0UGc.000.mp4
1AMp8Y_0UGc.002,train/1AMp8Y_0UGc.002.mp4
1AMp8Y_0UGc.004,train/1AMp8Y_0UGc.004.mp4
1cqwKxx6GF8.001,train/1cqwKxx6GF8.001.mp4
1cqwKxx6GF8.004,train/1cqwKxx6GF8.004.mp4
1cqwKxx6GF8.005,train/1cqwKxx6GF8.005.mp4
1CYzbX8AaP8.001,train/1CYzbX8AaP8.001.mp4
1CYzbX8AaP8.003,train/1CYzbX8AaP8.003.mp4
1DCnIad1Y0w.002,train/1DCnIad1Y0w.002.mp4
1dOaM7zWPo8.000,train/1dOaM7zWPo8.000.mp4
1eOvtoZCie8.000,train/1eOvtoZCie8.000.mp4
1eOvtoZCie8.002,train/1eOvtoZCie8.002.mp4
1eOvtoZCie8.004,train/1eOvtoZCie8.004.mp4
1eOvtoZCie8.005,train/1eOvtoZCie8.005.mp4
1fsFL_qNYlQ.001,train/1fsFL_qNYlQ.001.mp4
1fsFL_qNYlQ.005,train/1fsFL_qNYlQ.005.mp4
1Gn4GX8miWQ.000,train/1Gn4GX8miWQ.000.mp4
1Gn4GX8miWQ.001,train/1Gn4GX8miWQ.001.mp4
1Gn4GX8miWQ.002,train/1Gn4GX8miWQ.002.mp4
1Gn4GX8miWQ.003,train/1Gn4GX8miWQ.003.mp4
1Gn4GX8miWQ.004,train/1Gn4GX8miWQ.004.mp4
1Gn4GX8miWQ.005,train/1Gn4GX8miWQ.005.mp4
1hpZ2ecWqtI.002,train/1hpZ2ecWqtI.002.mp4
1hpZ2ecWqtI.003,train/1hpZ2ecWqtI.003.mp4
1hpZ2ecWqtI.005,train/1hpZ2ecWqtI.005.mp4
1izSTcQI7H4.000,train/1izSTcQI7H4.000.mp4
1izSTcQI7H4.004,train/1izSTcQI7H4.004.mp4
1jC4vsQsjwM.002,train/1jC4vsQsjwM.002.mp4
1jC4vsQsjwM.004,train/1jC4vsQsjwM.004.mp4
1jC4vsQsjwM.005,train/1jC4vsQsjwM.005.mp4
1Kb5d-w3YJ8.002,train/1Kb5d-w3YJ8.002.mp4
1Lv72Si4GnY.001,train/1Lv72Si4GnY.001.mp4
1m67onLoRwY.000,train/1m67onLoRwY.000.mp4
1m67onLoRwY.003,train/1m67onLoRwY.003.mp4
1mdMhaq5p4w.001,train/1mdMhaq5p4w.001.mp4
1mdMhaq5p4w.002,train/1mdMhaq5p4w.002.mp4
1mdMhaq5p4w.004,train/1mdMhaq5p4w.004.mp4
1mdMhaq5p4w.005,train/1mdMhaq5p4w.005.mp4
1mfrM-FT-5E.000,train/1mfrM-FT-5E.000.mp4
1mHjMNZZvFo.000,train/1mHjMNZZvFo.000.mp4
1mHjMNZZvFo.003,train/1mHjMNZZvFo.003.mp4
1mHjMNZZvFo.004,train/1mHjMNZZvFo.004.mp4
1mHjMNZZvFo.005,train/1mHjMNZZvFo.005.mp4
1mODTfLRGdI.000,train/1mODTfLRGdI.000.mp4
1mODTfLRGdI.001,train/1mODTfLRGdI.001.mp4
1mODTfLRGdI.003,train/1mODTfLRGdI.003.mp4
1mReUxIEuw0.000,train/1mReUxIEuw0.000.mp4
1mReUxIEuw0.005,train/1mReUxIEuw0.005.mp4
1OGu_7IljCo.004,train/1OGu_7IljCo.004.mp4
1pm5uoU85FI.000,train/1pm5uoU85FI.000.mp4
1pm5uoU85FI.001,train/1pm5uoU85FI.001.mp4
1pm5uoU85FI.003,train/1pm5uoU85FI.003.mp4
1q-N_zbsAg0.000,train/1q-N_zbsAg0.000.mp4
1q-N_zbsAg0.001,train/1q-N_zbsAg0.001.mp4
1q-N_zbsAg0.003,train/1q-N_zbsAg0.003.mp4
1q-N_zbsAg0.004,train/1q-N_zbsAg0.004.mp4
1RMdiCbNNh4.003,train/1RMdiCbNNh4.003.mp4
1RMdiCbNNh4.005,train/1RMdiCbNNh4.005.mp4
1S0SxmfbOus.002,train/1S0SxmfbOus.002.mp4
1sjXuXtx9-E.000,train/1sjXuXtx9-E.000.mp4
1tPH6PNeOSk.002,train/1tPH6PNeOSk.002.mp4
1tPH6PNeOSk.004,train/1tPH6PNeOSk.004.mp4
1UaqZEUUk9I.000,train/1UaqZEUUk9I.000.mp4
1UaqZEUUk9I.002,train/1UaqZEUUk9I.002.mp4
1uCO2d0pFg0.000,train/1uCO2d0pFg0.000.mp4
1W7XLdNpEgc.001,train/1W7XLdNpEgc.001.mp4
1W7XLdNpEgc.005,train/1W7XLdNpEgc.005.mp4
1Wh2mIFrGvk.001,train/1Wh2mIFrGvk.001.mp4
1wWMWbl6ILg.004,train/1wWMWbl6ILg.004.mp4
1XqMZQu_pP4.002,train/1XqMZQu_pP4.002.mp4
1yIGI42lzak.001,train/1yIGI42lzak.001.mp4
1yIGI42lzak.002,train/1yIGI42lzak.002.mp4
1yIGI42lzak.003,train/1yIGI42lzak.003.mp4
1yIGI42lzak.005,train/1yIGI42lzak.005.mp4
1yjRBwUiYxs.005,train/1yjRBwUiYxs.005.mp4
1YsZ4GPpyBA.004,train/1YsZ4GPpyBA.004.mp4
1YsZ4GPpyBA.005,train/1YsZ4GPpyBA.005.mp4
1ZqHFoxLz54.000,train/1ZqHFoxLz54.000.mp4
2-LDYe7OXZU.000,train/2-LDYe7OXZU.000.mp4
2-LDYe7OXZU.001,train/2-LDYe7OXZU.001.mp4
2-LDYe7OXZU.003,train/2-LDYe7OXZU.003.mp4
2-LDYe7OXZU.005,train/2-LDYe7OXZU.005.mp4
26ZnknvfdNM.001,train/26ZnknvfdNM.001.mp4
26ZnknvfdNM.002,train/26ZnknvfdNM.002.mp4
26ZnknvfdNM.003,train/26ZnknvfdNM.003.mp4
26ZnknvfdNM.004,train/26ZnknvfdNM.004.mp4
29UCGJldICw.005,train/29UCGJldICw.005.mp4
2_OOIcYfLV0.003,train/2_OOIcYfLV0.003.mp4
2AV8m02PjdU.000,train/2AV8m02PjdU.000.mp4
2AV8m02PjdU.002,train/2AV8m02PjdU.002.mp4
2AV8m02PjdU.003,train/2AV8m02PjdU.003.mp4
2AYq7CdNXNo.000,train/2AYq7CdNXNo.000.mp4
2AYq7CdNXNo.001,train/2AYq7CdNXNo.001.mp4
2AYq7CdNXNo.003,train/2AYq7CdNXNo.003.mp4
2AYq7CdNXNo.004,train/2AYq7CdNXNo.004.mp4
2bAsXLQjlt8.001,train/2bAsXLQjlt8.001.mp4
2bAsXLQjlt8.002,train/2bAsXLQjlt8.002.mp4
2bAsXLQjlt8.004,train/2bAsXLQjlt8.004.mp4
2bAsXLQjlt8.005,train/2bAsXLQjlt8.005.mp4
2ceHmUmguzk.000,train/2ceHmUmguzk.000.mp4
2ceHmUmguzk.001,train/2ceHmUmguzk.001.mp4
2ceHmUmguzk.002,train/2ceHmUmguzk.002.mp4
2ceHmUmguzk.005,train/2ceHmUmguzk.005.mp4
2d6btbaNdfo.004,train/2d6btbaNdfo.004.mp4
2DZb5yIc6Fg.001,train/2DZb5yIc6Fg.001.mp4
2DZb5yIc6Fg.002,train/2DZb5yIc6Fg.002.mp4
2DZb5yIc6Fg.003,train/2DZb5yIc6Fg.003.mp4
2f7rLXwzP3s.000,train/2f7rLXwzP3s.000.mp4
2f7rLXwzP3s.002,train/2f7rLXwzP3s.002.mp4
2Fgn78rYjPM.005,train/2Fgn78rYjPM.005.mp4
2fzLibPAtvI.004,train/2fzLibPAtvI.004.mp4
2fzLibPAtvI.005,train/2fzLibPAtvI.005.mp4
2GHz8LYflE0.000,train/2GHz8LYflE0.000.mp4
2HE6cw3HFPk.001,train/2HE6cw3HFPk.001.mp4
2HE6cw3HFPk.003,train/2HE6cw3HFPk.003.mp4
2hhqEWiv4eI.000,train/2hhqEWiv4eI.000.mp4
2hhqEWiv4eI.001,train/2hhqEWiv4eI.001.mp4
2hhqEWiv4eI.002,train/2hhqEWiv4eI.002.mp4
2hhqEWiv4eI.004,train/2hhqEWiv4eI.004.mp4
2IwWILRuuNU.003,train/2IwWILRuuNU.003.mp4
2IwWILRuuNU.004,train/2IwWILRuuNU.004.mp4
2IwWILRuuNU.005,train/2IwWILRuuNU.005.mp4
2kqPuht5jTg.002,train/2kqPuht5jTg.002.mp4
2kqPuht5jTg.004,train/2kqPuht5jTg.004.mp4
2kqPuht5jTg.005,train/2kqPuht5jTg.005.mp4
2KSBoJZMcMU.003,train/2KSBoJZMcMU.003.mp4
2KSBoJZMcMU.004,train/2KSBoJZMcMU.004.mp4
2KSBoJZMcMU.005,train/2KSBoJZMcMU.005.mp4
2Lgd2Ye-1L8.000,train/2Lgd2Ye-1L8.000.mp4
2mfmw63l88g.001,train/2mfmw63l88g.001.mp4
2mfmw63l88g.003,train/2mfmw63l88g.003.mp4
2mfmw63l88g.004,train/2mfmw63l88g.004.mp4
2mfmw63l88g.005,train/2mfmw63l88g.005.mp4
2mgj9ncREyA.000,train/2mgj9ncREyA.000.mp4
2mgj9ncREyA.005,train/2mgj9ncREyA.005.mp4
2NNYN1ZCJhw.003,train/2NNYN1ZCJhw.003.mp4
2OAA4slRc5M.004,train/2OAA4slRc5M.004.mp4
2oEUp9sGRGk.000,train/2oEUp9sGRGk.000.mp4
2oEUp9sGRGk.001,train/2oEUp9sGRGk.001.mp4
2oiXF5_gTyk.001,train/2oiXF5_gTyk.001.mp4
2oiXF5_gTyk.002,train/2oiXF5_gTyk.002.mp4
2oiXF5_gTyk.003,train/2oiXF5_gTyk.003.mp4
2P1FbMJLUAs.000,train/2P1FbMJLUAs.000.mp4
2P1FbMJLUAs.003,train/2P1FbMJLUAs.003.mp4
2P1FbMJLUAs.005,train/2P1FbMJLUAs.005.mp4
2pNKs0i3YkY.002,train/2pNKs0i3YkY.002.mp4
2PSGksTyrnI.001,train/2PSGksTyrnI.001.mp4
2PSGksTyrnI.003,train/2PSGksTyrnI.003.mp4
2PSGksTyrnI.004,train/2PSGksTyrnI.004.mp4
2PSGksTyrnI.005,train/2PSGksTyrnI.005.mp4
2q7ZwMoPvok.000,train/2q7ZwMoPvok.000.mp4
2q8orkMs2Jg.000,train/2q8orkMs2Jg.000.mp4
2q8orkMs2Jg.003,train/2q8orkMs2Jg.003.mp4
2q8orkMs2Jg.005,train/2q8orkMs2Jg.005.mp4
2r5NVi3SZ2I.000,train/2r5NVi3SZ2I.000.mp4
2RQGNwx_nlI.000,train/2RQGNwx_nlI.000.mp4
2rV3Ibtdnvs.000,train/2rV3Ibtdnvs.000.mp4
2SzC9dm4Yy4.002,train/2SzC9dm4Yy4.002.mp4
2T3oK1Gse2g.000,train/2T3oK1Gse2g.000.mp4
2T3oK1Gse2g.002,train/2T3oK1Gse2g.002.mp4
2TbU3Eg2i4A.003,train/2TbU3Eg2i4A.003.mp4
2TbU3Eg2i4A.004,train/2TbU3Eg2i4A.004.mp4
2TbU3Eg2i4A.005,train/2TbU3Eg2i4A.005.mp4
2TMl5EMrdVI.002,train/2TMl5EMrdVI.002.mp4
2TMl5EMrdVI.003,train/2TMl5EMrdVI.003.mp4
2TMl5EMrdVI.004,train/2TMl5EMrdVI.004.mp4
2TMl5EMrdVI.005,train/2TMl5EMrdVI.005.mp4
2TXrDZgbDHE.001,train/2TXrDZgbDHE.001.mp4
2TXrDZgbDHE.005,train/2TXrDZgbDHE.005.mp4
2uAJJH7B5aw.000,train/2uAJJH7B5aw.000.mp4
2uAJJH7B5aw.001,train/2uAJJH7B5aw.001.mp4
2uAJJH7B5aw.003,train/2uAJJH7B5aw.003.mp4
2UqnC_rFcRQ.001,train/2UqnC_rFcRQ.001.mp4
2UqnC_rFcRQ.002,train/2UqnC_rFcRQ.002.mp4
2UqnC_rFcRQ.003,train/2UqnC_rFcRQ.003.mp4
2WuhWF4fAOQ.001,train/2WuhWF4fAOQ.001.mp4
2WuhWF4fAOQ.002,train/2WuhWF4fAOQ.002.mp4
2WuhWF4fAOQ.003,train/2WuhWF4fAOQ.003.mp4
2WuhWF4fAOQ.004,train/2WuhWF4fAOQ.004.mp4
2x8GZaBY6TM.001,train/2x8GZaBY6TM.001.mp4
2x8GZaBY6TM.002,train/2x8GZaBY6TM.002.mp4
2x8GZaBY6TM.003,train/2x8GZaBY6TM.003.mp4
2yUnXroXyeI.003,train/2yUnXroXyeI.003.mp4
300gK3CnzW0.000,train/300gK3CnzW0.000.mp4
300gK3CnzW0.002,train/300gK3CnzW0.002.mp4
300gK3CnzW0.004,train/300gK3CnzW0.004.mp4
32XmVytuwQc.001,train/32XmVytuwQc.001.mp4
35-2f1y0guA.000,train/35-2f1y0guA.000.mp4
36NZ0sHWQFg.001,train/36NZ0sHWQFg.001.mp4
36sZ__mv_KY.003,train/36sZ__mv_KY.003.mp4
38fE5B4ghw0.000,train/38fE5B4ghw0.000.mp4
38fE5B4ghw0.002,train/38fE5B4ghw0.002.mp4
38fE5B4ghw0.003,train/38fE5B4ghw0.003.mp4
38fE5B4ghw0.004,train/38fE5B4ghw0.004.mp4
38fE5B4ghw0.005,train/38fE5B4ghw0.005.mp4
39BJkEXJpgc.001,train/39BJkEXJpgc.001.mp4
39BJkEXJpgc.003,train/39BJkEXJpgc.003.mp4
39BJkEXJpgc.005,train/39BJkEXJpgc.005.mp4
39o1zJFeM7E.001,train/39o1zJFeM7E.001.mp4
39o1zJFeM7E.002,train/39o1zJFeM7E.002.mp4
39o1zJFeM7E.003,train/39o1zJFeM7E.003.mp4
39o1zJFeM7E.004,train/39o1zJFeM7E.004.mp4
3AyjQQYmqU4.000,train/3AyjQQYmqU4.000.mp4
3AyjQQYmqU4.001,train/3AyjQQYmqU4.001.mp4
3AyjQQYmqU4.003,train/3AyjQQYmqU4.003.mp4
3b9fhd-EDaY.001,train/3b9fhd-EDaY.001.mp4
3ccY8jYkI5o.000,train/3ccY8jYkI5o.000.mp4
3ccY8jYkI5o.002,train/3ccY8jYkI5o.002.mp4
3ccY8jYkI5o.004,train/3ccY8jYkI5o.004.mp4
3ccY8jYkI5o.005,train/3ccY8jYkI5o.005.mp4
3df_Uk9EmwU.000,train/3df_Uk9EmwU.000.mp4
3df_Uk9EmwU.001,train/3df_Uk9EmwU.001.mp4
3df_Uk9EmwU.004,train/3df_Uk9EmwU.004.mp4
3df_Uk9EmwU.005,train/3df_Uk9EmwU.005.mp4
3DURnr95fMg.000,train/3DURnr95fMg.000.mp4
3DURnr95fMg.002,train/3DURnr95fMg.002.mp4
3DURnr95fMg.004,train/3DURnr95fMg.004.mp4
3g6Ab-BIbR4.001,train/3g6Ab-BIbR4.001.mp4
3gKpBq-1yG4.000,train/3gKpBq-1yG4.000.mp4
3gKpBq-1yG4.001,train/3gKpBq-1yG4.001.mp4
3gKpBq-1yG4.002,train/3gKpBq-1yG4.002.mp4
3gKpBq-1yG4.003,train/3gKpBq-1yG4.003.mp4
3gKpBq-1yG4.004,train/3gKpBq-1yG4.004.mp4
3gKpBq-1yG4.005,train/3gKpBq-1yG4.005.mp4
3gmc2kLV4Bo.002,train/3gmc2kLV4Bo.002.mp4
3GylAjrajHs.003,train/3GylAjrajHs.003.mp4
3GylAjrajHs.004,train/3GylAjrajHs.004.mp4
3HA2W1s4oP8.000,train/3HA2W1s4oP8.000.mp4
3HA2W1s4oP8.001,train/3HA2W1s4oP8.001.mp4
3HA2W1s4oP8.002,train/3HA2W1s4oP8.002.mp4
3HA2W1s4oP8.003,train/3HA2W1s4oP8.003.mp4
3hKgh9AB3tk.001,train/3hKgh9AB3tk.001.mp4
3hKgh9AB3tk.002,train/3hKgh9AB3tk.002.mp4
3hKgh9AB3tk.005,train/3hKgh9AB3tk.005.mp4
3J7Cl3FXs1o.001,train/3J7Cl3FXs1o.001.mp4
3J7Cl3FXs1o.004,train/3J7Cl3FXs1o.004.mp4
3JAFkk42zPs.004,train/3JAFkk42zPs.004.mp4
3JAFkk42zPs.005,train/3JAFkk42zPs.005.mp4
3JzvXA-Zfbs.000,train/3JzvXA-Zfbs.000.mp4
3JzvXA-Zfbs.001,train/3JzvXA-Zfbs.001.mp4
3JzvXA-Zfbs.002,train/3JzvXA-Zfbs.002.mp4
3JzvXA-Zfbs.003,train/3JzvXA-Zfbs.003.mp4
3K16KyiAZHw.004,train/3K16KyiAZHw.004.mp4
3LAaFUSGvsU.001,train/3LAaFUSGvsU.001.mp4
3LAaFUSGvsU.003,train/3LAaFUSGvsU.003.mp4
3LAaFUSGvsU.004,train/3LAaFUSGvsU.004.mp4
3lV-sr3NOUo.003,train/3lV-sr3NOUo.003.mp4
3lV-sr3NOUo.004,train/3lV-sr3NOUo.004.mp4
3nxH1f6IQjQ.000,train/3nxH1f6IQjQ.000.mp4
3OoQBXWTGfE.000,train/3OoQBXWTGfE.000.mp4
3OoQBXWTGfE.001,train/3OoQBXWTGfE.001.mp4
3OoQBXWTGfE.002,train/3OoQBXWTGfE.002.mp4
3OoQBXWTGfE.004,train/3OoQBXWTGfE.004.mp4
3orJLMVqWYw.000,train/3orJLMVqWYw.000.mp4
3orJLMVqWYw.004,train/3orJLMVqWYw.004.mp4
3P_D_bd-_NM.000,train/3P_D_bd-_NM.000.mp4
3P_D_bd-_NM.001,train/3P_D_bd-_NM.001.mp4
3P_D_bd-_NM.003,train/3P_D_bd-_NM.003.mp4
3P_D_bd-_NM.005,train/3P_D_bd-_NM.005.mp4
3pJZOCtAzYE.001,train/3pJZOCtAzYE.001.mp4
3Q3SB1dVAng.000,train/3Q3SB1dVAng.000.mp4
3Q3SB1dVAng.001,train/3Q3SB1dVAng.001.mp4
3Q3SB1dVAng.002,train/3Q3SB1dVAng.002.mp4
3Q3SB1dVAng.003,train/3Q3SB1dVAng.003.mp4
3Q3SB1dVAng.005,train/3Q3SB1dVAng.005.mp4
3R2LrAKCWr8.001,train/3R2LrAKCWr8.001.mp4
3R2LrAKCWr8.002,train/3R2LrAKCWr8.002.mp4
3RhBqNzCMG8.001,train/3RhBqNzCMG8.001.mp4
3S72dDIm1fM.000,train/3S72dDIm1fM.000.mp4
3S72dDIm1fM.001,train/3S72dDIm1fM.001.mp4
3S8QUGYVf_w.000,train/3S8QUGYVf_w.000.mp4
3S8QUGYVf_w.001,train/3S8QUGYVf_w.001.mp4
3S8QUGYVf_w.003,train/3S8QUGYVf_w.003.mp4
3S8QUGYVf_w.004,train/3S8QUGYVf_w.004.mp4
3Sj-GZ3YXWs.000,train/3Sj-GZ3YXWs.000.mp4
3Sj-GZ3YXWs.001,train/3Sj-GZ3YXWs.001.mp4
3Sj-GZ3YXWs.002,train/3Sj-GZ3YXWs.002.mp4
3Sj-GZ3YXWs.004,train/3Sj-GZ3YXWs.004.mp4
3Sj-GZ3YXWs.005,train/3Sj-GZ3YXWs.005.mp4
3taD1fEPfC8.001,train/3taD1fEPfC8.001.mp4
3taD1fEPfC8.002,train/3taD1fEPfC8.002.mp4
3taD1fEPfC8.003,train/3taD1fEPfC8.003.mp4
3taD1fEPfC8.004,train/3taD1fEPfC8.004.mp4
3tPq9fNOXZQ.001,train/3tPq9fNOXZQ.001.mp4
3tPq9fNOXZQ.002,train/3tPq9fNOXZQ.002.mp4
3tPq9fNOXZQ.003,train/3tPq9fNOXZQ.003.mp4
3tPq9fNOXZQ.005,train/3tPq9fNOXZQ.005.mp4
3Vr5-zedeWk.000,train/3Vr5-zedeWk.000.mp4
3Vr5-zedeWk.002,train/3Vr5-zedeWk.002.mp4
3Vr5-zedeWk.003,train/3Vr5-zedeWk.003.mp4
3Vr5-zedeWk.004,train/3Vr5-zedeWk.004.mp4
3Vr5-zedeWk.005,train/3Vr5-zedeWk.005.mp4
3VTL2kFt17M.000,train/3VTL2kFt17M.000.mp4
3VTL2kFt17M.002,train/3VTL2kFt17M.002.mp4
3VTL2kFt17M.004,train/3VTL2kFt17M.004.mp4
3VTL2kFt17M.005,train/3VTL2kFt17M.005.mp4
3VyriB3isO8.001,train/3VyriB3isO8.001.mp4
3VyriB3isO8.004,train/3VyriB3isO8.004.mp4
3wgZrRMosvY.002,train/3wgZrRMosvY.002.mp4
3wgZrRMosvY.003,train/3wgZrRMosvY.003.mp4
3WmWJ1lNy-U.000,train/3WmWJ1lNy-U.000.mp4
3WmWJ1lNy-U.001,train/3WmWJ1lNy-U.001.mp4
3WoXkI06zGk.001,train/3WoXkI06zGk.001.mp4
3WoXkI06zGk.002,train/3WoXkI06zGk.002.mp4
3WoXkI06zGk.003,train/3WoXkI06zGk.003.mp4
3WPXm_5f4Lw.002,train/3WPXm_5f4Lw.002.mp4
3wRj39GKLJ0.001,train/3wRj39GKLJ0.001.mp4
3y3au0hVfm8.001,train/3y3au0hVfm8.001.mp4
3ySH8eJQRCI.001,train/3ySH8eJQRCI.001.mp4
3ySH8eJQRCI.002,train/3ySH8eJQRCI.002.mp4
3ySH8eJQRCI.003,train/3ySH8eJQRCI.003.mp4
3ySH8eJQRCI.004,train/3ySH8eJQRCI.004.mp4
3ySH8eJQRCI.005,train/3ySH8eJQRCI.005.mp4
3yU-7AXnFCM.002,train/3yU-7AXnFCM.002.mp4
3yU-7AXnFCM.003,train/3yU-7AXnFCM.003.mp4
3zAyM2edy1g.000,train/3zAyM2edy1g.000.mp4
3zAyM2edy1g.001,train/3zAyM2edy1g.001.mp4
3zAyM2edy1g.004,train/3zAyM2edy1g.004.mp4
3ZwXifihvtA.000,train/3ZwXifihvtA.000.mp4
40rn4A64Bdk.001,train/40rn4A64Bdk.001.mp4
40rn4A64Bdk.003,train/40rn4A64Bdk.003.mp4
41NNb7cucVo.000,train/41NNb7cucVo.000.mp4
41NNb7cucVo.001,train/41NNb7cucVo.001.mp4
41NNb7cucVo.002,train/41NNb7cucVo.002.mp4
41NNb7cucVo.003,train/41NNb7cucVo.003.mp4
43tayteIFRk.005,train/43tayteIFRk.005.mp4
44rxmXiga90.001,train/44rxmXiga90.001.mp4
44rxmXiga90.002,train/44rxmXiga90.002.mp4
44rxmXiga90.003,train/44rxmXiga90.003.mp4
44rxmXiga90.004,train/44rxmXiga90.004.mp4
44rxmXiga90.005,train/44rxmXiga90.005.mp4
45SH4ohAH3M.000,train/45SH4ohAH3M.000.mp4
45SH4ohAH3M.001,train/45SH4ohAH3M.001.mp4
45SH4ohAH3M.005,train/45SH4ohAH3M.005.mp4
48S9_KZvzVw.001,train/48S9_KZvzVw.001.mp4
48S9_KZvzVw.003,train/48S9_KZvzVw.003.mp4
48S9_KZvzVw.004,train/48S9_KZvzVw.004.mp4
48S9_KZvzVw.005,train/48S9_KZvzVw.005.mp4
495hLlCEW64.001,train/495hLlCEW64.001.mp4
495hLlCEW64.002,train/495hLlCEW64.002.mp4
495hLlCEW64.003,train/495hLlCEW64.003.mp4
4a6-tNo-NDM.000,train/4a6-tNo-NDM.000.mp4
4bDOetaLvZs.001,train/4bDOetaLvZs.001.mp4
4bDOetaLvZs.004,train/4bDOetaLvZs.004.mp4
4bDOetaLvZs.005,train/4bDOetaLvZs.005.mp4
4CiR99jTzso.000,train/4CiR99jTzso.000.mp4
4CSV8L7aVik.000,train/4CSV8L7aVik.000.mp4
4F-WBGPXiqQ.001,train/4F-WBGPXiqQ.001.mp4
4fN-DKUzgWQ.001,train/4fN-DKUzgWQ.001.mp4
4fN-DKUzgWQ.005,train/4fN-DKUzgWQ.005.mp4
4ICb270oLpE.000,train/4ICb270oLpE.000.mp4
4ICb270oLpE.002,train/4ICb270oLpE.002.mp4
4JjpfL4y3XM.000,train/4JjpfL4y3XM.000.mp4
4JjpfL4y3XM.001,train/4JjpfL4y3XM.001.mp4
4JYmE9a21aI.002,train/4JYmE9a21aI.002.mp4
4JYmE9a21aI.004,train/4JYmE9a21aI.004.mp4
4KD3XCMsIBs.004,train/4KD3XCMsIBs.004.mp4
4kIHxR6s1L4.001,train/4kIHxR6s1L4.001.mp4
4kIHxR6s1L4.004,train/4kIHxR6s1L4.004.mp4
4kIHxR6s1L4.005,train/4kIHxR6s1L4.005.mp4
4lH5nLSwmoM.001,train/4lH5nLSwmoM.001.mp4
4lH5nLSwmoM.003,train/4lH5nLSwmoM.003.mp4
4lIbWq27O84.000,train/4lIbWq27O84.000.mp4
4lIbWq27O84.001,train/4lIbWq27O84.001.mp4
4lIbWq27O84.002,train/4lIbWq27O84.002.mp4
4lj66h4CXI8.002,train/4lj66h4CXI8.002.mp4
4lj66h4CXI8.003,train/4lj66h4CXI8.003.mp4
4lj66h4CXI8.005,train/4lj66h4CXI8.005.mp4
4lyKh2_xCDQ.003,train/4lyKh2_xCDQ.003.mp4
4lyKh2_xCDQ.004,train/4lyKh2_xCDQ.004.mp4
4LZJvOecyM8.001,train/4LZJvOecyM8.001.mp4
4LZJvOecyM8.002,train/4LZJvOecyM8.002.mp4
4LZJvOecyM8.005,train/4LZJvOecyM8.005.mp4
4nir0YtjHVs.001,train/4nir0YtjHVs.001.mp4
4nir0YtjHVs.002,train/4nir0YtjHVs.002.mp4
4nJLbAKgwfw.005,train/4nJLbAKgwfw.005.mp4
4NzqG0XwOWg.002,train/4NzqG0XwOWg.002.mp4
4NzqG0XwOWg.004,train/4NzqG0XwOWg.004.mp4
4Qr1BjZhnpg.003,train/4Qr1BjZhnpg.003.mp4
4QUgf0dHnKk.004,train/4QUgf0dHnKk.004.mp4
4QUgf0dHnKk.005,train/4QUgf0dHnKk.005.mp4
4RoZPrjRQZE.000,train/4RoZPrjRQZE.000.mp4
4sCa35TOxgs.001,train/4sCa35TOxgs.001.mp4
4T9UUWWRE94.000,train/4T9UUWWRE94.000.mp4
4T9UUWWRE94.003,train/4T9UUWWRE94.003.mp4
4TpJ1FT2w6Y.001,train/4TpJ1FT2w6Y.001.mp4
4TpJ1FT2w6Y.003,train/4TpJ1FT2w6Y.003.mp4
4TpJ1FT2w6Y.004,train/4TpJ1FT2w6Y.004.mp4
4TpJ1FT2w6Y.005,train/4TpJ1FT2w6Y.005.mp4
4V7doeEKsus.001,train/4V7doeEKsus.001.mp4
4V7doeEKsus.002,train/4V7doeEKsus.002.mp4
4vdJGgZpj4k.004,train/4vdJGgZpj4k.004.mp4
4vdJGgZpj4k.005,train/4vdJGgZpj4k.005.mp4
4vJ69g7gAH4.001,train/4vJ69g7gAH4.001.mp4
4VwcU0ROy5k.001,train/4VwcU0ROy5k.001.mp4
4VwcU0ROy5k.002,train/4VwcU0ROy5k.002.mp4
4VwcU0ROy5k.004,train/4VwcU0ROy5k.004.mp4
4xdT0Uedsro.000,train/4xdT0Uedsro.000.mp4
4xdT0Uedsro.002,train/4xdT0Uedsro.002.mp4
4XdZDodpzac.000,train/4XdZDodpzac.000.mp4
4XdZDodpzac.003,train/4XdZDodpzac.003.mp4
4yogPbHFQ9o.002,train/4yogPbHFQ9o.002.mp4
4yogPbHFQ9o.003,train/4yogPbHFQ9o.003.mp4
4yogPbHFQ9o.004,train/4yogPbHFQ9o.004.mp4
4yogPbHFQ9o.005,train/4yogPbHFQ9o.005.mp4
4zkY1SG-7xc.003,train/4zkY1SG-7xc.003.mp4
4ZlcaXadwlo.000,train/4ZlcaXadwlo.000.mp4
4ZlcaXadwlo.001,train/4ZlcaXadwlo.001.mp4
4ZlcaXadwlo.003,train/4ZlcaXadwlo.003.mp4
4ZlcaXadwlo.005,train/4ZlcaXadwlo.005.mp4
5-mwIFjOWZ4.000,train/5-mwIFjOWZ4.000.mp4
50gokPvvMs8.000,train/50gokPvvMs8.000.mp4
50gokPvvMs8.002,train/50gokPvvMs8.002.mp4
51hGkzvYP00.001,train/51hGkzvYP00.001.mp4
51KRxB3g7A8.000,train/51KRxB3g7A8.000.mp4
51z2rCqPqPE.003,train/51z2rCqPqPE.003.mp4
51z2rCqPqPE.005,train/51z2rCqPqPE.005.mp4
521sm7CTyfg.000,train/521sm7CTyfg.000.mp4
521sm7CTyfg.001,train/521sm7CTyfg.001.mp4
521sm7CTyfg.003,train/521sm7CTyfg.003.mp4
521sm7CTyfg.004,train/521sm7CTyfg.004.mp4
521sm7CTyfg.005,train/521sm7CTyfg.005.mp4
53gtUkC7IZM.001,train/53gtUkC7IZM.001.mp4
53QFyec0uN0.002,train/53QFyec0uN0.002.mp4
53QFyec0uN0.003,train/53QFyec0uN0.003.mp4
53srfuqv9LM.001,train/53srfuqv9LM.001.mp4
53srfuqv9LM.002,train/53srfuqv9LM.002.mp4
54JawR1x0II.001,train/54JawR1x0II.001.mp4
54JawR1x0II.002,train/54JawR1x0II.002.mp4
54K75EhiTEk.000,train/54K75EhiTEk.000.mp4
54K75EhiTEk.002,train/54K75EhiTEk.002.mp4
54K75EhiTEk.003,train/54K75EhiTEk.003.mp4
54K75EhiTEk.005,train/54K75EhiTEk.005.mp4
54TGLGvIm_8.001,train/54TGLGvIm_8.001.mp4
54TGLGvIm_8.002,train/54TGLGvIm_8.002.mp4
54TGLGvIm_8.003,train/54TGLGvIm_8.003.mp4
54TGLGvIm_8.004,train/54TGLGvIm_8.004.mp4
57o4odfqTs8.001,train/57o4odfqTs8.001.mp4
57o4odfqTs8.003,train/57o4odfqTs8.003.mp4
57RdMTGegww.000,train/57RdMTGegww.000.mp4
59Smv7wl--w.001,train/59Smv7wl--w.001.mp4
59Smv7wl--w.002,train/59Smv7wl--w.002.mp4
59Smv7wl--w.003,train/59Smv7wl--w.003.mp4
59Smv7wl--w.005,train/59Smv7wl--w.005.mp4
5Bgd2zgiT0Q.004,train/5Bgd2zgiT0Q.004.mp4
5bi_PM3XMEQ.005,train/5bi_PM3XMEQ.005.mp4
5BPGRteF64Y.001,train/5BPGRteF64Y.001.mp4
5BPGRteF64Y.002,train/5BPGRteF64Y.002.mp4
5BPGRteF64Y.005,train/5BPGRteF64Y.005.mp4
5CRqN54uejE.000,train/5CRqN54uejE.000.mp4
5CRqN54uejE.002,train/5CRqN54uejE.002.mp4
5CRqN54uejE.005,train/5CRqN54uejE.005.mp4
5Eez38v8TuU.000,train/5Eez38v8TuU.000.mp4
5Eez38v8TuU.003,train/5Eez38v8TuU.003.mp4
5Eez38v8TuU.005,train/5Eez38v8TuU.005.mp4
5f6s8cwA7WQ.001,train/5f6s8cwA7WQ.001.mp4
5f6s8cwA7WQ.002,train/5f6s8cwA7WQ.002.mp4
5f6s8cwA7WQ.004,train/5f6s8cwA7WQ.004.mp4
5f6s8cwA7WQ.005,train/5f6s8cwA7WQ.005.mp4
5ghk5950BhU.002,train/5ghk5950BhU.002.mp4
5ghk5950BhU.004,train/5ghk5950BhU.004.mp4
5ghk5950BhU.005,train/5ghk5950BhU.005.mp4
5gJsrcXQvrk.002,train/5gJsrcXQvrk.002.mp4
5h5Pajjc_xM.001,train/5h5Pajjc_xM.001.mp4
5hFRSHAis2E.003,train/5hFRSHAis2E.003.mp4
5hFRSHAis2E.005,train/5hFRSHAis2E.005.mp4
5IqtX-uq28E.001,train/5IqtX-uq28E.001.mp4
5IqtX-uq28E.002,train/5IqtX-uq28E.002.mp4
5kaqMZ7SB9w.002,train/5kaqMZ7SB9w.002.mp4
5KHOpRCxnwQ.005,train/5KHOpRCxnwQ.005.mp4
5Ku4_r_Yxsk.000,train/5Ku4_r_Yxsk.000.mp4
5Ku4_r_Yxsk.001,train/5Ku4_r_Yxsk.001.mp4
5kwoq4EZixQ.001,train/5kwoq4EZixQ.001.mp4
5kwoq4EZixQ.003,train/5kwoq4EZixQ.003.mp4
5kwoq4EZixQ.004,train/5kwoq4EZixQ.004.mp4
5kwoq4EZixQ.005,train/5kwoq4EZixQ.005.mp4
5kY-Iv6UkeU.003,train/5kY-Iv6UkeU.003.mp4
5Mc-mjLvvGU.000,train/5Mc-mjLvvGU.000.mp4
5Mc-mjLvvGU.003,train/5Mc-mjLvvGU.003.mp4
5PsD_NFMWpQ.000,train/5PsD_NFMWpQ.000.mp4
5T2PhH-OMds.000,train/5T2PhH-OMds.000.mp4
5T2PhH-OMds.001,train/5T2PhH-OMds.001.mp4
5T2PhH-OMds.003,train/5T2PhH-OMds.003.mp4
5TYuLy7JLj4.000,train/5TYuLy7JLj4.000.mp4
5U0xeSXEZOU.000,train/5U0xeSXEZOU.000.mp4
5U0xeSXEZOU.001,train/5U0xeSXEZOU.001.mp4
5U0xeSXEZOU.004,train/5U0xeSXEZOU.004.mp4
5U0xeSXEZOU.005,train/5U0xeSXEZOU.005.mp4
5uFZ-2kYGO0.000,train/5uFZ-2kYGO0.000.mp4
5VG1EgzvprE.000,train/5VG1EgzvprE.000.mp4
5VG1EgzvprE.005,train/5VG1EgzvprE.005.mp4
5Wfa94_5Psg.002,train/5Wfa94_5Psg.002.mp4
5Wfa94_5Psg.003,train/5Wfa94_5Psg.003.mp4
5Wfa94_5Psg.004,train/5Wfa94_5Psg.004.mp4
5Wmlo8Z5yVA.003,train/5Wmlo8Z5yVA.003.mp4
5wpoKhbt28c.001,train/5wpoKhbt28c.001.mp4
5wpoKhbt28c.004,train/5wpoKhbt28c.004.mp4
5xA8-Y5qgT0.000,train/5xA8-Y5qgT0.000.mp4
5xA8-Y5qgT0.001,train/5xA8-Y5qgT0.001.mp4
5xA8-Y5qgT0.003,train/5xA8-Y5qgT0.003.mp4
5xA8-Y5qgT0.004,train/5xA8-Y5qgT0.004.mp4
5z4G0biL9B4.000,train/5z4G0biL9B4.000.mp4
5z4G0biL9B4.003,train/5z4G0biL9B4.003.mp4
6-_1-vBNl_0.002,train/6-_1-vBNl_0.002.mp4
6-_1-vBNl_0.003,train/6-_1-vBNl_0.003.mp4
6-_1-vBNl_0.004,train/6-_1-vBNl_0.004.mp4
6-O-HJf6OZI.001,train/6-O-HJf6OZI.001.mp4
6-O-HJf6OZI.002,train/6-O-HJf6OZI.002.mp4
6-O-HJf6OZI.004,train/6-O-HJf6OZI.004.mp4
6-O-HJf6OZI.005,train/6-O-HJf6OZI.005.mp4
62ngcaBjRCY.005,train/62ngcaBjRCY.005.mp4
65xWDhgq1OE.004,train/65xWDhgq1OE.004.mp4
69BopbFc34U.000,train/69BopbFc34U.000.mp4
69BopbFc34U.001,train/69BopbFc34U.001.mp4
69BopbFc34U.004,train/69BopbFc34U.004.mp4
69EsTnCVCp0.003,train/69EsTnCVCp0.003.mp4
6CRet5sD6xI.003,train/6CRet5sD6xI.003.mp4
6e5BsNaQmTo.003,train/6e5BsNaQmTo.003.mp4
6EMgu2djYrU.001,train/6EMgu2djYrU.001.mp4
6EMgu2djYrU.002,train/6EMgu2djYrU.002.mp4
6EMgu2djYrU.004,train/6EMgu2djYrU.004.mp4
6EMgu2djYrU.005,train/6EMgu2djYrU.005.mp4
6ePyEPQp77Q.001,train/6ePyEPQp77Q.001.mp4
6ePyEPQp77Q.002,train/6ePyEPQp77Q.002.mp4
6ePyEPQp77Q.004,train/6ePyEPQp77Q.004.mp4
6ePyEPQp77Q.005,train/6ePyEPQp77Q.005.mp4
6h6kk-tPzmE.000,train/6h6kk-tPzmE.000.mp4
6IOtQTOyQRU.000,train/6IOtQTOyQRU.000.mp4
6IOtQTOyQRU.001,train/6IOtQTOyQRU.001.mp4
6JfSPPVUgIg.003,train/6JfSPPVUgIg.003.mp4
6JfSPPVUgIg.005,train/6JfSPPVUgIg.005.mp4
6k8RQViPUTc.000,train/6k8RQViPUTc.000.mp4
6KKNrufnL80.000,train/6KKNrufnL80.000.mp4
6LKbPUX03sY.000,train/6LKbPUX03sY.000.mp4
6LKbPUX03sY.003,train/6LKbPUX03sY.003.mp4
6LKbPUX03sY.005,train/6LKbPUX03sY.005.mp4
6N02tjYPLh8.000,train/6N02tjYPLh8.000.mp4
6N02tjYPLh8.001,train/6N02tjYPLh8.001.mp4
6N02tjYPLh8.005,train/6N02tjYPLh8.005.mp4
6nbxAP_ZKQQ.000,train/6nbxAP_ZKQQ.000.mp4
6nbxAP_ZKQQ.005,train/6nbxAP_ZKQQ.005.mp4
6NHEp_CF2jE.000,train/6NHEp_CF2jE.000.mp4
6NjuNY4LfQc.004,train/6NjuNY4LfQc.004.mp4
6nv6D2moFQw.002,train/6nv6D2moFQw.002.mp4
6nv6D2moFQw.003,train/6nv6D2moFQw.003.mp4
6nv6D2moFQw.005,train/6nv6D2moFQw.005.mp4
6oL9yyc9iJc.001,train/6oL9yyc9iJc.001.mp4
6oL9yyc9iJc.003,train/6oL9yyc9iJc.003.mp4
6RwVJK3husE.005,train/6RwVJK3husE.005.mp4
6SiutTvCDUw.000,train/6SiutTvCDUw.000.mp4
6SiutTvCDUw.001,train/6SiutTvCDUw.001.mp4
6tBnFWDqvJE.003,train/6tBnFWDqvJE.003.mp4
6TkMavTyimI.000,train/6TkMavTyimI.000.mp4
6TkMavTyimI.001,train/6TkMavTyimI.001.mp4
6TkMavTyimI.002,train/6TkMavTyimI.002.mp4
6TkMavTyimI.003,train/6TkMavTyimI.003.mp4
6TkMavTyimI.004,train/6TkMavTyimI.004.mp4
6TkMavTyimI.005,train/6TkMavTyimI.005.mp4
6tyhnIgNVs8.005,train/6tyhnIgNVs8.005.mp4
6uqXoPJSoPg.000,train/6uqXoPJSoPg.000.mp4
6uqXoPJSoPg.003,train/6uqXoPJSoPg.003.mp4
6uqXoPJSoPg.004,train/6uqXoPJSoPg.004.mp4
6uqXoPJSoPg.005,train/6uqXoPJSoPg.005.mp4
6V92xyqy0q4.000,train/6V92xyqy0q4.000.mp4
6V92xyqy0q4.001,train/6V92xyqy0q4.001.mp4
6waL_gUxtAM.000,train/6waL_gUxtAM.000.mp4
6waL_gUxtAM.004,train/6waL_gUxtAM.004.mp4
6wHQsN5g2RM.000,train/6wHQsN5g2RM.000.mp4
6wHQsN5g2RM.002,train/6wHQsN5g2RM.002.mp4
6wHQsN5g2RM.003,train/6wHQsN5g2RM.003.mp4
6wHQsN5g2RM.004,train/6wHQsN5g2RM.004.mp4
6wIEiqmuHOM.000,train/6wIEiqmuHOM.000.mp4
6WSr4IW6cNI.000,train/6WSr4IW6cNI.000.mp4
6WSr4IW6cNI.003,train/6WSr4IW6cNI.003.mp4
6xlHkQDHxbs.000,train/6xlHkQDHxbs.000.mp4
6zm71IHOCZA.000,train/6zm71IHOCZA.000.mp4
6zm71IHOCZA.001,train/6zm71IHOCZA.001.mp4
6zm71IHOCZA.002,train/6zm71IHOCZA.002.mp4
70FJFG-MISQ.004,train/70FJFG-MISQ.004.mp4
75XbCb7G8kw.001,train/75XbCb7G8kw.001.mp4
75XbCb7G8kw.002,train/75XbCb7G8kw.002.mp4
78zauTEQ-k8.000,train/78zauTEQ-k8.000.mp4
78zauTEQ-k8.001,train/78zauTEQ-k8.001.mp4
78zauTEQ-k8.004,train/78zauTEQ-k8.004.mp4
79xbT95IyKI.001,train/79xbT95IyKI.001.mp4
7b9DirXrkHo.002,train/7b9DirXrkHo.002.mp4
7b9DirXrkHo.003,train/7b9DirXrkHo.003.mp4
7BgScfRre5M.001,train/7BgScfRre5M.001.mp4
7BgScfRre5M.003,train/7BgScfRre5M.003.mp4
7BgScfRre5M.004,train/7BgScfRre5M.004.mp4
7FXs86Z98E0.002,train/7FXs86Z98E0.002.mp4
7GRC7XjGzX8.001,train/7GRC7XjGzX8.001.mp4
7GRC7XjGzX8.003,train/7GRC7XjGzX8.003.mp4
7gyJdWaLpmE.003,train/7gyJdWaLpmE.003.mp4
7gyJdWaLpmE.004,train/7gyJdWaLpmE.004.mp4
7I-B2bBL0K0.004,train/7I-B2bBL0K0.004.mp4
7IegDaeNlik.000,train/7IegDaeNlik.000.mp4
7IegDaeNlik.002,train/7IegDaeNlik.002.mp4
7IegDaeNlik.003,train/7IegDaeNlik.003.mp4
7IegDaeNlik.005,train/7IegDaeNlik.005.mp4
7Kn5VT9bB4I.001,train/7Kn5VT9bB4I.001.mp4
7kO7jYYUVWg.004,train/7kO7jYYUVWg.004.mp4
7LHmNEH65Pk.000,train/7LHmNEH65Pk.000.mp4
7LHmNEH65Pk.002,train/7LHmNEH65Pk.002.mp4
7LHmNEH65Pk.004,train/7LHmNEH65Pk.004.mp4
7LHmNEH65Pk.005,train/7LHmNEH65Pk.005.mp4
7MwZm3mhSA8.004,train/7MwZm3mhSA8.004.mp4
7nhJXn9PI0I.001,train/7nhJXn9PI0I.001.mp4
7nhJXn9PI0I.004,train/7nhJXn9PI0I.004.mp4
7nhJXn9PI0I.005,train/7nhJXn9PI0I.005.mp4
7nJPNkWZDOY.003,train/7nJPNkWZDOY.003.mp4
7P2F5Mk_Q1s.000,train/7P2F5Mk_Q1s.000.mp4
7P2F5Mk_Q1s.002,train/7P2F5Mk_Q1s.002.mp4
7pLWTfnOSIU.001,train/7pLWTfnOSIU.001.mp4
7pLWTfnOSIU.004,train/7pLWTfnOSIU.004.mp4
7pLYJKO75_c.001,train/7pLYJKO75_c.001.mp4
7PYAn9njCHI.001,train/7PYAn9njCHI.001.mp4
7PYAn9njCHI.004,train/7PYAn9njCHI.004.mp4
7QeVs-mXmcI.003,train/7QeVs-mXmcI.003.mp4
7qGYGbIg45c.002,train/7qGYGbIg45c.002.mp4
7qGYGbIg45c.004,train/7qGYGbIg45c.004.mp4
7qGYGbIg45c.005,train/7qGYGbIg45c.005.mp4
7RQbn7LM10I.000,train/7RQbn7LM10I.000.mp4
7rZF73nDGEY.003,train/7rZF73nDGEY.003.mp4
7s3itKIXww0.002,train/7s3itKIXww0.002.mp4
7tlMys6MZ34.000,train/7tlMys6MZ34.000.mp4
7tlMys6MZ34.001,train/7tlMys6MZ34.001.mp4
7tlMys6MZ34.003,train/7tlMys6MZ34.003.mp4
7tlMys6MZ34.004,train/7tlMys6MZ34.004.mp4
7tlMys6MZ34.005,train/7tlMys6MZ34.005.mp4
7TvOygqwNuE.000,train/7TvOygqwNuE.000.mp4
7UQt8QB3cQY.001,train/7UQt8QB3cQY.001.mp4
7UQt8QB3cQY.002,train/7UQt8QB3cQY.002.mp4
7UQt8QB3cQY.003,train/7UQt8QB3cQY.003.mp4
7UQt8QB3cQY.004,train/7UQt8QB3cQY.004.mp4
7vF5WLD1RxY.003,train/7vF5WLD1RxY.003.mp4
7Wr-fwmpRfw.001,train/7Wr-fwmpRfw.001.mp4
7Wr-fwmpRfw.003,train/7Wr-fwmpRfw.003.mp4
7wsksuXYoMY.000,train/7wsksuXYoMY.000.mp4
7wsksuXYoMY.001,train/7wsksuXYoMY.001.mp4
7wsksuXYoMY.002,train/7wsksuXYoMY.002.mp4
7wsksuXYoMY.004,train/7wsksuXYoMY.004.mp4
7wsksuXYoMY.005,train/7wsksuXYoMY.005.mp4
7Y3S4nfQHeo.001,train/7Y3S4nfQHeo.001.mp4
7Y3S4nfQHeo.002,train/7Y3S4nfQHeo.002.mp4
7Y3S4nfQHeo.005,train/7Y3S4nfQHeo.005.mp4
7Y4cUPFEt-4.000,train/7Y4cUPFEt-4.000.mp4
7Y4cUPFEt-4.002,train/7Y4cUPFEt-4.002.mp4
7Y4cUPFEt-4.005,train/7Y4cUPFEt-4.005.mp4
7ZnijRlK5-E.002,train/7ZnijRlK5-E.002.mp4
7ZnijRlK5-E.003,train/7ZnijRlK5-E.003.mp4
8-OKP1nf19E.000,train/8-OKP1nf19E.000.mp4
8-OKP1nf19E.001,train/8-OKP1nf19E.001.mp4
8-OKP1nf19E.005,train/8-OKP1nf19E.005.mp4
81f9t2HMNas.001,train/81f9t2HMNas.001.mp4
81f9t2HMNas.002,train/81f9t2HMNas.002.mp4
81f9t2HMNas.003,train/81f9t2HMNas.003.mp4
81f9t2HMNas.004,train/81f9t2HMNas.004.mp4
81f9t2HMNas.005,train/81f9t2HMNas.005.mp4
836kYlEs9GI.001,train/836kYlEs9GI.001.mp4
836kYlEs9GI.002,train/836kYlEs9GI.002.mp4
836kYlEs9GI.003,train/836kYlEs9GI.003.mp4
83cmR2fkyy8.002,train/83cmR2fkyy8.002.mp4
83cmR2fkyy8.004,train/83cmR2fkyy8.004.mp4
83cmR2fkyy8.005,train/83cmR2fkyy8.005.mp4
84emxO86qa8.001,train/84emxO86qa8.001.mp4
84emxO86qa8.002,train/84emxO86qa8.002.mp4
84emxO86qa8.005,train/84emxO86qa8.005.mp4
84Lz5a9yRZg.001,train/84Lz5a9yRZg.001.mp4
84Lz5a9yRZg.002,train/84Lz5a9yRZg.002.mp4
84Lz5a9yRZg.004,train/84Lz5a9yRZg.004.mp4
853IG69l2SE.000,train/853IG69l2SE.000.mp4
853IG69l2SE.003,train/853IG69l2SE.003.mp4
86HyqfDcAJM.001,train/86HyqfDcAJM.001.mp4
86upzmhvpXw.001,train/86upzmhvpXw.001.mp4
86upzmhvpXw.002,train/86upzmhvpXw.002.mp4
86upzmhvpXw.005,train/86upzmhvpXw.005.mp4
87r3cLkrw4A.002,train/87r3cLkrw4A.002.mp4
8aLr0vNobr4.000,train/8aLr0vNobr4.000.mp4
8aLr0vNobr4.001,train/8aLr0vNobr4.001.mp4
8aLr0vNobr4.004,train/8aLr0vNobr4.004.mp4
8AnIttmflwI.002,train/8AnIttmflwI.002.mp4
8aPfoJiDeBY.004,train/8aPfoJiDeBY.004.mp4
8AyIkT2Dg14.003,train/8AyIkT2Dg14.003.mp4
8BE-2l-RBjA.000,train/8BE-2l-RBjA.000.mp4
8BE-2l-RBjA.003,train/8BE-2l-RBjA.003.mp4
8bn3HZY76xU.000,train/8bn3HZY76xU.000.mp4
8bn3HZY76xU.001,train/8bn3HZY76xU.001.mp4
8bn3HZY76xU.004,train/8bn3HZY76xU.004.mp4
8Bt-vEroq6M.003,train/8Bt-vEroq6M.003.mp4
8Bt-vEroq6M.004,train/8Bt-vEroq6M.004.mp4
8c4_VDh2r5s.001,train/8c4_VDh2r5s.001.mp4
8cIuBkFoh0s.000,train/8cIuBkFoh0s.000.mp4
8dVcA5J1Dcw.000,train/8dVcA5J1Dcw.000.mp4
8e4nnel_x-M.001,train/8e4nnel_x-M.001.mp4
8e4nnel_x-M.005,train/8e4nnel_x-M.005.mp4
8eeZjC_bmtc.001,train/8eeZjC_bmtc.001.mp4
8eeZjC_bmtc.005,train/8eeZjC_bmtc.005.mp4
8g5jPiQ6XdA.001,train/8g5jPiQ6XdA.001.mp4
8g5jPiQ6XdA.003,train/8g5jPiQ6XdA.003.mp4
8g5jPiQ6XdA.004,train/8g5jPiQ6XdA.004.mp4
8GFElKeREfQ.000,train/8GFElKeREfQ.000.mp4
8GFElKeREfQ.005,train/8GFElKeREfQ.005.mp4
8gvBbE6iZNo.001,train/8gvBbE6iZNo.001.mp4
8gvBbE6iZNo.003,train/8gvBbE6iZNo.003.mp4
8gvBbE6iZNo.005,train/8gvBbE6iZNo.005.mp4
8hfhLOXpCNM.002,train/8hfhLOXpCNM.002.mp4
8hfhLOXpCNM.005,train/8hfhLOXpCNM.005.mp4
8hGOOynn3ZU.003,train/8hGOOynn3ZU.003.mp4
8hGOOynn3ZU.005,train/8hGOOynn3ZU.005.mp4
8HqEniErmmE.000,train/8HqEniErmmE.000.mp4
8hW6WfYBP18.001,train/8hW6WfYBP18.001.mp4
8hW6WfYBP18.005,train/8hW6WfYBP18.005.mp4
8i7H-uSCQcc.001,train/8i7H-uSCQcc.001.mp4
8i7H-uSCQcc.004,train/8i7H-uSCQcc.004.mp4
8KyS0FKbKfI.002,train/8KyS0FKbKfI.002.mp4
8lg8A_zFOmg.000,train/8lg8A_zFOmg.000.mp4
8mZZlnbmOYE.000,train/8mZZlnbmOYE.000.mp4
8mZZlnbmOYE.001,train/8mZZlnbmOYE.001.mp4
8mZZlnbmOYE.003,train/8mZZlnbmOYE.003.mp4
8mZZlnbmOYE.004,train/8mZZlnbmOYE.004.mp4
8n6G3V3-Tk8.002,train/8n6G3V3-Tk8.002.mp4
8n6G3V3-Tk8.005,train/8n6G3V3-Tk8.005.mp4
8narByy2B5g.000,train/8narByy2B5g.000.mp4
8narByy2B5g.001,train/8narByy2B5g.001.mp4
8narByy2B5g.004,train/8narByy2B5g.004.mp4
8OGiv7FetSQ.000,train/8OGiv7FetSQ.000.mp4
8OGiv7FetSQ.001,train/8OGiv7FetSQ.001.mp4
8OGiv7FetSQ.002,train/8OGiv7FetSQ.002.mp4
8OGiv7FetSQ.004,train/8OGiv7FetSQ.004.mp4
8pM3X-xsD4s.001,train/8pM3X-xsD4s.001.mp4
8PXQ_5tUv74.000,train/8PXQ_5tUv74.000.mp4
8PXQ_5tUv74.001,train/8PXQ_5tUv74.001.mp4
8PXQ_5tUv74.004,train/8PXQ_5tUv74.004.mp4
8PXQ_5tUv74.005,train/8PXQ_5tUv74.005.mp4
8py6SksNsZQ.001,train/8py6SksNsZQ.001.mp4
8py6SksNsZQ.002,train/8py6SksNsZQ.002.mp4
8py6SksNsZQ.003,train/8py6SksNsZQ.003.mp4
8py6SksNsZQ.005,train/8py6SksNsZQ.005.mp4
8qDKGnABATw.001,train/8qDKGnABATw.001.mp4
8qesctueAV0.000,train/8qesctueAV0.000.mp4
8qG1sMihtPA.000,train/8qG1sMihtPA.000.mp4
8qG1sMihtPA.003,train/8qG1sMihtPA.003.mp4
8qG1sMihtPA.004,train/8qG1sMihtPA.004.mp4
8QtlG5ujHyc.001,train/8QtlG5ujHyc.001.mp4
8RObWRnyuG0.001,train/8RObWRnyuG0.001.mp4
8RVJqjILSD0.000,train/8RVJqjILSD0.000.mp4
8RVJqjILSD0.001,train/8RVJqjILSD0.001.mp4
8RVJqjILSD0.003,train/8RVJqjILSD0.003.mp4
8toLcoDcGOY.001,train/8toLcoDcGOY.001.mp4
8toLcoDcGOY.003,train/8toLcoDcGOY.003.mp4
8waTw8jF1Ys.000,train/8waTw8jF1Ys.000.mp4
8XBprf4NyOg.001,train/8XBprf4NyOg.001.mp4
8XBprf4NyOg.002,train/8XBprf4NyOg.002.mp4
8XBprf4NyOg.004,train/8XBprf4NyOg.004.mp4
8XBprf4NyOg.005,train/8XBprf4NyOg.005.mp4
8xHdW7Zx_OY.000,train/8xHdW7Zx_OY.000.mp4
8xHdW7Zx_OY.001,train/8xHdW7Zx_OY.001.mp4
8XJCdulCPkM.003,train/8XJCdulCPkM.003.mp4
8XJCdulCPkM.004,train/8XJCdulCPkM.004.mp4
8XJCdulCPkM.005,train/8XJCdulCPkM.005.mp4
8yFYvQ_kxW8.000,train/8yFYvQ_kxW8.000.mp4
8yFYvQ_kxW8.001,train/8yFYvQ_kxW8.001.mp4
8yFYvQ_kxW8.003,train/8yFYvQ_kxW8.003.mp4
8yFYvQ_kxW8.005,train/8yFYvQ_kxW8.005.mp4
8Yo-27O0P38.003,train/8Yo-27O0P38.003.mp4
8YQKwMdiaAE.001,train/8YQKwMdiaAE.001.mp4
8YQKwMdiaAE.002,train/8YQKwMdiaAE.002.mp4
8z-WF2UNRb8.002,train/8z-WF2UNRb8.002.mp4
8Z6PrQdqffA.001,train/8Z6PrQdqffA.001.mp4
8Z6PrQdqffA.002,train/8Z6PrQdqffA.002.mp4
8Z6PrQdqffA.004,train/8Z6PrQdqffA.004.mp4
8Z6PrQdqffA.005,train/8Z6PrQdqffA.005.mp4
8ZHpqRJ39HA.002,train/8ZHpqRJ39HA.002.mp4
8ZHpqRJ39HA.003,train/8ZHpqRJ39HA.003.mp4
8ZHpqRJ39HA.004,train/8ZHpqRJ39HA.004.mp4
8ZHpqRJ39HA.005,train/8ZHpqRJ39HA.005.mp4
9-lptN92A68.005,train/9-lptN92A68.005.mp4
90p68AEmNMA.000,train/90p68AEmNMA.000.mp4
90p68AEmNMA.001,train/90p68AEmNMA.001.mp4
93XyRBd_HqU.002,train/93XyRBd_HqU.002.mp4
98fnGDVky00.000,train/98fnGDVky00.000.mp4
98fnGDVky00.001,train/98fnGDVky00.001.mp4
98fnGDVky00.002,train/98fnGDVky00.002.mp4
98fnGDVky00.003,train/98fnGDVky00.003.mp4
98fnGDVky00.004,train/98fnGDVky00.004.mp4
98fnGDVky00.005,train/98fnGDVky00.005.mp4
99OBSlFjLXI.000,train/99OBSlFjLXI.000.mp4
99OBSlFjLXI.002,train/99OBSlFjLXI.002.mp4
9_6auSk_wkY.000,train/9_6auSk_wkY.000.mp4
9_6auSk_wkY.004,train/9_6auSk_wkY.004.mp4
9_6auSk_wkY.005,train/9_6auSk_wkY.005.mp4
9a-3LrB7cDI.000,train/9a-3LrB7cDI.000.mp4
9a-3LrB7cDI.003,train/9a-3LrB7cDI.003.mp4
9a-3LrB7cDI.004,train/9a-3LrB7cDI.004.mp4
9a-3LrB7cDI.005,train/9a-3LrB7cDI.005.mp4
9AsxY-x-TjM.000,train/9AsxY-x-TjM.000.mp4
9AsxY-x-TjM.002,train/9AsxY-x-TjM.002.mp4
9AsxY-x-TjM.004,train/9AsxY-x-TjM.004.mp4
9c66Lb7e1BQ.002,train/9c66Lb7e1BQ.002.mp4
9c66Lb7e1BQ.003,train/9c66Lb7e1BQ.003.mp4
9cHxDnk6SUs.000,train/9cHxDnk6SUs.000.mp4
9cHxDnk6SUs.001,train/9cHxDnk6SUs.001.mp4
9cHxDnk6SUs.002,train/9cHxDnk6SUs.002.mp4
9cHxDnk6SUs.005,train/9cHxDnk6SUs.005.mp4
9cj8rrj1wSk.000,train/9cj8rrj1wSk.000.mp4
9cj8rrj1wSk.004,train/9cj8rrj1wSk.004.mp4
9cj8rrj1wSk.005,train/9cj8rrj1wSk.005.mp4
9CPKW0sqR3E.000,train/9CPKW0sqR3E.000.mp4
9CPKW0sqR3E.001,train/9CPKW0sqR3E.001.mp4
9CPKW0sqR3E.002,train/9CPKW0sqR3E.002.mp4
9CPKW0sqR3E.003,train/9CPKW0sqR3E.003.mp4
9CPKW0sqR3E.005,train/9CPKW0sqR3E.005.mp4
9Crw2RtrBcY.000,train/9Crw2RtrBcY.000.mp4
9Crw2RtrBcY.001,train/9Crw2RtrBcY.001.mp4
9Crw2RtrBcY.002,train/9Crw2RtrBcY.002.mp4
9Crw2RtrBcY.003,train/9Crw2RtrBcY.003.mp4
9Crw2RtrBcY.004,train/9Crw2RtrBcY.004.mp4
9cWmvIfAAn0.000,train/9cWmvIfAAn0.000.mp4
9DF_-PXbpkg.001,train/9DF_-PXbpkg.001.mp4
9DF_-PXbpkg.002,train/9DF_-PXbpkg.002.mp4
9DF_-PXbpkg.003,train/9DF_-PXbpkg.003.mp4
9eNHxfOV2Kg.002,train/9eNHxfOV2Kg.002.mp4
9eNHxfOV2Kg.004,train/9eNHxfOV2Kg.004.mp4
9FN1KxoTMtQ.000,train/9FN1KxoTMtQ.000.mp4
9hMSThogdKo.001,train/9hMSThogdKo.001.mp4
9hqH1PJ6cG8.001,train/9hqH1PJ6cG8.001.mp4
9J-KIPMQmqk.004,train/9J-KIPMQmqk.004.mp4
9J-KIPMQmqk.005,train/9J-KIPMQmqk.005.mp4
9KAqOrdiZ4I.001,train/9KAqOrdiZ4I.001.mp4
9KAqOrdiZ4I.002,train/9KAqOrdiZ4I.002.mp4
9kEyN8a76j4.004,train/9kEyN8a76j4.004.mp4
9kEyN8a76j4.005,train/9kEyN8a76j4.005.mp4
9Lbj3wpwk-c.000,train/9Lbj3wpwk-c.000.mp4
9Lbj3wpwk-c.001,train/9Lbj3wpwk-c.001.mp4
9Lbj3wpwk-c.003,train/9Lbj3wpwk-c.003.mp4
9Lbj3wpwk-c.004,train/9Lbj3wpwk-c.004.mp4
9mAw0B-mEPQ.001,train/9mAw0B-mEPQ.001.mp4
9mAw0B-mEPQ.005,train/9mAw0B-mEPQ.005.mp4
9mM_0vrO3wc.003,train/9mM_0vrO3wc.003.mp4
9n8dNi-ERQ0.003,train/9n8dNi-ERQ0.003.mp4
9n8dNi-ERQ0.004,train/9n8dNi-ERQ0.004.mp4
9ND95tPlYt4.000,train/9ND95tPlYt4.000.mp4
9o10YrQykMk.000,train/9o10YrQykMk.000.mp4
9o10YrQykMk.002,train/9o10YrQykMk.002.mp4
9o10YrQykMk.003,train/9o10YrQykMk.003.mp4
9pGJyf1MXLY.000,train/9pGJyf1MXLY.000.mp4
9pGJyf1MXLY.002,train/9pGJyf1MXLY.002.mp4
9pGJyf1MXLY.005,train/9pGJyf1MXLY.005.mp4
9QGTbcqb2tM.001,train/9QGTbcqb2tM.001.mp4
9QGTbcqb2tM.002,train/9QGTbcqb2tM.002.mp4
9QGTbcqb2tM.003,train/9QGTbcqb2tM.003.mp4
9QOFKbaPX3M.000,train/9QOFKbaPX3M.000.mp4
9QOFKbaPX3M.001,train/9QOFKbaPX3M.001.mp4
9QOFKbaPX3M.002,train/9QOFKbaPX3M.002.mp4
9rF3BEXetOo.000,train/9rF3BEXetOo.000.mp4
9RfE2-aTvaM.000,train/9RfE2-aTvaM.000.mp4
9RfE2-aTvaM.001,train/9RfE2-aTvaM.001.mp4
9RfE2-aTvaM.003,train/9RfE2-aTvaM.003.mp4
9sfpnlBRCl0.000,train/9sfpnlBRCl0.000.mp4
9SGTRbePKLI.004,train/9SGTRbePKLI.004.mp4
9UEBU_yiTPs.001,train/9UEBU_yiTPs.001.mp4
9UEBU_yiTPs.002,train/9UEBU_yiTPs.002.mp4
9uMpKla2OQM.001,train/9uMpKla2OQM.001.mp4
9UUtf0_ZR14.001,train/9UUtf0_ZR14.001.mp4
9UWCHrG5mys.001,train/9UWCHrG5mys.001.mp4
9UWCHrG5mys.004,train/9UWCHrG5mys.004.mp4
9xJ0rFCU-OM.004,train/9xJ0rFCU-OM.004.mp4
9xJ0rFCU-OM.005,train/9xJ0rFCU-OM.005.mp4
9XqeGs2MMic.000,train/9XqeGs2MMic.000.mp4
9XvDnTa0Z1M.003,train/9XvDnTa0Z1M.003.mp4
9ydyJKZBWiA.000,train/9ydyJKZBWiA.000.mp4
9ydyJKZBWiA.001,train/9ydyJKZBWiA.001.mp4
9ydyJKZBWiA.002,train/9ydyJKZBWiA.002.mp4
9ydyJKZBWiA.003,train/9ydyJKZBWiA.003.mp4
9ydyJKZBWiA.005,train/9ydyJKZBWiA.005.mp4
9yZEb6bdxNY.000,train/9yZEb6bdxNY.000.mp4
9yZEb6bdxNY.004,train/9yZEb6bdxNY.004.mp4
9z5cV1ANYwE.002,train/9z5cV1ANYwE.002.mp4
9ZMIYSBYIh8.000,train/9ZMIYSBYIh8.000.mp4
9ZMIYSBYIh8.003,train/9ZMIYSBYIh8.003.mp4
_01AyUz9J9I.002,train/_01AyUz9J9I.002.mp4
_01AyUz9J9I.005,train/_01AyUz9J9I.005.mp4
_0bg1TLPP-I.004,train/_0bg1TLPP-I.004.mp4
_0bg1TLPP-I.005,train/_0bg1TLPP-I.005.mp4
_2DSmy36OEM.001,train/_2DSmy36OEM.001.mp4
_7hGh6VU4IU.000,train/_7hGh6VU4IU.000.mp4
_7hGh6VU4IU.003,train/_7hGh6VU4IU.003.mp4
_7hGh6VU4IU.004,train/_7hGh6VU4IU.004.mp4
_7hGh6VU4IU.005,train/_7hGh6VU4IU.005.mp4
_7s27dUoYVg.000,train/_7s27dUoYVg.000.mp4
_7s27dUoYVg.003,train/_7s27dUoYVg.003.mp4
_bOOlidEWgY.001,train/_bOOlidEWgY.001.mp4
_fFmEyvWgfA.004,train/_fFmEyvWgfA.004.mp4
_fJcW5234bY.000,train/_fJcW5234bY.000.mp4
_fJcW5234bY.002,train/_fJcW5234bY.002.mp4
_fJcW5234bY.004,train/_fJcW5234bY.004.mp4
_G3kw9HwCqY.000,train/_G3kw9HwCqY.000.mp4
_G3kw9HwCqY.002,train/_G3kw9HwCqY.002.mp4
_G3kw9HwCqY.004,train/_G3kw9HwCqY.004.mp4
_G3kw9HwCqY.005,train/_G3kw9HwCqY.005.mp4
_g3M_MoFIvA.001,train/_g3M_MoFIvA.001.mp4
_g3M_MoFIvA.004,train/_g3M_MoFIvA.004.mp4
_g3M_MoFIvA.005,train/_g3M_MoFIvA.005.mp4
_GFregyrwfo.002,train/_GFregyrwfo.002.mp4
_GFregyrwfo.004,train/_GFregyrwfo.004.mp4
_GFregyrwfo.005,train/_GFregyrwfo.005.mp4
_hmiW83i0GY.000,train/_hmiW83i0GY.000.mp4
_hR9AD-eIy8.000,train/_hR9AD-eIy8.000.mp4
_hR9AD-eIy8.005,train/_hR9AD-eIy8.005.mp4
_IS6GFmQYj4.000,train/_IS6GFmQYj4.000.mp4
_IS6GFmQYj4.002,train/_IS6GFmQYj4.002.mp4
_IS6GFmQYj4.003,train/_IS6GFmQYj4.003.mp4
_IS6GFmQYj4.004,train/_IS6GFmQYj4.004.mp4
_kK9tGN883Y.000,train/_kK9tGN883Y.000.mp4
_kK9tGN883Y.004,train/_kK9tGN883Y.004.mp4
_LWrd9t4oZw.003,train/_LWrd9t4oZw.003.mp4
_mtiuHyOFXg.001,train/_mtiuHyOFXg.001.mp4
_mtiuHyOFXg.003,train/_mtiuHyOFXg.003.mp4
_mtiuHyOFXg.005,train/_mtiuHyOFXg.005.mp4
_plk5k7PBEg.001,train/_plk5k7PBEg.001.mp4
_Py_lytyY5A.005,train/_Py_lytyY5A.005.mp4
_Q4wOgixh7E.000,train/_Q4wOgixh7E.000.mp4
_QXI4n_FRN4.005,train/_QXI4n_FRN4.005.mp4
_RAGzfJnpUE.001,train/_RAGzfJnpUE.001.mp4
_RAGzfJnpUE.003,train/_RAGzfJnpUE.003.mp4
_S_bWJwqsmM.004,train/_S_bWJwqsmM.004.mp4
_S_bWJwqsmM.005,train/_S_bWJwqsmM.005.mp4
_tOtBfJlWFs.000,train/_tOtBfJlWFs.000.mp4
_UnoRkHkYB8.003,train/_UnoRkHkYB8.003.mp4
_uNup91ZYw0.001,train/_uNup91ZYw0.001.mp4
_uNup91ZYw0.002,train/_uNup91ZYw0.002.mp4
_VsE38xSmdM.001,train/_VsE38xSmdM.001.mp4
_X6_C_Oy9VA.000,train/_X6_C_Oy9VA.000.mp4
_X6_C_Oy9VA.001,train/_X6_C_Oy9VA.001.mp4
_X6_C_Oy9VA.003,train/_X6_C_Oy9VA.003.mp4
_X6_C_Oy9VA.004,train/_X6_C_Oy9VA.004.mp4
_X6_C_Oy9VA.005,train/_X6_C_Oy9VA.005.mp4
_YYBXI2mXv4.000,train/_YYBXI2mXv4.000.mp4
_ZAqTHlu2ts.001,train/_ZAqTHlu2ts.001.mp4
_ZAqTHlu2ts.004,train/_ZAqTHlu2ts.004.mp4
_ZAqTHlu2ts.005,train/_ZAqTHlu2ts.005.mp4
_zI6qgTJOSA.005,train/_zI6qgTJOSA.005.mp4
_ZjEr8ybbFM.000,train/_ZjEr8ybbFM.000.mp4
_zs9K5Gtkwo.002,train/_zs9K5Gtkwo.002.mp4
_zs9K5Gtkwo.003,train/_zs9K5Gtkwo.003.mp4
_ztmNiy8D3c.000,train/_ztmNiy8D3c.000.mp4
_ztmNiy8D3c.001,train/_ztmNiy8D3c.001.mp4
_ztmNiy8D3c.003,train/_ztmNiy8D3c.003.mp4
a-nUsP7oETI.000,train/a-nUsP7oETI.000.mp4
a-nUsP7oETI.005,train/a-nUsP7oETI.005.mp4
A0braVJH3Pw.000,train/A0braVJH3Pw.000.mp4
A0braVJH3Pw.001,train/A0braVJH3Pw.001.mp4
A0braVJH3Pw.002,train/A0braVJH3Pw.002.mp4
A0braVJH3Pw.003,train/A0braVJH3Pw.003.mp4
A0braVJH3Pw.004,train/A0braVJH3Pw.004.mp4
A1lbD_OCuj4.000,train/A1lbD_OCuj4.000.mp4
A1lbD_OCuj4.003,train/A1lbD_OCuj4.003.mp4
A1lbD_OCuj4.005,train/A1lbD_OCuj4.005.mp4
a38rz5AIslE.001,train/a38rz5AIslE.001.mp4
a38rz5AIslE.003,train/a38rz5AIslE.003.mp4
A3StIKMjn4k.001,train/A3StIKMjn4k.001.mp4
A3StIKMjn4k.002,train/A3StIKMjn4k.002.mp4
A3StIKMjn4k.004,train/A3StIKMjn4k.004.mp4
A3StIKMjn4k.005,train/A3StIKMjn4k.005.mp4
a4bCX4P_5KI.000,train/a4bCX4P_5KI.000.mp4
A4zSLp-1gps.000,train/A4zSLp-1gps.000.mp4
A4zSLp-1gps.002,train/A4zSLp-1gps.002.mp4
A4zSLp-1gps.005,train/A4zSLp-1gps.005.mp4
a5-PJqy9QmU.001,train/a5-PJqy9QmU.001.mp4
a5-PJqy9QmU.002,train/a5-PJqy9QmU.002.mp4
a5NTqK367wo.000,train/a5NTqK367wo.000.mp4
a5tVPpLsaGc.002,train/a5tVPpLsaGc.002.mp4
a5tVPpLsaGc.003,train/a5tVPpLsaGc.003.mp4
A6ZWTfKPLPE.001,train/A6ZWTfKPLPE.001.mp4
A6ZWTfKPLPE.002,train/A6ZWTfKPLPE.002.mp4
A6ZWTfKPLPE.003,train/A6ZWTfKPLPE.003.mp4
A6ZWTfKPLPE.004,train/A6ZWTfKPLPE.004.mp4
A6ZWTfKPLPE.005,train/A6ZWTfKPLPE.005.mp4
A7exx3pEPkE.000,train/A7exx3pEPkE.000.mp4
A7exx3pEPkE.003,train/A7exx3pEPkE.003.mp4
A7exx3pEPkE.005,train/A7exx3pEPkE.005.mp4
A7qb47cmxJo.000,train/A7qb47cmxJo.000.mp4
A7qb47cmxJo.005,train/A7qb47cmxJo.005.mp4
a84s1DYag-I.001,train/a84s1DYag-I.001.mp4
a84s1DYag-I.004,train/a84s1DYag-I.004.mp4
a97PXgrKSxo.000,train/a97PXgrKSxo.000.mp4
a97PXgrKSxo.003,train/a97PXgrKSxo.003.mp4
a97PXgrKSxo.005,train/a97PXgrKSxo.005.mp4
aaDlp62qn60.002,train/aaDlp62qn60.002.mp4
ABWFQuPG1LA.000,train/ABWFQuPG1LA.000.mp4
ABWFQuPG1LA.002,train/ABWFQuPG1LA.002.mp4
ABWFQuPG1LA.003,train/ABWFQuPG1LA.003.mp4
ABWFQuPG1LA.004,train/ABWFQuPG1LA.004.mp4
ABWFQuPG1LA.005,train/ABWFQuPG1LA.005.mp4
ADa9rkwF2uA.000,train/ADa9rkwF2uA.000.mp4
ADa9rkwF2uA.001,train/ADa9rkwF2uA.001.mp4
ADa9rkwF2uA.002,train/ADa9rkwF2uA.002.mp4
ADa9rkwF2uA.003,train/ADa9rkwF2uA.003.mp4
AEqpMdMeMZA.002,train/AEqpMdMeMZA.002.mp4
Af_F0IzHK6o.000,train/Af_F0IzHK6o.000.mp4
Af_F0IzHK6o.004,train/Af_F0IzHK6o.004.mp4
AFQz-qy0FkY.001,train/AFQz-qy0FkY.001.mp4
AFtQfwBA_gI.000,train/AFtQfwBA_gI.000.mp4
aFVFvJNnFt0.000,train/aFVFvJNnFt0.000.mp4
aFVFvJNnFt0.001,train/aFVFvJNnFt0.001.mp4
aFVFvJNnFt0.003,train/aFVFvJNnFt0.003.mp4
aFVFvJNnFt0.004,train/aFVFvJNnFt0.004.mp4
aFVFvJNnFt0.005,train/aFVFvJNnFt0.005.mp4
AFvUxDwJB84.000,train/AFvUxDwJB84.000.mp4
AFvUxDwJB84.001,train/AFvUxDwJB84.001.mp4
AFvUxDwJB84.002,train/AFvUxDwJB84.002.mp4
AFvUxDwJB84.003,train/AFvUxDwJB84.003.mp4
Agg7z10B_iY.000,train/Agg7z10B_iY.000.mp4
Agg7z10B_iY.001,train/Agg7z10B_iY.001.mp4
Agg7z10B_iY.002,train/Agg7z10B_iY.002.mp4
AGYoSGlq-ck.002,train/AGYoSGlq-ck.002.mp4
AheKnXrL0Wk.002,train/AheKnXrL0Wk.002.mp4
Ahiq4zhmYco.002,train/Ahiq4zhmYco.002.mp4
ahqyOhg6D7c.003,train/ahqyOhg6D7c.003.mp4
ai-RZb0ZpKI.002,train/ai-RZb0ZpKI.002.mp4
ai-RZb0ZpKI.003,train/ai-RZb0ZpKI.003.mp4
aIh8DTa3RVg.001,train/aIh8DTa3RVg.001.mp4
AjCI_w9Szks.005,train/AjCI_w9Szks.005.mp4
AJIphVRpYrg.002,train/AJIphVRpYrg.002.mp4
AJIphVRpYrg.003,train/AJIphVRpYrg.003.mp4
AJIphVRpYrg.004,train/AJIphVRpYrg.004.mp4
AJIphVRpYrg.005,train/AJIphVRpYrg.005.mp4
aJjAtOC8AQU.005,train/aJjAtOC8AQU.005.mp4
aKLadP_Wev8.000,train/aKLadP_Wev8.000.mp4
aKLadP_Wev8.001,train/aKLadP_Wev8.001.mp4
aLAqJkRWKuk.000,train/aLAqJkRWKuk.000.mp4
aLAqJkRWKuk.002,train/aLAqJkRWKuk.002.mp4
AlEqtGWa43g.000,train/AlEqtGWa43g.000.mp4
AlEqtGWa43g.005,train/AlEqtGWa43g.005.mp4
Alox0G4xUfM.000,train/Alox0G4xUfM.000.mp4
alucqviYJFE.001,train/alucqviYJFE.001.mp4
alucqviYJFE.002,train/alucqviYJFE.002.mp4
alucqviYJFE.003,train/alucqviYJFE.003.mp4
alucqviYJFE.004,train/alucqviYJFE.004.mp4
aLvpOYqzErk.000,train/aLvpOYqzErk.000.mp4
aMmEPRJGocM.000,train/aMmEPRJGocM.000.mp4
aMmEPRJGocM.004,train/aMmEPRJGocM.004.mp4
aMPe0uSKqF4.001,train/aMPe0uSKqF4.001.mp4
aMPe0uSKqF4.002,train/aMPe0uSKqF4.002.mp4
aMPe0uSKqF4.003,train/aMPe0uSKqF4.003.mp4
aMPe0uSKqF4.004,train/aMPe0uSKqF4.004.mp4
aMPe0uSKqF4.005,train/aMPe0uSKqF4.005.mp4
ana5C73n9bY.000,train/ana5C73n9bY.000.mp4
ana5C73n9bY.001,train/ana5C73n9bY.001.mp4
ana5C73n9bY.002,train/ana5C73n9bY.002.mp4
ana5C73n9bY.003,train/ana5C73n9bY.003.mp4
ana5C73n9bY.004,train/ana5C73n9bY.004.mp4
ana5C73n9bY.005,train/ana5C73n9bY.005.mp4
AobPtpyKat8.001,train/AobPtpyKat8.001.mp4
aoRjg63uRww.003,train/aoRjg63uRww.003.mp4
aoRjg63uRww.004,train/aoRjg63uRww.004.mp4
AotbiNsU85A.000,train/AotbiNsU85A.000.mp4
AotbiNsU85A.001,train/AotbiNsU85A.001.mp4
AotbiNsU85A.002,train/AotbiNsU85A.002.mp4
AP0aklGHino.000,train/AP0aklGHino.000.mp4
AP0aklGHino.003,train/AP0aklGHino.003.mp4
AP0aklGHino.005,train/AP0aklGHino.005.mp4
Ap2KC1yKDdA.002,train/Ap2KC1yKDdA.002.mp4
ApPnsnIZozw.004,train/ApPnsnIZozw.004.mp4
ApPnsnIZozw.005,train/ApPnsnIZozw.005.mp4
APqMkruLkoE.004,train/APqMkruLkoE.004.mp4
aptKaxP81xA.000,train/aptKaxP81xA.000.mp4
aptKaxP81xA.002,train/aptKaxP81xA.002.mp4
aptKaxP81xA.004,train/aptKaxP81xA.004.mp4
aPTNxA43WHY.000,train/aPTNxA43WHY.000.mp4
aPTNxA43WHY.002,train/aPTNxA43WHY.002.mp4
aqA6oI5L1RQ.005,train/aqA6oI5L1RQ.005.mp4
aqd4_4ga1fQ.000,train/aqd4_4ga1fQ.000.mp4
aqd4_4ga1fQ.001,train/aqd4_4ga1fQ.001.mp4
aqd4_4ga1fQ.003,train/aqd4_4ga1fQ.003.mp4
aqd4_4ga1fQ.004,train/aqd4_4ga1fQ.004.mp4
aqK-wcGILjw.000,train/aqK-wcGILjw.000.mp4
aQVGVhcMBtE.004,train/aQVGVhcMBtE.004.mp4
AQz6_ZpzGIE.003,train/AQz6_ZpzGIE.003.mp4
AR3UwbmgKuQ.001,train/AR3UwbmgKuQ.001.mp4
AR3UwbmgKuQ.003,train/AR3UwbmgKuQ.003.mp4
AR3UwbmgKuQ.004,train/AR3UwbmgKuQ.004.mp4
AR3UwbmgKuQ.005,train/AR3UwbmgKuQ.005.mp4
ArMkA9R1QxY.000,train/ArMkA9R1QxY.000.mp4
ArMkA9R1QxY.002,train/ArMkA9R1QxY.002.mp4
Arsrkqma4i4.000,train/Arsrkqma4i4.000.mp4
Arsrkqma4i4.001,train/Arsrkqma4i4.001.mp4
AS8snUf9eX0.000,train/AS8snUf9eX0.000.mp4
AS8snUf9eX0.001,train/AS8snUf9eX0.001.mp4
AS8snUf9eX0.002,train/AS8snUf9eX0.002.mp4
AS8snUf9eX0.003,train/AS8snUf9eX0.003.mp4
As93GgkTdt4.001,train/As93GgkTdt4.001.mp4
As93GgkTdt4.003,train/As93GgkTdt4.003.mp4
As93GgkTdt4.004,train/As93GgkTdt4.004.mp4
ASDpn9yOYAo.002,train/ASDpn9yOYAo.002.mp4
ask-ZFRztf8.001,train/ask-ZFRztf8.001.mp4
ask-ZFRztf8.002,train/ask-ZFRztf8.002.mp4
ask-ZFRztf8.005,train/ask-ZFRztf8.005.mp4
atdhaGEh_0c.000,train/atdhaGEh_0c.000.mp4
atH8mnvu-sE.005,train/atH8mnvu-sE.005.mp4
AuaQ0rtedRk.001,train/AuaQ0rtedRk.001.mp4
auhe41Tf50M.003,train/auhe41Tf50M.003.mp4
AV7aKrAs-kM.005,train/AV7aKrAs-kM.005.mp4
AVLEr0sYFhs.000,train/AVLEr0sYFhs.000.mp4
AvuGsnkWjt8.001,train/AvuGsnkWjt8.001.mp4
AvuGsnkWjt8.002,train/AvuGsnkWjt8.002.mp4
AvuWv3LLmrA.003,train/AvuWv3LLmrA.003.mp4
AvuWv3LLmrA.005,train/AvuWv3LLmrA.005.mp4
AWe6ZZUmlZw.000,train/AWe6ZZUmlZw.000.mp4
AWe6ZZUmlZw.004,train/AWe6ZZUmlZw.004.mp4
AWe6ZZUmlZw.005,train/AWe6ZZUmlZw.005.mp4
AwNVGShHjvw.000,train/AwNVGShHjvw.000.mp4
AwNVGShHjvw.001,train/AwNVGShHjvw.001.mp4
AwNVGShHjvw.002,train/AwNVGShHjvw.002.mp4
AwNVGShHjvw.004,train/AwNVGShHjvw.004.mp4
AWyKLALCUyM.000,train/AWyKLALCUyM.000.mp4
AWZLchLstio.003,train/AWZLchLstio.003.mp4
ax1Fck6zMzk.003,train/ax1Fck6zMzk.003.mp4
ax8wm9K41og.000,train/ax8wm9K41og.000.mp4
ay4cdKr1I0o.000,train/ay4cdKr1I0o.000.mp4
ay4cdKr1I0o.001,train/ay4cdKr1I0o.001.mp4
Ay7bZ7Sgx9Q.001,train/Ay7bZ7Sgx9Q.001.mp4
Ay7bZ7Sgx9Q.003,train/Ay7bZ7Sgx9Q.003.mp4
Ay7bZ7Sgx9Q.004,train/Ay7bZ7Sgx9Q.004.mp4
AZ2HyBOmliQ.005,train/AZ2HyBOmliQ.005.mp4
AZj2VoCcayA.000,train/AZj2VoCcayA.000.mp4
AZj2VoCcayA.001,train/AZj2VoCcayA.001.mp4
AZj2VoCcayA.005,train/AZj2VoCcayA.005.mp4
B-OJ_xZILLg.001,train/B-OJ_xZILLg.001.mp4
B-OJ_xZILLg.003,train/B-OJ_xZILLg.003.mp4
b-qfeGqPd04.000,train/b-qfeGqPd04.000.mp4
b-qfeGqPd04.001,train/b-qfeGqPd04.001.mp4
b-qfeGqPd04.005,train/b-qfeGqPd04.005.mp4
B1efbNxLPe8.005,train/B1efbNxLPe8.005.mp4
b26ZykbKSzY.005,train/b26ZykbKSzY.005.mp4
B2q0gbLVeck.000,train/B2q0gbLVeck.000.mp4
b2Y41GrCrPs.000,train/b2Y41GrCrPs.000.mp4
b2Y41GrCrPs.001,train/b2Y41GrCrPs.001.mp4
b2Y41GrCrPs.003,train/b2Y41GrCrPs.003.mp4
b39BQbVhOAg.001,train/b39BQbVhOAg.001.mp4
b39BQbVhOAg.002,train/b39BQbVhOAg.002.mp4
b39BQbVhOAg.003,train/b39BQbVhOAg.003.mp4
b39BQbVhOAg.004,train/b39BQbVhOAg.004.mp4
b39BQbVhOAg.005,train/b39BQbVhOAg.005.mp4
B3VQeeev0r0.001,train/B3VQeeev0r0.001.mp4
B3VQeeev0r0.002,train/B3VQeeev0r0.002.mp4
B3zFJhrmqwg.001,train/B3zFJhrmqwg.001.mp4
B3zFJhrmqwg.002,train/B3zFJhrmqwg.002.mp4
B4ducm9sydg.000,train/B4ducm9sydg.000.mp4
B4ducm9sydg.001,train/B4ducm9sydg.001.mp4
B4ducm9sydg.002,train/B4ducm9sydg.002.mp4
B4ducm9sydg.003,train/B4ducm9sydg.003.mp4
B4ducm9sydg.005,train/B4ducm9sydg.005.mp4
b69IYs1G1zc.000,train/b69IYs1G1zc.000.mp4
b69IYs1G1zc.002,train/b69IYs1G1zc.002.mp4
b69IYs1G1zc.003,train/b69IYs1G1zc.003.mp4
b6eoqD1J_qU.002,train/b6eoqD1J_qU.002.mp4
b6eoqD1J_qU.003,train/b6eoqD1J_qU.003.mp4
b6eoqD1J_qU.004,train/b6eoqD1J_qU.004.mp4
b6eoqD1J_qU.005,train/b6eoqD1J_qU.005.mp4
B77ZCcCMrkM.004,train/B77ZCcCMrkM.004.mp4
B77ZCcCMrkM.005,train/B77ZCcCMrkM.005.mp4
b8GPFr11adA.001,train/b8GPFr11adA.001.mp4
b8GPFr11adA.002,train/b8GPFr11adA.002.mp4
b8GPFr11adA.004,train/b8GPFr11adA.004.mp4
b8GPFr11adA.005,train/b8GPFr11adA.005.mp4
B8kzwm6ZaUo.000,train/B8kzwm6ZaUo.000.mp4
B8kzwm6ZaUo.001,train/B8kzwm6ZaUo.001.mp4
B8kzwm6ZaUo.002,train/B8kzwm6ZaUo.002.mp4
B9NSU6gQdRw.005,train/B9NSU6gQdRw.005.mp4
BA5qWO9eU2Y.000,train/BA5qWO9eU2Y.000.mp4
bAxlTgobVHE.000,train/bAxlTgobVHE.000.mp4
bAxlTgobVHE.001,train/bAxlTgobVHE.001.mp4
bAxlTgobVHE.002,train/bAxlTgobVHE.002.mp4
bBqZyG-9ksM.005,train/bBqZyG-9ksM.005.mp4
BBSB9OJdb0Q.001,train/BBSB9OJdb0Q.001.mp4
BBSB9OJdb0Q.002,train/BBSB9OJdb0Q.002.mp4
BCPoSirpmEw.005,train/BCPoSirpmEw.005.mp4
bcRPLKygrNk.000,train/bcRPLKygrNk.000.mp4
bcRPLKygrNk.001,train/bcRPLKygrNk.001.mp4
bcRPLKygrNk.003,train/bcRPLKygrNk.003.mp4
bcx6xr9Ja-8.001,train/bcx6xr9Ja-8.001.mp4
bcx6xr9Ja-8.004,train/bcx6xr9Ja-8.004.mp4
bcx6xr9Ja-8.005,train/bcx6xr9Ja-8.005.mp4
bDjqDn6susQ.000,train/bDjqDn6susQ.000.mp4
be0DQawtVkE.000,train/be0DQawtVkE.000.mp4
be0DQawtVkE.001,train/be0DQawtVkE.001.mp4
be0DQawtVkE.003,train/be0DQawtVkE.003.mp4
be0DQawtVkE.004,train/be0DQawtVkE.004.mp4
bej-DbxTkWA.000,train/bej-DbxTkWA.000.mp4
bej-DbxTkWA.003,train/bej-DbxTkWA.003.mp4
bEXDNfLBy1I.002,train/bEXDNfLBy1I.002.mp4
bEXDNfLBy1I.003,train/bEXDNfLBy1I.003.mp4
bEXDNfLBy1I.004,train/bEXDNfLBy1I.004.mp4
BeyIfaH64xY.000,train/BeyIfaH64xY.000.mp4
BeyIfaH64xY.001,train/BeyIfaH64xY.001.mp4
BeyIfaH64xY.003,train/BeyIfaH64xY.003.mp4
BeyIfaH64xY.004,train/BeyIfaH64xY.004.mp4
bFwtVtZodIg.002,train/bFwtVtZodIg.002.mp4
bFwtVtZodIg.004,train/bFwtVtZodIg.004.mp4
BgfYyUAoNPs.000,train/BgfYyUAoNPs.000.mp4
bGLwxQ1lonQ.005,train/bGLwxQ1lonQ.005.mp4
Bi3XVSF4rac.000,train/Bi3XVSF4rac.000.mp4
Bije9nsMl7M.000,train/Bije9nsMl7M.000.mp4
Bije9nsMl7M.003,train/Bije9nsMl7M.003.mp4
Bije9nsMl7M.004,train/Bije9nsMl7M.004.mp4
Bije9nsMl7M.005,train/Bije9nsMl7M.005.mp4
bJktioZ5Yxk.002,train/bJktioZ5Yxk.002.mp4
bJktioZ5Yxk.003,train/bJktioZ5Yxk.003.mp4
bJktioZ5Yxk.004,train/bJktioZ5Yxk.004.mp4
BJpWi1qGp1A.000,train/BJpWi1qGp1A.000.mp4
BJpWi1qGp1A.004,train/BJpWi1qGp1A.004.mp4
BjQ95T-Dw1U.000,train/BjQ95T-Dw1U.000.mp4
BjQ95T-Dw1U.002,train/BjQ95T-Dw1U.002.mp4
BjQ95T-Dw1U.003,train/BjQ95T-Dw1U.003.mp4
BjQ95T-Dw1U.004,train/BjQ95T-Dw1U.004.mp4
BjQ95T-Dw1U.005,train/BjQ95T-Dw1U.005.mp4
BjzSIV3dutk.000,train/BjzSIV3dutk.000.mp4
Bk9Hxn7Drxw.003,train/Bk9Hxn7Drxw.003.mp4
Bk9Hxn7Drxw.004,train/Bk9Hxn7Drxw.004.mp4
BkDdtxDPjJA.001,train/BkDdtxDPjJA.001.mp4
bkzgccBFztM.000,train/bkzgccBFztM.000.mp4
bkzgccBFztM.001,train/bkzgccBFztM.001.mp4
bkzgccBFztM.003,train/bkzgccBFztM.003.mp4
blAjqQ0ja8Q.003,train/blAjqQ0ja8Q.003.mp4
blAjqQ0ja8Q.005,train/blAjqQ0ja8Q.005.mp4
BLc_GvsbI1U.000,train/BLc_GvsbI1U.000.mp4
BLc_GvsbI1U.003,train/BLc_GvsbI1U.003.mp4
BLeDNfK2quI.000,train/BLeDNfK2quI.000.mp4
BLeDNfK2quI.001,train/BLeDNfK2quI.001.mp4
BLeDNfK2quI.002,train/BLeDNfK2quI.002.mp4
BLeDNfK2quI.003,train/BLeDNfK2quI.003.mp4
BLeDNfK2quI.004,train/BLeDNfK2quI.004.mp4
BLeDNfK2quI.005,train/BLeDNfK2quI.005.mp4
BLKXsX7-WIg.000,train/BLKXsX7-WIg.000.mp4
BLKXsX7-WIg.001,train/BLKXsX7-WIg.001.mp4
BLKXsX7-WIg.003,train/BLKXsX7-WIg.003.mp4
bLOSPQ8MAC8.001,train/bLOSPQ8MAC8.001.mp4
bLOSPQ8MAC8.004,train/bLOSPQ8MAC8.004.mp4
bLrrDM1Opu0.001,train/bLrrDM1Opu0.001.mp4
bLrrDM1Opu0.003,train/bLrrDM1Opu0.003.mp4
BlvmREgt2C0.002,train/BlvmREgt2C0.002.mp4
BlvmREgt2C0.005,train/BlvmREgt2C0.005.mp4
BLwgxAWf7cg.003,train/BLwgxAWf7cg.003.mp4
BLwgxAWf7cg.004,train/BLwgxAWf7cg.004.mp4
BmDClgdWlH4.000,train/BmDClgdWlH4.000.mp4
BmDClgdWlH4.002,train/BmDClgdWlH4.002.mp4
BmDClgdWlH4.004,train/BmDClgdWlH4.004.mp4
bmj4khBLUOs.001,train/bmj4khBLUOs.001.mp4
bMY2DaFFwzU.000,train/bMY2DaFFwzU.000.mp4
bMY2DaFFwzU.001,train/bMY2DaFFwzU.001.mp4
bMY2DaFFwzU.003,train/bMY2DaFFwzU.003.mp4
bMY2DaFFwzU.004,train/bMY2DaFFwzU.004.mp4
bMY2DaFFwzU.005,train/bMY2DaFFwzU.005.mp4
bN2IM-rqZlc.002,train/bN2IM-rqZlc.002.mp4
bnM9Ow52x3o.001,train/bnM9Ow52x3o.001.mp4
bnM9Ow52x3o.005,train/bnM9Ow52x3o.005.mp4
bnoPmV0_aIc.000,train/bnoPmV0_aIc.000.mp4
bnoPmV0_aIc.002,train/bnoPmV0_aIc.002.mp4
bnoPmV0_aIc.004,train/bnoPmV0_aIc.004.mp4
Bo-mrL28d8M.002,train/Bo-mrL28d8M.002.mp4
Bo-mrL28d8M.003,train/Bo-mrL28d8M.003.mp4
Bo-mrL28d8M.004,train/Bo-mrL28d8M.004.mp4
BONQpwyg9KQ.000,train/BONQpwyg9KQ.000.mp4
BOOMkDl8JwA.005,train/BOOMkDl8JwA.005.mp4
BpcQ9THDtp4.000,train/BpcQ9THDtp4.000.mp4
BPUFqFLZgZU.005,train/BPUFqFLZgZU.005.mp4
BQ9i8qkXiVQ.000,train/BQ9i8qkXiVQ.000.mp4
bRoIrXBO9DU.000,train/bRoIrXBO9DU.000.mp4
bRoIrXBO9DU.005,train/bRoIrXBO9DU.005.mp4
BS0wgLXqFgc.001,train/BS0wgLXqFgc.001.mp4
BS0wgLXqFgc.003,train/BS0wgLXqFgc.003.mp4
BS0wgLXqFgc.005,train/BS0wgLXqFgc.005.mp4
bSeTNdOtK7I.000,train/bSeTNdOtK7I.000.mp4
bSeTNdOtK7I.004,train/bSeTNdOtK7I.004.mp4
BSkTPW_Qsio.001,train/BSkTPW_Qsio.001.mp4
BStHNKV820Q.001,train/BStHNKV820Q.001.mp4
BStHNKV820Q.003,train/BStHNKV820Q.003.mp4
bt-ev53zZWE.001,train/bt-ev53zZWE.001.mp4
bt-ev53zZWE.004,train/bt-ev53zZWE.004.mp4
Bt5zyk-Xf9Q.000,train/Bt5zyk-Xf9Q.000.mp4
btcCanysQsw.000,train/btcCanysQsw.000.mp4
btcCanysQsw.001,train/btcCanysQsw.001.mp4
btcCanysQsw.003,train/btcCanysQsw.003.mp4
btcCanysQsw.004,train/btcCanysQsw.004.mp4
btcCanysQsw.005,train/btcCanysQsw.005.mp4
bTLTLzXehPE.003,train/bTLTLzXehPE.003.mp4
BuKzIqR4eBU.001,train/BuKzIqR4eBU.001.mp4
bviHajVIie0.005,train/bviHajVIie0.005.mp4
BWAEpai6FK0.002,train/BWAEpai6FK0.002.mp4
BWAEpai6FK0.003,train/BWAEpai6FK0.003.mp4
BxdFQhBNZys.000,train/BxdFQhBNZys.000.mp4
BxdFQhBNZys.004,train/BxdFQhBNZys.004.mp4
bYXRyimxh7A.000,train/bYXRyimxh7A.000.mp4
bYXRyimxh7A.002,train/bYXRyimxh7A.002.mp4
bYXRyimxh7A.003,train/bYXRyimxh7A.003.mp4
bYXRyimxh7A.004,train/bYXRyimxh7A.004.mp4
BZ3FEf_KKso.000,train/BZ3FEf_KKso.000.mp4
BZ3FEf_KKso.001,train/BZ3FEf_KKso.001.mp4
Bz3Jx4QL_6Q.001,train/Bz3Jx4QL_6Q.001.mp4
Bz3Jx4QL_6Q.003,train/Bz3Jx4QL_6Q.003.mp4
Bz3Jx4QL_6Q.004,train/Bz3Jx4QL_6Q.004.mp4
bZAKBS9q0ZI.002,train/bZAKBS9q0ZI.002.mp4
bZAKBS9q0ZI.004,train/bZAKBS9q0ZI.004.mp4
bzaOB8BoWPU.000,train/bzaOB8BoWPU.000.mp4
bzaOB8BoWPU.002,train/bzaOB8BoWPU.002.mp4
bzaOB8BoWPU.003,train/bzaOB8BoWPU.003.mp4
bzaOB8BoWPU.005,train/bzaOB8BoWPU.005.mp4
bzFTA6kGyA8.002,train/bzFTA6kGyA8.002.mp4
bzIxJ-gtvUw.005,train/bzIxJ-gtvUw.005.mp4
bZoN9xp9vgs.001,train/bZoN9xp9vgs.001.mp4
C-48U5oDuvw.003,train/C-48U5oDuvw.003.mp4
C-48U5oDuvw.004,train/C-48U5oDuvw.004.mp4
c-c6xhtIq84.004,train/c-c6xhtIq84.004.mp4
C0uc-2KrnnQ.001,train/C0uc-2KrnnQ.001.mp4
C0uc-2KrnnQ.002,train/C0uc-2KrnnQ.002.mp4
C0UMWrEJ2x0.004,train/C0UMWrEJ2x0.004.mp4
C0UMWrEJ2x0.005,train/C0UMWrEJ2x0.005.mp4
C23rns4ZCy8.004,train/C23rns4ZCy8.004.mp4
c2LeNguVNrI.002,train/c2LeNguVNrI.002.mp4
c2LeNguVNrI.003,train/c2LeNguVNrI.003.mp4
C2MEPH7x9m0.001,train/C2MEPH7x9m0.001.mp4
c3esnCQDoKc.003,train/c3esnCQDoKc.003.mp4
c3esnCQDoKc.004,train/c3esnCQDoKc.004.mp4
C3knX70mzxQ.004,train/C3knX70mzxQ.004.mp4
C3knX70mzxQ.005,train/C3knX70mzxQ.005.mp4
c3SQSM9OIsA.001,train/c3SQSM9OIsA.001.mp4
c3SQSM9OIsA.005,train/c3SQSM9OIsA.005.mp4
c4XnKouozXU.000,train/c4XnKouozXU.000.mp4
c4XnKouozXU.001,train/c4XnKouozXU.001.mp4
c4XnKouozXU.003,train/c4XnKouozXU.003.mp4
c4XnKouozXU.004,train/c4XnKouozXU.004.mp4
c4YxfATgYkw.002,train/c4YxfATgYkw.002.mp4
C5qRszPK9HY.001,train/C5qRszPK9HY.001.mp4
C5qRszPK9HY.003,train/C5qRszPK9HY.003.mp4
c5ZnKbaNCE8.000,train/c5ZnKbaNCE8.000.mp4
c5ZnKbaNCE8.003,train/c5ZnKbaNCE8.003.mp4
c5ZnKbaNCE8.005,train/c5ZnKbaNCE8.005.mp4
c672aEuUa-g.002,train/c672aEuUa-g.002.mp4
c672aEuUa-g.004,train/c672aEuUa-g.004.mp4
c7tczvW3_dQ.000,train/c7tczvW3_dQ.000.mp4
c7tczvW3_dQ.002,train/c7tczvW3_dQ.002.mp4
c7tczvW3_dQ.005,train/c7tczvW3_dQ.005.mp4
C8xZ0vhrrFE.000,train/C8xZ0vhrrFE.000.mp4
C8xZ0vhrrFE.002,train/C8xZ0vhrrFE.002.mp4
C8xZ0vhrrFE.003,train/C8xZ0vhrrFE.003.mp4
C8xZ0vhrrFE.005,train/C8xZ0vhrrFE.005.mp4
C_NtwmmF2Ys.000,train/C_NtwmmF2Ys.000.mp4
C_NtwmmF2Ys.002,train/C_NtwmmF2Ys.002.mp4
C_NtwmmF2Ys.003,train/C_NtwmmF2Ys.003.mp4
C_NtwmmF2Ys.004,train/C_NtwmmF2Ys.004.mp4
c_pyBvsSlCY.004,train/c_pyBvsSlCY.004.mp4
cA43Gfcg0QA.000,train/cA43Gfcg0QA.000.mp4
cA43Gfcg0QA.001,train/cA43Gfcg0QA.001.mp4
cA43Gfcg0QA.003,train/cA43Gfcg0QA.003.mp4
cA43Gfcg0QA.004,train/cA43Gfcg0QA.004.mp4
CbNAOLHByZQ.004,train/CbNAOLHByZQ.004.mp4
cBR5cDwwdno.001,train/cBR5cDwwdno.001.mp4
cBR5cDwwdno.003,train/cBR5cDwwdno.003.mp4
cBR5cDwwdno.004,train/cBR5cDwwdno.004.mp4
cBR5cDwwdno.005,train/cBR5cDwwdno.005.mp4
CCe1J5grs8U.005,train/CCe1J5grs8U.005.mp4
CcVuoHZqp6k.004,train/CcVuoHZqp6k.004.mp4
Cdh_OCMZ4U8.000,train/Cdh_OCMZ4U8.000.mp4
CDTo7WVyf5s.001,train/CDTo7WVyf5s.001.mp4
cdtZKwM5NIM.004,train/cdtZKwM5NIM.004.mp4
CdUYBux3Vn8.000,train/CdUYBux3Vn8.000.mp4
CdUYBux3Vn8.002,train/CdUYBux3Vn8.002.mp4
CdUYBux3Vn8.005,train/CdUYBux3Vn8.005.mp4
CdY1ZLrWTtg.000,train/CdY1ZLrWTtg.000.mp4
CdY1ZLrWTtg.002,train/CdY1ZLrWTtg.002.mp4
ce7t2PgzMGw.000,train/ce7t2PgzMGw.000.mp4
CESTtNvDpww.003,train/CESTtNvDpww.003.mp4
cFGjJg-2zOk.000,train/cFGjJg-2zOk.000.mp4
cFGjJg-2zOk.001,train/cFGjJg-2zOk.001.mp4
cFGjJg-2zOk.002,train/cFGjJg-2zOk.002.mp4
cFGjJg-2zOk.003,train/cFGjJg-2zOk.003.mp4
cFGjJg-2zOk.005,train/cFGjJg-2zOk.005.mp4
CFk4v2Kd5Ns.002,train/CFk4v2Kd5Ns.002.mp4
CFk4v2Kd5Ns.005,train/CFk4v2Kd5Ns.005.mp4
CFK8ib0aWe8.000,train/CFK8ib0aWe8.000.mp4
CFK8ib0aWe8.001,train/CFK8ib0aWe8.001.mp4
CFK8ib0aWe8.003,train/CFK8ib0aWe8.003.mp4
CfNbSToI21k.004,train/CfNbSToI21k.004.mp4
CfNbSToI21k.005,train/CfNbSToI21k.005.mp4
CGfr9jl8w4Y.001,train/CGfr9jl8w4Y.001.mp4
CGfr9jl8w4Y.004,train/CGfr9jl8w4Y.004.mp4
CGfr9jl8w4Y.005,train/CGfr9jl8w4Y.005.mp4
cgGCyBMdGrA.001,train/cgGCyBMdGrA.001.mp4
cgGCyBMdGrA.003,train/cgGCyBMdGrA.003.mp4
cgp1OzTOq1o.000,train/cgp1OzTOq1o.000.mp4
cgp1OzTOq1o.002,train/cgp1OzTOq1o.002.mp4
cgp1OzTOq1o.004,train/cgp1OzTOq1o.004.mp4
cgp1OzTOq1o.005,train/cgp1OzTOq1o.005.mp4
cgT-3CHBmKs.000,train/cgT-3CHBmKs.000.mp4
cgT-3CHBmKs.003,train/cgT-3CHBmKs.003.mp4
cgT-3CHBmKs.004,train/cgT-3CHBmKs.004.mp4
cgT-3CHBmKs.005,train/cgT-3CHBmKs.005.mp4
ch2BcBv4SdQ.002,train/ch2BcBv4SdQ.002.mp4
CHkKv9TXm0g.000,train/CHkKv9TXm0g.000.mp4
ciWUq6iQTIE.000,train/ciWUq6iQTIE.000.mp4
ciWUq6iQTIE.002,train/ciWUq6iQTIE.002.mp4
cjbh1lfr43c.005,train/cjbh1lfr43c.005.mp4
CJhP12Gi8sg.002,train/CJhP12Gi8sg.002.mp4
CJjNcuBLjMM.001,train/CJjNcuBLjMM.001.mp4
CJT7z9PaU68.004,train/CJT7z9PaU68.004.mp4
Cl5jhuLQ9Dg.001,train/Cl5jhuLQ9Dg.001.mp4
Cl5jhuLQ9Dg.002,train/Cl5jhuLQ9Dg.002.mp4
Cl5jhuLQ9Dg.003,train/Cl5jhuLQ9Dg.003.mp4
Cl5jhuLQ9Dg.004,train/Cl5jhuLQ9Dg.004.mp4
Cl5jhuLQ9Dg.005,train/Cl5jhuLQ9Dg.005.mp4
Cl7vQ9QR0es.000,train/Cl7vQ9QR0es.000.mp4
Cl7vQ9QR0es.001,train/Cl7vQ9QR0es.001.mp4
Cl7vQ9QR0es.002,train/Cl7vQ9QR0es.002.mp4
Cl7vQ9QR0es.003,train/Cl7vQ9QR0es.003.mp4
Cl7vQ9QR0es.004,train/Cl7vQ9QR0es.004.mp4
Cl7vQ9QR0es.005,train/Cl7vQ9QR0es.005.mp4
cLaZxEf1nE4.001,train/cLaZxEf1nE4.001.mp4
cLaZxEf1nE4.002,train/cLaZxEf1nE4.002.mp4
cLaZxEf1nE4.003,train/cLaZxEf1nE4.003.mp4
CLGJCzz6tIU.001,train/CLGJCzz6tIU.001.mp4
clMg72MI8rw.004,train/clMg72MI8rw.004.mp4
Cng72emlXAM.004,train/Cng72emlXAM.004.mp4
Cng72emlXAM.005,train/Cng72emlXAM.005.mp4
cnsvc0alWOA.000,train/cnsvc0alWOA.000.mp4
cnsvc0alWOA.004,train/cnsvc0alWOA.004.mp4
cNXnowQb7rs.002,train/cNXnowQb7rs.002.mp4
cNXnowQb7rs.003,train/cNXnowQb7rs.003.mp4
cNXnowQb7rs.004,train/cNXnowQb7rs.004.mp4
cNXnowQb7rs.005,train/cNXnowQb7rs.005.mp4
CO7vZjYF6Zk.000,train/CO7vZjYF6Zk.000.mp4
CO7vZjYF6Zk.001,train/CO7vZjYF6Zk.001.mp4
CO7vZjYF6Zk.002,train/CO7vZjYF6Zk.002.mp4
cOirMOCpdo8.000,train/cOirMOCpdo8.000.mp4
cOirMOCpdo8.001,train/cOirMOCpdo8.001.mp4
cOirMOCpdo8.003,train/cOirMOCpdo8.003.mp4
cOirMOCpdo8.005,train/cOirMOCpdo8.005.mp4
cOo5N1qblyw.003,train/cOo5N1qblyw.003.mp4
cOossY5pTrU.001,train/cOossY5pTrU.001.mp4
cOossY5pTrU.002,train/cOossY5pTrU.002.mp4
cOossY5pTrU.003,train/cOossY5pTrU.003.mp4
cP_dSXql7z8.000,train/cP_dSXql7z8.000.mp4
cP_dSXql7z8.001,train/cP_dSXql7z8.001.mp4
cP_dSXql7z8.002,train/cP_dSXql7z8.002.mp4
cP_dSXql7z8.003,train/cP_dSXql7z8.003.mp4
cP_dSXql7z8.004,train/cP_dSXql7z8.004.mp4
cP_dSXql7z8.005,train/cP_dSXql7z8.005.mp4
CpmR-91GxmY.000,train/CpmR-91GxmY.000.mp4
CpmR-91GxmY.002,train/CpmR-91GxmY.002.mp4
CpmR-91GxmY.004,train/CpmR-91GxmY.004.mp4
CpmR-91GxmY.005,train/CpmR-91GxmY.005.mp4
CPtaCNonKlE.000,train/CPtaCNonKlE.000.mp4
CPtaCNonKlE.002,train/CPtaCNonKlE.002.mp4
CPtaCNonKlE.003,train/CPtaCNonKlE.003.mp4
CPtaCNonKlE.004,train/CPtaCNonKlE.004.mp4
cpzY1b6wJqs.002,train/cpzY1b6wJqs.002.mp4
CQMH9Qguuao.000,train/CQMH9Qguuao.000.mp4
CQMH9Qguuao.003,train/CQMH9Qguuao.003.mp4
CQMH9Qguuao.004,train/CQMH9Qguuao.004.mp4
CQMH9Qguuao.005,train/CQMH9Qguuao.005.mp4
CqQavmWSLrI.000,train/CqQavmWSLrI.000.mp4
CqQavmWSLrI.001,train/CqQavmWSLrI.001.mp4
CqQavmWSLrI.002,train/CqQavmWSLrI.002.mp4
CqQavmWSLrI.003,train/CqQavmWSLrI.003.mp4
CqQavmWSLrI.004,train/CqQavmWSLrI.004.mp4
CqQavmWSLrI.005,train/CqQavmWSLrI.005.mp4
cQRFb-xa4Vc.002,train/cQRFb-xa4Vc.002.mp4
cQRFb-xa4Vc.005,train/cQRFb-xa4Vc.005.mp4
cRDYrvxRJ6U.001,train/cRDYrvxRJ6U.001.mp4
cRg95950rAg.001,train/cRg95950rAg.001.mp4
CRLsCyMfskE.000,train/CRLsCyMfskE.000.mp4
CRLsCyMfskE.001,train/CRLsCyMfskE.001.mp4
CRLsCyMfskE.002,train/CRLsCyMfskE.002.mp4
CRLsCyMfskE.003,train/CRLsCyMfskE.003.mp4
CRLsCyMfskE.004,train/CRLsCyMfskE.004.mp4
cSyVbIYfwxA.004,train/cSyVbIYfwxA.004.mp4
cT3oyHhUznw.003,train/cT3oyHhUznw.003.mp4
cT3oyHhUznw.004,train/cT3oyHhUznw.004.mp4
cTbfp7nkX8c.000,train/cTbfp7nkX8c.000.mp4
cTbfp7nkX8c.002,train/cTbfp7nkX8c.002.mp4
cTbfp7nkX8c.005,train/cTbfp7nkX8c.005.mp4
CTWMisL_HlI.000,train/CTWMisL_HlI.000.mp4
CTWMisL_HlI.003,train/CTWMisL_HlI.003.mp4
CTWMisL_HlI.004,train/CTWMisL_HlI.004.mp4
CTWMisL_HlI.005,train/CTWMisL_HlI.005.mp4
CuGuiOZ48Ig.000,train/CuGuiOZ48Ig.000.mp4
CuGuiOZ48Ig.001,train/CuGuiOZ48Ig.001.mp4
CuGuiOZ48Ig.002,train/CuGuiOZ48Ig.002.mp4
CuGuiOZ48Ig.004,train/CuGuiOZ48Ig.004.mp4
CuGuiOZ48Ig.005,train/CuGuiOZ48Ig.005.mp4
CUiG7UZ9A3k.002,train/CUiG7UZ9A3k.002.mp4
CUiG7UZ9A3k.005,train/CUiG7UZ9A3k.005.mp4
cuyIFvYNLFE.000,train/cuyIFvYNLFE.000.mp4
CV930dFsubs.000,train/CV930dFsubs.000.mp4
CV930dFsubs.002,train/CV930dFsubs.002.mp4
CV930dFsubs.003,train/CV930dFsubs.003.mp4
cvg03XGFjCk.001,train/cvg03XGFjCk.001.mp4
cvg03XGFjCk.002,train/cvg03XGFjCk.002.mp4
cvg03XGFjCk.004,train/cvg03XGFjCk.004.mp4
cvg03XGFjCk.005,train/cvg03XGFjCk.005.mp4
cvHqtadNJDo.000,train/cvHqtadNJDo.000.mp4
cvHqtadNJDo.004,train/cvHqtadNJDo.004.mp4
Cvuu76B-bxA.000,train/Cvuu76B-bxA.000.mp4
Cvuu76B-bxA.001,train/Cvuu76B-bxA.001.mp4
Cvuu76B-bxA.002,train/Cvuu76B-bxA.002.mp4
Cvuu76B-bxA.003,train/Cvuu76B-bxA.003.mp4
Cvuu76B-bxA.005,train/Cvuu76B-bxA.005.mp4
CwFH8J7smjE.005,train/CwFH8J7smjE.005.mp4
CwmjP27fivQ.005,train/CwmjP27fivQ.005.mp4
CwYNQlRTvPc.000,train/CwYNQlRTvPc.000.mp4
cWZudzeJVXg.000,train/cWZudzeJVXg.000.mp4
cWZudzeJVXg.002,train/cWZudzeJVXg.002.mp4
cWZudzeJVXg.003,train/cWZudzeJVXg.003.mp4
cWZudzeJVXg.004,train/cWZudzeJVXg.004.mp4
cx8IycWgMVs.003,train/cx8IycWgMVs.003.mp4
cx8IycWgMVs.005,train/cx8IycWgMVs.005.mp4
cxJ0u6r0-pU.000,train/cxJ0u6r0-pU.000.mp4
cxJ0u6r0-pU.001,train/cxJ0u6r0-pU.001.mp4
cxJ0u6r0-pU.002,train/cxJ0u6r0-pU.002.mp4
cxJ0u6r0-pU.003,train/cxJ0u6r0-pU.003.mp4
cxJ0u6r0-pU.005,train/cxJ0u6r0-pU.005.mp4
cY3nHc5fDYE.000,train/cY3nHc5fDYE.000.mp4
cY3nHc5fDYE.003,train/cY3nHc5fDYE.003.mp4
cyma9Q6QF6M.001,train/cyma9Q6QF6M.001.mp4
CyzKot0CNyU.000,train/CyzKot0CNyU.000.mp4
cZ6xhB5yhfY.001,train/cZ6xhB5yhfY.001.mp4
czImT1Wn1og.001,train/czImT1Wn1og.001.mp4
czImT1Wn1og.002,train/czImT1Wn1og.002.mp4
d-cZdeTp0jo.000,train/d-cZdeTp0jo.000.mp4
d-cZdeTp0jo.001,train/d-cZdeTp0jo.001.mp4
D0dE-lErszk.002,train/D0dE-lErszk.002.mp4
d1eh3dHNi1Y.001,train/d1eh3dHNi1Y.001.mp4
D3AomvNhR1k.003,train/D3AomvNhR1k.003.mp4
d4cPiUXpGbc.000,train/d4cPiUXpGbc.000.mp4
d4cPiUXpGbc.002,train/d4cPiUXpGbc.002.mp4
d4cPiUXpGbc.005,train/d4cPiUXpGbc.005.mp4
D4hPHPp1W-Q.000,train/D4hPHPp1W-Q.000.mp4
D4hPHPp1W-Q.004,train/D4hPHPp1W-Q.004.mp4
D4hPHPp1W-Q.005,train/D4hPHPp1W-Q.005.mp4
d4iSwRMV0bA.002,train/d4iSwRMV0bA.002.mp4
D4TU65xbF4g.000,train/D4TU65xbF4g.000.mp4
D4TU65xbF4g.001,train/D4TU65xbF4g.001.mp4
D4TU65xbF4g.002,train/D4TU65xbF4g.002.mp4
D4TU65xbF4g.005,train/D4TU65xbF4g.005.mp4
d5ujzxBlvwY.001,train/d5ujzxBlvwY.001.mp4
d69zeSpdyCI.000,train/d69zeSpdyCI.000.mp4
d8skGb2ycio.000,train/d8skGb2ycio.000.mp4
d8skGb2ycio.003,train/d8skGb2ycio.003.mp4
d9_YDJdF-7I.000,train/d9_YDJdF-7I.000.mp4
d9_YDJdF-7I.002,train/d9_YDJdF-7I.002.mp4
d9_YDJdF-7I.003,train/d9_YDJdF-7I.003.mp4
D_FGBb-1B1o.001,train/D_FGBb-1B1o.001.mp4
D_FGBb-1B1o.002,train/D_FGBb-1B1o.002.mp4
D_FGBb-1B1o.003,train/D_FGBb-1B1o.003.mp4
d_POf1pikX0.000,train/d_POf1pikX0.000.mp4
d_POf1pikX0.005,train/d_POf1pikX0.005.mp4
datcFOBWYxc.001,train/datcFOBWYxc.001.mp4
datcFOBWYxc.003,train/datcFOBWYxc.003.mp4
datcFOBWYxc.005,train/datcFOBWYxc.005.mp4
dB-kMg4t-V8.001,train/dB-kMg4t-V8.001.mp4
dB-kMg4t-V8.002,train/dB-kMg4t-V8.002.mp4
dB2XYhvqUBU.000,train/dB2XYhvqUBU.000.mp4
dB2XYhvqUBU.001,train/dB2XYhvqUBU.001.mp4
dB2XYhvqUBU.003,train/dB2XYhvqUBU.003.mp4
dB2XYhvqUBU.004,train/dB2XYhvqUBU.004.mp4
dB65He57Ki8.001,train/dB65He57Ki8.001.mp4
dB65He57Ki8.002,train/dB65He57Ki8.002.mp4
dB65He57Ki8.005,train/dB65He57Ki8.005.mp4
DbNFwVi_61Q.000,train/DbNFwVi_61Q.000.mp4
DChmTb-c9uM.001,train/DChmTb-c9uM.001.mp4
DChmTb-c9uM.004,train/DChmTb-c9uM.004.mp4
DChmTb-c9uM.005,train/DChmTb-c9uM.005.mp4
DCROfrHI1MU.000,train/DCROfrHI1MU.000.mp4
DCROfrHI1MU.001,train/DCROfrHI1MU.001.mp4
DctPau1p7JM.001,train/DctPau1p7JM.001.mp4
DctPau1p7JM.002,train/DctPau1p7JM.002.mp4
dd0z9mErfSo.002,train/dd0z9mErfSo.002.mp4
dd0z9mErfSo.003,train/dd0z9mErfSo.003.mp4
dd0z9mErfSo.005,train/dd0z9mErfSo.005.mp4
dDi6vy-OZRg.002,train/dDi6vy-OZRg.002.mp4
dDi6vy-OZRg.003,train/dDi6vy-OZRg.003.mp4
dDi6vy-OZRg.005,train/dDi6vy-OZRg.005.mp4
De4i7-FX9Og.001,train/De4i7-FX9Og.001.mp4
De4i7-FX9Og.004,train/De4i7-FX9Og.004.mp4
DefePa0_6Sg.001,train/DefePa0_6Sg.001.mp4
DefePa0_6Sg.002,train/DefePa0_6Sg.002.mp4
DefePa0_6Sg.005,train/DefePa0_6Sg.005.mp4
DegRGUG4Wi0.001,train/DegRGUG4Wi0.001.mp4
DegRGUG4Wi0.002,train/DegRGUG4Wi0.002.mp4
DegRGUG4Wi0.003,train/DegRGUG4Wi0.003.mp4
DfpKVl9Zpdg.003,train/DfpKVl9Zpdg.003.mp4
DfpKVl9Zpdg.004,train/DfpKVl9Zpdg.004.mp4
DGCGeNlA-Ww.005,train/DGCGeNlA-Ww.005.mp4
Dgo98-sCd1w.002,train/Dgo98-sCd1w.002.mp4
dgoc29MVjfE.000,train/dgoc29MVjfE.000.mp4
dh6iOU2RtTA.001,train/dh6iOU2RtTA.001.mp4
dh6iOU2RtTA.003,train/dh6iOU2RtTA.003.mp4
Dhbva5oGE7g.000,train/Dhbva5oGE7g.000.mp4
Dhbva5oGE7g.003,train/Dhbva5oGE7g.003.mp4
DhqfB9chceo.001,train/DhqfB9chceo.001.mp4
DhqfB9chceo.003,train/DhqfB9chceo.003.mp4
dIa0U29hVvU.001,train/dIa0U29hVvU.001.mp4
dIa0U29hVvU.003,train/dIa0U29hVvU.003.mp4
dIa0U29hVvU.005,train/dIa0U29hVvU.005.mp4
DiaibIBisuM.001,train/DiaibIBisuM.001.mp4
DiaibIBisuM.002,train/DiaibIBisuM.002.mp4
DiaibIBisuM.003,train/DiaibIBisuM.003.mp4
DiaibIBisuM.004,train/DiaibIBisuM.004.mp4
DiaibIBisuM.005,train/DiaibIBisuM.005.mp4
dJlEHhyij5k.000,train/dJlEHhyij5k.000.mp4
dJlEHhyij5k.001,train/dJlEHhyij5k.001.mp4
djsoQkroHpo.000,train/djsoQkroHpo.000.mp4
djsoQkroHpo.001,train/djsoQkroHpo.001.mp4
djsoQkroHpo.003,train/djsoQkroHpo.003.mp4
djsoQkroHpo.005,train/djsoQkroHpo.005.mp4
dkhnv1EBvKI.000,train/dkhnv1EBvKI.000.mp4
dkhnv1EBvKI.001,train/dkhnv1EBvKI.001.mp4
dkhnv1EBvKI.002,train/dkhnv1EBvKI.002.mp4
dkhnv1EBvKI.003,train/dkhnv1EBvKI.003.mp4
dkhnv1EBvKI.004,train/dkhnv1EBvKI.004.mp4
dkhnv1EBvKI.005,train/dkhnv1EBvKI.005.mp4
dLaqub4BEsA.001,train/dLaqub4BEsA.001.mp4
dLaqub4BEsA.002,train/dLaqub4BEsA.002.mp4
dLaqub4BEsA.003,train/dLaqub4BEsA.003.mp4
dLaqub4BEsA.004,train/dLaqub4BEsA.004.mp4
DLds0WJpIQg.001,train/DLds0WJpIQg.001.mp4
dLltwqkvsNg.001,train/dLltwqkvsNg.001.mp4
dLltwqkvsNg.002,train/dLltwqkvsNg.002.mp4
dLltwqkvsNg.003,train/dLltwqkvsNg.003.mp4
dLltwqkvsNg.005,train/dLltwqkvsNg.005.mp4
DLuwObrDhtc.000,train/DLuwObrDhtc.000.mp4
DLuwObrDhtc.001,train/DLuwObrDhtc.001.mp4
DLuwObrDhtc.002,train/DLuwObrDhtc.002.mp4
dmOKZLeFKCM.002,train/dmOKZLeFKCM.002.mp4
dmOKZLeFKCM.004,train/dmOKZLeFKCM.004.mp4
dmycfNpiWCE.001,train/dmycfNpiWCE.001.mp4
dmycfNpiWCE.002,train/dmycfNpiWCE.002.mp4
dmycfNpiWCE.004,train/dmycfNpiWCE.004.mp4
dmycfNpiWCE.005,train/dmycfNpiWCE.005.mp4
DnTtbAR_Qyw.000,train/DnTtbAR_Qyw.000.mp4
DnTtbAR_Qyw.002,train/DnTtbAR_Qyw.002.mp4
DnTtbAR_Qyw.004,train/DnTtbAR_Qyw.004.mp4
DnTtbAR_Qyw.005,train/DnTtbAR_Qyw.005.mp4
dNXqs5HNijI.001,train/dNXqs5HNijI.001.mp4
dNXqs5HNijI.002,train/dNXqs5HNijI.002.mp4
dNXqs5HNijI.003,train/dNXqs5HNijI.003.mp4
dNXqs5HNijI.004,train/dNXqs5HNijI.004.mp4
do8FmnQbI5I.000,train/do8FmnQbI5I.000.mp4
do8FmnQbI5I.001,train/do8FmnQbI5I.001.mp4
do8FmnQbI5I.003,train/do8FmnQbI5I.003.mp4
do8FmnQbI5I.004,train/do8FmnQbI5I.004.mp4
dOFnHXRLEdM.001,train/dOFnHXRLEdM.001.mp4
dOFnHXRLEdM.005,train/dOFnHXRLEdM.005.mp4
DogbMnh5k0o.002,train/DogbMnh5k0o.002.mp4
Dq7Uep06KOQ.001,train/Dq7Uep06KOQ.001.mp4
Dq7Uep06KOQ.005,train/Dq7Uep06KOQ.005.mp4
DqA3j7juNs4.000,train/DqA3j7juNs4.000.mp4
dQOeQYWIgm8.000,train/dQOeQYWIgm8.000.mp4
dQOeQYWIgm8.001,train/dQOeQYWIgm8.001.mp4
dQOeQYWIgm8.004,train/dQOeQYWIgm8.004.mp4
DQORBD8hINs.005,train/DQORBD8hINs.005.mp4
dqVPzqpGX-w.000,train/dqVPzqpGX-w.000.mp4
dRP8ZaAryro.000,train/dRP8ZaAryro.000.mp4
dRP8ZaAryro.001,train/dRP8ZaAryro.001.mp4
dRP8ZaAryro.003,train/dRP8ZaAryro.003.mp4
dRP8ZaAryro.004,train/dRP8ZaAryro.004.mp4
dRP8ZaAryro.005,train/dRP8ZaAryro.005.mp4
dRr2JtdzUpU.004,train/dRr2JtdzUpU.004.mp4
dRr2JtdzUpU.005,train/dRr2JtdzUpU.005.mp4
dRYEzqUa_Rc.000,train/dRYEzqUa_Rc.000.mp4
dS2XOB8kmr4.001,train/dS2XOB8kmr4.001.mp4
dT5R3T-Q1kg.002,train/dT5R3T-Q1kg.002.mp4
DTZeyoKUPx4.000,train/DTZeyoKUPx4.000.mp4
DTZeyoKUPx4.001,train/DTZeyoKUPx4.001.mp4
DTZeyoKUPx4.002,train/DTZeyoKUPx4.002.mp4
DTZeyoKUPx4.003,train/DTZeyoKUPx4.003.mp4
DTZeyoKUPx4.004,train/DTZeyoKUPx4.004.mp4
DTZeyoKUPx4.005,train/DTZeyoKUPx4.005.mp4
duEi37qVB7k.000,train/duEi37qVB7k.000.mp4
dVbo9Ftlyl0.004,train/dVbo9Ftlyl0.004.mp4
dVbo9Ftlyl0.005,train/dVbo9Ftlyl0.005.mp4
dvCKoyBG1pE.001,train/dvCKoyBG1pE.001.mp4
dvCKoyBG1pE.002,train/dvCKoyBG1pE.002.mp4
dvCKoyBG1pE.004,train/dvCKoyBG1pE.004.mp4
DVh_7dO2cWY.000,train/DVh_7dO2cWY.000.mp4
DVh_7dO2cWY.003,train/DVh_7dO2cWY.003.mp4
DVh_7dO2cWY.004,train/DVh_7dO2cWY.004.mp4
DVh_7dO2cWY.005,train/DVh_7dO2cWY.005.mp4
dvMeqVbpKW8.001,train/dvMeqVbpKW8.001.mp4
dvMeqVbpKW8.002,train/dvMeqVbpKW8.002.mp4
dvMeqVbpKW8.004,train/dvMeqVbpKW8.004.mp4
dvMeqVbpKW8.005,train/dvMeqVbpKW8.005.mp4
DvmzcQI5cnM.000,train/DvmzcQI5cnM.000.mp4
DvmzcQI5cnM.001,train/DvmzcQI5cnM.001.mp4
DvmzcQI5cnM.003,train/DvmzcQI5cnM.003.mp4
DvmzcQI5cnM.004,train/DvmzcQI5cnM.004.mp4
DvmzcQI5cnM.005,train/DvmzcQI5cnM.005.mp4
dvU5jYExl0o.003,train/dvU5jYExl0o.003.mp4
dVwDf5N2NRA.001,train/dVwDf5N2NRA.001.mp4
dVwDf5N2NRA.002,train/dVwDf5N2NRA.002.mp4
dVwDf5N2NRA.003,train/dVwDf5N2NRA.003.mp4
dVwDf5N2NRA.004,train/dVwDf5N2NRA.004.mp4
dVwDf5N2NRA.005,train/dVwDf5N2NRA.005.mp4
DvWzedL3QCk.004,train/DvWzedL3QCk.004.mp4
DWVJXufR7gE.000,train/DWVJXufR7gE.000.mp4
DWVJXufR7gE.001,train/DWVJXufR7gE.001.mp4
DxATjKPysfs.000,train/DxATjKPysfs.000.mp4
DxATjKPysfs.003,train/DxATjKPysfs.003.mp4
DXw4lVoiiWY.000,train/DXw4lVoiiWY.000.mp4
DXw4lVoiiWY.001,train/DXw4lVoiiWY.001.mp4
DXw4lVoiiWY.002,train/DXw4lVoiiWY.002.mp4
DXw4lVoiiWY.003,train/DXw4lVoiiWY.003.mp4
DXw4lVoiiWY.004,train/DXw4lVoiiWY.004.mp4
DXw4lVoiiWY.005,train/DXw4lVoiiWY.005.mp4
DXYRJ8PReoE.000,train/DXYRJ8PReoE.000.mp4
DXYRJ8PReoE.002,train/DXYRJ8PReoE.002.mp4
dY7jG5gS3JE.000,train/dY7jG5gS3JE.000.mp4
dy9EqbKLDP0.001,train/dy9EqbKLDP0.001.mp4
dy9EqbKLDP0.002,train/dy9EqbKLDP0.002.mp4
dy9EqbKLDP0.003,train/dy9EqbKLDP0.003.mp4
DyZlhseSuec.002,train/DyZlhseSuec.002.mp4
DyZlhseSuec.003,train/DyZlhseSuec.003.mp4
DyZlhseSuec.004,train/DyZlhseSuec.004.mp4
DZfcVxy2ceI.000,train/DZfcVxy2ceI.000.mp4
DzqJmiQjsZ4.000,train/DzqJmiQjsZ4.000.mp4
DzqJmiQjsZ4.002,train/DzqJmiQjsZ4.002.mp4
DzqJmiQjsZ4.004,train/DzqJmiQjsZ4.004.mp4
DzqJmiQjsZ4.005,train/DzqJmiQjsZ4.005.mp4
e07IozLUeKc.001,train/e07IozLUeKc.001.mp4
e07IozLUeKc.002,train/e07IozLUeKc.002.mp4
e07IozLUeKc.005,train/e07IozLUeKc.005.mp4
e2EmGXRJ1K0.000,train/e2EmGXRJ1K0.000.mp4
e2EmGXRJ1K0.001,train/e2EmGXRJ1K0.001.mp4
e2pnS_nT9rA.001,train/e2pnS_nT9rA.001.mp4
e2pnS_nT9rA.002,train/e2pnS_nT9rA.002.mp4
e3NaBdG-ZmM.000,train/e3NaBdG-ZmM.000.mp4
e3Y7na4SBh4.002,train/e3Y7na4SBh4.002.mp4
e3Y7na4SBh4.004,train/e3Y7na4SBh4.004.mp4
e3Y7na4SBh4.005,train/e3Y7na4SBh4.005.mp4
E3z1D7CKoOA.000,train/E3z1D7CKoOA.000.mp4
E3z1D7CKoOA.001,train/E3z1D7CKoOA.001.mp4
E3z1D7CKoOA.002,train/E3z1D7CKoOA.002.mp4
E3z1D7CKoOA.003,train/E3z1D7CKoOA.003.mp4
E3z1D7CKoOA.005,train/E3z1D7CKoOA.005.mp4
E6OBPHKkm6U.002,train/E6OBPHKkm6U.002.mp4
E6rptSS3kP4.000,train/E6rptSS3kP4.000.mp4
e6YTvjDXEl0.001,train/e6YTvjDXEl0.001.mp4
e6YTvjDXEl0.002,train/e6YTvjDXEl0.002.mp4
E_xAcdGpPCI.001,train/E_xAcdGpPCI.001.mp4
E_xAcdGpPCI.004,train/E_xAcdGpPCI.004.mp4
E_xAcdGpPCI.005,train/E_xAcdGpPCI.005.mp4
Ea0UKBPCm3Q.001,train/Ea0UKBPCm3Q.001.mp4
EA8BEYAZqAA.000,train/EA8BEYAZqAA.000.mp4
EA8BEYAZqAA.001,train/EA8BEYAZqAA.001.mp4
EA8BEYAZqAA.004,train/EA8BEYAZqAA.004.mp4
eA_JaE8X3mI.000,train/eA_JaE8X3mI.000.mp4
EaBCJB8LXdI.001,train/EaBCJB8LXdI.001.mp4
EaBCJB8LXdI.002,train/EaBCJB8LXdI.002.mp4
EaBCJB8LXdI.004,train/EaBCJB8LXdI.004.mp4
EaBCJB8LXdI.005,train/EaBCJB8LXdI.005.mp4
eAkWSjU-JyY.001,train/eAkWSjU-JyY.001.mp4
eAkWSjU-JyY.002,train/eAkWSjU-JyY.002.mp4
EAMHqNxa9yY.001,train/EAMHqNxa9yY.001.mp4
EAnvsNi8O-M.001,train/EAnvsNi8O-M.001.mp4
EAnvsNi8O-M.002,train/EAnvsNi8O-M.002.mp4
Eb-2m44jTEs.000,train/Eb-2m44jTEs.000.mp4
Eb-2m44jTEs.004,train/Eb-2m44jTEs.004.mp4
eB6ZlBG6OeA.002,train/eB6ZlBG6OeA.002.mp4
ecIb16gJMwU.003,train/ecIb16gJMwU.003.mp4
EcOC7ZVRSg4.001,train/EcOC7ZVRSg4.001.mp4
EcOC7ZVRSg4.002,train/EcOC7ZVRSg4.002.mp4
EcOC7ZVRSg4.003,train/EcOC7ZVRSg4.003.mp4
EcOC7ZVRSg4.004,train/EcOC7ZVRSg4.004.mp4
eD4b8sM-Tpw.000,train/eD4b8sM-Tpw.000.mp4
eD4b8sM-Tpw.004,train/eD4b8sM-Tpw.004.mp4
edHTGYBFCWQ.000,train/edHTGYBFCWQ.000.mp4
edHTGYBFCWQ.004,train/edHTGYBFCWQ.004.mp4
EDshSjcCsoY.001,train/EDshSjcCsoY.001.mp4
EDshSjcCsoY.002,train/EDshSjcCsoY.002.mp4
EDXQLrsZctw.000,train/EDXQLrsZctw.000.mp4
EeI8iXLDfc0.001,train/EeI8iXLDfc0.001.mp4
EeI8iXLDfc0.002,train/EeI8iXLDfc0.002.mp4
EeI8iXLDfc0.005,train/EeI8iXLDfc0.005.mp4
EelHLfeSJfM.002,train/EelHLfeSJfM.002.mp4
EelHLfeSJfM.004,train/EelHLfeSJfM.004.mp4
eFb7nVIBGEo.003,train/eFb7nVIBGEo.003.mp4
EffEoI1l1zE.000,train/EffEoI1l1zE.000.mp4
EffEoI1l1zE.001,train/EffEoI1l1zE.001.mp4
EffEoI1l1zE.002,train/EffEoI1l1zE.002.mp4
EfQUV-C-YrU.002,train/EfQUV-C-YrU.002.mp4
eFzN_frNW8g.000,train/eFzN_frNW8g.000.mp4
eFzN_frNW8g.001,train/eFzN_frNW8g.001.mp4
eFzN_frNW8g.002,train/eFzN_frNW8g.002.mp4
eFzN_frNW8g.003,train/eFzN_frNW8g.003.mp4
eFzN_frNW8g.004,train/eFzN_frNW8g.004.mp4
eFzN_frNW8g.005,train/eFzN_frNW8g.005.mp4
Egogv6acOd0.001,train/Egogv6acOd0.001.mp4
Egogv6acOd0.002,train/Egogv6acOd0.002.mp4
Egogv6acOd0.003,train/Egogv6acOd0.003.mp4
Egogv6acOd0.004,train/Egogv6acOd0.004.mp4
EgolOPjkkg8.000,train/EgolOPjkkg8.000.mp4
EgolOPjkkg8.001,train/EgolOPjkkg8.001.mp4
EgolOPjkkg8.004,train/EgolOPjkkg8.004.mp4
EgolOPjkkg8.005,train/EgolOPjkkg8.005.mp4
Eh7WRYXVh9M.000,train/Eh7WRYXVh9M.000.mp4
Eh7WRYXVh9M.005,train/Eh7WRYXVh9M.005.mp4
eHcRre1YsNA.000,train/eHcRre1YsNA.000.mp4
eHcRre1YsNA.001,train/eHcRre1YsNA.001.mp4
eHcRre1YsNA.002,train/eHcRre1YsNA.002.mp4
EHPZNxP5mN8.000,train/EHPZNxP5mN8.000.mp4
eI_7SimPnnQ.000,train/eI_7SimPnnQ.000.mp4
eI_7SimPnnQ.001,train/eI_7SimPnnQ.001.mp4
eI_7SimPnnQ.002,train/eI_7SimPnnQ.002.mp4
eI_7SimPnnQ.003,train/eI_7SimPnnQ.003.mp4
eI_7SimPnnQ.005,train/eI_7SimPnnQ.005.mp4
eIfiusZtXzE.000,train/eIfiusZtXzE.000.mp4
EiXQ9RErt6c.002,train/EiXQ9RErt6c.002.mp4
EiXQ9RErt6c.003,train/EiXQ9RErt6c.003.mp4
EiXQ9RErt6c.005,train/EiXQ9RErt6c.005.mp4
ej0RpdM9kJA.000,train/ej0RpdM9kJA.000.mp4
ej0RpdM9kJA.001,train/ej0RpdM9kJA.001.mp4
ej0RpdM9kJA.002,train/ej0RpdM9kJA.002.mp4
ej0RpdM9kJA.003,train/ej0RpdM9kJA.003.mp4
EjhDyc8Oc6k.000,train/EjhDyc8Oc6k.000.mp4
EjhDyc8Oc6k.001,train/EjhDyc8Oc6k.001.mp4
EjhDyc8Oc6k.003,train/EjhDyc8Oc6k.003.mp4
EjhDyc8Oc6k.004,train/EjhDyc8Oc6k.004.mp4
EknEAPhAjdA.000,train/EknEAPhAjdA.000.mp4
EknEAPhAjdA.001,train/EknEAPhAjdA.001.mp4
EknEAPhAjdA.002,train/EknEAPhAjdA.002.mp4
EknEAPhAjdA.003,train/EknEAPhAjdA.003.mp4
EknEAPhAjdA.004,train/EknEAPhAjdA.004.mp4
EL1Q7x_1a74.000,train/EL1Q7x_1a74.000.mp4
EL1Q7x_1a74.001,train/EL1Q7x_1a74.001.mp4
EL1Q7x_1a74.002,train/EL1Q7x_1a74.002.mp4
EL1Q7x_1a74.005,train/EL1Q7x_1a74.005.mp4
el2DOd8E5io.000,train/el2DOd8E5io.000.mp4
elSd0IyX6ys.002,train/elSd0IyX6ys.002.mp4
elSd0IyX6ys.004,train/elSd0IyX6ys.004.mp4
ELvGOVb8L5I.000,train/ELvGOVb8L5I.000.mp4
EmGTj1DRMbo.000,train/EmGTj1DRMbo.000.mp4
EmGTj1DRMbo.003,train/EmGTj1DRMbo.003.mp4
EmGTj1DRMbo.004,train/EmGTj1DRMbo.004.mp4
emHDoDcht44.001,train/emHDoDcht44.001.mp4
EMNcIRgaDMg.000,train/EMNcIRgaDMg.000.mp4
EMNcIRgaDMg.004,train/EMNcIRgaDMg.004.mp4
EMqrrHHbP3s.000,train/EMqrrHHbP3s.000.mp4
EMqrrHHbP3s.001,train/EMqrrHHbP3s.001.mp4
EMqrrHHbP3s.002,train/EMqrrHHbP3s.002.mp4
En4aK_1gmlY.000,train/En4aK_1gmlY.000.mp4
encC96iqr9Y.002,train/encC96iqr9Y.002.mp4
encC96iqr9Y.003,train/encC96iqr9Y.003.mp4
eOUVFTqPeGk.002,train/eOUVFTqPeGk.002.mp4
EP0sdDWooSw.001,train/EP0sdDWooSw.001.mp4
EP2rMX4AQis.000,train/EP2rMX4AQis.000.mp4
ePQJMluhLjQ.001,train/ePQJMluhLjQ.001.mp4
eq1_h17oue4.000,train/eq1_h17oue4.000.mp4
eq1_h17oue4.001,train/eq1_h17oue4.001.mp4
EqTB9rAC-tA.000,train/EqTB9rAC-tA.000.mp4
eqXrUXW4yHY.003,train/eqXrUXW4yHY.003.mp4
erJNMcO69Eo.000,train/erJNMcO69Eo.000.mp4
erJNMcO69Eo.001,train/erJNMcO69Eo.001.mp4
erJNMcO69Eo.002,train/erJNMcO69Eo.002.mp4
erJNMcO69Eo.005,train/erJNMcO69Eo.005.mp4
eRRCer7epnA.002,train/eRRCer7epnA.002.mp4
eRRCer7epnA.005,train/eRRCer7epnA.005.mp4
esjSS0xsHFA.002,train/esjSS0xsHFA.002.mp4
esjSS0xsHFA.003,train/esjSS0xsHFA.003.mp4
eT3BERfkCBE.001,train/eT3BERfkCBE.001.mp4
eT3BERfkCBE.003,train/eT3BERfkCBE.003.mp4
eT3BERfkCBE.005,train/eT3BERfkCBE.005.mp4
Etfh8X-ECtY.000,train/Etfh8X-ECtY.000.mp4
Etfh8X-ECtY.001,train/Etfh8X-ECtY.001.mp4
Etfh8X-ECtY.002,train/Etfh8X-ECtY.002.mp4
Etfh8X-ECtY.003,train/Etfh8X-ECtY.003.mp4
Etfh8X-ECtY.004,train/Etfh8X-ECtY.004.mp4
Etw3iulV5Eg.001,train/Etw3iulV5Eg.001.mp4
Etw3iulV5Eg.003,train/Etw3iulV5Eg.003.mp4
euRnmvd_dus.004,train/euRnmvd_dus.004.mp4
ev42vngXERU.000,train/ev42vngXERU.000.mp4
ev42vngXERU.001,train/ev42vngXERU.001.mp4
evrzg3Pzyc0.000,train/evrzg3Pzyc0.000.mp4
evrzg3Pzyc0.001,train/evrzg3Pzyc0.001.mp4
evrzg3Pzyc0.002,train/evrzg3Pzyc0.002.mp4
EvZ0esZgPK4.001,train/EvZ0esZgPK4.001.mp4
EwMMNKLjO9w.000,train/EwMMNKLjO9w.000.mp4
EwMMNKLjO9w.001,train/EwMMNKLjO9w.001.mp4
EwMMNKLjO9w.002,train/EwMMNKLjO9w.002.mp4
EX3i4IMY1Pw.002,train/EX3i4IMY1Pw.002.mp4
eXtskPoi58A.000,train/eXtskPoi58A.000.mp4
eXtskPoi58A.001,train/eXtskPoi58A.001.mp4
eXtskPoi58A.003,train/eXtskPoi58A.003.mp4
eXtskPoi58A.005,train/eXtskPoi58A.005.mp4
eYASh3sKY3k.000,train/eYASh3sKY3k.000.mp4
EYbPGTIcnjs.000,train/EYbPGTIcnjs.000.mp4
EYbPGTIcnjs.003,train/EYbPGTIcnjs.003.mp4
EYbPGTIcnjs.005,train/EYbPGTIcnjs.005.mp4
EyX8QI5nPTY.001,train/EyX8QI5nPTY.001.mp4
ezMO8EHKAVw.000,train/ezMO8EHKAVw.000.mp4
ezMO8EHKAVw.004,train/ezMO8EHKAVw.004.mp4
ezMO8EHKAVw.005,train/ezMO8EHKAVw.005.mp4
eZwGkhUa0TQ.000,train/eZwGkhUa0TQ.000.mp4
eZwGkhUa0TQ.004,train/eZwGkhUa0TQ.004.mp4
eZwGkhUa0TQ.005,train/eZwGkhUa0TQ.005.mp4
F-Dy1EFm_Mw.005,train/F-Dy1EFm_Mw.005.mp4
F0_EI_X5JVk.001,train/F0_EI_X5JVk.001.mp4
F0_EI_X5JVk.002,train/F0_EI_X5JVk.002.mp4
F0_EI_X5JVk.003,train/F0_EI_X5JVk.003.mp4
F0_EI_X5JVk.004,train/F0_EI_X5JVk.004.mp4
F0_EI_X5JVk.005,train/F0_EI_X5JVk.005.mp4
F0kidNe_RSo.001,train/F0kidNe_RSo.001.mp4
F0kidNe_RSo.002,train/F0kidNe_RSo.002.mp4
f0LnGz5Z6kA.000,train/f0LnGz5Z6kA.000.mp4
f0LnGz5Z6kA.002,train/f0LnGz5Z6kA.002.mp4
F0VbEO_0Ybc.000,train/F0VbEO_0Ybc.000.mp4
F0VbEO_0Ybc.001,train/F0VbEO_0Ybc.001.mp4
F0VbEO_0Ybc.002,train/F0VbEO_0Ybc.002.mp4
F0VbEO_0Ybc.003,train/F0VbEO_0Ybc.003.mp4
F0VbEO_0Ybc.005,train/F0VbEO_0Ybc.005.mp4
F1lAPYh4t3U.000,train/F1lAPYh4t3U.000.mp4
F1lAPYh4t3U.004,train/F1lAPYh4t3U.004.mp4
f1xAVtagIks.000,train/f1xAVtagIks.000.mp4
f1xAVtagIks.003,train/f1xAVtagIks.003.mp4
f39E4ct09Cc.000,train/f39E4ct09Cc.000.mp4
f39E4ct09Cc.001,train/f39E4ct09Cc.001.mp4
f39E4ct09Cc.005,train/f39E4ct09Cc.005.mp4
f3ZbA4UqGKE.005,train/f3ZbA4UqGKE.005.mp4
f4rQJiW6oSk.004,train/f4rQJiW6oSk.004.mp4
f4rQJiW6oSk.005,train/f4rQJiW6oSk.005.mp4
F4UeAogUMMs.000,train/F4UeAogUMMs.000.mp4
F4UeAogUMMs.001,train/F4UeAogUMMs.001.mp4
F4UeAogUMMs.002,train/F4UeAogUMMs.002.mp4
F4UeAogUMMs.003,train/F4UeAogUMMs.003.mp4
F4UeAogUMMs.004,train/F4UeAogUMMs.004.mp4
F4UeAogUMMs.005,train/F4UeAogUMMs.005.mp4
F4yC1_n6ApY.002,train/F4yC1_n6ApY.002.mp4
F5iykLTSCJc.000,train/F5iykLTSCJc.000.mp4
f5jPfJYvihA.000,train/f5jPfJYvihA.000.mp4
F5kL7RWS_f0.000,train/F5kL7RWS_f0.000.mp4
F5kL7RWS_f0.003,train/F5kL7RWS_f0.003.mp4
F5kL7RWS_f0.004,train/F5kL7RWS_f0.004.mp4
f70aaYsxPHY.001,train/f70aaYsxPHY.001.mp4
f70aaYsxPHY.002,train/f70aaYsxPHY.002.mp4
f7E26XfU8rw.002,train/f7E26XfU8rw.002.mp4
f7E26XfU8rw.003,train/f7E26XfU8rw.003.mp4
f7E26XfU8rw.005,train/f7E26XfU8rw.005.mp4
f7togdqxEoo.003,train/f7togdqxEoo.003.mp4
f8eU5Pc-y0g.004,train/f8eU5Pc-y0g.004.mp4
f8f00b0IgvA.001,train/f8f00b0IgvA.001.mp4
f8f00b0IgvA.002,train/f8f00b0IgvA.002.mp4
f8f00b0IgvA.004,train/f8f00b0IgvA.004.mp4
f9GeYKAXgAQ.000,train/f9GeYKAXgAQ.000.mp4
f9GeYKAXgAQ.001,train/f9GeYKAXgAQ.001.mp4
f9GeYKAXgAQ.002,train/f9GeYKAXgAQ.002.mp4
f9GeYKAXgAQ.003,train/f9GeYKAXgAQ.003.mp4
f9GeYKAXgAQ.005,train/f9GeYKAXgAQ.005.mp4
F9mZ6De_6Ko.004,train/F9mZ6De_6Ko.004.mp4
F9mZ6De_6Ko.005,train/F9mZ6De_6Ko.005.mp4
FaBTYkzhuK4.000,train/FaBTYkzhuK4.000.mp4
FaBTYkzhuK4.001,train/FaBTYkzhuK4.001.mp4
FaBTYkzhuK4.005,train/FaBTYkzhuK4.005.mp4
fBcc1UMtZME.001,train/fBcc1UMtZME.001.mp4
fBcc1UMtZME.005,train/fBcc1UMtZME.005.mp4
fbjDmltKVOM.000,train/fbjDmltKVOM.000.mp4
fBMKlYUjA9E.000,train/fBMKlYUjA9E.000.mp4
fBMKlYUjA9E.003,train/fBMKlYUjA9E.003.mp4
Fco1CMgOadI.002,train/Fco1CMgOadI.002.mp4
Fco1CMgOadI.003,train/Fco1CMgOadI.003.mp4
Fco1CMgOadI.005,train/Fco1CMgOadI.005.mp4
FcR9VhCxBb0.002,train/FcR9VhCxBb0.002.mp4
FcR9VhCxBb0.004,train/FcR9VhCxBb0.004.mp4
fDw_PAgW07o.000,train/fDw_PAgW07o.000.mp4
fDw_PAgW07o.001,train/fDw_PAgW07o.001.mp4
fDw_PAgW07o.002,train/fDw_PAgW07o.002.mp4
fDw_PAgW07o.003,train/fDw_PAgW07o.003.mp4
fDw_PAgW07o.005,train/fDw_PAgW07o.005.mp4
Fe9_SVPd_5I.004,train/Fe9_SVPd_5I.004.mp4
Fe9_SVPd_5I.005,train/Fe9_SVPd_5I.005.mp4
fEC3lEDxRnc.000,train/fEC3lEDxRnc.000.mp4
fEC3lEDxRnc.001,train/fEC3lEDxRnc.001.mp4
fEC3lEDxRnc.002,train/fEC3lEDxRnc.002.mp4
fEC3lEDxRnc.005,train/fEC3lEDxRnc.005.mp4
fecQUZ-ehKQ.000,train/fecQUZ-ehKQ.000.mp4
fecQUZ-ehKQ.002,train/fecQUZ-ehKQ.002.mp4
feg-RNvT-t0.000,train/feg-RNvT-t0.000.mp4
fEix0DPOWtg.005,train/fEix0DPOWtg.005.mp4
fEZrAGQoh_g.000,train/fEZrAGQoh_g.000.mp4
fEZrAGQoh_g.001,train/fEZrAGQoh_g.001.mp4
fEZrAGQoh_g.002,train/fEZrAGQoh_g.002.mp4
ff-3k-nzoXA.000,train/ff-3k-nzoXA.000.mp4
ff-3k-nzoXA.002,train/ff-3k-nzoXA.002.mp4
ff-3k-nzoXA.004,train/ff-3k-nzoXA.004.mp4
Ff0WqsFl-1s.005,train/Ff0WqsFl-1s.005.mp4
fGAcEyZXFTo.000,train/fGAcEyZXFTo.000.mp4
fGAcEyZXFTo.003,train/fGAcEyZXFTo.003.mp4
fGAcEyZXFTo.005,train/fGAcEyZXFTo.005.mp4
fgEddXirQvQ.005,train/fgEddXirQvQ.005.mp4
FGkS4vJYOpM.002,train/FGkS4vJYOpM.002.mp4
FGkS4vJYOpM.004,train/FGkS4vJYOpM.004.mp4
Fgq5I4bkq2s.001,train/Fgq5I4bkq2s.001.mp4
fH0jgh_VKmE.003,train/fH0jgh_VKmE.003.mp4
FhCOvzMrNs8.000,train/FhCOvzMrNs8.000.mp4
fhUGU2uiS1U.001,train/fhUGU2uiS1U.001.mp4
fhUGU2uiS1U.004,train/fhUGU2uiS1U.004.mp4
Fi1ILrwQpSY.001,train/Fi1ILrwQpSY.001.mp4
Fi1ILrwQpSY.002,train/Fi1ILrwQpSY.002.mp4
Fi1ILrwQpSY.003,train/Fi1ILrwQpSY.003.mp4
Fi1ILrwQpSY.005,train/Fi1ILrwQpSY.005.mp4
fiEEjrKhlNU.001,train/fiEEjrKhlNU.001.mp4
fiEEjrKhlNU.002,train/fiEEjrKhlNU.002.mp4
fIiXuRlTPa0.000,train/fIiXuRlTPa0.000.mp4
fipvPdFbKN4.000,train/fipvPdFbKN4.000.mp4
fipvPdFbKN4.004,train/fipvPdFbKN4.004.mp4
fiVkE3iDWY4.004,train/fiVkE3iDWY4.004.mp4
fiVORaERbP0.002,train/fiVORaERbP0.002.mp4
fiVORaERbP0.004,train/fiVORaERbP0.004.mp4
FJPqNQPXp5c.005,train/FJPqNQPXp5c.005.mp4
fk_ggmC872E.000,train/fk_ggmC872E.000.mp4
fk_ggmC872E.001,train/fk_ggmC872E.001.mp4
fk_ggmC872E.003,train/fk_ggmC872E.003.mp4
fkDqn2muw-A.000,train/fkDqn2muw-A.000.mp4
fkDqn2muw-A.002,train/fkDqn2muw-A.002.mp4
fkDqn2muw-A.003,train/fkDqn2muw-A.003.mp4
FksSYDfLH04.002,train/FksSYDfLH04.002.mp4
FkuwzJcoRVI.000,train/FkuwzJcoRVI.000.mp4
FkuwzJcoRVI.001,train/FkuwzJcoRVI.001.mp4
FkuwzJcoRVI.003,train/FkuwzJcoRVI.003.mp4
FkuwzJcoRVI.004,train/FkuwzJcoRVI.004.mp4
FkuwzJcoRVI.005,train/FkuwzJcoRVI.005.mp4
FkzVX7SQ9wE.001,train/FkzVX7SQ9wE.001.mp4
FkzVX7SQ9wE.002,train/FkzVX7SQ9wE.002.mp4
FkzVX7SQ9wE.004,train/FkzVX7SQ9wE.004.mp4
fL8VYpOTLSM.001,train/fL8VYpOTLSM.001.mp4
fL8VYpOTLSM.002,train/fL8VYpOTLSM.002.mp4
fL8VYpOTLSM.004,train/fL8VYpOTLSM.004.mp4
FlAGm93fJa0.000,train/FlAGm93fJa0.000.mp4
FlAGm93fJa0.004,train/FlAGm93fJa0.004.mp4
fLRRMLTFGMQ.000,train/fLRRMLTFGMQ.000.mp4
fLRRMLTFGMQ.002,train/fLRRMLTFGMQ.002.mp4
fLRRMLTFGMQ.004,train/fLRRMLTFGMQ.004.mp4
fLRRMLTFGMQ.005,train/fLRRMLTFGMQ.005.mp4
FM5UaJS-bhg.000,train/FM5UaJS-bhg.000.mp4
FM5UaJS-bhg.001,train/FM5UaJS-bhg.001.mp4
FM5UaJS-bhg.002,train/FM5UaJS-bhg.002.mp4
FM5UaJS-bhg.004,train/FM5UaJS-bhg.004.mp4
FM5UaJS-bhg.005,train/FM5UaJS-bhg.005.mp4
fmjILOLc3eg.001,train/fmjILOLc3eg.001.mp4
fmue_KpW9Ro.000,train/fmue_KpW9Ro.000.mp4
fmue_KpW9Ro.003,train/fmue_KpW9Ro.003.mp4
fmue_KpW9Ro.004,train/fmue_KpW9Ro.004.mp4
fmue_KpW9Ro.005,train/fmue_KpW9Ro.005.mp4
FNHMXPaHll0.004,train/FNHMXPaHll0.004.mp4
FogaU_yB9aY.001,train/FogaU_yB9aY.001.mp4
foj4bqLSmF8.001,train/foj4bqLSmF8.001.mp4
foj4bqLSmF8.002,train/foj4bqLSmF8.002.mp4
foj4bqLSmF8.003,train/foj4bqLSmF8.003.mp4
FoWuHvikyqU.001,train/FoWuHvikyqU.001.mp4
FoWuHvikyqU.003,train/FoWuHvikyqU.003.mp4
FoWuHvikyqU.004,train/FoWuHvikyqU.004.mp4
FPfgwGsy8dE.004,train/FPfgwGsy8dE.004.mp4
fPLd_NLF43M.002,train/fPLd_NLF43M.002.mp4
fpyBDfh7qF0.001,train/fpyBDfh7qF0.001.mp4
fpyBDfh7qF0.002,train/fpyBDfh7qF0.002.mp4
fpyBDfh7qF0.004,train/fpyBDfh7qF0.004.mp4
FQMmM3TL5rE.001,train/FQMmM3TL5rE.001.mp4
FQMmM3TL5rE.003,train/FQMmM3TL5rE.003.mp4
FQMmM3TL5rE.004,train/FQMmM3TL5rE.004.mp4
FrOxqNe6sAU.000,train/FrOxqNe6sAU.000.mp4
frsDpQjmC5k.002,train/frsDpQjmC5k.002.mp4
frsDpQjmC5k.003,train/frsDpQjmC5k.003.mp4
fsaslN7xV-w.000,train/fsaslN7xV-w.000.mp4
fsaslN7xV-w.002,train/fsaslN7xV-w.002.mp4
fsaslN7xV-w.004,train/fsaslN7xV-w.004.mp4
FSBBbxNi0iU.004,train/FSBBbxNi0iU.004.mp4
FSBBbxNi0iU.005,train/FSBBbxNi0iU.005.mp4
fsCK8Xuzl1Y.000,train/fsCK8Xuzl1Y.000.mp4
fsCK8Xuzl1Y.003,train/fsCK8Xuzl1Y.003.mp4
fsCK8Xuzl1Y.004,train/fsCK8Xuzl1Y.004.mp4
fSDA4eEyGHk.000,train/fSDA4eEyGHk.000.mp4
fSDA4eEyGHk.002,train/fSDA4eEyGHk.002.mp4
fSDA4eEyGHk.004,train/fSDA4eEyGHk.004.mp4
fSkQXqXR7D0.000,train/fSkQXqXR7D0.000.mp4
fSkQXqXR7D0.001,train/fSkQXqXR7D0.001.mp4
fSkQXqXR7D0.002,train/fSkQXqXR7D0.002.mp4
fSkQXqXR7D0.004,train/fSkQXqXR7D0.004.mp4
fsLf6Xv_Gbk.001,train/fsLf6Xv_Gbk.001.mp4
Ft0ahViXZPc.001,train/Ft0ahViXZPc.001.mp4
Ft0ahViXZPc.003,train/Ft0ahViXZPc.003.mp4
fTpemcfElxI.000,train/fTpemcfElxI.000.mp4
fTpemcfElxI.001,train/fTpemcfElxI.001.mp4
fTpemcfElxI.003,train/fTpemcfElxI.003.mp4
fTpemcfElxI.004,train/fTpemcfElxI.004.mp4
fTpemcfElxI.005,train/fTpemcfElxI.005.mp4
FU1ak530DDo.001,train/FU1ak530DDo.001.mp4
FU1ak530DDo.003,train/FU1ak530DDo.003.mp4
fUIWjaZCYwM.000,train/fUIWjaZCYwM.000.mp4
fUIWjaZCYwM.001,train/fUIWjaZCYwM.001.mp4
fuKtMm2WR0g.001,train/fuKtMm2WR0g.001.mp4
fv5lLeyRdd4.001,train/fv5lLeyRdd4.001.mp4
fv5lLeyRdd4.002,train/fv5lLeyRdd4.002.mp4
fv5lLeyRdd4.004,train/fv5lLeyRdd4.004.mp4
fv5lLeyRdd4.005,train/fv5lLeyRdd4.005.mp4
FvjIziLzffo.002,train/FvjIziLzffo.002.mp4
FvjIziLzffo.003,train/FvjIziLzffo.003.mp4
FvjIziLzffo.004,train/FvjIziLzffo.004.mp4
FwjoTGcsFNg.000,train/FwjoTGcsFNg.000.mp4
FwjoTGcsFNg.001,train/FwjoTGcsFNg.001.mp4
FwjoTGcsFNg.002,train/FwjoTGcsFNg.002.mp4
FwjoTGcsFNg.003,train/FwjoTGcsFNg.003.mp4
fwJykIyvS04.001,train/fwJykIyvS04.001.mp4
fwYZP8qOtC0.005,train/fwYZP8qOtC0.005.mp4
FxVUG2R1y0Q.000,train/FxVUG2R1y0Q.000.mp4
FxVUG2R1y0Q.001,train/FxVUG2R1y0Q.001.mp4
FxVUG2R1y0Q.004,train/FxVUG2R1y0Q.004.mp4
fY4tctYZTz8.003,train/fY4tctYZTz8.003.mp4
fY4tctYZTz8.005,train/fY4tctYZTz8.005.mp4
fYUcoKDyRiU.001,train/fYUcoKDyRiU.001.mp4
fyXiORXmWHs.002,train/fyXiORXmWHs.002.mp4
fyXiORXmWHs.003,train/fyXiORXmWHs.003.mp4
Fz1BcPpjNXY.001,train/Fz1BcPpjNXY.001.mp4
FZYN9ZFngFM.001,train/FZYN9ZFngFM.001.mp4
G-25EWOIGNs.000,train/G-25EWOIGNs.000.mp4
G-25EWOIGNs.001,train/G-25EWOIGNs.001.mp4
G-25EWOIGNs.002,train/G-25EWOIGNs.002.mp4
G-25EWOIGNs.004,train/G-25EWOIGNs.004.mp4
G-25EWOIGNs.005,train/G-25EWOIGNs.005.mp4
g00oS-Kt248.001,train/g00oS-Kt248.001.mp4
g0PWBzU95sI.000,train/g0PWBzU95sI.000.mp4
g0PWBzU95sI.001,train/g0PWBzU95sI.001.mp4
g0PWBzU95sI.004,train/g0PWBzU95sI.004.mp4
g0Zlp-F6Z6E.001,train/g0Zlp-F6Z6E.001.mp4
g0Zlp-F6Z6E.003,train/g0Zlp-F6Z6E.003.mp4
g0Zlp-F6Z6E.004,train/g0Zlp-F6Z6E.004.mp4
g1TMjzZH8bw.000,train/g1TMjzZH8bw.000.mp4
g1TMjzZH8bw.002,train/g1TMjzZH8bw.002.mp4
g1TMjzZH8bw.004,train/g1TMjzZH8bw.004.mp4
g24JGYuT74A.002,train/g24JGYuT74A.002.mp4
g24JGYuT74A.003,train/g24JGYuT74A.003.mp4
G2D3qU6R_YA.001,train/G2D3qU6R_YA.001.mp4
G2D3qU6R_YA.002,train/G2D3qU6R_YA.002.mp4
G2D3qU6R_YA.004,train/G2D3qU6R_YA.004.mp4
g4PQ753TDls.000,train/g4PQ753TDls.000.mp4
G7hYffrZ1Hc.004,train/G7hYffrZ1Hc.004.mp4
G7hYffrZ1Hc.005,train/G7hYffrZ1Hc.005.mp4
G7QTNbKbu_4.003,train/G7QTNbKbu_4.003.mp4
G7QTNbKbu_4.005,train/G7QTNbKbu_4.005.mp4
g7sDGH8APwk.000,train/g7sDGH8APwk.000.mp4
g8rjtlzAQ6k.002,train/g8rjtlzAQ6k.002.mp4
g8rjtlzAQ6k.003,train/g8rjtlzAQ6k.003.mp4
g9zgIN56MnQ.001,train/g9zgIN56MnQ.001.mp4
g9zgIN56MnQ.004,train/g9zgIN56MnQ.004.mp4
g9zgIN56MnQ.005,train/g9zgIN56MnQ.005.mp4
g_UeE-1ghtQ.001,train/g_UeE-1ghtQ.001.mp4
G_VQne_BXWE.002,train/G_VQne_BXWE.002.mp4
ga_XczsO4eY.000,train/ga_XczsO4eY.000.mp4
ga_XczsO4eY.001,train/ga_XczsO4eY.001.mp4
ga_XczsO4eY.004,train/ga_XczsO4eY.004.mp4
ga_XczsO4eY.005,train/ga_XczsO4eY.005.mp4
GaUs3UUUtmw.001,train/GaUs3UUUtmw.001.mp4
gAWA-fcIa_M.001,train/gAWA-fcIa_M.001.mp4
gAWA-fcIa_M.002,train/gAWA-fcIa_M.002.mp4
gAWA-fcIa_M.003,train/gAWA-fcIa_M.003.mp4
gAWA-fcIa_M.004,train/gAWA-fcIa_M.004.mp4
gAWA-fcIa_M.005,train/gAWA-fcIa_M.005.mp4
gChqk1izWkc.002,train/gChqk1izWkc.002.mp4
GCkOL2jLSQA.000,train/GCkOL2jLSQA.000.mp4
GCkOL2jLSQA.001,train/GCkOL2jLSQA.001.mp4
GCkOL2jLSQA.002,train/GCkOL2jLSQA.002.mp4
GCkOL2jLSQA.005,train/GCkOL2jLSQA.005.mp4
gCQT7zfS7sI.001,train/gCQT7zfS7sI.001.mp4
gCQT7zfS7sI.002,train/gCQT7zfS7sI.002.mp4
Gd08FYfFRtk.000,train/Gd08FYfFRtk.000.mp4
Gd08FYfFRtk.001,train/Gd08FYfFRtk.001.mp4
Gd08FYfFRtk.004,train/Gd08FYfFRtk.004.mp4
Gd08FYfFRtk.005,train/Gd08FYfFRtk.005.mp4
Gdrgw7Z6tLg.002,train/Gdrgw7Z6tLg.002.mp4
Gdrgw7Z6tLg.003,train/Gdrgw7Z6tLg.003.mp4
Gdv79afXNKE.003,train/Gdv79afXNKE.003.mp4
Gdv79afXNKE.005,train/Gdv79afXNKE.005.mp4
geji1U2YAvg.002,train/geji1U2YAvg.002.mp4
geXpIfaFzF4.001,train/geXpIfaFzF4.001.mp4
geXpIfaFzF4.002,train/geXpIfaFzF4.002.mp4
geXpIfaFzF4.003,train/geXpIfaFzF4.003.mp4
geXpIfaFzF4.004,train/geXpIfaFzF4.004.mp4
gFEntQ_UKvk.002,train/gFEntQ_UKvk.002.mp4
gFEntQ_UKvk.003,train/gFEntQ_UKvk.003.mp4
gfTTzlRNF8s.003,train/gfTTzlRNF8s.003.mp4
Gg4OMtVe7lk.000,train/Gg4OMtVe7lk.000.mp4
Gg4OMtVe7lk.001,train/Gg4OMtVe7lk.001.mp4
Gg4OMtVe7lk.002,train/Gg4OMtVe7lk.002.mp4
GG9WPQLI_rg.000,train/GG9WPQLI_rg.000.mp4
GG9WPQLI_rg.004,train/GG9WPQLI_rg.004.mp4
GG9WPQLI_rg.005,train/GG9WPQLI_rg.005.mp4
gggp205gPMI.001,train/gggp205gPMI.001.mp4
gggp205gPMI.003,train/gggp205gPMI.003.mp4
GGiKj4OC2Jk.001,train/GGiKj4OC2Jk.001.mp4
GHetseJP358.001,train/GHetseJP358.001.mp4
GHetseJP358.004,train/GHetseJP358.004.mp4
gipWTZy9mjI.000,train/gipWTZy9mjI.000.mp4
gipWTZy9mjI.002,train/gipWTZy9mjI.002.mp4
gipWTZy9mjI.003,train/gipWTZy9mjI.003.mp4
gipWTZy9mjI.005,train/gipWTZy9mjI.005.mp4
gj3-xvhPeWg.003,train/gj3-xvhPeWg.003.mp4
gj3-xvhPeWg.005,train/gj3-xvhPeWg.005.mp4
Gk94xrcmFts.000,train/Gk94xrcmFts.000.mp4
Gk94xrcmFts.002,train/Gk94xrcmFts.002.mp4
Gk94xrcmFts.003,train/Gk94xrcmFts.003.mp4
Gk94xrcmFts.004,train/Gk94xrcmFts.004.mp4
Gk94xrcmFts.005,train/Gk94xrcmFts.005.mp4
GkA0RCMSWF4.000,train/GkA0RCMSWF4.000.mp4
gkKHdsF6du4.000,train/gkKHdsF6du4.000.mp4
gkKHdsF6du4.003,train/gkKHdsF6du4.003.mp4
gkKHdsF6du4.004,train/gkKHdsF6du4.004.mp4
GkPz3-y6Les.001,train/GkPz3-y6Les.001.mp4
gktkLqLHMGs.001,train/gktkLqLHMGs.001.mp4
Gl93Hw1A2kY.002,train/Gl93Hw1A2kY.002.mp4
Gl93Hw1A2kY.003,train/Gl93Hw1A2kY.003.mp4
Gl93Hw1A2kY.005,train/Gl93Hw1A2kY.005.mp4
glgfB3vFewc.000,train/glgfB3vFewc.000.mp4
glgfB3vFewc.002,train/glgfB3vFewc.002.mp4
glgfB3vFewc.003,train/glgfB3vFewc.003.mp4
gLtvOEy7m8Q.002,train/gLtvOEy7m8Q.002.mp4
gLtvOEy7m8Q.005,train/gLtvOEy7m8Q.005.mp4
gM_KAA-ejJA.005,train/gM_KAA-ejJA.005.mp4
GMwEmLo-gfc.000,train/GMwEmLo-gfc.000.mp4
GMwEmLo-gfc.002,train/GMwEmLo-gfc.002.mp4
GMwEmLo-gfc.003,train/GMwEmLo-gfc.003.mp4
GMwEmLo-gfc.004,train/GMwEmLo-gfc.004.mp4
gngqDNTAXnI.002,train/gngqDNTAXnI.002.mp4
gngqDNTAXnI.004,train/gngqDNTAXnI.004.mp4
GO6s-qDADuU.004,train/GO6s-qDADuU.004.mp4
GocSYjCaMlA.005,train/GocSYjCaMlA.005.mp4
Gomd4Y8-D2Q.005,train/Gomd4Y8-D2Q.005.mp4
gOS-CneQsxI.003,train/gOS-CneQsxI.003.mp4
gq0yaEv6gSE.000,train/gq0yaEv6gSE.000.mp4
gq0yaEv6gSE.002,train/gq0yaEv6gSE.002.mp4
GQczMGrVgbc.000,train/GQczMGrVgbc.000.mp4
GQczMGrVgbc.001,train/GQczMGrVgbc.001.mp4
GQczMGrVgbc.002,train/GQczMGrVgbc.002.mp4
GquB5W7bzFo.003,train/GquB5W7bzFo.003.mp4
GR-P1m_Yvm0.000,train/GR-P1m_Yvm0.000.mp4
GR-P1m_Yvm0.005,train/GR-P1m_Yvm0.005.mp4
grhDDOLsBho.000,train/grhDDOLsBho.000.mp4
grhDDOLsBho.002,train/grhDDOLsBho.002.mp4
grhDDOLsBho.004,train/grhDDOLsBho.004.mp4
grhDDOLsBho.005,train/grhDDOLsBho.005.mp4
GRXPm8mmidw.000,train/GRXPm8mmidw.000.mp4
Gs-AdRcYSPo.000,train/Gs-AdRcYSPo.000.mp4
Gs-AdRcYSPo.001,train/Gs-AdRcYSPo.001.mp4
Gs-AdRcYSPo.004,train/Gs-AdRcYSPo.004.mp4
GS7cBLgZKgk.000,train/GS7cBLgZKgk.000.mp4
GS7cBLgZKgk.001,train/GS7cBLgZKgk.001.mp4
GS7cBLgZKgk.002,train/GS7cBLgZKgk.002.mp4
GS7cBLgZKgk.003,train/GS7cBLgZKgk.003.mp4
GS7cBLgZKgk.004,train/GS7cBLgZKgk.004.mp4
gSCurvS_vWU.004,train/gSCurvS_vWU.004.mp4
gsleSGEZHAs.000,train/gsleSGEZHAs.000.mp4
gsleSGEZHAs.001,train/gsleSGEZHAs.001.mp4
gsleSGEZHAs.002,train/gsleSGEZHAs.002.mp4
gsleSGEZHAs.004,train/gsleSGEZHAs.004.mp4
gsleSGEZHAs.005,train/gsleSGEZHAs.005.mp4
GTmHSF6vNWc.001,train/GTmHSF6vNWc.001.mp4
GTmHSF6vNWc.002,train/GTmHSF6vNWc.002.mp4
GTmHSF6vNWc.003,train/GTmHSF6vNWc.003.mp4
GTmHSF6vNWc.005,train/GTmHSF6vNWc.005.mp4
GUxm9AWVpOI.000,train/GUxm9AWVpOI.000.mp4
GUxm9AWVpOI.003,train/GUxm9AWVpOI.003.mp4
gUyH1qvbOZA.000,train/gUyH1qvbOZA.000.mp4
gUyH1qvbOZA.004,train/gUyH1qvbOZA.004.mp4
gUyH1qvbOZA.005,train/gUyH1qvbOZA.005.mp4
Gvdh94z-SoM.002,train/Gvdh94z-SoM.002.mp4
gWCgqVn3m3k.000,train/gWCgqVn3m3k.000.mp4
gWCgqVn3m3k.001,train/gWCgqVn3m3k.001.mp4
GwKmjEb3qN0.001,train/GwKmjEb3qN0.001.mp4
GwKmjEb3qN0.002,train/GwKmjEb3qN0.002.mp4
GwKmjEb3qN0.004,train/GwKmjEb3qN0.004.mp4
GWOtluILlk4.002,train/GWOtluILlk4.002.mp4
GWOtluILlk4.003,train/GWOtluILlk4.003.mp4
GWOtluILlk4.005,train/GWOtluILlk4.005.mp4
gX20EUUZc9M.004,train/gX20EUUZc9M.004.mp4
GxMxrhiyjO8.005,train/GxMxrhiyjO8.005.mp4
GYku69XEoxc.002,train/GYku69XEoxc.002.mp4
GYku69XEoxc.004,train/GYku69XEoxc.004.mp4
GyLjVOVPGKQ.001,train/GyLjVOVPGKQ.001.mp4
GyLjVOVPGKQ.003,train/GyLjVOVPGKQ.003.mp4
GyLjVOVPGKQ.004,train/GyLjVOVPGKQ.004.mp4
GyLjVOVPGKQ.005,train/GyLjVOVPGKQ.005.mp4
gZblxCs4EV4.001,train/gZblxCs4EV4.001.mp4
gZzB49daFfA.003,train/gZzB49daFfA.003.mp4
gZzB49daFfA.005,train/gZzB49daFfA.005.mp4
h-jMFLm6U_Y.000,train/h-jMFLm6U_Y.000.mp4
h-jMFLm6U_Y.004,train/h-jMFLm6U_Y.004.mp4
H0_4dZMjUow.001,train/H0_4dZMjUow.001.mp4
h2-_bQdTZYY.004,train/h2-_bQdTZYY.004.mp4
H6s9aFAQP3M.000,train/H6s9aFAQP3M.000.mp4
H6yu96w7tUc.000,train/H6yu96w7tUc.000.mp4
H6yu96w7tUc.002,train/H6yu96w7tUc.002.mp4
H6yu96w7tUc.005,train/H6yu96w7tUc.005.mp4
h7qbP1GS50U.003,train/h7qbP1GS50U.003.mp4
h7qbP1GS50U.004,train/h7qbP1GS50U.004.mp4
H8h4fAGgV18.001,train/H8h4fAGgV18.001.mp4
H8h4fAGgV18.005,train/H8h4fAGgV18.005.mp4
h9jIdLBaMEo.000,train/h9jIdLBaMEo.000.mp4
h9jIdLBaMEo.001,train/h9jIdLBaMEo.001.mp4
h9jIdLBaMEo.002,train/h9jIdLBaMEo.002.mp4
h9jIdLBaMEo.004,train/h9jIdLBaMEo.004.mp4
h_GDQ9_H1es.002,train/h_GDQ9_H1es.002.mp4
h_kjgcJ_bqU.002,train/h_kjgcJ_bqU.002.mp4
h_kjgcJ_bqU.003,train/h_kjgcJ_bqU.003.mp4
h_kjgcJ_bqU.004,train/h_kjgcJ_bqU.004.mp4
h_kjgcJ_bqU.005,train/h_kjgcJ_bqU.005.mp4
haxhAfuccuE.000,train/haxhAfuccuE.000.mp4
HbGeoKBULAA.001,train/HbGeoKBULAA.001.mp4
HCkDd0UnUgo.000,train/HCkDd0UnUgo.000.mp4
HCkDd0UnUgo.002,train/HCkDd0UnUgo.002.mp4
HCkDd0UnUgo.003,train/HCkDd0UnUgo.003.mp4
HCkDd0UnUgo.004,train/HCkDd0UnUgo.004.mp4
hd2-msVu9-g.000,train/hd2-msVu9-g.000.mp4
hDqsuyVeWmw.000,train/hDqsuyVeWmw.000.mp4
hDqsuyVeWmw.004,train/hDqsuyVeWmw.004.mp4
heE4ZZXwehI.002,train/heE4ZZXwehI.002.mp4
HegkSmkiBos.005,train/HegkSmkiBos.005.mp4
HEHMW0uiFa4.000,train/HEHMW0uiFa4.000.mp4
HEHMW0uiFa4.002,train/HEHMW0uiFa4.002.mp4
HekcZ0Em60E.000,train/HekcZ0Em60E.000.mp4
HekcZ0Em60E.002,train/HekcZ0Em60E.002.mp4
HekcZ0Em60E.004,train/HekcZ0Em60E.004.mp4
HekcZ0Em60E.005,train/HekcZ0Em60E.005.mp4
hF3yR5rmga8.001,train/hF3yR5rmga8.001.mp4
hF3yR5rmga8.003,train/hF3yR5rmga8.003.mp4
hF3yR5rmga8.004,train/hF3yR5rmga8.004.mp4
hfUH9Am-Izs.000,train/hfUH9Am-Izs.000.mp4
hG-pwa191bw.000,train/hG-pwa191bw.000.mp4
hG-pwa191bw.002,train/hG-pwa191bw.002.mp4
hG0I7DLSSYg.001,train/hG0I7DLSSYg.001.mp4
hG0I7DLSSYg.002,train/hG0I7DLSSYg.002.mp4
hG0I7DLSSYg.003,train/hG0I7DLSSYg.003.mp4
hG0I7DLSSYg.005,train/hG0I7DLSSYg.005.mp4
HH03EXo0TB0.001,train/HH03EXo0TB0.001.mp4
HH03EXo0TB0.002,train/HH03EXo0TB0.002.mp4
HH03EXo0TB0.004,train/HH03EXo0TB0.004.mp4
HH14jGFGuL0.005,train/HH14jGFGuL0.005.mp4
HhC2cGFFZeY.000,train/HhC2cGFFZeY.000.mp4
HhC2cGFFZeY.001,train/HhC2cGFFZeY.001.mp4
HhC2cGFFZeY.005,train/HhC2cGFFZeY.005.mp4
hhdoeK8SsiI.000,train/hhdoeK8SsiI.000.mp4
hhdoeK8SsiI.001,train/hhdoeK8SsiI.001.mp4
hhdoeK8SsiI.002,train/hhdoeK8SsiI.002.mp4
hhdoeK8SsiI.003,train/hhdoeK8SsiI.003.mp4
hhdoeK8SsiI.005,train/hhdoeK8SsiI.005.mp4
hhdzTOyFIo8.001,train/hhdzTOyFIo8.001.mp4
hhdzTOyFIo8.002,train/hhdzTOyFIo8.002.mp4
hhdzTOyFIo8.003,train/hhdzTOyFIo8.003.mp4
hi8A0nUHnL8.003,train/hi8A0nUHnL8.003.mp4
hIFNZ_ycngg.001,train/hIFNZ_ycngg.001.mp4
hIFNZ_ycngg.002,train/hIFNZ_ycngg.002.mp4
hIxLNK_x_QA.002,train/hIxLNK_x_QA.002.mp4
hIxLNK_x_QA.005,train/hIxLNK_x_QA.005.mp4
HJkoeB_F4c4.000,train/HJkoeB_F4c4.000.mp4
HJkoeB_F4c4.001,train/HJkoeB_F4c4.001.mp4
hK5lmI9pwck.003,train/hK5lmI9pwck.003.mp4
HkBs4_vaCcs.000,train/HkBs4_vaCcs.000.mp4
Hklc55y7vUI.000,train/Hklc55y7vUI.000.mp4
Hklc55y7vUI.005,train/Hklc55y7vUI.005.mp4
HL-K_PZXFR4.005,train/HL-K_PZXFR4.005.mp4
hl70w5drc_4.003,train/hl70w5drc_4.003.mp4
Hm5K_K0v718.000,train/Hm5K_K0v718.000.mp4
Hm5K_K0v718.003,train/Hm5K_K0v718.003.mp4
Hm5K_K0v718.004,train/Hm5K_K0v718.004.mp4
hM96SfN5_F4.004,train/hM96SfN5_F4.004.mp4
hmTY4CubpiE.002,train/hmTY4CubpiE.002.mp4
hmy9XEvT2v4.000,train/hmy9XEvT2v4.000.mp4
hmy9XEvT2v4.004,train/hmy9XEvT2v4.004.mp4
HNKnvSmTkC4.001,train/HNKnvSmTkC4.001.mp4
HNKnvSmTkC4.002,train/HNKnvSmTkC4.002.mp4
HNKnvSmTkC4.005,train/HNKnvSmTkC4.005.mp4
hnMp0eX28es.001,train/hnMp0eX28es.001.mp4
hnWMsZEQWt4.001,train/hnWMsZEQWt4.001.mp4
hnWMsZEQWt4.003,train/hnWMsZEQWt4.003.mp4
HoJXPFp9hYo.000,train/HoJXPFp9hYo.000.mp4
HoJXPFp9hYo.004,train/HoJXPFp9hYo.004.mp4
HONL8ha-1BE.000,train/HONL8ha-1BE.000.mp4
HONL8ha-1BE.002,train/HONL8ha-1BE.002.mp4
HONL8ha-1BE.003,train/HONL8ha-1BE.003.mp4
HONL8ha-1BE.004,train/HONL8ha-1BE.004.mp4
HONL8ha-1BE.005,train/HONL8ha-1BE.005.mp4
hOXvRgxjfik.000,train/hOXvRgxjfik.000.mp4
hOXvRgxjfik.001,train/hOXvRgxjfik.001.mp4
hOXvRgxjfik.003,train/hOXvRgxjfik.003.mp4
hOXvRgxjfik.004,train/hOXvRgxjfik.004.mp4
HP8f3oqJwz0.000,train/HP8f3oqJwz0.000.mp4
HP8f3oqJwz0.001,train/HP8f3oqJwz0.001.mp4
HP8f3oqJwz0.002,train/HP8f3oqJwz0.002.mp4
HP8f3oqJwz0.003,train/HP8f3oqJwz0.003.mp4
HP8f3oqJwz0.005,train/HP8f3oqJwz0.005.mp4
HPEemWelY1E.000,train/HPEemWelY1E.000.mp4
HPEemWelY1E.001,train/HPEemWelY1E.001.mp4
HPEemWelY1E.002,train/HPEemWelY1E.002.mp4
HPEemWelY1E.004,train/HPEemWelY1E.004.mp4
hPguTv1Zvg8.001,train/hPguTv1Zvg8.001.mp4
hPguTv1Zvg8.002,train/hPguTv1Zvg8.002.mp4
hPguTv1Zvg8.003,train/hPguTv1Zvg8.003.mp4
hPguTv1Zvg8.004,train/hPguTv1Zvg8.004.mp4
hqe-8SMJGmc.003,train/hqe-8SMJGmc.003.mp4
hQImLccateA.002,train/hQImLccateA.002.mp4
hquzfo9MVDo.001,train/hquzfo9MVDo.001.mp4
hquzfo9MVDo.002,train/hquzfo9MVDo.002.mp4
hquzfo9MVDo.003,train/hquzfo9MVDo.003.mp4
HQZD4j8_FR8.003,train/HQZD4j8_FR8.003.mp4
hrat_RJczFM.001,train/hrat_RJczFM.001.mp4
hrat_RJczFM.002,train/hrat_RJczFM.002.mp4
hrat_RJczFM.004,train/hrat_RJczFM.004.mp4
HrddpXxWFns.002,train/HrddpXxWFns.002.mp4
hspeWl-Bip0.002,train/hspeWl-Bip0.002.mp4
hspeWl-Bip0.003,train/hspeWl-Bip0.003.mp4
hspeWl-Bip0.004,train/hspeWl-Bip0.004.mp4
hsXn0N8bAYs.005,train/hsXn0N8bAYs.005.mp4
hT83GkLYIFs.001,train/hT83GkLYIFs.001.mp4
hT83GkLYIFs.002,train/hT83GkLYIFs.002.mp4
HT_8WpgGqjk.000,train/HT_8WpgGqjk.000.mp4
HT_8WpgGqjk.001,train/HT_8WpgGqjk.001.mp4
HT_8WpgGqjk.003,train/HT_8WpgGqjk.003.mp4
HT_8WpgGqjk.004,train/HT_8WpgGqjk.004.mp4
HTF8k56_Oxo.001,train/HTF8k56_Oxo.001.mp4
HTF8k56_Oxo.004,train/HTF8k56_Oxo.004.mp4
HTF8k56_Oxo.005,train/HTF8k56_Oxo.005.mp4
htH89DBizno.000,train/htH89DBizno.000.mp4
htH89DBizno.001,train/htH89DBizno.001.mp4
htH89DBizno.002,train/htH89DBizno.002.mp4
htH89DBizno.003,train/htH89DBizno.003.mp4
htH89DBizno.005,train/htH89DBizno.005.mp4
HUHFlCs3YJ8.000,train/HUHFlCs3YJ8.000.mp4
HUHFlCs3YJ8.001,train/HUHFlCs3YJ8.001.mp4
HUHFlCs3YJ8.003,train/HUHFlCs3YJ8.003.mp4
HUHFlCs3YJ8.005,train/HUHFlCs3YJ8.005.mp4
huIQlWsIEvY.000,train/huIQlWsIEvY.000.mp4
huIQlWsIEvY.003,train/huIQlWsIEvY.003.mp4
huIQlWsIEvY.004,train/huIQlWsIEvY.004.mp4
huIQlWsIEvY.005,train/huIQlWsIEvY.005.mp4
HUJt0I1UKzo.000,train/HUJt0I1UKzo.000.mp4
HUJt0I1UKzo.001,train/HUJt0I1UKzo.001.mp4
HUJt0I1UKzo.002,train/HUJt0I1UKzo.002.mp4
HUJt0I1UKzo.003,train/HUJt0I1UKzo.003.mp4
HUxtuDE-YNE.003,train/HUxtuDE-YNE.003.mp4
HUxtuDE-YNE.004,train/HUxtuDE-YNE.004.mp4
HWuh0biZQ_c.000,train/HWuh0biZQ_c.000.mp4
HWuh0biZQ_c.001,train/HWuh0biZQ_c.001.mp4
HWuh0biZQ_c.002,train/HWuh0biZQ_c.002.mp4
HX-3jJdK7HM.001,train/HX-3jJdK7HM.001.mp4
HX-3jJdK7HM.004,train/HX-3jJdK7HM.004.mp4
hX2TVefa5bQ.002,train/hX2TVefa5bQ.002.mp4
hX2TVefa5bQ.005,train/hX2TVefa5bQ.005.mp4
hZIGQXercNA.001,train/hZIGQXercNA.001.mp4
I01_ubtktEQ.001,train/I01_ubtktEQ.001.mp4
I01_ubtktEQ.003,train/I01_ubtktEQ.003.mp4
I01_ubtktEQ.004,train/I01_ubtktEQ.004.mp4
I01_ubtktEQ.005,train/I01_ubtktEQ.005.mp4
i1cAYtXA2Xs.002,train/i1cAYtXA2Xs.002.mp4
i1cAYtXA2Xs.003,train/i1cAYtXA2Xs.003.mp4
i1gouUmZumY.001,train/i1gouUmZumY.001.mp4
i1gouUmZumY.002,train/i1gouUmZumY.002.mp4
i1gouUmZumY.003,train/i1gouUmZumY.003.mp4
i4IVTm3uvoM.000,train/i4IVTm3uvoM.000.mp4
i4IVTm3uvoM.002,train/i4IVTm3uvoM.002.mp4
i4IVTm3uvoM.005,train/i4IVTm3uvoM.005.mp4
I53JQFtiQxM.000,train/I53JQFtiQxM.000.mp4
I5x9T9ftW18.000,train/I5x9T9ftW18.000.mp4
I5x9T9ftW18.004,train/I5x9T9ftW18.004.mp4
I5x9T9ftW18.005,train/I5x9T9ftW18.005.mp4
I8jMoBAMtVA.000,train/I8jMoBAMtVA.000.mp4
I8jMoBAMtVA.005,train/I8jMoBAMtVA.005.mp4
I_ncZcYgFjw.000,train/I_ncZcYgFjw.000.mp4
I_ncZcYgFjw.002,train/I_ncZcYgFjw.002.mp4
iaCYb7um0Lw.000,train/iaCYb7um0Lw.000.mp4
iAgu-wDe2MQ.000,train/iAgu-wDe2MQ.000.mp4
iAgu-wDe2MQ.002,train/iAgu-wDe2MQ.002.mp4
iAgu-wDe2MQ.003,train/iAgu-wDe2MQ.003.mp4
ibawV2tqKug.001,train/ibawV2tqKug.001.mp4
ibawV2tqKug.004,train/ibawV2tqKug.004.mp4
ibawV2tqKug.005,train/ibawV2tqKug.005.mp4
IBqmyEhgnHM.005,train/IBqmyEhgnHM.005.mp4
ic_LECbCm5M.002,train/ic_LECbCm5M.002.mp4
ic_LECbCm5M.004,train/ic_LECbCm5M.004.mp4
idsEawKW4X8.000,train/idsEawKW4X8.000.mp4
idsEawKW4X8.004,train/idsEawKW4X8.004.mp4
idsEawKW4X8.005,train/idsEawKW4X8.005.mp4
Ie2y_yOeKpo.004,train/Ie2y_yOeKpo.004.mp4
IFF47jVKMj8.002,train/IFF47jVKMj8.002.mp4
IFF47jVKMj8.003,train/IFF47jVKMj8.003.mp4
IFF47jVKMj8.004,train/IFF47jVKMj8.004.mp4
iFSF6v3xw_k.002,train/iFSF6v3xw_k.002.mp4
iFSF6v3xw_k.005,train/iFSF6v3xw_k.005.mp4
IFXaH_E54iA.002,train/IFXaH_E54iA.002.mp4
IFXaH_E54iA.004,train/IFXaH_E54iA.004.mp4
IFXaH_E54iA.005,train/IFXaH_E54iA.005.mp4
iGBVrJMr62U.000,train/iGBVrJMr62U.000.mp4
iGBVrJMr62U.002,train/iGBVrJMr62U.002.mp4
iGBVrJMr62U.003,train/iGBVrJMr62U.003.mp4
iGBVrJMr62U.005,train/iGBVrJMr62U.005.mp4
iGlLSkRAsJc.000,train/iGlLSkRAsJc.000.mp4
iGlLSkRAsJc.003,train/iGlLSkRAsJc.003.mp4
iGlLSkRAsJc.004,train/iGlLSkRAsJc.004.mp4
iGlLSkRAsJc.005,train/iGlLSkRAsJc.005.mp4
ihA8DzHWyiU.001,train/ihA8DzHWyiU.001.mp4
ihEFzP5S57g.000,train/ihEFzP5S57g.000.mp4
ihEFzP5S57g.003,train/ihEFzP5S57g.003.mp4
IHJn3UHXCMs.000,train/IHJn3UHXCMs.000.mp4
IHJn3UHXCMs.001,train/IHJn3UHXCMs.001.mp4
IHJn3UHXCMs.003,train/IHJn3UHXCMs.003.mp4
IHJn3UHXCMs.004,train/IHJn3UHXCMs.004.mp4
II2KVV-uLNI.000,train/II2KVV-uLNI.000.mp4
II2KVV-uLNI.001,train/II2KVV-uLNI.001.mp4
II2KVV-uLNI.002,train/II2KVV-uLNI.002.mp4
II2KVV-uLNI.003,train/II2KVV-uLNI.003.mp4
II2KVV-uLNI.004,train/II2KVV-uLNI.004.mp4
II2KVV-uLNI.005,train/II2KVV-uLNI.005.mp4
iiW_nu6JITY.001,train/iiW_nu6JITY.001.mp4
iiW_nu6JITY.002,train/iiW_nu6JITY.002.mp4
iiW_nu6JITY.004,train/iiW_nu6JITY.004.mp4
iiW_nu6JITY.005,train/iiW_nu6JITY.005.mp4
iJGHwoJKEpA.002,train/iJGHwoJKEpA.002.mp4
iJGHwoJKEpA.003,train/iJGHwoJKEpA.003.mp4
IL5VgGakSNw.000,train/IL5VgGakSNw.000.mp4
IL5VgGakSNw.003,train/IL5VgGakSNw.003.mp4
IL5VgGakSNw.005,train/IL5VgGakSNw.005.mp4
iL6lNdRS0ZU.000,train/iL6lNdRS0ZU.000.mp4
IlbODduDCb4.000,train/IlbODduDCb4.000.mp4
IlbODduDCb4.001,train/IlbODduDCb4.001.mp4
IlbODduDCb4.002,train/IlbODduDCb4.002.mp4
IlbODduDCb4.003,train/IlbODduDCb4.003.mp4
IlbODduDCb4.004,train/IlbODduDCb4.004.mp4
IlbODduDCb4.005,train/IlbODduDCb4.005.mp4
ilOi-sQo9HI.001,train/ilOi-sQo9HI.001.mp4
ilOi-sQo9HI.005,train/ilOi-sQo9HI.005.mp4
IMCEXoAkZv4.000,train/IMCEXoAkZv4.000.mp4
IMCEXoAkZv4.002,train/IMCEXoAkZv4.002.mp4
IMCEXoAkZv4.005,train/IMCEXoAkZv4.005.mp4
in-HuMgiDCE.001,train/in-HuMgiDCE.001.mp4
in-HuMgiDCE.002,train/in-HuMgiDCE.002.mp4
in-HuMgiDCE.003,train/in-HuMgiDCE.003.mp4
in-HuMgiDCE.004,train/in-HuMgiDCE.004.mp4
io0aNQE8En8.000,train/io0aNQE8En8.000.mp4
io0aNQE8En8.002,train/io0aNQE8En8.002.mp4
io0aNQE8En8.003,train/io0aNQE8En8.003.mp4
io0aNQE8En8.005,train/io0aNQE8En8.005.mp4
io8dFIfl9Go.000,train/io8dFIfl9Go.000.mp4
ioaBnmfoHgo.000,train/ioaBnmfoHgo.000.mp4
iOB65zCiOFM.001,train/iOB65zCiOFM.001.mp4
iOB65zCiOFM.003,train/iOB65zCiOFM.003.mp4
iOv0_RdVPCM.000,train/iOv0_RdVPCM.000.mp4
iOv0_RdVPCM.003,train/iOv0_RdVPCM.003.mp4
iOv0_RdVPCM.005,train/iOv0_RdVPCM.005.mp4
iPblZBQpafs.001,train/iPblZBQpafs.001.mp4
iPblZBQpafs.002,train/iPblZBQpafs.002.mp4
iPblZBQpafs.003,train/iPblZBQpafs.003.mp4
iPblZBQpafs.004,train/iPblZBQpafs.004.mp4
iPblZBQpafs.005,train/iPblZBQpafs.005.mp4
IPjl2LdPMn0.000,train/IPjl2LdPMn0.000.mp4
IPjl2LdPMn0.003,train/IPjl2LdPMn0.003.mp4
IPjl2LdPMn0.004,train/IPjl2LdPMn0.004.mp4
ipP--IqIuWU.001,train/ipP--IqIuWU.001.mp4
ipP--IqIuWU.002,train/ipP--IqIuWU.002.mp4
ipP--IqIuWU.003,train/ipP--IqIuWU.003.mp4
Iqbg3CwVpXA.004,train/Iqbg3CwVpXA.004.mp4
IQdz0Pd-L2Y.001,train/IQdz0Pd-L2Y.001.mp4
IQdz0Pd-L2Y.003,train/IQdz0Pd-L2Y.003.mp4
IQdz0Pd-L2Y.004,train/IQdz0Pd-L2Y.004.mp4
IQdz0Pd-L2Y.005,train/IQdz0Pd-L2Y.005.mp4
IQNNEfYYYiw.005,train/IQNNEfYYYiw.005.mp4
iqs7mZbg5UI.001,train/iqs7mZbg5UI.001.mp4
iqs7mZbg5UI.005,train/iqs7mZbg5UI.005.mp4
iQvoDdxt06M.000,train/iQvoDdxt06M.000.mp4
iQvoDdxt06M.003,train/iQvoDdxt06M.003.mp4
iQvoDdxt06M.005,train/iQvoDdxt06M.005.mp4
isaP2l3rlBQ.001,train/isaP2l3rlBQ.001.mp4
isqmQc9AfBc.000,train/isqmQc9AfBc.000.mp4
isqmQc9AfBc.001,train/isqmQc9AfBc.001.mp4
isqmQc9AfBc.003,train/isqmQc9AfBc.003.mp4
isqmQc9AfBc.005,train/isqmQc9AfBc.005.mp4
It0-yCwOc5k.000,train/It0-yCwOc5k.000.mp4
It0-yCwOc5k.002,train/It0-yCwOc5k.002.mp4
It0-yCwOc5k.003,train/It0-yCwOc5k.003.mp4
ItkIHtgVhIk.000,train/ItkIHtgVhIk.000.mp4
ItkIHtgVhIk.001,train/ItkIHtgVhIk.001.mp4
ItkIHtgVhIk.004,train/ItkIHtgVhIk.004.mp4
iuiuZuWtEH8.001,train/iuiuZuWtEH8.001.mp4
IV01x2GS61g.000,train/IV01x2GS61g.000.mp4
ivcVlDXJCDo.000,train/ivcVlDXJCDo.000.mp4
ivcVlDXJCDo.001,train/ivcVlDXJCDo.001.mp4
ivcVlDXJCDo.002,train/ivcVlDXJCDo.002.mp4
ivecmGb711M.001,train/ivecmGb711M.001.mp4
IveGfOJ86wY.000,train/IveGfOJ86wY.000.mp4
IveGfOJ86wY.001,train/IveGfOJ86wY.001.mp4
IveGfOJ86wY.002,train/IveGfOJ86wY.002.mp4
IveGfOJ86wY.004,train/IveGfOJ86wY.004.mp4
ivpw58MIRtQ.003,train/ivpw58MIRtQ.003.mp4
ivpw58MIRtQ.005,train/ivpw58MIRtQ.005.mp4
iW1t-ZiG2rc.000,train/iW1t-ZiG2rc.000.mp4
iW1t-ZiG2rc.001,train/iW1t-ZiG2rc.001.mp4
IWAT58l2Chg.001,train/IWAT58l2Chg.001.mp4
IwfA-squ7Oo.000,train/IwfA-squ7Oo.000.mp4
IwfA-squ7Oo.001,train/IwfA-squ7Oo.001.mp4
IwfA-squ7Oo.002,train/IwfA-squ7Oo.002.mp4
IwfA-squ7Oo.004,train/IwfA-squ7Oo.004.mp4
IwfA-squ7Oo.005,train/IwfA-squ7Oo.005.mp4
iWyAQkMVNfM.003,train/iWyAQkMVNfM.003.mp4
iWyAQkMVNfM.004,train/iWyAQkMVNfM.004.mp4
iXaqqRE76lI.000,train/iXaqqRE76lI.000.mp4
iXaqqRE76lI.001,train/iXaqqRE76lI.001.mp4
iXaqqRE76lI.003,train/iXaqqRE76lI.003.mp4
ixkHBIX84SE.000,train/ixkHBIX84SE.000.mp4
ixPqs7L8oAE.003,train/ixPqs7L8oAE.003.mp4
ixPqs7L8oAE.004,train/ixPqs7L8oAE.004.mp4
ixPqs7L8oAE.005,train/ixPqs7L8oAE.005.mp4
IXVf5VWxOAg.000,train/IXVf5VWxOAg.000.mp4
IXVf5VWxOAg.002,train/IXVf5VWxOAg.002.mp4
IXVf5VWxOAg.003,train/IXVf5VWxOAg.003.mp4
IXVf5VWxOAg.004,train/IXVf5VWxOAg.004.mp4
IXVf5VWxOAg.005,train/IXVf5VWxOAg.005.mp4
IyBCZySg-c4.000,train/IyBCZySg-c4.000.mp4
IyBCZySg-c4.001,train/IyBCZySg-c4.001.mp4
IyBCZySg-c4.003,train/IyBCZySg-c4.003.mp4
iYVJt41_q7M.002,train/iYVJt41_q7M.002.mp4
IzKWDY_QNTU.000,train/IzKWDY_QNTU.000.mp4
izq1ogkfedI.002,train/izq1ogkfedI.002.mp4
izq1ogkfedI.004,train/izq1ogkfedI.004.mp4
izqyworQEEM.000,train/izqyworQEEM.000.mp4
izqyworQEEM.001,train/izqyworQEEM.001.mp4
izqyworQEEM.002,train/izqyworQEEM.002.mp4
IzsP0TRzFbo.002,train/IzsP0TRzFbo.002.mp4
j-XUQ3Rmq6w.001,train/j-XUQ3Rmq6w.001.mp4
j-XUQ3Rmq6w.002,train/j-XUQ3Rmq6w.002.mp4
j-XUQ3Rmq6w.003,train/j-XUQ3Rmq6w.003.mp4
j-XUQ3Rmq6w.004,train/j-XUQ3Rmq6w.004.mp4
j-XUQ3Rmq6w.005,train/j-XUQ3Rmq6w.005.mp4
j0dnDXTyUBA.001,train/j0dnDXTyUBA.001.mp4
J0I8JzMR4IE.005,train/J0I8JzMR4IE.005.mp4
J0JrzUmZGcA.001,train/J0JrzUmZGcA.001.mp4
J0JrzUmZGcA.002,train/J0JrzUmZGcA.002.mp4
J0JrzUmZGcA.003,train/J0JrzUmZGcA.003.mp4
J0JrzUmZGcA.005,train/J0JrzUmZGcA.005.mp4
j1idNSoB7tA.000,train/j1idNSoB7tA.000.mp4
J28DwJsK8Do.000,train/J28DwJsK8Do.000.mp4
J28DwJsK8Do.002,train/J28DwJsK8Do.002.mp4
J28DwJsK8Do.003,train/J28DwJsK8Do.003.mp4
J28DwJsK8Do.004,train/J28DwJsK8Do.004.mp4
J30sMEMrKjA.000,train/J30sMEMrKjA.000.mp4
J30sMEMrKjA.001,train/J30sMEMrKjA.001.mp4
J30sMEMrKjA.002,train/J30sMEMrKjA.002.mp4
j3jdT1V-DeI.000,train/j3jdT1V-DeI.000.mp4
j3jdT1V-DeI.001,train/j3jdT1V-DeI.001.mp4
j3jdT1V-DeI.002,train/j3jdT1V-DeI.002.mp4
j3jdT1V-DeI.003,train/j3jdT1V-DeI.003.mp4
j3jdT1V-DeI.004,train/j3jdT1V-DeI.004.mp4
j3jdT1V-DeI.005,train/j3jdT1V-DeI.005.mp4
J4GQm9j0JZ0.000,train/J4GQm9j0JZ0.000.mp4
J4GQm9j0JZ0.001,train/J4GQm9j0JZ0.001.mp4
J4GQm9j0JZ0.003,train/J4GQm9j0JZ0.003.mp4
J4GQm9j0JZ0.005,train/J4GQm9j0JZ0.005.mp4
j5fXaXrNPoA.000,train/j5fXaXrNPoA.000.mp4
j5fXaXrNPoA.004,train/j5fXaXrNPoA.004.mp4
j5fXaXrNPoA.005,train/j5fXaXrNPoA.005.mp4
j6d-KRDXnUI.001,train/j6d-KRDXnUI.001.mp4
J6RHl6U6Jcw.000,train/J6RHl6U6Jcw.000.mp4
j7VLzb0qw8Q.001,train/j7VLzb0qw8Q.001.mp4
j7VLzb0qw8Q.004,train/j7VLzb0qw8Q.004.mp4
J8N2OCqM6N0.001,train/J8N2OCqM6N0.001.mp4
J8YpOUmN_aI.000,train/J8YpOUmN_aI.000.mp4
J8YpOUmN_aI.001,train/J8YpOUmN_aI.001.mp4
J8YpOUmN_aI.003,train/J8YpOUmN_aI.003.mp4
J8YpOUmN_aI.005,train/J8YpOUmN_aI.005.mp4
J9MfhPoJOaw.003,train/J9MfhPoJOaw.003.mp4
J9MfhPoJOaw.004,train/J9MfhPoJOaw.004.mp4
J9WyswA0vow.001,train/J9WyswA0vow.001.mp4
J9WyswA0vow.002,train/J9WyswA0vow.002.mp4
J9WyswA0vow.003,train/J9WyswA0vow.003.mp4
jaWY130zc1U.001,train/jaWY130zc1U.001.mp4
JBdLI6AhJrw.000,train/JBdLI6AhJrw.000.mp4
JBdLI6AhJrw.001,train/JBdLI6AhJrw.001.mp4
JBdLI6AhJrw.002,train/JBdLI6AhJrw.002.mp4
JBiq9X_-r84.000,train/JBiq9X_-r84.000.mp4
JBiq9X_-r84.002,train/JBiq9X_-r84.002.mp4
JBiq9X_-r84.004,train/JBiq9X_-r84.004.mp4
JbXgnjVWEoM.002,train/JbXgnjVWEoM.002.mp4
JciLbidX1Q8.003,train/JciLbidX1Q8.003.mp4
JcNmLCtlKok.001,train/JcNmLCtlKok.001.mp4
Jcw9NZkMn6I.004,train/Jcw9NZkMn6I.004.mp4
jDdRrqRcSzM.000,train/jDdRrqRcSzM.000.mp4
jDdRrqRcSzM.001,train/jDdRrqRcSzM.001.mp4
jDdRrqRcSzM.002,train/jDdRrqRcSzM.002.mp4
jdli4DDP7XM.003,train/jdli4DDP7XM.003.mp4
jdli4DDP7XM.004,train/jdli4DDP7XM.004.mp4
jdli4DDP7XM.005,train/jdli4DDP7XM.005.mp4
JEhC58vobs4.001,train/JEhC58vobs4.001.mp4
JEualxMkaE4.002,train/JEualxMkaE4.002.mp4
JEualxMkaE4.003,train/JEualxMkaE4.003.mp4
JEualxMkaE4.004,train/JEualxMkaE4.004.mp4
Jf8lqSpAjZ8.001,train/Jf8lqSpAjZ8.001.mp4
Jf8lqSpAjZ8.002,train/Jf8lqSpAjZ8.002.mp4
Jf8lqSpAjZ8.004,train/Jf8lqSpAjZ8.004.mp4
JFKZEGDhcRs.000,train/JFKZEGDhcRs.000.mp4
JFKZEGDhcRs.001,train/JFKZEGDhcRs.001.mp4
JFKZEGDhcRs.002,train/JFKZEGDhcRs.002.mp4
JFKZEGDhcRs.003,train/JFKZEGDhcRs.003.mp4
JFKZEGDhcRs.004,train/JFKZEGDhcRs.004.mp4
JFKZEGDhcRs.005,train/JFKZEGDhcRs.005.mp4
jFx6AEw6viQ.002,train/jFx6AEw6viQ.002.mp4
jFx6AEw6viQ.004,train/jFx6AEw6viQ.004.mp4
jFx6AEw6viQ.005,train/jFx6AEw6viQ.005.mp4
jgyDXrhO3n4.000,train/jgyDXrhO3n4.000.mp4
jgyDXrhO3n4.003,train/jgyDXrhO3n4.003.mp4
Jh7Wk5fYeMk.001,train/Jh7Wk5fYeMk.001.mp4
Jh7Wk5fYeMk.002,train/Jh7Wk5fYeMk.002.mp4
JhdFmuwquHM.003,train/JhdFmuwquHM.003.mp4
Jhz5ssCKaug.001,train/Jhz5ssCKaug.001.mp4
Jhz5ssCKaug.002,train/Jhz5ssCKaug.002.mp4
Jhz5ssCKaug.003,train/Jhz5ssCKaug.003.mp4
JIR4aPcyrn8.000,train/JIR4aPcyrn8.000.mp4
JIR4aPcyrn8.001,train/JIR4aPcyrn8.001.mp4
JiXJeI5_jGM.000,train/JiXJeI5_jGM.000.mp4
JiXJeI5_jGM.002,train/JiXJeI5_jGM.002.mp4
JiXJeI5_jGM.003,train/JiXJeI5_jGM.003.mp4
JiXJeI5_jGM.005,train/JiXJeI5_jGM.005.mp4
JIYZTruMpiI.000,train/JIYZTruMpiI.000.mp4
JIYZTruMpiI.001,train/JIYZTruMpiI.001.mp4
JIYZTruMpiI.003,train/JIYZTruMpiI.003.mp4
JIYZTruMpiI.005,train/JIYZTruMpiI.005.mp4
jjFzwsootdM.000,train/jjFzwsootdM.000.mp4
jjFzwsootdM.004,train/jjFzwsootdM.004.mp4
JJs_HTelie4.002,train/JJs_HTelie4.002.mp4
JKDEEwxZwrw.001,train/JKDEEwxZwrw.001.mp4
JKDEEwxZwrw.005,train/JKDEEwxZwrw.005.mp4
jKHaHWuaU14.001,train/jKHaHWuaU14.001.mp4
jlDYn537Pd0.001,train/jlDYn537Pd0.001.mp4
jlDYn537Pd0.002,train/jlDYn537Pd0.002.mp4
jlDYn537Pd0.004,train/jlDYn537Pd0.004.mp4
jlHKgXrxCu8.000,train/jlHKgXrxCu8.000.mp4
jlHKgXrxCu8.004,train/jlHKgXrxCu8.004.mp4
JlMPF03b8SM.001,train/JlMPF03b8SM.001.mp4
JmAQlC-FEV8.003,train/JmAQlC-FEV8.003.mp4
jmbAPNTJ3Vk.002,train/jmbAPNTJ3Vk.002.mp4
jmbAPNTJ3Vk.003,train/jmbAPNTJ3Vk.003.mp4
jmbAPNTJ3Vk.005,train/jmbAPNTJ3Vk.005.mp4
Jn76eAPxjNA.002,train/Jn76eAPxjNA.002.mp4
Jn76eAPxjNA.003,train/Jn76eAPxjNA.003.mp4
Jn76eAPxjNA.005,train/Jn76eAPxjNA.005.mp4
JN_LH6fs868.005,train/JN_LH6fs868.005.mp4
jnEHHvlBgxE.002,train/jnEHHvlBgxE.002.mp4
JO44XCaQGVY.000,train/JO44XCaQGVY.000.mp4
JO44XCaQGVY.003,train/JO44XCaQGVY.003.mp4
JO44XCaQGVY.004,train/JO44XCaQGVY.004.mp4
Jog1-pYOSD0.000,train/Jog1-pYOSD0.000.mp4
Jog1-pYOSD0.001,train/Jog1-pYOSD0.001.mp4
Jog1-pYOSD0.002,train/Jog1-pYOSD0.002.mp4
Jog1-pYOSD0.003,train/Jog1-pYOSD0.003.mp4
Jog1-pYOSD0.005,train/Jog1-pYOSD0.005.mp4
jolhoLhAurM.001,train/jolhoLhAurM.001.mp4
jolhoLhAurM.002,train/jolhoLhAurM.002.mp4
jolhoLhAurM.004,train/jolhoLhAurM.004.mp4
jolhoLhAurM.005,train/jolhoLhAurM.005.mp4
joOfhNyKRjE.004,train/joOfhNyKRjE.004.mp4
JoQRNgGQCgY.000,train/JoQRNgGQCgY.000.mp4
JoQRNgGQCgY.002,train/JoQRNgGQCgY.002.mp4
JoQRNgGQCgY.003,train/JoQRNgGQCgY.003.mp4
JoQRNgGQCgY.004,train/JoQRNgGQCgY.004.mp4
jOTlJwOBSd4.002,train/jOTlJwOBSd4.002.mp4
jOTlJwOBSd4.003,train/jOTlJwOBSd4.003.mp4
jOTlJwOBSd4.004,train/jOTlJwOBSd4.004.mp4
jOTlJwOBSd4.005,train/jOTlJwOBSd4.005.mp4
Jp-Hu7yxqR8.000,train/Jp-Hu7yxqR8.000.mp4
jpbz8CA4RvI.000,train/jpbz8CA4RvI.000.mp4
jpbz8CA4RvI.004,train/jpbz8CA4RvI.004.mp4
jPpZkVzQywk.000,train/jPpZkVzQywk.000.mp4
jPpZkVzQywk.001,train/jPpZkVzQywk.001.mp4
jPpZkVzQywk.003,train/jPpZkVzQywk.003.mp4
jpPZVmzleAo.001,train/jpPZVmzleAo.001.mp4
jpPZVmzleAo.002,train/jpPZVmzleAo.002.mp4
jpRnHWTLDUs.003,train/jpRnHWTLDUs.003.mp4
jpRnHWTLDUs.005,train/jpRnHWTLDUs.005.mp4
jpyU48DzGTY.001,train/jpyU48DzGTY.001.mp4
jpyU48DzGTY.002,train/jpyU48DzGTY.002.mp4
jpyU48DzGTY.004,train/jpyU48DzGTY.004.mp4
jpyU48DzGTY.005,train/jpyU48DzGTY.005.mp4
jq1dLOVUQJA.000,train/jq1dLOVUQJA.000.mp4
jQRFHBVs0dA.004,train/jQRFHBVs0dA.004.mp4
jQRFHBVs0dA.005,train/jQRFHBVs0dA.005.mp4
Jr6GmDtvTK0.000,train/Jr6GmDtvTK0.000.mp4
jrhvXPaXo-0.000,train/jrhvXPaXo-0.000.mp4
jSw-grsJCnE.000,train/jSw-grsJCnE.000.mp4
jSw-grsJCnE.003,train/jSw-grsJCnE.003.mp4
jTkEWnuDnbA.001,train/jTkEWnuDnbA.001.mp4
jTkEWnuDnbA.002,train/jTkEWnuDnbA.002.mp4
jTkEWnuDnbA.004,train/jTkEWnuDnbA.004.mp4
JTmq4k4uQCY.000,train/JTmq4k4uQCY.000.mp4
JTmq4k4uQCY.001,train/JTmq4k4uQCY.001.mp4
JTmq4k4uQCY.002,train/JTmq4k4uQCY.002.mp4
JTmq4k4uQCY.003,train/JTmq4k4uQCY.003.mp4
ju7N5w4XZ4A.000,train/ju7N5w4XZ4A.000.mp4
ju7N5w4XZ4A.002,train/ju7N5w4XZ4A.002.mp4
jub-AHFTH_g.000,train/jub-AHFTH_g.000.mp4
Jv2lyDcOmEM.001,train/Jv2lyDcOmEM.001.mp4
Jv2lyDcOmEM.002,train/Jv2lyDcOmEM.002.mp4
Jv2lyDcOmEM.003,train/Jv2lyDcOmEM.003.mp4
Jv2lyDcOmEM.004,train/Jv2lyDcOmEM.004.mp4
Jv2lyDcOmEM.005,train/Jv2lyDcOmEM.005.mp4
jVGTEDAYWZ8.001,train/jVGTEDAYWZ8.001.mp4
jVGTEDAYWZ8.003,train/jVGTEDAYWZ8.003.mp4
jvHDFrgu9PA.005,train/jvHDFrgu9PA.005.mp4
JVzG-zy9CO0.004,train/JVzG-zy9CO0.004.mp4
jwbHWwySJW8.004,train/jwbHWwySJW8.004.mp4
jwcSbw4NDn0.002,train/jwcSbw4NDn0.002.mp4
jwcSbw4NDn0.004,train/jwcSbw4NDn0.004.mp4
jwcSbw4NDn0.005,train/jwcSbw4NDn0.005.mp4
jwPTGuWAnSI.004,train/jwPTGuWAnSI.004.mp4
jxoOEkSq0uM.001,train/jxoOEkSq0uM.001.mp4
jxt1W2WRNHQ.000,train/jxt1W2WRNHQ.000.mp4
jxt1W2WRNHQ.002,train/jxt1W2WRNHQ.002.mp4
jxt1W2WRNHQ.003,train/jxt1W2WRNHQ.003.mp4
jxt1W2WRNHQ.004,train/jxt1W2WRNHQ.004.mp4
jxt1W2WRNHQ.005,train/jxt1W2WRNHQ.005.mp4
JxxF9y61ujA.000,train/JxxF9y61ujA.000.mp4
JxxF9y61ujA.003,train/JxxF9y61ujA.003.mp4
JxxF9y61ujA.004,train/JxxF9y61ujA.004.mp4
JxxF9y61ujA.005,train/JxxF9y61ujA.005.mp4
jz9kgvYbBYA.003,train/jz9kgvYbBYA.003.mp4
jz9kgvYbBYA.005,train/jz9kgvYbBYA.005.mp4
jZDlFzVUZwY.001,train/jZDlFzVUZwY.001.mp4
jZDlFzVUZwY.002,train/jZDlFzVUZwY.002.mp4
jZDlFzVUZwY.003,train/jZDlFzVUZwY.003.mp4
jZDlFzVUZwY.005,train/jZDlFzVUZwY.005.mp4
jZhlaIUFMLc.000,train/jZhlaIUFMLc.000.mp4
jZhlaIUFMLc.001,train/jZhlaIUFMLc.001.mp4
jZhlaIUFMLc.003,train/jZhlaIUFMLc.003.mp4
jZhlaIUFMLc.004,train/jZhlaIUFMLc.004.mp4
jZhlaIUFMLc.005,train/jZhlaIUFMLc.005.mp4
jZl3Rq1MRQg.000,train/jZl3Rq1MRQg.000.mp4
jZl3Rq1MRQg.003,train/jZl3Rq1MRQg.003.mp4
JZNMxa3OKHY.005,train/JZNMxa3OKHY.005.mp4
JzXnxQDnwWE.002,train/JzXnxQDnwWE.002.mp4
K-fMyzPB7FI.005,train/K-fMyzPB7FI.005.mp4
K-iwJMxjyx4.000,train/K-iwJMxjyx4.000.mp4
K-iwJMxjyx4.001,train/K-iwJMxjyx4.001.mp4
K-iwJMxjyx4.003,train/K-iwJMxjyx4.003.mp4
K-iwJMxjyx4.004,train/K-iwJMxjyx4.004.mp4
K-iwJMxjyx4.005,train/K-iwJMxjyx4.005.mp4
K-Z_mLE8nlo.004,train/K-Z_mLE8nlo.004.mp4
k1eXxMAfnIY.005,train/k1eXxMAfnIY.005.mp4
k2buv6xZ4_o.000,train/k2buv6xZ4_o.000.mp4
k2buv6xZ4_o.001,train/k2buv6xZ4_o.001.mp4
k2buv6xZ4_o.003,train/k2buv6xZ4_o.003.mp4
k2buv6xZ4_o.004,train/k2buv6xZ4_o.004.mp4
k2buv6xZ4_o.005,train/k2buv6xZ4_o.005.mp4
K3-YXXLR0Ho.000,train/K3-YXXLR0Ho.000.mp4
k3iu-fhIkeI.000,train/k3iu-fhIkeI.000.mp4
k3iu-fhIkeI.002,train/k3iu-fhIkeI.002.mp4
k3iu-fhIkeI.003,train/k3iu-fhIkeI.003.mp4
k4eeYoHtnnI.000,train/k4eeYoHtnnI.000.mp4
k4eeYoHtnnI.001,train/k4eeYoHtnnI.001.mp4
k4eeYoHtnnI.004,train/k4eeYoHtnnI.004.mp4
k4QmzZuQl9s.003,train/k4QmzZuQl9s.003.mp4
k4QmzZuQl9s.004,train/k4QmzZuQl9s.004.mp4
K4UcCvZOxWo.001,train/K4UcCvZOxWo.001.mp4
K4UcCvZOxWo.004,train/K4UcCvZOxWo.004.mp4
K5WDz2jxtuI.000,train/K5WDz2jxtuI.000.mp4
K63T9l1xY7U.000,train/K63T9l1xY7U.000.mp4
K63T9l1xY7U.001,train/K63T9l1xY7U.001.mp4
K63T9l1xY7U.003,train/K63T9l1xY7U.003.mp4
K7vBdKrcFKo.001,train/K7vBdKrcFKo.001.mp4
k99PI3FGEj0.000,train/k99PI3FGEj0.000.mp4
K9h_wA30XgM.002,train/K9h_wA30XgM.002.mp4
K9U_Z8GdGRo.001,train/K9U_Z8GdGRo.001.mp4
K9U_Z8GdGRo.005,train/K9U_Z8GdGRo.005.mp4
K9ZTOb6PbfQ.000,train/K9ZTOb6PbfQ.000.mp4
K9ZTOb6PbfQ.004,train/K9ZTOb6PbfQ.004.mp4
kAbMWBsPKR4.000,train/kAbMWBsPKR4.000.mp4
kAbMWBsPKR4.002,train/kAbMWBsPKR4.002.mp4
KAGTaM0Z9tA.001,train/KAGTaM0Z9tA.001.mp4
KAGTaM0Z9tA.004,train/KAGTaM0Z9tA.004.mp4
KAGTaM0Z9tA.005,train/KAGTaM0Z9tA.005.mp4
KahSwziq8F0.000,train/KahSwziq8F0.000.mp4
KahSwziq8F0.001,train/KahSwziq8F0.001.mp4
KahSwziq8F0.002,train/KahSwziq8F0.002.mp4
KahSwziq8F0.003,train/KahSwziq8F0.003.mp4
KahSwziq8F0.004,train/KahSwziq8F0.004.mp4
kAjPHyfol4w.001,train/kAjPHyfol4w.001.mp4
kAjPHyfol4w.004,train/kAjPHyfol4w.004.mp4
kAjvzIWWrWA.002,train/kAjvzIWWrWA.002.mp4
kAjvzIWWrWA.003,train/kAjvzIWWrWA.003.mp4
kAjvzIWWrWA.005,train/kAjvzIWWrWA.005.mp4
kare8QF7vrE.000,train/kare8QF7vrE.000.mp4
KB09jENVJ_0.002,train/KB09jENVJ_0.002.mp4
KB09jENVJ_0.004,train/KB09jENVJ_0.004.mp4
Kbcvurfuvhk.000,train/Kbcvurfuvhk.000.mp4
Kbcvurfuvhk.002,train/Kbcvurfuvhk.002.mp4
Kbcvurfuvhk.004,train/Kbcvurfuvhk.004.mp4
kcHvO5ins50.002,train/kcHvO5ins50.002.mp4
kcHvO5ins50.003,train/kcHvO5ins50.003.mp4
KD9rExmTXcE.005,train/KD9rExmTXcE.005.mp4
kDInh1O8p5w.005,train/kDInh1O8p5w.005.mp4
kDJigDGDJTo.000,train/kDJigDGDJTo.000.mp4
kDJigDGDJTo.001,train/kDJigDGDJTo.001.mp4
kDJigDGDJTo.003,train/kDJigDGDJTo.003.mp4
kDJigDGDJTo.005,train/kDJigDGDJTo.005.mp4
KdMiQUWNByk.001,train/KdMiQUWNByk.001.mp4
kDP6_hiBR0o.002,train/kDP6_hiBR0o.002.mp4
kDP6_hiBR0o.003,train/kDP6_hiBR0o.003.mp4
kDP6_hiBR0o.005,train/kDP6_hiBR0o.005.mp4
kdPRPO3wgg0.000,train/kdPRPO3wgg0.000.mp4
kdPRPO3wgg0.001,train/kdPRPO3wgg0.001.mp4
kdPRPO3wgg0.004,train/kdPRPO3wgg0.004.mp4
KDwpjQiIfjY.000,train/KDwpjQiIfjY.000.mp4
KDwpjQiIfjY.003,train/KDwpjQiIfjY.003.mp4
KDwpjQiIfjY.005,train/KDwpjQiIfjY.005.mp4
kDXYolv-8p8.000,train/kDXYolv-8p8.000.mp4
kDXYolv-8p8.002,train/kDXYolv-8p8.002.mp4
kDXYolv-8p8.003,train/kDXYolv-8p8.003.mp4
kDXYolv-8p8.005,train/kDXYolv-8p8.005.mp4
keGXYAcUXmA.001,train/keGXYAcUXmA.001.mp4
keGXYAcUXmA.002,train/keGXYAcUXmA.002.mp4
keGXYAcUXmA.005,train/keGXYAcUXmA.005.mp4
keW8-eSiQ70.003,train/keW8-eSiQ70.003.mp4
kFak4VnRnRM.001,train/kFak4VnRnRM.001.mp4
kFak4VnRnRM.004,train/kFak4VnRnRM.004.mp4
kFak4VnRnRM.005,train/kFak4VnRnRM.005.mp4
KfurkMyjD-c.001,train/KfurkMyjD-c.001.mp4
KfurkMyjD-c.002,train/KfurkMyjD-c.002.mp4
KfurkMyjD-c.003,train/KfurkMyjD-c.003.mp4
KfurkMyjD-c.004,train/KfurkMyjD-c.004.mp4
Kga18VO9VwY.000,train/Kga18VO9VwY.000.mp4
Kga18VO9VwY.002,train/Kga18VO9VwY.002.mp4
KGRUaRe3r7I.001,train/KGRUaRe3r7I.001.mp4
KGRUaRe3r7I.002,train/KGRUaRe3r7I.002.mp4
KGRUaRe3r7I.005,train/KGRUaRe3r7I.005.mp4
khCsAN1Bk_I.000,train/khCsAN1Bk_I.000.mp4
khCsAN1Bk_I.001,train/khCsAN1Bk_I.001.mp4
khCsAN1Bk_I.002,train/khCsAN1Bk_I.002.mp4
kHK5PkwJS7Y.003,train/kHK5PkwJS7Y.003.mp4
KhMsmtSC5Lg.000,train/KhMsmtSC5Lg.000.mp4
KhMsmtSC5Lg.001,train/KhMsmtSC5Lg.001.mp4
KhMsmtSC5Lg.005,train/KhMsmtSC5Lg.005.mp4
KHQJhOzdrYo.002,train/KHQJhOzdrYo.002.mp4
KHQJhOzdrYo.003,train/KHQJhOzdrYo.003.mp4
KHQJhOzdrYo.004,train/KHQJhOzdrYo.004.mp4
KIhpjwf5uAA.000,train/KIhpjwf5uAA.000.mp4
KIhpjwf5uAA.001,train/KIhpjwf5uAA.001.mp4
KIhpjwf5uAA.002,train/KIhpjwf5uAA.002.mp4
KIhpjwf5uAA.003,train/KIhpjwf5uAA.003.mp4
KIJ9IYETe38.001,train/KIJ9IYETe38.001.mp4
KIJ9IYETe38.002,train/KIJ9IYETe38.002.mp4
KIJ9IYETe38.003,train/KIJ9IYETe38.003.mp4
KiM9P_FJVHg.004,train/KiM9P_FJVHg.004.mp4
KiM9P_FJVHg.005,train/KiM9P_FJVHg.005.mp4
KJ643kfjqLY.001,train/KJ643kfjqLY.001.mp4
KJ643kfjqLY.002,train/KJ643kfjqLY.002.mp4
KJ643kfjqLY.003,train/KJ643kfjqLY.003.mp4
kJLeYUobR0M.001,train/kJLeYUobR0M.001.mp4
KJP4SKS2vtY.000,train/KJP4SKS2vtY.000.mp4
KJP4SKS2vtY.003,train/KJP4SKS2vtY.003.mp4
kK4QL7pOrhs.002,train/kK4QL7pOrhs.002.mp4
kK4QL7pOrhs.003,train/kK4QL7pOrhs.003.mp4
kK534gUcRF4.004,train/kK534gUcRF4.004.mp4
kKRc2aXzQyM.002,train/kKRc2aXzQyM.002.mp4
kKRc2aXzQyM.004,train/kKRc2aXzQyM.004.mp4
kL-CeaXG9jM.000,train/kL-CeaXG9jM.000.mp4
kL-CeaXG9jM.001,train/kL-CeaXG9jM.001.mp4
kL-CeaXG9jM.002,train/kL-CeaXG9jM.002.mp4
kL-CeaXG9jM.004,train/kL-CeaXG9jM.004.mp4
KLY518hfGhU.000,train/KLY518hfGhU.000.mp4
KLY518hfGhU.001,train/KLY518hfGhU.001.mp4
KLY518hfGhU.004,train/KLY518hfGhU.004.mp4
KLY518hfGhU.005,train/KLY518hfGhU.005.mp4
KM6Nc_VipyQ.001,train/KM6Nc_VipyQ.001.mp4
KM6Nc_VipyQ.005,train/KM6Nc_VipyQ.005.mp4
KmHe8urs3LI.002,train/KmHe8urs3LI.002.mp4
KmHe8urs3LI.003,train/KmHe8urs3LI.003.mp4
KmHe8urs3LI.005,train/KmHe8urs3LI.005.mp4
Kmrd1MsZKmQ.000,train/Kmrd1MsZKmQ.000.mp4
Kmrd1MsZKmQ.001,train/Kmrd1MsZKmQ.001.mp4
Kmrd1MsZKmQ.002,train/Kmrd1MsZKmQ.002.mp4
Kmrd1MsZKmQ.003,train/Kmrd1MsZKmQ.003.mp4
kmV6Qtv0amA.001,train/kmV6Qtv0amA.001.mp4
kmV6Qtv0amA.003,train/kmV6Qtv0amA.003.mp4
kmV6Qtv0amA.005,train/kmV6Qtv0amA.005.mp4
kn6I8LdQFN0.004,train/kn6I8LdQFN0.004.mp4
kN9cs2nFhM4.002,train/kN9cs2nFhM4.002.mp4
kN9cs2nFhM4.003,train/kN9cs2nFhM4.003.mp4
kN9cs2nFhM4.004,train/kN9cs2nFhM4.004.mp4
kN9cs2nFhM4.005,train/kN9cs2nFhM4.005.mp4
kN_bFMVnfzY.001,train/kN_bFMVnfzY.001.mp4
KnbEca4Ibwk.000,train/KnbEca4Ibwk.000.mp4
KnbEca4Ibwk.002,train/KnbEca4Ibwk.002.mp4
KnbEca4Ibwk.005,train/KnbEca4Ibwk.005.mp4
knK0zyX8bS4.004,train/knK0zyX8bS4.004.mp4
KNOHhnRMpSw.000,train/KNOHhnRMpSw.000.mp4
KNOHhnRMpSw.001,train/KNOHhnRMpSw.001.mp4
KNOHhnRMpSw.002,train/KNOHhnRMpSw.002.mp4
KNOHhnRMpSw.003,train/KNOHhnRMpSw.003.mp4
KNOHhnRMpSw.005,train/KNOHhnRMpSw.005.mp4
knpgk7LAMb0.000,train/knpgk7LAMb0.000.mp4
knpgk7LAMb0.002,train/knpgk7LAMb0.002.mp4
knpgk7LAMb0.005,train/knpgk7LAMb0.005.mp4
KO7ZGXwPu-Y.000,train/KO7ZGXwPu-Y.000.mp4
KO7ZGXwPu-Y.002,train/KO7ZGXwPu-Y.002.mp4
kp3c66Igyr8.001,train/kp3c66Igyr8.001.mp4
kp3c66Igyr8.002,train/kp3c66Igyr8.002.mp4
kp3c66Igyr8.004,train/kp3c66Igyr8.004.mp4
kp3c66Igyr8.005,train/kp3c66Igyr8.005.mp4
kPife9TY9Pw.000,train/kPife9TY9Pw.000.mp4
kPJzHs5jclg.001,train/kPJzHs5jclg.001.mp4
KppCIwj0hC4.000,train/KppCIwj0hC4.000.mp4
KppCIwj0hC4.002,train/KppCIwj0hC4.002.mp4
KppCIwj0hC4.004,train/KppCIwj0hC4.004.mp4
kppgmuWEv-A.000,train/kppgmuWEv-A.000.mp4
kppgmuWEv-A.001,train/kppgmuWEv-A.001.mp4
kppgmuWEv-A.003,train/kppgmuWEv-A.003.mp4
kppgmuWEv-A.004,train/kppgmuWEv-A.004.mp4
kppgmuWEv-A.005,train/kppgmuWEv-A.005.mp4
KpTHRBaYny8.001,train/KpTHRBaYny8.001.mp4
KpTHRBaYny8.005,train/KpTHRBaYny8.005.mp4
Kpto8K_B-5A.002,train/Kpto8K_B-5A.002.mp4
Kpto8K_B-5A.004,train/Kpto8K_B-5A.004.mp4
Kpto8K_B-5A.005,train/Kpto8K_B-5A.005.mp4
kPXVZD3ac8s.005,train/kPXVZD3ac8s.005.mp4
Kq-c6lqGNlo.000,train/Kq-c6lqGNlo.000.mp4
Kq-c6lqGNlo.001,train/Kq-c6lqGNlo.001.mp4
Kq-c6lqGNlo.002,train/Kq-c6lqGNlo.002.mp4
Kq-c6lqGNlo.004,train/Kq-c6lqGNlo.004.mp4
Kq-c6lqGNlo.005,train/Kq-c6lqGNlo.005.mp4
kQ8HhrysfaA.003,train/kQ8HhrysfaA.003.mp4
kQ8HhrysfaA.005,train/kQ8HhrysfaA.005.mp4
KRo-x2uoHUg.003,train/KRo-x2uoHUg.003.mp4
krTAAqQ8_A8.005,train/krTAAqQ8_A8.005.mp4
ksCoS_ghDfM.000,train/ksCoS_ghDfM.000.mp4
ksCoS_ghDfM.002,train/ksCoS_ghDfM.002.mp4
kSk-rf7a1Ig.000,train/kSk-rf7a1Ig.000.mp4
kSk-rf7a1Ig.001,train/kSk-rf7a1Ig.001.mp4
kSk-rf7a1Ig.003,train/kSk-rf7a1Ig.003.mp4
KsToJAKi7xQ.000,train/KsToJAKi7xQ.000.mp4
KTdbKiGFzJY.000,train/KTdbKiGFzJY.000.mp4
KTdbKiGFzJY.003,train/KTdbKiGFzJY.003.mp4
KtY6C83o2rs.004,train/KtY6C83o2rs.004.mp4
KtY6C83o2rs.005,train/KtY6C83o2rs.005.mp4
kUpkeJDcxaE.000,train/kUpkeJDcxaE.000.mp4
kUpkeJDcxaE.002,train/kUpkeJDcxaE.002.mp4
kUpkeJDcxaE.003,train/kUpkeJDcxaE.003.mp4
kUv0BJQmKq0.000,train/kUv0BJQmKq0.000.mp4
kUv0BJQmKq0.001,train/kUv0BJQmKq0.001.mp4
kUv0BJQmKq0.002,train/kUv0BJQmKq0.002.mp4
kUv0BJQmKq0.003,train/kUv0BJQmKq0.003.mp4
Kv0kZgqZEM0.003,train/Kv0kZgqZEM0.003.mp4
Kv0kZgqZEM0.004,train/Kv0kZgqZEM0.004.mp4
kV7MFI2_ddo.000,train/kV7MFI2_ddo.000.mp4
kV7MFI2_ddo.002,train/kV7MFI2_ddo.002.mp4
kV7MFI2_ddo.005,train/kV7MFI2_ddo.005.mp4
KVepk_9iPEU.002,train/KVepk_9iPEU.002.mp4
kwcpINU9LLk.001,train/kwcpINU9LLk.001.mp4
kwcpINU9LLk.004,train/kwcpINU9LLk.004.mp4
kX-o1qmgWvc.002,train/kX-o1qmgWvc.002.mp4
kX-o1qmgWvc.004,train/kX-o1qmgWvc.004.mp4
kxlqIrk0WnY.002,train/kxlqIrk0WnY.002.mp4
KXUERmhPyr8.002,train/KXUERmhPyr8.002.mp4
KXUERmhPyr8.004,train/KXUERmhPyr8.004.mp4
KXUERmhPyr8.005,train/KXUERmhPyr8.005.mp4
kY_4WyAXxrQ.000,train/kY_4WyAXxrQ.000.mp4
kY_4WyAXxrQ.003,train/kY_4WyAXxrQ.003.mp4
kY_4WyAXxrQ.004,train/kY_4WyAXxrQ.004.mp4
KYkfjIZEScM.005,train/KYkfjIZEScM.005.mp4
kyq-X4IFMtw.001,train/kyq-X4IFMtw.001.mp4
KYvbRwTCtaU.000,train/KYvbRwTCtaU.000.mp4
KYvbRwTCtaU.001,train/KYvbRwTCtaU.001.mp4
KYvbRwTCtaU.002,train/KYvbRwTCtaU.002.mp4
KYvbRwTCtaU.003,train/KYvbRwTCtaU.003.mp4
KYvbRwTCtaU.005,train/KYvbRwTCtaU.005.mp4
KYvMsMLNGvY.005,train/KYvMsMLNGvY.005.mp4
kzDQXSGGomg.002,train/kzDQXSGGomg.002.mp4
kzDQXSGGomg.004,train/kzDQXSGGomg.004.mp4
kzDQXSGGomg.005,train/kzDQXSGGomg.005.mp4
L-C1blPD_ec.000,train/L-C1blPD_ec.000.mp4
L-C1blPD_ec.001,train/L-C1blPD_ec.001.mp4
L-C1blPD_ec.004,train/L-C1blPD_ec.004.mp4
L-C1blPD_ec.005,train/L-C1blPD_ec.005.mp4
L-rmZZP_wj8.003,train/L-rmZZP_wj8.003.mp4
L-rmZZP_wj8.004,train/L-rmZZP_wj8.004.mp4
l-WgXcGLdZk.002,train/l-WgXcGLdZk.002.mp4
l-WgXcGLdZk.003,train/l-WgXcGLdZk.003.mp4
l-WgXcGLdZk.004,train/l-WgXcGLdZk.004.mp4
l-WgXcGLdZk.005,train/l-WgXcGLdZk.005.mp4
l0qApUuiDjo.005,train/l0qApUuiDjo.005.mp4
l1L61qbiV2U.001,train/l1L61qbiV2U.001.mp4
l1V-DuJ-WgU.000,train/l1V-DuJ-WgU.000.mp4
l1V-DuJ-WgU.002,train/l1V-DuJ-WgU.002.mp4
l1V-DuJ-WgU.004,train/l1V-DuJ-WgU.004.mp4
l2YS_qsF7SQ.004,train/l2YS_qsF7SQ.004.mp4
l3IoZ_QmOQo.001,train/l3IoZ_QmOQo.001.mp4
l3IoZ_QmOQo.004,train/l3IoZ_QmOQo.004.mp4
l3MXBCviqE8.004,train/l3MXBCviqE8.004.mp4
l3RE0rN7oEg.001,train/l3RE0rN7oEg.001.mp4
l3RE0rN7oEg.003,train/l3RE0rN7oEg.003.mp4
L4Jlm0vGsvc.000,train/L4Jlm0vGsvc.000.mp4
L4Jlm0vGsvc.002,train/L4Jlm0vGsvc.002.mp4
L4Jlm0vGsvc.004,train/L4Jlm0vGsvc.004.mp4
L5kpy0SA7os.000,train/L5kpy0SA7os.000.mp4
L5kpy0SA7os.003,train/L5kpy0SA7os.003.mp4
L5kpy0SA7os.005,train/L5kpy0SA7os.005.mp4
L5PkZA1ErYY.002,train/L5PkZA1ErYY.002.mp4
L5PkZA1ErYY.005,train/L5PkZA1ErYY.005.mp4
L7HDCG2PsII.001,train/L7HDCG2PsII.001.mp4
L7HDCG2PsII.003,train/L7HDCG2PsII.003.mp4
l7U3YDIOE_s.000,train/l7U3YDIOE_s.000.mp4
l7U3YDIOE_s.003,train/l7U3YDIOE_s.003.mp4
l8weBJSCHbA.000,train/l8weBJSCHbA.000.mp4
l8weBJSCHbA.001,train/l8weBJSCHbA.001.mp4
l8weBJSCHbA.002,train/l8weBJSCHbA.002.mp4
l8weBJSCHbA.003,train/l8weBJSCHbA.003.mp4
l8weBJSCHbA.005,train/l8weBJSCHbA.005.mp4
L9sG80PI1Gw.003,train/L9sG80PI1Gw.003.mp4
L_gmlaz-0s4.001,train/L_gmlaz-0s4.001.mp4
L_gmlaz-0s4.003,train/L_gmlaz-0s4.003.mp4
L_gmlaz-0s4.005,train/L_gmlaz-0s4.005.mp4
lAJWoIcgXlU.000,train/lAJWoIcgXlU.000.mp4
lAJWoIcgXlU.001,train/lAJWoIcgXlU.001.mp4
laPGbkC87us.004,train/laPGbkC87us.004.mp4
LaxnVuOM6kE.002,train/LaxnVuOM6kE.002.mp4
lAy2z5PN80E.000,train/lAy2z5PN80E.000.mp4
lAy2z5PN80E.001,train/lAy2z5PN80E.001.mp4
LBKbubsgpE8.001,train/LBKbubsgpE8.001.mp4
LBKbubsgpE8.003,train/LBKbubsgpE8.003.mp4
LBrmHHzyIiY.000,train/LBrmHHzyIiY.000.mp4
LBrmHHzyIiY.001,train/LBrmHHzyIiY.001.mp4
LBrmHHzyIiY.002,train/LBrmHHzyIiY.002.mp4
LBrmHHzyIiY.003,train/LBrmHHzyIiY.003.mp4
LCafv-LfC3Y.000,train/LCafv-LfC3Y.000.mp4
LCafv-LfC3Y.001,train/LCafv-LfC3Y.001.mp4
LCafv-LfC3Y.003,train/LCafv-LfC3Y.003.mp4
LCafv-LfC3Y.004,train/LCafv-LfC3Y.004.mp4
lCWWjATDrRM.003,train/lCWWjATDrRM.003.mp4
ld7mBR4v3yU.001,train/ld7mBR4v3yU.001.mp4
ld7mBR4v3yU.002,train/ld7mBR4v3yU.002.mp4
ldq15dfuaLg.001,train/ldq15dfuaLg.001.mp4
LeQKH1vAVpg.001,train/LeQKH1vAVpg.001.mp4
LeQKH1vAVpg.003,train/LeQKH1vAVpg.003.mp4
LeQKH1vAVpg.004,train/LeQKH1vAVpg.004.mp4
LeQKH1vAVpg.005,train/LeQKH1vAVpg.005.mp4
lErjGxBb1Bk.002,train/lErjGxBb1Bk.002.mp4
lErjGxBb1Bk.004,train/lErjGxBb1Bk.004.mp4
leslBYwG8kc.002,train/leslBYwG8kc.002.mp4
LeuT6NgJ6N8.004,train/LeuT6NgJ6N8.004.mp4
LfvTKoMYLEE.004,train/LfvTKoMYLEE.004.mp4
LGdzP-r_G3U.001,train/LGdzP-r_G3U.001.mp4
LGdzP-r_G3U.004,train/LGdzP-r_G3U.004.mp4
LGdzP-r_G3U.005,train/LGdzP-r_G3U.005.mp4
LGgx7RVdL2Y.000,train/LGgx7RVdL2Y.000.mp4
LGgx7RVdL2Y.002,train/LGgx7RVdL2Y.002.mp4
LGgx7RVdL2Y.004,train/LGgx7RVdL2Y.004.mp4
LGgx7RVdL2Y.005,train/LGgx7RVdL2Y.005.mp4
lGIHEaCvWEA.000,train/lGIHEaCvWEA.000.mp4
LglT6Gp5oQg.003,train/LglT6Gp5oQg.003.mp4
LGPm8ok6kVo.001,train/LGPm8ok6kVo.001.mp4
LHV4HNK35pM.001,train/LHV4HNK35pM.001.mp4
LHV4HNK35pM.005,train/LHV4HNK35pM.005.mp4
liRQoL7SsPw.001,train/liRQoL7SsPw.001.mp4
Lj1WuMXFa-4.001,train/Lj1WuMXFa-4.001.mp4
Lj1WuMXFa-4.002,train/Lj1WuMXFa-4.002.mp4
Lj1WuMXFa-4.004,train/Lj1WuMXFa-4.004.mp4
lK1HFH7j93c.000,train/lK1HFH7j93c.000.mp4
Lk6Ts7y4OPY.000,train/Lk6Ts7y4OPY.000.mp4
LKBoLbWHJYI.002,train/LKBoLbWHJYI.002.mp4
LKBoLbWHJYI.003,train/LKBoLbWHJYI.003.mp4
LKc69Et2Jg8.004,train/LKc69Et2Jg8.004.mp4
lkdQjIunxSE.000,train/lkdQjIunxSE.000.mp4
lkdQjIunxSE.002,train/lkdQjIunxSE.002.mp4
lkdQjIunxSE.003,train/lkdQjIunxSE.003.mp4
lKePJbjYiy0.000,train/lKePJbjYiy0.000.mp4
lKePJbjYiy0.002,train/lKePJbjYiy0.002.mp4
lkeXyB-3Gs0.001,train/lkeXyB-3Gs0.001.mp4
LKqN07ryM5I.001,train/LKqN07ryM5I.001.mp4
LKqN07ryM5I.004,train/LKqN07ryM5I.004.mp4
LKqO2BhfAvM.002,train/LKqO2BhfAvM.002.mp4
LKvxVEI8uVA.001,train/LKvxVEI8uVA.001.mp4
LKvxVEI8uVA.004,train/LKvxVEI8uVA.004.mp4
ll_chn4R32Y.000,train/ll_chn4R32Y.000.mp4
lLKwlPLdYig.000,train/lLKwlPLdYig.000.mp4
lLKwlPLdYig.001,train/lLKwlPLdYig.001.mp4
lLObIVKYDUI.000,train/lLObIVKYDUI.000.mp4
lLObIVKYDUI.004,train/lLObIVKYDUI.004.mp4
lLObIVKYDUI.005,train/lLObIVKYDUI.005.mp4
LLP-oZfo8oE.002,train/LLP-oZfo8oE.002.mp4
LLP-oZfo8oE.003,train/LLP-oZfo8oE.003.mp4
LLP-oZfo8oE.004,train/LLP-oZfo8oE.004.mp4
LLP-oZfo8oE.005,train/LLP-oZfo8oE.005.mp4
lLWOcztaIBI.000,train/lLWOcztaIBI.000.mp4
lLWOcztaIBI.001,train/lLWOcztaIBI.001.mp4
lLWOcztaIBI.002,train/lLWOcztaIBI.002.mp4
lLWOcztaIBI.003,train/lLWOcztaIBI.003.mp4
lLWOcztaIBI.004,train/lLWOcztaIBI.004.mp4
LmA23EIaXqg.000,train/LmA23EIaXqg.000.mp4
LmA23EIaXqg.001,train/LmA23EIaXqg.001.mp4
LmA23EIaXqg.003,train/LmA23EIaXqg.003.mp4
LmA23EIaXqg.005,train/LmA23EIaXqg.005.mp4
lmz3nj1VLzY.003,train/lmz3nj1VLzY.003.mp4
lnawWqnGpMc.000,train/lnawWqnGpMc.000.mp4
lnawWqnGpMc.002,train/lnawWqnGpMc.002.mp4
lnawWqnGpMc.004,train/lnawWqnGpMc.004.mp4
lnawWqnGpMc.005,train/lnawWqnGpMc.005.mp4
lNaZ4aJaiBU.000,train/lNaZ4aJaiBU.000.mp4
LNiiKncirQA.000,train/LNiiKncirQA.000.mp4
LNM1i-a9q_A.002,train/LNM1i-a9q_A.002.mp4
LNM1i-a9q_A.004,train/LNM1i-a9q_A.004.mp4
lNY0BdE4NqY.000,train/lNY0BdE4NqY.000.mp4
lNY0BdE4NqY.004,train/lNY0BdE4NqY.004.mp4
LP5N5uPfTdA.004,train/LP5N5uPfTdA.004.mp4
LP5N5uPfTdA.005,train/LP5N5uPfTdA.005.mp4
Lq4uvcHNiy8.000,train/Lq4uvcHNiy8.000.mp4
Lq4uvcHNiy8.001,train/Lq4uvcHNiy8.001.mp4
Lq4uvcHNiy8.002,train/Lq4uvcHNiy8.002.mp4
Lq4uvcHNiy8.003,train/Lq4uvcHNiy8.003.mp4
LqtBNNM2jIw.004,train/LqtBNNM2jIw.004.mp4
LRczShwIVbM.004,train/LRczShwIVbM.004.mp4
LRczShwIVbM.005,train/LRczShwIVbM.005.mp4
LRU4jLhKaak.003,train/LRU4jLhKaak.003.mp4
LsPKxJgefks.003,train/LsPKxJgefks.003.mp4
LsPKxJgefks.004,train/LsPKxJgefks.004.mp4
LsqAIHhFpLE.002,train/LsqAIHhFpLE.002.mp4
LSqijVxP0EM.000,train/LSqijVxP0EM.000.mp4
LSqijVxP0EM.001,train/LSqijVxP0EM.001.mp4
LSqijVxP0EM.002,train/LSqijVxP0EM.002.mp4
LSqijVxP0EM.004,train/LSqijVxP0EM.004.mp4
lsVwEApsljU.003,train/lsVwEApsljU.003.mp4
lsVwEApsljU.005,train/lsVwEApsljU.005.mp4
lsXw8u4QXIU.001,train/lsXw8u4QXIU.001.mp4
Lt89YrQHF_w.002,train/Lt89YrQHF_w.002.mp4
Lt89YrQHF_w.004,train/Lt89YrQHF_w.004.mp4
Lt89YrQHF_w.005,train/Lt89YrQHF_w.005.mp4
LtBYojIGYEc.000,train/LtBYojIGYEc.000.mp4
LtBYojIGYEc.001,train/LtBYojIGYEc.001.mp4
LtBYojIGYEc.003,train/LtBYojIGYEc.003.mp4
Lu9UNCSpQZM.003,train/Lu9UNCSpQZM.003.mp4
Lu9UNCSpQZM.004,train/Lu9UNCSpQZM.004.mp4
luH2RoZW-eY.001,train/luH2RoZW-eY.001.mp4
luH2RoZW-eY.003,train/luH2RoZW-eY.003.mp4
LuLUAwn0aWU.000,train/LuLUAwn0aWU.000.mp4
LuLUAwn0aWU.001,train/LuLUAwn0aWU.001.mp4
LuLUAwn0aWU.002,train/LuLUAwn0aWU.002.mp4
LuLUAwn0aWU.003,train/LuLUAwn0aWU.003.mp4
LuLUAwn0aWU.004,train/LuLUAwn0aWU.004.mp4
LuLUAwn0aWU.005,train/LuLUAwn0aWU.005.mp4
lvae9lRUugE.000,train/lvae9lRUugE.000.mp4
lvae9lRUugE.003,train/lvae9lRUugE.003.mp4
lvae9lRUugE.004,train/lvae9lRUugE.004.mp4
lvae9lRUugE.005,train/lvae9lRUugE.005.mp4
LvpUVPQKWcQ.005,train/LvpUVPQKWcQ.005.mp4
LWO2ZhalAEY.004,train/LWO2ZhalAEY.004.mp4
LWO2ZhalAEY.005,train/LWO2ZhalAEY.005.mp4
LWylAwr9kJI.001,train/LWylAwr9kJI.001.mp4
LWylAwr9kJI.002,train/LWylAwr9kJI.002.mp4
LWylAwr9kJI.004,train/LWylAwr9kJI.004.mp4
lWz3uSk1qms.000,train/lWz3uSk1qms.000.mp4
lx6A8s_Ega8.000,train/lx6A8s_Ega8.000.mp4
lx6A8s_Ega8.003,train/lx6A8s_Ega8.003.mp4
LXmwDq89LdA.000,train/LXmwDq89LdA.000.mp4
LXmwDq89LdA.002,train/LXmwDq89LdA.002.mp4
LXmwDq89LdA.005,train/LXmwDq89LdA.005.mp4
lxnV9X8T2Zc.000,train/lxnV9X8T2Zc.000.mp4
lxnV9X8T2Zc.003,train/lxnV9X8T2Zc.003.mp4
lxnV9X8T2Zc.004,train/lxnV9X8T2Zc.004.mp4
ly_0m16694Q.000,train/ly_0m16694Q.000.mp4
ly_0m16694Q.003,train/ly_0m16694Q.003.mp4
lyznxF-Pj6g.001,train/lyznxF-Pj6g.001.mp4
lyZZSU1ziCQ.001,train/lyZZSU1ziCQ.001.mp4
lyZZSU1ziCQ.002,train/lyZZSU1ziCQ.002.mp4
lyZZSU1ziCQ.003,train/lyZZSU1ziCQ.003.mp4
lyZZSU1ziCQ.005,train/lyZZSU1ziCQ.005.mp4
Lz3hYPF6aIM.000,train/Lz3hYPF6aIM.000.mp4
Lz3hYPF6aIM.003,train/Lz3hYPF6aIM.003.mp4
Lz3hYPF6aIM.004,train/Lz3hYPF6aIM.004.mp4
Lz3hYPF6aIM.005,train/Lz3hYPF6aIM.005.mp4
Lz3suTodXQM.002,train/Lz3suTodXQM.002.mp4
Lz3suTodXQM.005,train/Lz3suTodXQM.005.mp4
LzT4m85N17o.002,train/LzT4m85N17o.002.mp4
M-SuraqmC9s.000,train/M-SuraqmC9s.000.mp4
m04e9ylCoK0.000,train/m04e9ylCoK0.000.mp4
m04e9ylCoK0.003,train/m04e9ylCoK0.003.mp4
m0iznoJi8hw.001,train/m0iznoJi8hw.001.mp4
m0iznoJi8hw.002,train/m0iznoJi8hw.002.mp4
m0iznoJi8hw.003,train/m0iznoJi8hw.003.mp4
M0O87_LiyMw.001,train/M0O87_LiyMw.001.mp4
M0O87_LiyMw.002,train/M0O87_LiyMw.002.mp4
M0O87_LiyMw.004,train/M0O87_LiyMw.004.mp4
M0O87_LiyMw.005,train/M0O87_LiyMw.005.mp4
m0tNIKbEwHE.003,train/m0tNIKbEwHE.003.mp4
m0tNIKbEwHE.004,train/m0tNIKbEwHE.004.mp4
M0U48Lm33A8.000,train/M0U48Lm33A8.000.mp4
M0U48Lm33A8.001,train/M0U48Lm33A8.001.mp4
M0U48Lm33A8.002,train/M0U48Lm33A8.002.mp4
M0U48Lm33A8.003,train/M0U48Lm33A8.003.mp4
M0U48Lm33A8.004,train/M0U48Lm33A8.004.mp4
M0U48Lm33A8.005,train/M0U48Lm33A8.005.mp4
M20gRMBy-4I.000,train/M20gRMBy-4I.000.mp4
m2uxFfpb5xU.001,train/m2uxFfpb5xU.001.mp4
m2uxFfpb5xU.005,train/m2uxFfpb5xU.005.mp4
M39PNQ8Omhc.001,train/M39PNQ8Omhc.001.mp4
M39PNQ8Omhc.005,train/M39PNQ8Omhc.005.mp4
m3z_a0l0FRk.000,train/m3z_a0l0FRk.000.mp4
m3z_a0l0FRk.002,train/m3z_a0l0FRk.002.mp4
m4-vvEeWP8s.000,train/m4-vvEeWP8s.000.mp4
m4-vvEeWP8s.001,train/m4-vvEeWP8s.001.mp4
m4-vvEeWP8s.002,train/m4-vvEeWP8s.002.mp4
m4KKYcD6CZw.002,train/m4KKYcD6CZw.002.mp4
m4KKYcD6CZw.003,train/m4KKYcD6CZw.003.mp4
m4ZmRZCv6VA.005,train/m4ZmRZCv6VA.005.mp4
m536hegSuKI.002,train/m536hegSuKI.002.mp4
m536hegSuKI.004,train/m536hegSuKI.004.mp4
M56UFrEgXnI.004,train/M56UFrEgXnI.004.mp4
M5_x5J-H2I0.001,train/M5_x5J-H2I0.001.mp4
M5_x5J-H2I0.003,train/M5_x5J-H2I0.003.mp4
m5kTITzj1bY.001,train/m5kTITzj1bY.001.mp4
m5kTITzj1bY.005,train/m5kTITzj1bY.005.mp4
m6JOFpKvkE0.001,train/m6JOFpKvkE0.001.mp4
m7zdWVDT-34.001,train/m7zdWVDT-34.001.mp4
m7zdWVDT-34.002,train/m7zdWVDT-34.002.mp4
m7zdWVDT-34.004,train/m7zdWVDT-34.004.mp4
m7zdWVDT-34.005,train/m7zdWVDT-34.005.mp4
M9nVAfSPOZ8.005,train/M9nVAfSPOZ8.005.mp4
m_2k0dL8CRM.001,train/m_2k0dL8CRM.001.mp4
m_9aygJNij8.004,train/m_9aygJNij8.004.mp4
M_OpMKBEOyU.000,train/M_OpMKBEOyU.000.mp4
M_OpMKBEOyU.001,train/M_OpMKBEOyU.001.mp4
M_OpMKBEOyU.002,train/M_OpMKBEOyU.002.mp4
M_OpMKBEOyU.003,train/M_OpMKBEOyU.003.mp4
M_OpMKBEOyU.004,train/M_OpMKBEOyU.004.mp4
maDObxiOQRo.000,train/maDObxiOQRo.000.mp4
maDObxiOQRo.003,train/maDObxiOQRo.003.mp4
MajYvFTkKnk.002,train/MajYvFTkKnk.002.mp4
MajYvFTkKnk.003,train/MajYvFTkKnk.003.mp4
MajYvFTkKnk.004,train/MajYvFTkKnk.004.mp4
MajYvFTkKnk.005,train/MajYvFTkKnk.005.mp4
mBdVuEXRlfQ.000,train/mBdVuEXRlfQ.000.mp4
mBdVuEXRlfQ.001,train/mBdVuEXRlfQ.001.mp4
MBgwyWKYWVM.002,train/MBgwyWKYWVM.002.mp4
mBJTwQsDC4M.002,train/mBJTwQsDC4M.002.mp4
mBJTwQsDC4M.003,train/mBJTwQsDC4M.003.mp4
MbufNmC0JL0.004,train/MbufNmC0JL0.004.mp4
MbunPsukPnQ.001,train/MbunPsukPnQ.001.mp4
MCr6FmFAhak.001,train/MCr6FmFAhak.001.mp4
MCr6FmFAhak.004,train/MCr6FmFAhak.004.mp4
mcxi2vtevb4.000,train/mcxi2vtevb4.000.mp4
MD9yyz-OSRs.002,train/MD9yyz-OSRs.002.mp4
MD9yyz-OSRs.004,train/MD9yyz-OSRs.004.mp4
MD9yyz-OSRs.005,train/MD9yyz-OSRs.005.mp4
MDoZUDTSayc.000,train/MDoZUDTSayc.000.mp4
MDoZUDTSayc.003,train/MDoZUDTSayc.003.mp4
me15sHPOjKo.002,train/me15sHPOjKo.002.mp4
me15sHPOjKo.005,train/me15sHPOjKo.005.mp4
Me22JENkhJA.000,train/Me22JENkhJA.000.mp4
Me22JENkhJA.005,train/Me22JENkhJA.005.mp4
me5UoRny6NU.005,train/me5UoRny6NU.005.mp4
ME6JLtAM160.001,train/ME6JLtAM160.001.mp4
mEQBB6XsJFk.001,train/mEQBB6XsJFk.001.mp4
mEQBB6XsJFk.005,train/mEQBB6XsJFk.005.mp4
merppcmY6y0.000,train/merppcmY6y0.000.mp4
merppcmY6y0.002,train/merppcmY6y0.002.mp4
merppcmY6y0.003,train/merppcmY6y0.003.mp4
merppcmY6y0.004,train/merppcmY6y0.004.mp4
mf0LqiLJYr0.001,train/mf0LqiLJYr0.001.mp4
MFGGMnNE6Q0.000,train/MFGGMnNE6Q0.000.mp4
MFGGMnNE6Q0.002,train/MFGGMnNE6Q0.002.mp4
mfGhtr0zy3k.001,train/mfGhtr0zy3k.001.mp4
mfGhtr0zy3k.002,train/mfGhtr0zy3k.002.mp4
mflgXFsGU9w.000,train/mflgXFsGU9w.000.mp4
mflgXFsGU9w.002,train/mflgXFsGU9w.002.mp4
mflgXFsGU9w.003,train/mflgXFsGU9w.003.mp4
mflgXFsGU9w.004,train/mflgXFsGU9w.004.mp4
mFz5Fbs97QA.002,train/mFz5Fbs97QA.002.mp4
mFz5Fbs97QA.003,train/mFz5Fbs97QA.003.mp4
mGWS0Akp08E.000,train/mGWS0Akp08E.000.mp4
mGWS0Akp08E.001,train/mGWS0Akp08E.001.mp4
mhF4kYTlVUE.000,train/mhF4kYTlVUE.000.mp4
mhF4kYTlVUE.001,train/mhF4kYTlVUE.001.mp4
mhF4kYTlVUE.002,train/mhF4kYTlVUE.002.mp4
mhF4kYTlVUE.003,train/mhF4kYTlVUE.003.mp4
mhF4kYTlVUE.004,train/mhF4kYTlVUE.004.mp4
mhvkJjOAjYI.004,train/mhvkJjOAjYI.004.mp4
mhvkJjOAjYI.005,train/mhvkJjOAjYI.005.mp4
MI_GQLbnoew.000,train/MI_GQLbnoew.000.mp4
MI_GQLbnoew.001,train/MI_GQLbnoew.001.mp4
mIcktEhNxRo.003,train/mIcktEhNxRo.003.mp4
mIQnQ8Nmj-c.001,train/mIQnQ8Nmj-c.001.mp4
mIQnQ8Nmj-c.005,train/mIQnQ8Nmj-c.005.mp4
mIxTz3tOgmQ.000,train/mIxTz3tOgmQ.000.mp4
MK7KveAeb6Y.000,train/MK7KveAeb6Y.000.mp4
MK7KveAeb6Y.002,train/MK7KveAeb6Y.002.mp4
MK7KveAeb6Y.004,train/MK7KveAeb6Y.004.mp4
mK8ebTJyrCI.002,train/mK8ebTJyrCI.002.mp4
mkJjaOADfj4.001,train/mkJjaOADfj4.001.mp4
mkJjaOADfj4.002,train/mkJjaOADfj4.002.mp4
mkJjaOADfj4.003,train/mkJjaOADfj4.003.mp4
mkJjaOADfj4.005,train/mkJjaOADfj4.005.mp4
mKsGK9nCTxw.000,train/mKsGK9nCTxw.000.mp4
mKsGK9nCTxw.001,train/mKsGK9nCTxw.001.mp4
MkVsl0hdphE.000,train/MkVsl0hdphE.000.mp4
MkVsl0hdphE.003,train/MkVsl0hdphE.003.mp4
mkWfG-4vvGc.000,train/mkWfG-4vvGc.000.mp4
mkWfG-4vvGc.003,train/mkWfG-4vvGc.003.mp4
mkWfG-4vvGc.004,train/mkWfG-4vvGc.004.mp4
mKWscEow1U8.000,train/mKWscEow1U8.000.mp4
mKWscEow1U8.002,train/mKWscEow1U8.002.mp4
MLCIfM5jYlI.000,train/MLCIfM5jYlI.000.mp4
mlsiYewUwO0.002,train/mlsiYewUwO0.002.mp4
mlsiYewUwO0.003,train/mlsiYewUwO0.003.mp4
mlsiYewUwO0.005,train/mlsiYewUwO0.005.mp4
mlXZQ8dO0nQ.004,train/mlXZQ8dO0nQ.004.mp4
mlXZQ8dO0nQ.005,train/mlXZQ8dO0nQ.005.mp4
mLZw7Hf8AYI.004,train/mLZw7Hf8AYI.004.mp4
mM6QbrCrdLo.000,train/mM6QbrCrdLo.000.mp4
mMNjlGNWsZA.001,train/mMNjlGNWsZA.001.mp4
mmTbHy5iftA.002,train/mmTbHy5iftA.002.mp4
MnARi5OWW9Q.000,train/MnARi5OWW9Q.000.mp4
MnARi5OWW9Q.002,train/MnARi5OWW9Q.002.mp4
mnRuiwFx_Z8.000,train/mnRuiwFx_Z8.000.mp4
mnRuiwFx_Z8.002,train/mnRuiwFx_Z8.002.mp4
mnRuiwFx_Z8.005,train/mnRuiwFx_Z8.005.mp4
modNfUPt3F4.000,train/modNfUPt3F4.000.mp4
modNfUPt3F4.005,train/modNfUPt3F4.005.mp4
MOobNUpfWiY.000,train/MOobNUpfWiY.000.mp4
MOobNUpfWiY.002,train/MOobNUpfWiY.002.mp4
MOobNUpfWiY.004,train/MOobNUpfWiY.004.mp4
MOobNUpfWiY.005,train/MOobNUpfWiY.005.mp4
MOXPVzRBDPo.002,train/MOXPVzRBDPo.002.mp4
MOXPVzRBDPo.004,train/MOXPVzRBDPo.004.mp4
mpk5Ubw2fj8.000,train/mpk5Ubw2fj8.000.mp4
mpk5Ubw2fj8.004,train/mpk5Ubw2fj8.004.mp4
mpXOSY5dW7c.000,train/mpXOSY5dW7c.000.mp4
mpXOSY5dW7c.002,train/mpXOSY5dW7c.002.mp4
mpXOSY5dW7c.004,train/mpXOSY5dW7c.004.mp4
mpXOSY5dW7c.005,train/mpXOSY5dW7c.005.mp4
mq9NNKmKYdk.000,train/mq9NNKmKYdk.000.mp4
mq9NNKmKYdk.003,train/mq9NNKmKYdk.003.mp4
mq9NNKmKYdk.004,train/mq9NNKmKYdk.004.mp4
mq9NNKmKYdk.005,train/mq9NNKmKYdk.005.mp4
mqDv8688ztg.004,train/mqDv8688ztg.004.mp4
mQpNe8f5xA8.003,train/mQpNe8f5xA8.003.mp4
mQTBqDY71dU.002,train/mQTBqDY71dU.002.mp4
MrfJ1qDJAwo.001,train/MrfJ1qDJAwo.001.mp4
MrfJ1qDJAwo.002,train/MrfJ1qDJAwo.002.mp4
MrfJ1qDJAwo.003,train/MrfJ1qDJAwo.003.mp4
MrfJ1qDJAwo.004,train/MrfJ1qDJAwo.004.mp4
MrfJ1qDJAwo.005,train/MrfJ1qDJAwo.005.mp4
mRfkHyx__4w.000,train/mRfkHyx__4w.000.mp4
mRKGI6hq4UU.003,train/mRKGI6hq4UU.003.mp4
mRKGI6hq4UU.004,train/mRKGI6hq4UU.004.mp4
MRquWhqw4Jw.000,train/MRquWhqw4Jw.000.mp4
MRquWhqw4Jw.004,train/MRquWhqw4Jw.004.mp4
MrYEK0nvnAo.001,train/MrYEK0nvnAo.001.mp4
MrYEK0nvnAo.002,train/MrYEK0nvnAo.002.mp4
MrYEK0nvnAo.003,train/MrYEK0nvnAo.003.mp4
MswJxdf-3Fc.002,train/MswJxdf-3Fc.002.mp4
MswJxdf-3Fc.005,train/MswJxdf-3Fc.005.mp4
MT3tOBpG5II.000,train/MT3tOBpG5II.000.mp4
MT3tOBpG5II.004,train/MT3tOBpG5II.004.mp4
muKwyr-hrkc.001,train/muKwyr-hrkc.001.mp4
muLgzV1gGao.001,train/muLgzV1gGao.001.mp4
muLgzV1gGao.004,train/muLgzV1gGao.004.mp4
muLgzV1gGao.005,train/muLgzV1gGao.005.mp4
MuYYY3XaJ7Q.002,train/MuYYY3XaJ7Q.002.mp4
MuYYY3XaJ7Q.003,train/MuYYY3XaJ7Q.003.mp4
MuYYY3XaJ7Q.004,train/MuYYY3XaJ7Q.004.mp4
MuYYY3XaJ7Q.005,train/MuYYY3XaJ7Q.005.mp4
MvWDky9ZaWU.000,train/MvWDky9ZaWU.000.mp4
MvWDky9ZaWU.003,train/MvWDky9ZaWU.003.mp4
MvWDky9ZaWU.005,train/MvWDky9ZaWU.005.mp4
MVwxnf6L8po.004,train/MVwxnf6L8po.004.mp4
mXaI17Dx7u0.000,train/mXaI17Dx7u0.000.mp4
mXaI17Dx7u0.001,train/mXaI17Dx7u0.001.mp4
mXaI17Dx7u0.003,train/mXaI17Dx7u0.003.mp4
mXgUV0o6a20.000,train/mXgUV0o6a20.000.mp4
mXgUV0o6a20.001,train/mXgUV0o6a20.001.mp4
mxLRr3YqgMU.000,train/mxLRr3YqgMU.000.mp4
mxLRr3YqgMU.001,train/mxLRr3YqgMU.001.mp4
mxLRr3YqgMU.004,train/mxLRr3YqgMU.004.mp4
mY1ZTvNVkSA.002,train/mY1ZTvNVkSA.002.mp4
mY1ZTvNVkSA.003,train/mY1ZTvNVkSA.003.mp4
mY1ZTvNVkSA.005,train/mY1ZTvNVkSA.005.mp4
myhEW1aZRg4.000,train/myhEW1aZRg4.000.mp4
mZ2CHgzwDt0.000,train/mZ2CHgzwDt0.000.mp4
mZ2CHgzwDt0.001,train/mZ2CHgzwDt0.001.mp4
mZ2CHgzwDt0.002,train/mZ2CHgzwDt0.002.mp4
mZ2CHgzwDt0.003,train/mZ2CHgzwDt0.003.mp4
mZ3vypXAfHg.000,train/mZ3vypXAfHg.000.mp4
mZ3vypXAfHg.003,train/mZ3vypXAfHg.003.mp4
MZkDsB04kt8.000,train/MZkDsB04kt8.000.mp4
MZkDsB04kt8.004,train/MZkDsB04kt8.004.mp4
mZQP06F94u8.003,train/mZQP06F94u8.003.mp4
mZQP06F94u8.004,train/mZQP06F94u8.004.mp4
mZzWhUI0CP0.005,train/mZzWhUI0CP0.005.mp4
n0acEDmc0mA.000,train/n0acEDmc0mA.000.mp4
N0QizgPLLbs.000,train/N0QizgPLLbs.000.mp4
N0QizgPLLbs.005,train/N0QizgPLLbs.005.mp4
N0s2M3bJkUk.002,train/N0s2M3bJkUk.002.mp4
N0s2M3bJkUk.003,train/N0s2M3bJkUk.003.mp4
N0s2M3bJkUk.005,train/N0s2M3bJkUk.005.mp4
N0UweTwwQqQ.000,train/N0UweTwwQqQ.000.mp4
N1ZOAktFbI0.001,train/N1ZOAktFbI0.001.mp4
N1ZOAktFbI0.002,train/N1ZOAktFbI0.002.mp4
N1ZOAktFbI0.004,train/N1ZOAktFbI0.004.mp4
n2BuwHbdilY.002,train/n2BuwHbdilY.002.mp4
n4NkVZ1_dfk.000,train/n4NkVZ1_dfk.000.mp4
n4NkVZ1_dfk.003,train/n4NkVZ1_dfk.003.mp4
n4NkVZ1_dfk.004,train/n4NkVZ1_dfk.004.mp4
n4NkVZ1_dfk.005,train/n4NkVZ1_dfk.005.mp4
N4tuu9aCXkw.003,train/N4tuu9aCXkw.003.mp4
N4tuu9aCXkw.004,train/N4tuu9aCXkw.004.mp4
n5Jeeqfj2_U.000,train/n5Jeeqfj2_U.000.mp4
n5Jeeqfj2_U.005,train/n5Jeeqfj2_U.005.mp4
N5nIQZMW_ig.003,train/N5nIQZMW_ig.003.mp4
n6JNJurop2U.000,train/n6JNJurop2U.000.mp4
n6JNJurop2U.003,train/n6JNJurop2U.003.mp4
N7oR6_oMBFk.000,train/N7oR6_oMBFk.000.mp4
N7oR6_oMBFk.004,train/N7oR6_oMBFk.004.mp4
n8IiQJyqjiE.000,train/n8IiQJyqjiE.000.mp4
n8IiQJyqjiE.001,train/n8IiQJyqjiE.001.mp4
n8IiQJyqjiE.003,train/n8IiQJyqjiE.003.mp4
n8IiQJyqjiE.004,train/n8IiQJyqjiE.004.mp4
n_4vw3RKaog.002,train/n_4vw3RKaog.002.mp4
N_PICgkFxAM.002,train/N_PICgkFxAM.002.mp4
naAGy30bnwA.000,train/naAGy30bnwA.000.mp4
naAGy30bnwA.005,train/naAGy30bnwA.005.mp4
nB-fPmvZg3U.005,train/nB-fPmvZg3U.005.mp4
NBacfF-K2eQ.000,train/NBacfF-K2eQ.000.mp4
NBacfF-K2eQ.001,train/NBacfF-K2eQ.001.mp4
NBacfF-K2eQ.004,train/NBacfF-K2eQ.004.mp4
nBjBfN9SbpM.001,train/nBjBfN9SbpM.001.mp4
nBjBfN9SbpM.002,train/nBjBfN9SbpM.002.mp4
nBjBfN9SbpM.003,train/nBjBfN9SbpM.003.mp4
nBjBfN9SbpM.004,train/nBjBfN9SbpM.004.mp4
nBjBfN9SbpM.005,train/nBjBfN9SbpM.005.mp4
nCc8XfmSvf8.001,train/nCc8XfmSvf8.001.mp4
nClvfVFYzbM.000,train/nClvfVFYzbM.000.mp4
nClvfVFYzbM.003,train/nClvfVFYzbM.003.mp4
nClvfVFYzbM.005,train/nClvfVFYzbM.005.mp4
NCm736FngNo.000,train/NCm736FngNo.000.mp4
ncmnmmmWEpU.000,train/ncmnmmmWEpU.000.mp4
ncmnmmmWEpU.004,train/ncmnmmmWEpU.004.mp4
ncmnmmmWEpU.005,train/ncmnmmmWEpU.005.mp4
nCWEEoJfjgE.000,train/nCWEEoJfjgE.000.mp4
nCWEEoJfjgE.002,train/nCWEEoJfjgE.002.mp4
nCWEEoJfjgE.004,train/nCWEEoJfjgE.004.mp4
nCWEEoJfjgE.005,train/nCWEEoJfjgE.005.mp4
NdAJGXf8aos.002,train/NdAJGXf8aos.002.mp4
NdAJGXf8aos.005,train/NdAJGXf8aos.005.mp4
NDBCrVvp0Vg.000,train/NDBCrVvp0Vg.000.mp4
NDBCrVvp0Vg.003,train/NDBCrVvp0Vg.003.mp4
NDC375coN1o.001,train/NDC375coN1o.001.mp4
NDC375coN1o.002,train/NDC375coN1o.002.mp4
NDC375coN1o.005,train/NDC375coN1o.005.mp4
nDcl8Jo2tYg.002,train/nDcl8Jo2tYg.002.mp4
ndLtwmvPpr8.000,train/ndLtwmvPpr8.000.mp4
ndLtwmvPpr8.003,train/ndLtwmvPpr8.003.mp4
nDsTSmE73M0.000,train/nDsTSmE73M0.000.mp4
nDsTSmE73M0.005,train/nDsTSmE73M0.005.mp4
nEm44UpCKmA.000,train/nEm44UpCKmA.000.mp4
nex61B854Ms.003,train/nex61B854Ms.003.mp4
nex61B854Ms.004,train/nex61B854Ms.004.mp4
nex61B854Ms.005,train/nex61B854Ms.005.mp4
NF8nb3SQPNg.002,train/NF8nb3SQPNg.002.mp4
NFAlff6GUpA.000,train/NFAlff6GUpA.000.mp4
NFAlff6GUpA.003,train/NFAlff6GUpA.003.mp4
NFAlff6GUpA.005,train/NFAlff6GUpA.005.mp4
nfEhF5GBQpo.000,train/nfEhF5GBQpo.000.mp4
nfN9qJSVank.000,train/nfN9qJSVank.000.mp4
nfN9qJSVank.002,train/nfN9qJSVank.002.mp4
nfN9qJSVank.003,train/nfN9qJSVank.003.mp4
nfN9qJSVank.004,train/nfN9qJSVank.004.mp4
nfN9qJSVank.005,train/nfN9qJSVank.005.mp4
nFP7EEgz0Xg.002,train/nFP7EEgz0Xg.002.mp4
Ng2E0E5tiZQ.003,train/Ng2E0E5tiZQ.003.mp4
Ng2E0E5tiZQ.005,train/Ng2E0E5tiZQ.005.mp4
ng42eoHytOA.001,train/ng42eoHytOA.001.mp4
ng42eoHytOA.002,train/ng42eoHytOA.002.mp4
ng42eoHytOA.003,train/ng42eoHytOA.003.mp4
ng42eoHytOA.005,train/ng42eoHytOA.005.mp4
NG8qWulkRM4.000,train/NG8qWulkRM4.000.mp4
NG8qWulkRM4.001,train/NG8qWulkRM4.001.mp4
NG8qWulkRM4.002,train/NG8qWulkRM4.002.mp4
NG8qWulkRM4.005,train/NG8qWulkRM4.005.mp4
nGe8dIc-ecc.000,train/nGe8dIc-ecc.000.mp4
nGe8dIc-ecc.002,train/nGe8dIc-ecc.002.mp4
nGe8dIc-ecc.003,train/nGe8dIc-ecc.003.mp4
nGe8dIc-ecc.005,train/nGe8dIc-ecc.005.mp4
nGGtTu6dSJE.000,train/nGGtTu6dSJE.000.mp4
nghDz0el8iI.000,train/nghDz0el8iI.000.mp4
nghDz0el8iI.001,train/nghDz0el8iI.001.mp4
NhyVkwcZbTA.002,train/NhyVkwcZbTA.002.mp4
NhyVkwcZbTA.003,train/NhyVkwcZbTA.003.mp4
NhyVkwcZbTA.004,train/NhyVkwcZbTA.004.mp4
NhyVkwcZbTA.005,train/NhyVkwcZbTA.005.mp4
NI-tZF3gfes.002,train/NI-tZF3gfes.002.mp4
NI-tZF3gfes.003,train/NI-tZF3gfes.003.mp4
NI-tZF3gfes.004,train/NI-tZF3gfes.004.mp4
nI6qUE8N8hk.000,train/nI6qUE8N8hk.000.mp4
nIwFocnmRFY.000,train/nIwFocnmRFY.000.mp4
nIwFocnmRFY.003,train/nIwFocnmRFY.003.mp4
niWi1hcuSmo.005,train/niWi1hcuSmo.005.mp4
NkFJuN8fBDU.000,train/NkFJuN8fBDU.000.mp4
NkFJuN8fBDU.001,train/NkFJuN8fBDU.001.mp4
NkFJuN8fBDU.004,train/NkFJuN8fBDU.004.mp4
nKLhatlbqEw.000,train/nKLhatlbqEw.000.mp4
nKLhatlbqEw.001,train/nKLhatlbqEw.001.mp4
nKLhatlbqEw.002,train/nKLhatlbqEw.002.mp4
nKLhatlbqEw.005,train/nKLhatlbqEw.005.mp4
nkmYbzMmrYw.001,train/nkmYbzMmrYw.001.mp4
nkmYbzMmrYw.003,train/nkmYbzMmrYw.003.mp4
nkmYbzMmrYw.004,train/nkmYbzMmrYw.004.mp4
nKx64KH7Xks.001,train/nKx64KH7Xks.001.mp4
nKx64KH7Xks.002,train/nKx64KH7Xks.002.mp4
nKx64KH7Xks.003,train/nKx64KH7Xks.003.mp4
nKx64KH7Xks.004,train/nKx64KH7Xks.004.mp4
nKx64KH7Xks.005,train/nKx64KH7Xks.005.mp4
nLB29nx1Jp4.001,train/nLB29nx1Jp4.001.mp4
nlIrqbcvqLk.001,train/nlIrqbcvqLk.001.mp4
nLuAoNAOGcQ.000,train/nLuAoNAOGcQ.000.mp4
nmZRXxKPPuQ.002,train/nmZRXxKPPuQ.002.mp4
nmZRXxKPPuQ.005,train/nmZRXxKPPuQ.005.mp4
nndDX4RgU1w.000,train/nndDX4RgU1w.000.mp4
nOCSTnpB_F4.001,train/nOCSTnpB_F4.001.mp4
nOCSTnpB_F4.002,train/nOCSTnpB_F4.002.mp4
noepjVnUVFY.000,train/noepjVnUVFY.000.mp4
noepjVnUVFY.001,train/noepjVnUVFY.001.mp4
nOFHZ_s7Et4.001,train/nOFHZ_s7Et4.001.mp4
nOFHZ_s7Et4.005,train/nOFHZ_s7Et4.005.mp4
NoHext7JXYU.000,train/NoHext7JXYU.000.mp4
NoHext7JXYU.003,train/NoHext7JXYU.003.mp4
NOrjfF0-pQ4.004,train/NOrjfF0-pQ4.004.mp4
NOrjfF0-pQ4.005,train/NOrjfF0-pQ4.005.mp4
NpiglwrZzsA.001,train/NpiglwrZzsA.001.mp4
NpiglwrZzsA.002,train/NpiglwrZzsA.002.mp4
NpiglwrZzsA.004,train/NpiglwrZzsA.004.mp4
nQtiqrceBhg.001,train/nQtiqrceBhg.001.mp4
nQtiqrceBhg.003,train/nQtiqrceBhg.003.mp4
nQxTTYWy7pA.001,train/nQxTTYWy7pA.001.mp4
nQxTTYWy7pA.002,train/nQxTTYWy7pA.002.mp4
nR0h3WFbPfA.000,train/nR0h3WFbPfA.000.mp4
nR0h3WFbPfA.001,train/nR0h3WFbPfA.001.mp4
nR0h3WFbPfA.003,train/nR0h3WFbPfA.003.mp4
nR0h3WFbPfA.004,train/nR0h3WFbPfA.004.mp4
nskJh7v6v1U.002,train/nskJh7v6v1U.002.mp4
nskJh7v6v1U.004,train/nskJh7v6v1U.004.mp4
nskJh7v6v1U.005,train/nskJh7v6v1U.005.mp4
NTATNIs2sSc.001,train/NTATNIs2sSc.001.mp4
NTSMogqhvBg.001,train/NTSMogqhvBg.001.mp4
NTSMogqhvBg.002,train/NTSMogqhvBg.002.mp4
NTxMChSejQE.001,train/NTxMChSejQE.001.mp4
nUazOUcW_AM.004,train/nUazOUcW_AM.004.mp4
nUazOUcW_AM.005,train/nUazOUcW_AM.005.mp4
nUbhRInpVbA.001,train/nUbhRInpVbA.001.mp4
nUbhRInpVbA.004,train/nUbhRInpVbA.004.mp4
nUbhRInpVbA.005,train/nUbhRInpVbA.005.mp4
Nv0-x4K9YFI.000,train/Nv0-x4K9YFI.000.mp4
Nv0-x4K9YFI.001,train/Nv0-x4K9YFI.001.mp4
Nv0-x4K9YFI.002,train/Nv0-x4K9YFI.002.mp4
Nv0-x4K9YFI.004,train/Nv0-x4K9YFI.004.mp4
Nv0-x4K9YFI.005,train/Nv0-x4K9YFI.005.mp4
NvJ4jRPUuS0.001,train/NvJ4jRPUuS0.001.mp4
nvlqJbHk_Lc.000,train/nvlqJbHk_Lc.000.mp4
NVvKBE5FTMk.005,train/NVvKBE5FTMk.005.mp4
NvwD448H-40.001,train/NvwD448H-40.001.mp4
NWlCdMyKlE0.000,train/NWlCdMyKlE0.000.mp4
NWlCdMyKlE0.001,train/NWlCdMyKlE0.001.mp4
NWlCdMyKlE0.002,train/NWlCdMyKlE0.002.mp4
NWlCdMyKlE0.003,train/NWlCdMyKlE0.003.mp4
NXG4n1pr4Ok.001,train/NXG4n1pr4Ok.001.mp4
NXG4n1pr4Ok.002,train/NXG4n1pr4Ok.002.mp4
NXG4n1pr4Ok.004,train/NXG4n1pr4Ok.004.mp4
NYlFsljF0VM.003,train/NYlFsljF0VM.003.mp4
NYlFsljF0VM.005,train/NYlFsljF0VM.005.mp4
nZC82V87Pm0.002,train/nZC82V87Pm0.002.mp4
nZC82V87Pm0.004,train/nZC82V87Pm0.004.mp4
nZC82V87Pm0.005,train/nZC82V87Pm0.005.mp4
NzCflfxgvwo.003,train/NzCflfxgvwo.003.mp4
NZXtEENlWL4.003,train/NZXtEENlWL4.003.mp4
nZz1hK90gwA.002,train/nZz1hK90gwA.002.mp4
nZz1hK90gwA.003,train/nZz1hK90gwA.003.mp4
nZz1hK90gwA.004,train/nZz1hK90gwA.004.mp4
o-fNF5QVMNo.004,train/o-fNF5QVMNo.004.mp4
o-fNF5QVMNo.005,train/o-fNF5QVMNo.005.mp4
o0zIPrIQY4o.005,train/o0zIPrIQY4o.005.mp4
O14mSiNfYDo.001,train/O14mSiNfYDo.001.mp4
O14mSiNfYDo.002,train/O14mSiNfYDo.002.mp4
O14mSiNfYDo.005,train/O14mSiNfYDo.005.mp4
o1mTIo1vPas.000,train/o1mTIo1vPas.000.mp4
o2iolmvadac.002,train/o2iolmvadac.002.mp4
O2J_3ScUCUQ.004,train/O2J_3ScUCUQ.004.mp4
o2lu6rkd5-Y.001,train/o2lu6rkd5-Y.001.mp4
o2lu6rkd5-Y.004,train/o2lu6rkd5-Y.004.mp4
O2wMPdp2-Is.002,train/O2wMPdp2-Is.002.mp4
o2wtRccAgjE.003,train/o2wtRccAgjE.003.mp4
O3_j0d7mq7k.001,train/O3_j0d7mq7k.001.mp4
O3_j0d7mq7k.002,train/O3_j0d7mq7k.002.mp4
O3_j0d7mq7k.004,train/O3_j0d7mq7k.004.mp4
o5eCmKiomvo.001,train/o5eCmKiomvo.001.mp4
o5eCmKiomvo.002,train/o5eCmKiomvo.002.mp4
o6JCQlOC3oE.002,train/o6JCQlOC3oE.002.mp4
O7h-kf7hPIU.001,train/O7h-kf7hPIU.001.mp4
O7h-kf7hPIU.005,train/O7h-kf7hPIU.005.mp4
o7J2fWIJndQ.005,train/o7J2fWIJndQ.005.mp4
O7ke1Wjb1ZM.003,train/O7ke1Wjb1ZM.003.mp4
O8L2pHEIcuo.004,train/O8L2pHEIcuo.004.mp4
o_kTWEEjtyw.001,train/o_kTWEEjtyw.001.mp4
o_kTWEEjtyw.003,train/o_kTWEEjtyw.003.mp4
o_kTWEEjtyw.005,train/o_kTWEEjtyw.005.mp4
OACoHiwOdXQ.002,train/OACoHiwOdXQ.002.mp4
OACoHiwOdXQ.003,train/OACoHiwOdXQ.003.mp4
OACoHiwOdXQ.005,train/OACoHiwOdXQ.005.mp4
oANKg9_grdA.004,train/oANKg9_grdA.004.mp4
oBE9f5xD9rk.000,train/oBE9f5xD9rk.000.mp4
oBE9f5xD9rk.002,train/oBE9f5xD9rk.002.mp4
oBE9f5xD9rk.004,train/oBE9f5xD9rk.004.mp4
oBE9f5xD9rk.005,train/oBE9f5xD9rk.005.mp4
obr7ktzX8w8.001,train/obr7ktzX8w8.001.mp4
obr7ktzX8w8.003,train/obr7ktzX8w8.003.mp4
obr7ktzX8w8.004,train/obr7ktzX8w8.004.mp4
oC-qxnrmJws.000,train/oC-qxnrmJws.000.mp4
oC-qxnrmJws.002,train/oC-qxnrmJws.002.mp4
oC-qxnrmJws.003,train/oC-qxnrmJws.003.mp4
oC-qxnrmJws.005,train/oC-qxnrmJws.005.mp4
oCb9DK3M1DU.000,train/oCb9DK3M1DU.000.mp4
oCb9DK3M1DU.001,train/oCb9DK3M1DU.001.mp4
oCb9DK3M1DU.002,train/oCb9DK3M1DU.002.mp4
oCb9DK3M1DU.003,train/oCb9DK3M1DU.003.mp4
oCb9DK3M1DU.004,train/oCb9DK3M1DU.004.mp4
oCb9DK3M1DU.005,train/oCb9DK3M1DU.005.mp4
OckL7z_nBGg.002,train/OckL7z_nBGg.002.mp4
OckL7z_nBGg.003,train/OckL7z_nBGg.003.mp4
OckL7z_nBGg.004,train/OckL7z_nBGg.004.mp4
OckL7z_nBGg.005,train/OckL7z_nBGg.005.mp4
OCMseWyLuBQ.001,train/OCMseWyLuBQ.001.mp4
oCN_9daCssU.002,train/oCN_9daCssU.002.mp4
OcS4H_dFeOc.001,train/OcS4H_dFeOc.001.mp4
OD3cfWeJaOY.003,train/OD3cfWeJaOY.003.mp4
OD3cfWeJaOY.004,train/OD3cfWeJaOY.004.mp4
OD3cfWeJaOY.005,train/OD3cfWeJaOY.005.mp4
OD_gyCYpR8U.002,train/OD_gyCYpR8U.002.mp4
ODDGS0hTcUc.000,train/ODDGS0hTcUc.000.mp4
ODDGS0hTcUc.001,train/ODDGS0hTcUc.001.mp4
ODDGS0hTcUc.004,train/ODDGS0hTcUc.004.mp4
odHogR_36Dc.000,train/odHogR_36Dc.000.mp4
odHogR_36Dc.002,train/odHogR_36Dc.002.mp4
odHogR_36Dc.003,train/odHogR_36Dc.003.mp4
oDOoG0vX-7U.005,train/oDOoG0vX-7U.005.mp4
odRqijkG28U.000,train/odRqijkG28U.000.mp4
odRqijkG28U.001,train/odRqijkG28U.001.mp4
odRqijkG28U.004,train/odRqijkG28U.004.mp4
OdwK_oMdfSU.000,train/OdwK_oMdfSU.000.mp4
OdwK_oMdfSU.002,train/OdwK_oMdfSU.002.mp4
OdwK_oMdfSU.003,train/OdwK_oMdfSU.003.mp4
OdwK_oMdfSU.005,train/OdwK_oMdfSU.005.mp4
oe1PZxExhzc.001,train/oe1PZxExhzc.001.mp4
oe1PZxExhzc.003,train/oe1PZxExhzc.003.mp4
oe6q_ZByIxQ.000,train/oe6q_ZByIxQ.000.mp4
Oe7ItP7gS4w.000,train/Oe7ItP7gS4w.000.mp4
Oe7ItP7gS4w.002,train/Oe7ItP7gS4w.002.mp4
Oe7ItP7gS4w.004,train/Oe7ItP7gS4w.004.mp4
OeGMd58Wgsk.000,train/OeGMd58Wgsk.000.mp4
OeGMd58Wgsk.003,train/OeGMd58Wgsk.003.mp4
OEKg-Tvwcbk.000,train/OEKg-Tvwcbk.000.mp4
OEKg-Tvwcbk.003,train/OEKg-Tvwcbk.003.mp4
OeT6Skotv7g.004,train/OeT6Skotv7g.004.mp4
oG84VxrGfj0.001,train/oG84VxrGfj0.001.mp4
og8vtyRh_bc.000,train/og8vtyRh_bc.000.mp4
og8vtyRh_bc.001,train/og8vtyRh_bc.001.mp4
og8vtyRh_bc.003,train/og8vtyRh_bc.003.mp4
oGa05H9UXxU.002,train/oGa05H9UXxU.002.mp4
oGa05H9UXxU.004,train/oGa05H9UXxU.004.mp4
OgPC4wnLJR0.001,train/OgPC4wnLJR0.001.mp4
OgPC4wnLJR0.002,train/OgPC4wnLJR0.002.mp4
OgPC4wnLJR0.003,train/OgPC4wnLJR0.003.mp4
OgPC4wnLJR0.004,train/OgPC4wnLJR0.004.mp4
OgPC4wnLJR0.005,train/OgPC4wnLJR0.005.mp4
ogSLrHVeqLI.003,train/ogSLrHVeqLI.003.mp4
OhHg1lyxe4I.000,train/OhHg1lyxe4I.000.mp4
OhHg1lyxe4I.001,train/OhHg1lyxe4I.001.mp4
OhHg1lyxe4I.002,train/OhHg1lyxe4I.002.mp4
oHudDVcT5Lg.002,train/oHudDVcT5Lg.002.mp4
oHudDVcT5Lg.004,train/oHudDVcT5Lg.004.mp4
oHudDVcT5Lg.005,train/oHudDVcT5Lg.005.mp4
OIRq4d8IyKc.002,train/OIRq4d8IyKc.002.mp4
OIRq4d8IyKc.003,train/OIRq4d8IyKc.003.mp4
oJPdfhG4hT0.001,train/oJPdfhG4hT0.001.mp4
oJPdfhG4hT0.002,train/oJPdfhG4hT0.002.mp4
okdZnQbLnf8.001,train/okdZnQbLnf8.001.mp4
okdZnQbLnf8.002,train/okdZnQbLnf8.002.mp4
okdZnQbLnf8.004,train/okdZnQbLnf8.004.mp4
okl467xvgOw.001,train/okl467xvgOw.001.mp4
okSmKH2k5lE.002,train/okSmKH2k5lE.002.mp4
OLFhKCgexRU.000,train/OLFhKCgexRU.000.mp4
OLFhKCgexRU.001,train/OLFhKCgexRU.001.mp4
OLFhKCgexRU.002,train/OLFhKCgexRU.002.mp4
OLFhKCgexRU.004,train/OLFhKCgexRU.004.mp4
oLO05QNhhGg.000,train/oLO05QNhhGg.000.mp4
oLO05QNhhGg.001,train/oLO05QNhhGg.001.mp4
oLO05QNhhGg.002,train/oLO05QNhhGg.002.mp4
oLO05QNhhGg.003,train/oLO05QNhhGg.003.mp4
oLO05QNhhGg.004,train/oLO05QNhhGg.004.mp4
oLO05QNhhGg.005,train/oLO05QNhhGg.005.mp4
om-9kFEKJIs.000,train/om-9kFEKJIs.000.mp4
om-9kFEKJIs.001,train/om-9kFEKJIs.001.mp4
om-9kFEKJIs.004,train/om-9kFEKJIs.004.mp4
omeHsKF7InA.000,train/omeHsKF7InA.000.mp4
omeHsKF7InA.001,train/omeHsKF7InA.001.mp4
OMHlfDF99Mw.000,train/OMHlfDF99Mw.000.mp4
OMHlfDF99Mw.003,train/OMHlfDF99Mw.003.mp4
OMHlfDF99Mw.004,train/OMHlfDF99Mw.004.mp4
omQ5CGXJKS8.001,train/omQ5CGXJKS8.001.mp4
omQ5CGXJKS8.002,train/omQ5CGXJKS8.002.mp4
OmXuhT4yJpo.000,train/OmXuhT4yJpo.000.mp4
OmXuhT4yJpo.005,train/OmXuhT4yJpo.005.mp4
On2c_8sU8Vw.001,train/On2c_8sU8Vw.001.mp4
On2c_8sU8Vw.002,train/On2c_8sU8Vw.002.mp4
On2c_8sU8Vw.004,train/On2c_8sU8Vw.004.mp4
onbyz01BC_Y.003,train/onbyz01BC_Y.003.mp4
OovRk5U9_GY.000,train/OovRk5U9_GY.000.mp4
OovRk5U9_GY.004,train/OovRk5U9_GY.004.mp4
OoxYhDbzWwg.002,train/OoxYhDbzWwg.002.mp4
OoxYhDbzWwg.005,train/OoxYhDbzWwg.005.mp4
opEoJBrcmbI.001,train/opEoJBrcmbI.001.mp4
opEoJBrcmbI.002,train/opEoJBrcmbI.002.mp4
opEoJBrcmbI.003,train/opEoJBrcmbI.003.mp4
opEoJBrcmbI.005,train/opEoJBrcmbI.005.mp4
opqoflph5ZE.004,train/opqoflph5ZE.004.mp4
opyTSeVCYtE.002,train/opyTSeVCYtE.002.mp4
opyTSeVCYtE.003,train/opyTSeVCYtE.003.mp4
opyTSeVCYtE.005,train/opyTSeVCYtE.005.mp4
oq_v2yocx34.004,train/oq_v2yocx34.004.mp4
oQOvtrP52As.002,train/oQOvtrP52As.002.mp4
oqXx6ipHfUE.000,train/oqXx6ipHfUE.000.mp4
oqXx6ipHfUE.005,train/oqXx6ipHfUE.005.mp4
Or2_bP4lWYI.000,train/Or2_bP4lWYI.000.mp4
Or2_bP4lWYI.001,train/Or2_bP4lWYI.001.mp4
Or2_bP4lWYI.002,train/Or2_bP4lWYI.002.mp4
Or2_bP4lWYI.004,train/Or2_bP4lWYI.004.mp4
Or2_bP4lWYI.005,train/Or2_bP4lWYI.005.mp4
orlXEgAepGo.000,train/orlXEgAepGo.000.mp4
orlXEgAepGo.002,train/orlXEgAepGo.002.mp4
orlXEgAepGo.003,train/orlXEgAepGo.003.mp4
Os7L5C-i9Fw.000,train/Os7L5C-i9Fw.000.mp4
Os7L5C-i9Fw.003,train/Os7L5C-i9Fw.003.mp4
Os7L5C-i9Fw.004,train/Os7L5C-i9Fw.004.mp4
OSDlyk5ZgAk.004,train/OSDlyk5ZgAk.004.mp4
osqQpQsJNPQ.000,train/osqQpQsJNPQ.000.mp4
osqQpQsJNPQ.001,train/osqQpQsJNPQ.001.mp4
osqQpQsJNPQ.004,train/osqQpQsJNPQ.004.mp4
OtGJDbI9qkM.000,train/OtGJDbI9qkM.000.mp4
OtGJDbI9qkM.002,train/OtGJDbI9qkM.002.mp4
OtGJDbI9qkM.004,train/OtGJDbI9qkM.004.mp4
OtGJDbI9qkM.005,train/OtGJDbI9qkM.005.mp4
OTXGM3Guxy4.000,train/OTXGM3Guxy4.000.mp4
OTXGM3Guxy4.003,train/OTXGM3Guxy4.003.mp4
OTXGM3Guxy4.004,train/OTXGM3Guxy4.004.mp4
OTXGM3Guxy4.005,train/OTXGM3Guxy4.005.mp4
oU7zAWm_01o.000,train/oU7zAWm_01o.000.mp4
oU7zAWm_01o.002,train/oU7zAWm_01o.002.mp4
oU7zAWm_01o.003,train/oU7zAWm_01o.003.mp4
oU7zAWm_01o.004,train/oU7zAWm_01o.004.mp4
OuE91U_n04E.000,train/OuE91U_n04E.000.mp4
OuE91U_n04E.001,train/OuE91U_n04E.001.mp4
OugdInDyt9s.000,train/OugdInDyt9s.000.mp4
OugdInDyt9s.003,train/OugdInDyt9s.003.mp4
OugdInDyt9s.005,train/OugdInDyt9s.005.mp4
outvbZgNX58.000,train/outvbZgNX58.000.mp4
outvbZgNX58.002,train/outvbZgNX58.002.mp4
outvbZgNX58.004,train/outvbZgNX58.004.mp4
ouYYWCY__5A.000,train/ouYYWCY__5A.000.mp4
ouYYWCY__5A.001,train/ouYYWCY__5A.001.mp4
ouYYWCY__5A.005,train/ouYYWCY__5A.005.mp4
oVSMxtPpQ0M.002,train/oVSMxtPpQ0M.002.mp4
oVSMxtPpQ0M.003,train/oVSMxtPpQ0M.003.mp4
oVSMxtPpQ0M.005,train/oVSMxtPpQ0M.005.mp4
oWDh03tstic.002,train/oWDh03tstic.002.mp4
OwI3Q-qUqDw.000,train/OwI3Q-qUqDw.000.mp4
OwI3Q-qUqDw.001,train/OwI3Q-qUqDw.001.mp4
OwI3Q-qUqDw.002,train/OwI3Q-qUqDw.002.mp4
OwI3Q-qUqDw.005,train/OwI3Q-qUqDw.005.mp4
OwlFAiE0Qrg.000,train/OwlFAiE0Qrg.000.mp4
OwlFAiE0Qrg.002,train/OwlFAiE0Qrg.002.mp4
owRKOW0ymCM.002,train/owRKOW0ymCM.002.mp4
owRKOW0ymCM.003,train/owRKOW0ymCM.003.mp4
OWZ-qVZG14A.000,train/OWZ-qVZG14A.000.mp4
OWZ-qVZG14A.002,train/OWZ-qVZG14A.002.mp4
OWZ-qVZG14A.003,train/OWZ-qVZG14A.003.mp4
OWZ-qVZG14A.004,train/OWZ-qVZG14A.004.mp4
OWZ-qVZG14A.005,train/OWZ-qVZG14A.005.mp4
ox-qZvCLtls.005,train/ox-qZvCLtls.005.mp4
OxaBanUE6KE.001,train/OxaBanUE6KE.001.mp4
OxaBanUE6KE.002,train/OxaBanUE6KE.002.mp4
OxaBanUE6KE.004,train/OxaBanUE6KE.004.mp4
OXkDmd3nA94.000,train/OXkDmd3nA94.000.mp4
OXkDmd3nA94.002,train/OXkDmd3nA94.002.mp4
OXkDmd3nA94.003,train/OXkDmd3nA94.003.mp4
OXkDmd3nA94.004,train/OXkDmd3nA94.004.mp4
oXRhk1PUPcQ.002,train/oXRhk1PUPcQ.002.mp4
oxw3nT9LSsg.000,train/oxw3nT9LSsg.000.mp4
oYhWw97JYyU.000,train/oYhWw97JYyU.000.mp4
oYhWw97JYyU.001,train/oYhWw97JYyU.001.mp4
oYiWW-Qc0rs.000,train/oYiWW-Qc0rs.000.mp4
oYiWW-Qc0rs.001,train/oYiWW-Qc0rs.001.mp4
oYiWW-Qc0rs.002,train/oYiWW-Qc0rs.002.mp4
oYiWW-Qc0rs.005,train/oYiWW-Qc0rs.005.mp4
OZaP2T74bLI.000,train/OZaP2T74bLI.000.mp4
OZaP2T74bLI.001,train/OZaP2T74bLI.001.mp4
OZaP2T74bLI.004,train/OZaP2T74bLI.004.mp4
OZaP2T74bLI.005,train/OZaP2T74bLI.005.mp4
OZlpENU9h28.000,train/OZlpENU9h28.000.mp4
OZlpENU9h28.002,train/OZlpENU9h28.002.mp4
OZlpENU9h28.003,train/OZlpENU9h28.003.mp4
OZlpENU9h28.005,train/OZlpENU9h28.005.mp4
p-OcwNFQB0U.001,train/p-OcwNFQB0U.001.mp4
p-OcwNFQB0U.002,train/p-OcwNFQB0U.002.mp4
p-OcwNFQB0U.005,train/p-OcwNFQB0U.005.mp4
p-V78q8dtYo.001,train/p-V78q8dtYo.001.mp4
p-V78q8dtYo.005,train/p-V78q8dtYo.005.mp4
P0a209IS614.002,train/P0a209IS614.002.mp4
P0a209IS614.004,train/P0a209IS614.004.mp4
P0a209IS614.005,train/P0a209IS614.005.mp4
P0ZzjnS8E24.000,train/P0ZzjnS8E24.000.mp4
p1ORMiJ0fPU.002,train/p1ORMiJ0fPU.002.mp4
p1ORMiJ0fPU.003,train/p1ORMiJ0fPU.003.mp4
p1qyJ_mE-2U.002,train/p1qyJ_mE-2U.002.mp4
p5QXPhJS8Ks.000,train/p5QXPhJS8Ks.000.mp4
p5QXPhJS8Ks.005,train/p5QXPhJS8Ks.005.mp4
p5v75vAZ7F0.003,train/p5v75vAZ7F0.003.mp4
p5v75vAZ7F0.005,train/p5v75vAZ7F0.005.mp4
P63CUj9KnSw.001,train/P63CUj9KnSw.001.mp4
P63CUj9KnSw.004,train/P63CUj9KnSw.004.mp4
P6g1mZ3f76U.001,train/P6g1mZ3f76U.001.mp4
P6g1mZ3f76U.002,train/P6g1mZ3f76U.002.mp4
P6g1mZ3f76U.003,train/P6g1mZ3f76U.003.mp4
p6jjj6jn2fM.003,train/p6jjj6jn2fM.003.mp4
p6UMx8dwHZQ.000,train/p6UMx8dwHZQ.000.mp4
p6UMx8dwHZQ.001,train/p6UMx8dwHZQ.001.mp4
p6UMx8dwHZQ.002,train/p6UMx8dwHZQ.002.mp4
p6UMx8dwHZQ.003,train/p6UMx8dwHZQ.003.mp4
p6UMx8dwHZQ.004,train/p6UMx8dwHZQ.004.mp4
p7-JUvStF4w.000,train/p7-JUvStF4w.000.mp4
p7-JUvStF4w.002,train/p7-JUvStF4w.002.mp4
p7-JUvStF4w.003,train/p7-JUvStF4w.003.mp4
p7-JUvStF4w.004,train/p7-JUvStF4w.004.mp4
p7-JUvStF4w.005,train/p7-JUvStF4w.005.mp4
p7_MVQ3uGJc.003,train/p7_MVQ3uGJc.003.mp4
p7aNK5GKwEc.000,train/p7aNK5GKwEc.000.mp4
P7poMmhYnM0.001,train/P7poMmhYnM0.001.mp4
p8ce3grr9XE.001,train/p8ce3grr9XE.001.mp4
p9l1MBw-5ic.002,train/p9l1MBw-5ic.002.mp4
p9tAC-RqZPI.002,train/p9tAC-RqZPI.002.mp4
P9WDAY-MFzk.000,train/P9WDAY-MFzk.000.mp4
P9WDAY-MFzk.002,train/P9WDAY-MFzk.002.mp4
P9WDAY-MFzk.003,train/P9WDAY-MFzk.003.mp4
p_kPnCD7WzU.002,train/p_kPnCD7WzU.002.mp4
P_wDFLJnW-o.000,train/P_wDFLJnW-o.000.mp4
P_wDFLJnW-o.001,train/P_wDFLJnW-o.001.mp4
P_wDFLJnW-o.004,train/P_wDFLJnW-o.004.mp4
p_Z4QGqu4Qo.001,train/p_Z4QGqu4Qo.001.mp4
p_Z4QGqu4Qo.004,train/p_Z4QGqu4Qo.004.mp4
Pb7aNc6Kd40.001,train/Pb7aNc6Kd40.001.mp4
Pb7aNc6Kd40.003,train/Pb7aNc6Kd40.003.mp4
Pb7aNc6Kd40.005,train/Pb7aNc6Kd40.005.mp4
Pb9GhzCRnqs.001,train/Pb9GhzCRnqs.001.mp4
Pc-oQQwkIv8.000,train/Pc-oQQwkIv8.000.mp4
Pc-oQQwkIv8.001,train/Pc-oQQwkIv8.001.mp4
Pc-oQQwkIv8.003,train/Pc-oQQwkIv8.003.mp4
Pc-oQQwkIv8.004,train/Pc-oQQwkIv8.004.mp4
Pc3NjyhtVd0.003,train/Pc3NjyhtVd0.003.mp4
PCmec_zcu_w.002,train/PCmec_zcu_w.002.mp4
pDih4zWqYQw.001,train/pDih4zWqYQw.001.mp4
pDt0F4zFfBs.003,train/pDt0F4zFfBs.003.mp4
pDt0F4zFfBs.005,train/pDt0F4zFfBs.005.mp4
pEr7WTIPW64.000,train/pEr7WTIPW64.000.mp4
pEr7WTIPW64.005,train/pEr7WTIPW64.005.mp4
pEYFpmjwKC0.001,train/pEYFpmjwKC0.001.mp4
pEYFpmjwKC0.002,train/pEYFpmjwKC0.002.mp4
pEYFpmjwKC0.003,train/pEYFpmjwKC0.003.mp4
pEYFpmjwKC0.004,train/pEYFpmjwKC0.004.mp4
PgpMUHH8lEI.000,train/PgpMUHH8lEI.000.mp4
PgpMUHH8lEI.002,train/PgpMUHH8lEI.002.mp4
PgpMUHH8lEI.003,train/PgpMUHH8lEI.003.mp4
PgpMUHH8lEI.004,train/PgpMUHH8lEI.004.mp4
PgpMUHH8lEI.005,train/PgpMUHH8lEI.005.mp4
pHCPbKprJGY.001,train/pHCPbKprJGY.001.mp4
pHCPbKprJGY.003,train/pHCPbKprJGY.003.mp4
phjVMKGYBKs.005,train/phjVMKGYBKs.005.mp4
PHmkN1cPl10.003,train/PHmkN1cPl10.003.mp4
PHmkN1cPl10.005,train/PHmkN1cPl10.005.mp4
PHUlL5ZzX5U.001,train/PHUlL5ZzX5U.001.mp4
PHUlL5ZzX5U.005,train/PHUlL5ZzX5U.005.mp4
PHv6CzBIC5E.001,train/PHv6CzBIC5E.001.mp4
PHv6CzBIC5E.002,train/PHv6CzBIC5E.002.mp4
PHv6CzBIC5E.004,train/PHv6CzBIC5E.004.mp4
PHv6CzBIC5E.005,train/PHv6CzBIC5E.005.mp4
PHZQmf82HvA.002,train/PHZQmf82HvA.002.mp4
PHZQmf82HvA.005,train/PHZQmf82HvA.005.mp4
pJGLxS81YBc.004,train/pJGLxS81YBc.004.mp4
PJxgOFaaUZM.004,train/PJxgOFaaUZM.004.mp4
PkEzIErhYZ8.002,train/PkEzIErhYZ8.002.mp4
Pkgi4--hwfo.005,train/Pkgi4--hwfo.005.mp4
PKtzsEqLGx4.000,train/PKtzsEqLGx4.000.mp4
PKtzsEqLGx4.001,train/PKtzsEqLGx4.001.mp4
PKtzsEqLGx4.005,train/PKtzsEqLGx4.005.mp4
pkwzo1OkEmY.002,train/pkwzo1OkEmY.002.mp4
pkwzo1OkEmY.005,train/pkwzo1OkEmY.005.mp4
PKYh4sungwI.002,train/PKYh4sungwI.002.mp4
PKYh4sungwI.003,train/PKYh4sungwI.003.mp4
PKyqjYem0dY.003,train/PKyqjYem0dY.003.mp4
PKyqjYem0dY.004,train/PKyqjYem0dY.004.mp4
pljK0DEusA0.003,train/pljK0DEusA0.003.mp4
PmJw3uI1qBE.000,train/PmJw3uI1qBE.000.mp4
Pn_LNsSsm58.000,train/Pn_LNsSsm58.000.mp4
Pn_LNsSsm58.001,train/Pn_LNsSsm58.001.mp4
Pn_LNsSsm58.004,train/Pn_LNsSsm58.004.mp4
Pn_LNsSsm58.005,train/Pn_LNsSsm58.005.mp4
Po4UGCJbCbw.002,train/Po4UGCJbCbw.002.mp4
pOBn7AuGIuI.002,train/pOBn7AuGIuI.002.mp4
pOBn7AuGIuI.003,train/pOBn7AuGIuI.003.mp4
pOBn7AuGIuI.005,train/pOBn7AuGIuI.005.mp4
PoF3lxFDggQ.000,train/PoF3lxFDggQ.000.mp4
PoF3lxFDggQ.004,train/PoF3lxFDggQ.004.mp4
PoF3lxFDggQ.005,train/PoF3lxFDggQ.005.mp4
PooFvZH6fK0.001,train/PooFvZH6fK0.001.mp4
PooFvZH6fK0.003,train/PooFvZH6fK0.003.mp4
pOtWKOF07iU.000,train/pOtWKOF07iU.000.mp4
pOtWKOF07iU.002,train/pOtWKOF07iU.002.mp4
pOtWKOF07iU.003,train/pOtWKOF07iU.003.mp4
pOtWKOF07iU.004,train/pOtWKOF07iU.004.mp4
PoVizBmIHy0.000,train/PoVizBmIHy0.000.mp4
PpJ4S8ZM8mQ.000,train/PpJ4S8ZM8mQ.000.mp4
PpJ4S8ZM8mQ.002,train/PpJ4S8ZM8mQ.002.mp4
pPtzEnf5afw.000,train/pPtzEnf5afw.000.mp4
pPtzEnf5afw.003,train/pPtzEnf5afw.003.mp4
pPtzEnf5afw.005,train/pPtzEnf5afw.005.mp4
PQBGDxYGaXU.001,train/PQBGDxYGaXU.001.mp4
pQy4omHIf7o.000,train/pQy4omHIf7o.000.mp4
pQy4omHIf7o.001,train/pQy4omHIf7o.001.mp4
pQy4omHIf7o.002,train/pQy4omHIf7o.002.mp4
pQy4omHIf7o.003,train/pQy4omHIf7o.003.mp4
pQy4omHIf7o.004,train/pQy4omHIf7o.004.mp4
Pr-RpZ4gYCM.001,train/Pr-RpZ4gYCM.001.mp4
Pr7CHWFkWew.001,train/Pr7CHWFkWew.001.mp4
PReOtefm17s.002,train/PReOtefm17s.002.mp4
PReOtefm17s.005,train/PReOtefm17s.005.mp4
PRplbrM70sg.001,train/PRplbrM70sg.001.mp4
PRplbrM70sg.004,train/PRplbrM70sg.004.mp4
pru5ut4lxkQ.000,train/pru5ut4lxkQ.000.mp4
pru5ut4lxkQ.004,train/pru5ut4lxkQ.004.mp4
Ps55vHez10c.000,train/Ps55vHez10c.000.mp4
Psahy1Vju4A.000,train/Psahy1Vju4A.000.mp4
Psahy1Vju4A.002,train/Psahy1Vju4A.002.mp4
Psahy1Vju4A.003,train/Psahy1Vju4A.003.mp4
Psahy1Vju4A.005,train/Psahy1Vju4A.005.mp4
PsHb4YHooKM.003,train/PsHb4YHooKM.003.mp4
PsqpkFKX8co.001,train/PsqpkFKX8co.001.mp4
PsqpkFKX8co.002,train/PsqpkFKX8co.002.mp4
pT8nyxks1Q4.005,train/pT8nyxks1Q4.005.mp4
PtA7yAu9-VE.000,train/PtA7yAu9-VE.000.mp4
PtA7yAu9-VE.004,train/PtA7yAu9-VE.004.mp4
PtA7yAu9-VE.005,train/PtA7yAu9-VE.005.mp4
PTV5TBVRHxo.000,train/PTV5TBVRHxo.000.mp4
PTV5TBVRHxo.002,train/PTV5TBVRHxo.002.mp4
puJ_NbKzRTE.003,train/puJ_NbKzRTE.003.mp4
puLXzqUvm_U.000,train/puLXzqUvm_U.000.mp4
puLXzqUvm_U.001,train/puLXzqUvm_U.001.mp4
puLXzqUvm_U.003,train/puLXzqUvm_U.003.mp4
puLXzqUvm_U.004,train/puLXzqUvm_U.004.mp4
PuVy3akfzNI.000,train/PuVy3akfzNI.000.mp4
PuVy3akfzNI.002,train/PuVy3akfzNI.002.mp4
PVm7Om88BSw.001,train/PVm7Om88BSw.001.mp4
PVm7Om88BSw.003,train/PVm7Om88BSw.003.mp4
pvvff396Rqg.004,train/pvvff396Rqg.004.mp4
pvvff396Rqg.005,train/pvvff396Rqg.005.mp4
PWAe9M2SxT8.001,train/PWAe9M2SxT8.001.mp4
PWAe9M2SxT8.003,train/PWAe9M2SxT8.003.mp4
PWAe9M2SxT8.004,train/PWAe9M2SxT8.004.mp4
PWM-bKcs2p8.001,train/PWM-bKcs2p8.001.mp4
PWM-bKcs2p8.004,train/PWM-bKcs2p8.004.mp4
pwvQaSwgso8.000,train/pwvQaSwgso8.000.mp4
pwvQaSwgso8.001,train/pwvQaSwgso8.001.mp4
pwvQaSwgso8.002,train/pwvQaSwgso8.002.mp4
PxkMDzORBPE.005,train/PxkMDzORBPE.005.mp4
PxpbeM9VavA.001,train/PxpbeM9VavA.001.mp4
PxpbeM9VavA.003,train/PxpbeM9VavA.003.mp4
PYL8BGJKu20.001,train/PYL8BGJKu20.001.mp4
PyPFJWirPjs.000,train/PyPFJWirPjs.000.mp4
PyPFJWirPjs.001,train/PyPFJWirPjs.001.mp4
PYYC0Jiwfdg.000,train/PYYC0Jiwfdg.000.mp4
PYYC0Jiwfdg.002,train/PYYC0Jiwfdg.002.mp4
PYYC0Jiwfdg.004,train/PYYC0Jiwfdg.004.mp4
pzfDth6nFQE.000,train/pzfDth6nFQE.000.mp4
pzfDth6nFQE.003,train/pzfDth6nFQE.003.mp4
pzfDth6nFQE.004,train/pzfDth6nFQE.004.mp4
pzfDth6nFQE.005,train/pzfDth6nFQE.005.mp4
pzG2VeUbefw.001,train/pzG2VeUbefw.001.mp4
pzG2VeUbefw.003,train/pzG2VeUbefw.003.mp4
pzG2VeUbefw.005,train/pzG2VeUbefw.005.mp4
pZxqWp0e-Ik.000,train/pZxqWp0e-Ik.000.mp4
pZxqWp0e-Ik.004,train/pZxqWp0e-Ik.004.mp4
pZxqWp0e-Ik.005,train/pZxqWp0e-Ik.005.mp4
Q-cZz-M17PE.000,train/Q-cZz-M17PE.000.mp4
Q0C0OU-j4DA.001,train/Q0C0OU-j4DA.001.mp4
Q0C0OU-j4DA.002,train/Q0C0OU-j4DA.002.mp4
Q0C0OU-j4DA.003,train/Q0C0OU-j4DA.003.mp4
Q0C0OU-j4DA.004,train/Q0C0OU-j4DA.004.mp4
Q0C0OU-j4DA.005,train/Q0C0OU-j4DA.005.mp4
Q2AI4XpApFs.000,train/Q2AI4XpApFs.000.mp4
Q2AI4XpApFs.001,train/Q2AI4XpApFs.001.mp4
Q2AI4XpApFs.002,train/Q2AI4XpApFs.002.mp4
Q2AI4XpApFs.005,train/Q2AI4XpApFs.005.mp4
Q43qO4HC6mA.000,train/Q43qO4HC6mA.000.mp4
Q4z4GRUtccE.000,train/Q4z4GRUtccE.000.mp4
Q4z4GRUtccE.002,train/Q4z4GRUtccE.002.mp4
Q4z4GRUtccE.005,train/Q4z4GRUtccE.005.mp4
q5eIfoGdPWw.004,train/q5eIfoGdPWw.004.mp4
Q5h34e5xM0Q.000,train/Q5h34e5xM0Q.000.mp4
q6au1xn_wIE.001,train/q6au1xn_wIE.001.mp4
Q6We7dJplls.002,train/Q6We7dJplls.002.mp4
Q6We7dJplls.005,train/Q6We7dJplls.005.mp4
Q_YyIgxj6HE.001,train/Q_YyIgxj6HE.001.mp4
qAisk1lgv2I.003,train/qAisk1lgv2I.003.mp4
qBG1mjC7Zgg.000,train/qBG1mjC7Zgg.000.mp4
qBG1mjC7Zgg.004,train/qBG1mjC7Zgg.004.mp4
qBG1mjC7Zgg.005,train/qBG1mjC7Zgg.005.mp4
QBZieJiOl1w.001,train/QBZieJiOl1w.001.mp4
QBZieJiOl1w.003,train/QBZieJiOl1w.003.mp4
QBZieJiOl1w.004,train/QBZieJiOl1w.004.mp4
qCFFW1dM8V8.001,train/qCFFW1dM8V8.001.mp4
qCFFW1dM8V8.002,train/qCFFW1dM8V8.002.mp4
qCFFW1dM8V8.003,train/qCFFW1dM8V8.003.mp4
qCFFW1dM8V8.004,train/qCFFW1dM8V8.004.mp4
qCFFW1dM8V8.005,train/qCFFW1dM8V8.005.mp4
qcq5oIRJFUI.004,train/qcq5oIRJFUI.004.mp4
qD15qWMepxU.003,train/qD15qWMepxU.003.mp4
QdafN9Y_j-Y.001,train/QdafN9Y_j-Y.001.mp4
QDd2AfQEAqs.001,train/QDd2AfQEAqs.001.mp4
Qe7q8SFJ71E.004,train/Qe7q8SFJ71E.004.mp4
qfL0ml0f84g.003,train/qfL0ml0f84g.003.mp4
qfL0ml0f84g.004,train/qfL0ml0f84g.004.mp4
QfU5JsVMjfI.000,train/QfU5JsVMjfI.000.mp4
QfU5JsVMjfI.001,train/QfU5JsVMjfI.001.mp4
QfU5JsVMjfI.003,train/QfU5JsVMjfI.003.mp4
qFYgMFMal_s.005,train/qFYgMFMal_s.005.mp4
QiPb8vlGDFo.000,train/QiPb8vlGDFo.000.mp4
QiPb8vlGDFo.001,train/QiPb8vlGDFo.001.mp4
QiPb8vlGDFo.002,train/QiPb8vlGDFo.002.mp4
QiPb8vlGDFo.003,train/QiPb8vlGDFo.003.mp4
QiPb8vlGDFo.004,train/QiPb8vlGDFo.004.mp4
QipgesEKSNA.000,train/QipgesEKSNA.000.mp4
QipgesEKSNA.001,train/QipgesEKSNA.001.mp4
QipgesEKSNA.002,train/QipgesEKSNA.002.mp4
QipgesEKSNA.004,train/QipgesEKSNA.004.mp4
QiR6yJbFCfM.005,train/QiR6yJbFCfM.005.mp4
qj-3b8snKho.002,train/qj-3b8snKho.002.mp4
qJ6_xSx9kCM.002,train/qJ6_xSx9kCM.002.mp4
QJcc95Y0XPw.002,train/QJcc95Y0XPw.002.mp4
qjU3GX3jgSY.002,train/qjU3GX3jgSY.002.mp4
qjU3GX3jgSY.003,train/qjU3GX3jgSY.003.mp4
qjU3GX3jgSY.004,train/qjU3GX3jgSY.004.mp4
qjWi69HY2Fc.000,train/qjWi69HY2Fc.000.mp4
Qkao4XiSflU.003,train/Qkao4XiSflU.003.mp4
QKcx5msA7iA.000,train/QKcx5msA7iA.000.mp4
QKcx5msA7iA.003,train/QKcx5msA7iA.003.mp4
QKcx5msA7iA.004,train/QKcx5msA7iA.004.mp4
QKlawwZQK9M.000,train/QKlawwZQK9M.000.mp4
QKlawwZQK9M.001,train/QKlawwZQK9M.001.mp4
QKluS-uQIaM.002,train/QKluS-uQIaM.002.mp4
qkmEt0ofGq8.002,train/qkmEt0ofGq8.002.mp4
qkmEt0ofGq8.003,train/qkmEt0ofGq8.003.mp4
qkmEt0ofGq8.004,train/qkmEt0ofGq8.004.mp4
qktahyrtrFs.000,train/qktahyrtrFs.000.mp4
qktahyrtrFs.001,train/qktahyrtrFs.001.mp4
QlBgvZjbX30.000,train/QlBgvZjbX30.000.mp4
QlBgvZjbX30.002,train/QlBgvZjbX30.002.mp4
qLbOPbx33dk.001,train/qLbOPbx33dk.001.mp4
QlkTEWrSCBs.000,train/QlkTEWrSCBs.000.mp4
qLV1a_611kA.004,train/qLV1a_611kA.004.mp4
qMARpi60Hhs.000,train/qMARpi60Hhs.000.mp4
qMARpi60Hhs.004,train/qMARpi60Hhs.004.mp4
qmiBcHJpKR0.000,train/qmiBcHJpKR0.000.mp4
qmiBcHJpKR0.003,train/qmiBcHJpKR0.003.mp4
QMRAbwZCTfI.005,train/QMRAbwZCTfI.005.mp4
QNVsr2mGwGs.001,train/QNVsr2mGwGs.001.mp4
QNVsr2mGwGs.004,train/QNVsr2mGwGs.004.mp4
QNVsr2mGwGs.005,train/QNVsr2mGwGs.005.mp4
QovE6L-C9VY.000,train/QovE6L-C9VY.000.mp4
qoztP0w5-Vo.000,train/qoztP0w5-Vo.000.mp4
qoztP0w5-Vo.005,train/qoztP0w5-Vo.005.mp4
qoZwA4ESb7g.000,train/qoZwA4ESb7g.000.mp4
qoZwA4ESb7g.001,train/qoZwA4ESb7g.001.mp4
qoZwA4ESb7g.003,train/qoZwA4ESb7g.003.mp4
qP1UtCbMaW4.003,train/qP1UtCbMaW4.003.mp4
qP8YzH6LT9c.001,train/qP8YzH6LT9c.001.mp4
QpA0gj1y6KE.000,train/QpA0gj1y6KE.000.mp4
qpwcdPnPeFM.004,train/qpwcdPnPeFM.004.mp4
qPzzmcuf-VI.000,train/qPzzmcuf-VI.000.mp4
qPzzmcuf-VI.004,train/qPzzmcuf-VI.004.mp4
qPzzmcuf-VI.005,train/qPzzmcuf-VI.005.mp4
Qqc1539E6rs.002,train/Qqc1539E6rs.002.mp4
Qqc1539E6rs.003,train/Qqc1539E6rs.003.mp4
Qqc1539E6rs.005,train/Qqc1539E6rs.005.mp4
QqTw0lnrtBo.002,train/QqTw0lnrtBo.002.mp4
QqTw0lnrtBo.004,train/QqTw0lnrtBo.004.mp4
QQzeQOoqO20.001,train/QQzeQOoqO20.001.mp4
QQzeQOoqO20.005,train/QQzeQOoqO20.005.mp4
qr1C43Ylavg.001,train/qr1C43Ylavg.001.mp4
qr1C43Ylavg.004,train/qr1C43Ylavg.004.mp4
qr1C43Ylavg.005,train/qr1C43Ylavg.005.mp4
qrjx2kxg6M4.002,train/qrjx2kxg6M4.002.mp4
qRtKUGgULL8.000,train/qRtKUGgULL8.000.mp4
qRtKUGgULL8.002,train/qRtKUGgULL8.002.mp4
qRtKUGgULL8.005,train/qRtKUGgULL8.005.mp4
QS7TwjzkYiU.004,train/QS7TwjzkYiU.004.mp4
qsb1j9bEENs.000,train/qsb1j9bEENs.000.mp4
qsb1j9bEENs.002,train/qsb1j9bEENs.002.mp4
qsd4GdeN_eY.001,train/qsd4GdeN_eY.001.mp4
QsUj_OlGQ-0.000,train/QsUj_OlGQ-0.000.mp4
QsUj_OlGQ-0.002,train/QsUj_OlGQ-0.002.mp4
QsUj_OlGQ-0.004,train/QsUj_OlGQ-0.004.mp4
QsUj_OlGQ-0.005,train/QsUj_OlGQ-0.005.mp4
qtB-CogljAo.000,train/qtB-CogljAo.000.mp4
qtB-CogljAo.001,train/qtB-CogljAo.001.mp4
qtB-CogljAo.002,train/qtB-CogljAo.002.mp4
qtB-CogljAo.003,train/qtB-CogljAo.003.mp4
qtB-CogljAo.005,train/qtB-CogljAo.005.mp4
QTtTAFqT-no.004,train/QTtTAFqT-no.004.mp4
Qu81v9Aybv4.000,train/Qu81v9Aybv4.000.mp4
Qu81v9Aybv4.002,train/Qu81v9Aybv4.002.mp4
Qu81v9Aybv4.003,train/Qu81v9Aybv4.003.mp4
Qu81v9Aybv4.004,train/Qu81v9Aybv4.004.mp4
Qu81v9Aybv4.005,train/Qu81v9Aybv4.005.mp4
QuwVzi2tQrQ.005,train/QuwVzi2tQrQ.005.mp4
qVcw5-mm31s.000,train/qVcw5-mm31s.000.mp4
qVcw5-mm31s.004,train/qVcw5-mm31s.004.mp4
qVcw5-mm31s.005,train/qVcw5-mm31s.005.mp4
qVrXROy4Ais.000,train/qVrXROy4Ais.000.mp4
qVrXROy4Ais.001,train/qVrXROy4Ais.001.mp4
qVrXROy4Ais.004,train/qVrXROy4Ais.004.mp4
qW0TYVtzq5A.000,train/qW0TYVtzq5A.000.mp4
qW0TYVtzq5A.001,train/qW0TYVtzq5A.001.mp4
qW0TYVtzq5A.002,train/qW0TYVtzq5A.002.mp4
qW0TYVtzq5A.003,train/qW0TYVtzq5A.003.mp4
QXFRE_pjrAE.000,train/QXFRE_pjrAE.000.mp4
QXFRE_pjrAE.001,train/QXFRE_pjrAE.001.mp4
QXFRE_pjrAE.003,train/QXFRE_pjrAE.003.mp4
QyVTG0sGKg0.001,train/QyVTG0sGKg0.001.mp4
QyVTG0sGKg0.002,train/QyVTG0sGKg0.002.mp4
qyzuaettjU8.001,train/qyzuaettjU8.001.mp4
qyzuaettjU8.004,train/qyzuaettjU8.004.mp4
Qz_cjgCtDcM.001,train/Qz_cjgCtDcM.001.mp4
Qz_cjgCtDcM.003,train/Qz_cjgCtDcM.003.mp4
Qz_cjgCtDcM.005,train/Qz_cjgCtDcM.005.mp4
Qzu9b49qvKo.003,train/Qzu9b49qvKo.003.mp4
R-qB2FX7ZbE.001,train/R-qB2FX7ZbE.001.mp4
R-qB2FX7ZbE.004,train/R-qB2FX7ZbE.004.mp4
R-vly7LKotQ.003,train/R-vly7LKotQ.003.mp4
R0RURVpmU9M.004,train/R0RURVpmU9M.004.mp4
r1v6EmZv7-o.001,train/r1v6EmZv7-o.001.mp4
r1v6EmZv7-o.002,train/r1v6EmZv7-o.002.mp4
r1v6EmZv7-o.004,train/r1v6EmZv7-o.004.mp4
r1v6EmZv7-o.005,train/r1v6EmZv7-o.005.mp4
r1YAW67aevY.000,train/r1YAW67aevY.000.mp4
r1YAW67aevY.003,train/r1YAW67aevY.003.mp4
r1YAW67aevY.005,train/r1YAW67aevY.005.mp4
r2BoxB3kgYk.000,train/r2BoxB3kgYk.000.mp4
r2BoxB3kgYk.001,train/r2BoxB3kgYk.001.mp4
r2BoxB3kgYk.003,train/r2BoxB3kgYk.003.mp4
r2HcJYjGK5s.001,train/r2HcJYjGK5s.001.mp4
r2HcJYjGK5s.003,train/r2HcJYjGK5s.003.mp4
r2HcJYjGK5s.004,train/r2HcJYjGK5s.004.mp4
r2HcJYjGK5s.005,train/r2HcJYjGK5s.005.mp4
R42dmIPCXwo.001,train/R42dmIPCXwo.001.mp4
R42dmIPCXwo.003,train/R42dmIPCXwo.003.mp4
r4BGKIXrD9c.003,train/r4BGKIXrD9c.003.mp4
r4BGKIXrD9c.005,train/r4BGKIXrD9c.005.mp4
R5uXsQsO6Uo.002,train/R5uXsQsO6Uo.002.mp4
R6NTuhZtOks.003,train/R6NTuhZtOks.003.mp4
R6NTuhZtOks.005,train/R6NTuhZtOks.005.mp4
R8Gpa-rRywc.001,train/R8Gpa-rRywc.001.mp4
r93dLeVRk3U.002,train/r93dLeVRk3U.002.mp4
r93dLeVRk3U.003,train/r93dLeVRk3U.003.mp4
r9TaaVTo8Y8.000,train/r9TaaVTo8Y8.000.mp4
r9TaaVTo8Y8.001,train/r9TaaVTo8Y8.001.mp4
r9TaaVTo8Y8.002,train/r9TaaVTo8Y8.002.mp4
r9TaaVTo8Y8.003,train/r9TaaVTo8Y8.003.mp4
r9TaaVTo8Y8.004,train/r9TaaVTo8Y8.004.mp4
R_6hhFo7M3o.002,train/R_6hhFo7M3o.002.mp4
R_6hhFo7M3o.003,train/R_6hhFo7M3o.003.mp4
r_cVo5qZ9n0.002,train/r_cVo5qZ9n0.002.mp4
R_LJX7wszPY.000,train/R_LJX7wszPY.000.mp4
RB9vu-0Y_Fk.001,train/RB9vu-0Y_Fk.001.mp4
RbX4q4KceVk.000,train/RbX4q4KceVk.000.mp4
RbX4q4KceVk.003,train/RbX4q4KceVk.003.mp4
RbX4q4KceVk.004,train/RbX4q4KceVk.004.mp4
RbX4q4KceVk.005,train/RbX4q4KceVk.005.mp4
rBxWZzkEncE.002,train/rBxWZzkEncE.002.mp4
rBxWZzkEncE.003,train/rBxWZzkEncE.003.mp4
rBxWZzkEncE.004,train/rBxWZzkEncE.004.mp4
RCr48dXuZYE.002,train/RCr48dXuZYE.002.mp4
rCxlfusNJlY.000,train/rCxlfusNJlY.000.mp4
rCxlfusNJlY.001,train/rCxlfusNJlY.001.mp4
rCxlfusNJlY.002,train/rCxlfusNJlY.002.mp4
rD6NViDdyOU.001,train/rD6NViDdyOU.001.mp4
rD6NViDdyOU.002,train/rD6NViDdyOU.002.mp4
rD6NViDdyOU.005,train/rD6NViDdyOU.005.mp4
RdHnu7ZxjzI.000,train/RdHnu7ZxjzI.000.mp4
RdHnu7ZxjzI.002,train/RdHnu7ZxjzI.002.mp4
RDOngWykAQU.000,train/RDOngWykAQU.000.mp4
RDOngWykAQU.002,train/RDOngWykAQU.002.mp4
RDOngWykAQU.003,train/RDOngWykAQU.003.mp4
REAxeTWo1QM.002,train/REAxeTWo1QM.002.mp4
rFs0AC2qV6o.000,train/rFs0AC2qV6o.000.mp4
rFs0AC2qV6o.001,train/rFs0AC2qV6o.001.mp4
rG8D-A2F8xg.003,train/rG8D-A2F8xg.003.mp4
rG8D-A2F8xg.004,train/rG8D-A2F8xg.004.mp4
rG8D-A2F8xg.005,train/rG8D-A2F8xg.005.mp4
rGNeR3p1jKU.000,train/rGNeR3p1jKU.000.mp4
rGNeR3p1jKU.001,train/rGNeR3p1jKU.001.mp4
rGTn2uaCAT0.002,train/rGTn2uaCAT0.002.mp4
rGTn2uaCAT0.003,train/rGTn2uaCAT0.003.mp4
rGTn2uaCAT0.004,train/rGTn2uaCAT0.004.mp4
rGTn2uaCAT0.005,train/rGTn2uaCAT0.005.mp4
RGuHfwIRKpA.000,train/RGuHfwIRKpA.000.mp4
RGuHfwIRKpA.001,train/RGuHfwIRKpA.001.mp4
RgZTZIf8K8g.000,train/RgZTZIf8K8g.000.mp4
RgZTZIf8K8g.001,train/RgZTZIf8K8g.001.mp4
RgZTZIf8K8g.002,train/RgZTZIf8K8g.002.mp4
RgZTZIf8K8g.003,train/RgZTZIf8K8g.003.mp4
RHEkTC8UfME.000,train/RHEkTC8UfME.000.mp4
RHEkTC8UfME.003,train/RHEkTC8UfME.003.mp4
RhFPotjd0hM.002,train/RhFPotjd0hM.002.mp4
RhFPotjd0hM.003,train/RhFPotjd0hM.003.mp4
RhFPotjd0hM.004,train/RhFPotjd0hM.004.mp4
rhKVPhhWHko.002,train/rhKVPhhWHko.002.mp4
RhSWpef2e6s.000,train/RhSWpef2e6s.000.mp4
rIHcq2E67Nc.003,train/rIHcq2E67Nc.003.mp4
rIHcq2E67Nc.005,train/rIHcq2E67Nc.005.mp4
rIRBEkDhn6Q.002,train/rIRBEkDhn6Q.002.mp4
rIRBEkDhn6Q.003,train/rIRBEkDhn6Q.003.mp4
rIRBEkDhn6Q.004,train/rIRBEkDhn6Q.004.mp4
rIRBEkDhn6Q.005,train/rIRBEkDhn6Q.005.mp4
rJgbslC72gw.001,train/rJgbslC72gw.001.mp4
rJgbslC72gw.003,train/rJgbslC72gw.003.mp4
rjS0PIwS47M.001,train/rjS0PIwS47M.001.mp4
RlaaCqle7tY.003,train/RlaaCqle7tY.003.mp4
RlaaCqle7tY.005,train/RlaaCqle7tY.005.mp4
RlUuWWWFrhM.005,train/RlUuWWWFrhM.005.mp4
RMA5HIyEsXc.000,train/RMA5HIyEsXc.000.mp4
rMFJmA5dRFQ.000,train/rMFJmA5dRFQ.000.mp4
Rops7WYMCCY.000,train/Rops7WYMCCY.000.mp4
Rops7WYMCCY.001,train/Rops7WYMCCY.001.mp4
Rops7WYMCCY.002,train/Rops7WYMCCY.002.mp4
Rops7WYMCCY.003,train/Rops7WYMCCY.003.mp4
ROTx-0q1F9M.001,train/ROTx-0q1F9M.001.mp4
ROTx-0q1F9M.004,train/ROTx-0q1F9M.004.mp4
ROTx-0q1F9M.005,train/ROTx-0q1F9M.005.mp4
Rp_gyvKE4hI.000,train/Rp_gyvKE4hI.000.mp4
Rp_gyvKE4hI.001,train/Rp_gyvKE4hI.001.mp4
Rp_gyvKE4hI.002,train/Rp_gyvKE4hI.002.mp4
Rp_gyvKE4hI.004,train/Rp_gyvKE4hI.004.mp4
Rp_gyvKE4hI.005,train/Rp_gyvKE4hI.005.mp4
RQdZHLGGR_E.001,train/RQdZHLGGR_E.001.mp4
RQeoo3idUJc.004,train/RQeoo3idUJc.004.mp4
rqfvIjzegpI.000,train/rqfvIjzegpI.000.mp4
rqfvIjzegpI.001,train/rqfvIjzegpI.001.mp4
rqfvIjzegpI.005,train/rqfvIjzegpI.005.mp4
rrdSLfnU2pg.000,train/rrdSLfnU2pg.000.mp4
rrdSLfnU2pg.003,train/rrdSLfnU2pg.003.mp4
RrvG7JlKoXM.002,train/RrvG7JlKoXM.002.mp4
RrvG7JlKoXM.004,train/RrvG7JlKoXM.004.mp4
RrvG7JlKoXM.005,train/RrvG7JlKoXM.005.mp4
RsjDkkvJirs.005,train/RsjDkkvJirs.005.mp4
RsYSOFRFszk.001,train/RsYSOFRFszk.001.mp4
RsYSOFRFszk.004,train/RsYSOFRFszk.004.mp4
Rsz-26AaL2o.001,train/Rsz-26AaL2o.001.mp4
rT0TqakPrAI.000,train/rT0TqakPrAI.000.mp4
rtEASqA8_WE.000,train/rtEASqA8_WE.000.mp4
rTG9gtci67c.001,train/rTG9gtci67c.001.mp4
rTG9gtci67c.002,train/rTG9gtci67c.002.mp4
rTG9gtci67c.004,train/rTG9gtci67c.004.mp4
rTG9gtci67c.005,train/rTG9gtci67c.005.mp4
RthpiC1KtSg.000,train/RthpiC1KtSg.000.mp4
RthpiC1KtSg.003,train/RthpiC1KtSg.003.mp4
RthpiC1KtSg.004,train/RthpiC1KtSg.004.mp4
RTJK4Duuxsc.003,train/RTJK4Duuxsc.003.mp4
RtNylXap2qk.000,train/RtNylXap2qk.000.mp4
RtNylXap2qk.001,train/RtNylXap2qk.001.mp4
RtNylXap2qk.005,train/RtNylXap2qk.005.mp4
rUGAiuYHNgE.000,train/rUGAiuYHNgE.000.mp4
rUGAiuYHNgE.002,train/rUGAiuYHNgE.002.mp4
rUGAiuYHNgE.004,train/rUGAiuYHNgE.004.mp4
RuRn2t7iPSc.000,train/RuRn2t7iPSc.000.mp4
RuRn2t7iPSc.002,train/RuRn2t7iPSc.002.mp4
RuRn2t7iPSc.004,train/RuRn2t7iPSc.004.mp4
rvB9DYAKHpk.000,train/rvB9DYAKHpk.000.mp4
rvB9DYAKHpk.001,train/rvB9DYAKHpk.001.mp4
rvB9DYAKHpk.002,train/rvB9DYAKHpk.002.mp4
RvoxbgEP49Q.003,train/RvoxbgEP49Q.003.mp4
RvoxbgEP49Q.005,train/RvoxbgEP49Q.005.mp4
rW3hFpfGMHs.003,train/rW3hFpfGMHs.003.mp4
RW4a2ERzTO8.000,train/RW4a2ERzTO8.000.mp4
Rw_ZLT9vZTI.003,train/Rw_ZLT9vZTI.003.mp4
Rw_ZLT9vZTI.005,train/Rw_ZLT9vZTI.005.mp4
RWfY3Xk0XPQ.002,train/RWfY3Xk0XPQ.002.mp4
RWfY3Xk0XPQ.003,train/RWfY3Xk0XPQ.003.mp4
RWfY3Xk0XPQ.005,train/RWfY3Xk0XPQ.005.mp4
RWhyKkFI3zw.001,train/RWhyKkFI3zw.001.mp4
RWhyKkFI3zw.004,train/RWhyKkFI3zw.004.mp4
RWhyKkFI3zw.005,train/RWhyKkFI3zw.005.mp4
rwinPicu_aw.000,train/rwinPicu_aw.000.mp4
rwinPicu_aw.001,train/rwinPicu_aw.001.mp4
rwinPicu_aw.002,train/rwinPicu_aw.002.mp4
Rwsss8y1bf0.000,train/Rwsss8y1bf0.000.mp4
Rwsss8y1bf0.002,train/Rwsss8y1bf0.002.mp4
Rwsss8y1bf0.004,train/Rwsss8y1bf0.004.mp4
rWT8N_yjf60.005,train/rWT8N_yjf60.005.mp4
rXoCKj1qwn4.001,train/rXoCKj1qwn4.001.mp4
rxYWgXYTATs.000,train/rxYWgXYTATs.000.mp4
rxYWgXYTATs.001,train/rxYWgXYTATs.001.mp4
rxYWgXYTATs.002,train/rxYWgXYTATs.002.mp4
rxYWgXYTATs.003,train/rxYWgXYTATs.003.mp4
rxYWgXYTATs.005,train/rxYWgXYTATs.005.mp4
Ry5JJvTfP-8.002,train/Ry5JJvTfP-8.002.mp4
Ry5JJvTfP-8.004,train/Ry5JJvTfP-8.004.mp4
RYG6XhdmPY0.001,train/RYG6XhdmPY0.001.mp4
RYG6XhdmPY0.002,train/RYG6XhdmPY0.002.mp4
RYG6XhdmPY0.004,train/RYG6XhdmPY0.004.mp4
RYG6XhdmPY0.005,train/RYG6XhdmPY0.005.mp4
RZgTERiRDjA.001,train/RZgTERiRDjA.001.mp4
rzKtAeWgZH0.003,train/rzKtAeWgZH0.003.mp4
RZOimXPTG0s.000,train/RZOimXPTG0s.000.mp4
RZOimXPTG0s.002,train/RZOimXPTG0s.002.mp4
RZOimXPTG0s.003,train/RZOimXPTG0s.003.mp4
S-e9-bW4seo.001,train/S-e9-bW4seo.001.mp4
S-e9-bW4seo.004,train/S-e9-bW4seo.004.mp4
S-jhg6Y5OrE.001,train/S-jhg6Y5OrE.001.mp4
s-jZlMKQGwc.000,train/s-jZlMKQGwc.000.mp4
s-jZlMKQGwc.002,train/s-jZlMKQGwc.002.mp4
s-jZlMKQGwc.003,train/s-jZlMKQGwc.003.mp4
s0MKUEnyHSE.003,train/s0MKUEnyHSE.003.mp4
s0pgZM5G6ds.003,train/s0pgZM5G6ds.003.mp4
s0pgZM5G6ds.004,train/s0pgZM5G6ds.004.mp4
S0QIXcQGG-g.000,train/S0QIXcQGG-g.000.mp4
S0QIXcQGG-g.001,train/S0QIXcQGG-g.001.mp4
S0QIXcQGG-g.002,train/S0QIXcQGG-g.002.mp4
S0QIXcQGG-g.004,train/S0QIXcQGG-g.004.mp4
S1AEj1kO5dc.002,train/S1AEj1kO5dc.002.mp4
S1AEj1kO5dc.004,train/S1AEj1kO5dc.004.mp4
S1AEj1kO5dc.005,train/S1AEj1kO5dc.005.mp4
s1DOqsQoN5s.001,train/s1DOqsQoN5s.001.mp4
s1DOqsQoN5s.002,train/s1DOqsQoN5s.002.mp4
s1DOqsQoN5s.003,train/s1DOqsQoN5s.003.mp4
s3m8DgUi6GM.000,train/s3m8DgUi6GM.000.mp4
s3m8DgUi6GM.001,train/s3m8DgUi6GM.001.mp4
s3m8DgUi6GM.004,train/s3m8DgUi6GM.004.mp4
s6gN_358tk4.001,train/s6gN_358tk4.001.mp4
s6N1pv5lzrU.002,train/s6N1pv5lzrU.002.mp4
s6N1pv5lzrU.003,train/s6N1pv5lzrU.003.mp4
s85T4B1ONWE.005,train/s85T4B1ONWE.005.mp4
sa7E6SrSmEs.003,train/sa7E6SrSmEs.003.mp4
Sa7iqqSbaTU.000,train/Sa7iqqSbaTU.000.mp4
Sa7iqqSbaTU.002,train/Sa7iqqSbaTU.002.mp4
saTSCzI1dKo.004,train/saTSCzI1dKo.004.mp4
Sb1b8JMVhLs.000,train/Sb1b8JMVhLs.000.mp4
Sb1b8JMVhLs.002,train/Sb1b8JMVhLs.002.mp4
Sb1b8JMVhLs.005,train/Sb1b8JMVhLs.005.mp4
SBEad3L1Hdc.000,train/SBEad3L1Hdc.000.mp4
SBEad3L1Hdc.001,train/SBEad3L1Hdc.001.mp4
SBEad3L1Hdc.003,train/SBEad3L1Hdc.003.mp4
sBHv1jYmZQE.000,train/sBHv1jYmZQE.000.mp4
sBHv1jYmZQE.003,train/sBHv1jYmZQE.003.mp4
sBHv1jYmZQE.004,train/sBHv1jYmZQE.004.mp4
SbtIS7XwkLU.001,train/SbtIS7XwkLU.001.mp4
SbtIS7XwkLU.005,train/SbtIS7XwkLU.005.mp4
sBw7VHQ74SY.005,train/sBw7VHQ74SY.005.mp4
scifP1EXSdo.001,train/scifP1EXSdo.001.mp4
SCnQFpdklMg.001,train/SCnQFpdklMg.001.mp4
SCnQFpdklMg.002,train/SCnQFpdklMg.002.mp4
SCnQFpdklMg.004,train/SCnQFpdklMg.004.mp4
SCnQFpdklMg.005,train/SCnQFpdklMg.005.mp4
SCZLT4fH5B8.000,train/SCZLT4fH5B8.000.mp4
SCZLT4fH5B8.001,train/SCZLT4fH5B8.001.mp4
sDfU1gixDmM.000,train/sDfU1gixDmM.000.mp4
sDNzrM6N7wA.000,train/sDNzrM6N7wA.000.mp4
sDNzrM6N7wA.003,train/sDNzrM6N7wA.003.mp4
Sdqg-jn_tBk.000,train/Sdqg-jn_tBk.000.mp4
Sdqg-jn_tBk.001,train/Sdqg-jn_tBk.001.mp4
Sdqg-jn_tBk.004,train/Sdqg-jn_tBk.004.mp4
sduFj_uaZ-w.000,train/sduFj_uaZ-w.000.mp4
sDWJMBZ1mVA.001,train/sDWJMBZ1mVA.001.mp4
sDWJMBZ1mVA.002,train/sDWJMBZ1mVA.002.mp4
sDWJMBZ1mVA.003,train/sDWJMBZ1mVA.003.mp4
sDWJMBZ1mVA.005,train/sDWJMBZ1mVA.005.mp4
Se3Gts4u1vs.000,train/Se3Gts4u1vs.000.mp4
Se3Gts4u1vs.005,train/Se3Gts4u1vs.005.mp4
SEELGB_-uWU.001,train/SEELGB_-uWU.001.mp4
SEELGB_-uWU.002,train/SEELGB_-uWU.002.mp4
SEELGB_-uWU.003,train/SEELGB_-uWU.003.mp4
SEELGB_-uWU.005,train/SEELGB_-uWU.005.mp4
sf29orxf4X0.000,train/sf29orxf4X0.000.mp4
sf29orxf4X0.002,train/sf29orxf4X0.002.mp4
sf29orxf4X0.003,train/sf29orxf4X0.003.mp4
sf8TXpaKnt4.001,train/sf8TXpaKnt4.001.mp4
SfldZBPyPFo.001,train/SfldZBPyPFo.001.mp4
SfldZBPyPFo.002,train/SfldZBPyPFo.002.mp4
SfldZBPyPFo.003,train/SfldZBPyPFo.003.mp4
SFRis1tTZWk.002,train/SFRis1tTZWk.002.mp4
SFRis1tTZWk.003,train/SFRis1tTZWk.003.mp4
SFxiMxHvJuo.000,train/SFxiMxHvJuo.000.mp4
SFxiMxHvJuo.001,train/SFxiMxHvJuo.001.mp4
SFxiMxHvJuo.005,train/SFxiMxHvJuo.005.mp4
SG2QAh_50ek.001,train/SG2QAh_50ek.001.mp4
SG2QAh_50ek.005,train/SG2QAh_50ek.005.mp4
SgWtBK48AjE.001,train/SgWtBK48AjE.001.mp4
SgzOYog1pH4.001,train/SgzOYog1pH4.001.mp4
SgzOYog1pH4.003,train/SgzOYog1pH4.003.mp4
shAhNNV-zHA.000,train/shAhNNV-zHA.000.mp4
shAhNNV-zHA.001,train/shAhNNV-zHA.001.mp4
shAhNNV-zHA.002,train/shAhNNV-zHA.002.mp4
shAhNNV-zHA.004,train/shAhNNV-zHA.004.mp4
shAhNNV-zHA.005,train/shAhNNV-zHA.005.mp4
shEsu57CYnA.001,train/shEsu57CYnA.001.mp4
shEsu57CYnA.002,train/shEsu57CYnA.002.mp4
shEsu57CYnA.003,train/shEsu57CYnA.003.mp4
shEsu57CYnA.004,train/shEsu57CYnA.004.mp4
shEsu57CYnA.005,train/shEsu57CYnA.005.mp4
Shf0JB_MutI.001,train/Shf0JB_MutI.001.mp4
shQmRW4CrGE.000,train/shQmRW4CrGE.000.mp4
shtirfEzWFA.000,train/shtirfEzWFA.000.mp4
shtirfEzWFA.001,train/shtirfEzWFA.001.mp4
shtirfEzWFA.002,train/shtirfEzWFA.002.mp4
shV5Fbzn9pw.002,train/shV5Fbzn9pw.002.mp4
shV5Fbzn9pw.003,train/shV5Fbzn9pw.003.mp4
sHVXhr7_EOs.002,train/sHVXhr7_EOs.002.mp4
sHVXhr7_EOs.003,train/sHVXhr7_EOs.003.mp4
SI93csgHMTk.004,train/SI93csgHMTk.004.mp4
si_gZCrLa4A.001,train/si_gZCrLa4A.001.mp4
si_gZCrLa4A.002,train/si_gZCrLa4A.002.mp4
si_gZCrLa4A.005,train/si_gZCrLa4A.005.mp4
siEnTktB4lQ.001,train/siEnTktB4lQ.001.mp4
siEnTktB4lQ.002,train/siEnTktB4lQ.002.mp4
siEnTktB4lQ.004,train/siEnTktB4lQ.004.mp4
sIfHl2N8Hkg.004,train/sIfHl2N8Hkg.004.mp4
simc6hmrUOE.000,train/simc6hmrUOE.000.mp4
simc6hmrUOE.005,train/simc6hmrUOE.005.mp4
SIpQm4G4DDg.000,train/SIpQm4G4DDg.000.mp4
SIpQm4G4DDg.004,train/SIpQm4G4DDg.004.mp4
SkNO4x-LSgE.004,train/SkNO4x-LSgE.004.mp4
SkNO4x-LSgE.005,train/SkNO4x-LSgE.005.mp4
slE2PWIwzus.002,train/slE2PWIwzus.002.mp4
SM0i7RkOjPk.000,train/SM0i7RkOjPk.000.mp4
SM0i7RkOjPk.005,train/SM0i7RkOjPk.005.mp4
sNPK8f4FSfo.001,train/sNPK8f4FSfo.001.mp4
sNs4yCA11wk.000,train/sNs4yCA11wk.000.mp4
sNs4yCA11wk.001,train/sNs4yCA11wk.001.mp4
sNs4yCA11wk.002,train/sNs4yCA11wk.002.mp4
sNs4yCA11wk.003,train/sNs4yCA11wk.003.mp4
sNs4yCA11wk.005,train/sNs4yCA11wk.005.mp4
sntohi33U5s.000,train/sntohi33U5s.000.mp4
sntohi33U5s.001,train/sntohi33U5s.001.mp4
sntohi33U5s.004,train/sntohi33U5s.004.mp4
sntohi33U5s.005,train/sntohi33U5s.005.mp4
SoHlnvNirJg.001,train/SoHlnvNirJg.001.mp4
sOkGz6gEmGk.000,train/sOkGz6gEmGk.000.mp4
sOkGz6gEmGk.001,train/sOkGz6gEmGk.001.mp4
sOkGz6gEmGk.002,train/sOkGz6gEmGk.002.mp4
sOkGz6gEmGk.003,train/sOkGz6gEmGk.003.mp4
SOxdUtjGmAo.001,train/SOxdUtjGmAo.001.mp4
SOxdUtjGmAo.002,train/SOxdUtjGmAo.002.mp4
SOxdUtjGmAo.003,train/SOxdUtjGmAo.003.mp4
SPD5fXHVyIk.002,train/SPD5fXHVyIk.002.mp4
SPD5fXHVyIk.004,train/SPD5fXHVyIk.004.mp4
sPMNhG1Sehc.004,train/sPMNhG1Sehc.004.mp4
sPMNhG1Sehc.005,train/sPMNhG1Sehc.005.mp4
SPpox8EGQqU.001,train/SPpox8EGQqU.001.mp4
sqnW6xXYTKg.000,train/sqnW6xXYTKg.000.mp4
sqnW6xXYTKg.001,train/sqnW6xXYTKg.001.mp4
sqnW6xXYTKg.002,train/sqnW6xXYTKg.002.mp4
sqnW6xXYTKg.003,train/sqnW6xXYTKg.003.mp4
squHxV3QXlQ.002,train/squHxV3QXlQ.002.mp4
SR1Q5M2urxY.003,train/SR1Q5M2urxY.003.mp4
SR1Q5M2urxY.004,train/SR1Q5M2urxY.004.mp4
SRjhmQTPOmA.002,train/SRjhmQTPOmA.002.mp4
SRjhmQTPOmA.004,train/SRjhmQTPOmA.004.mp4
SRjhmQTPOmA.005,train/SRjhmQTPOmA.005.mp4
sRuO_Fz3eog.004,train/sRuO_Fz3eog.004.mp4
SsoZjq7x4MA.000,train/SsoZjq7x4MA.000.mp4
SsoZjq7x4MA.004,train/SsoZjq7x4MA.004.mp4
sSR1a5XW7n4.001,train/sSR1a5XW7n4.001.mp4
sSR1a5XW7n4.002,train/sSR1a5XW7n4.002.mp4
ssxo35zmKWQ.001,train/ssxo35zmKWQ.001.mp4
ssxo35zmKWQ.002,train/ssxo35zmKWQ.002.mp4
ssxo35zmKWQ.003,train/ssxo35zmKWQ.003.mp4
ssxo35zmKWQ.004,train/ssxo35zmKWQ.004.mp4
ssxo35zmKWQ.005,train/ssxo35zmKWQ.005.mp4
sSYCMN-WHmI.000,train/sSYCMN-WHmI.000.mp4
struoSVUsUg.002,train/struoSVUsUg.002.mp4
struoSVUsUg.005,train/struoSVUsUg.005.mp4
sTUJhj154Sc.002,train/sTUJhj154Sc.002.mp4
sTUJhj154Sc.003,train/sTUJhj154Sc.003.mp4
sTUJhj154Sc.005,train/sTUJhj154Sc.005.mp4
SUI6WNryjqw.000,train/SUI6WNryjqw.000.mp4
SUI6WNryjqw.002,train/SUI6WNryjqw.002.mp4
SUI6WNryjqw.003,train/SUI6WNryjqw.003.mp4
SUY_HDzgvGA.003,train/SUY_HDzgvGA.003.mp4
SxKLweLx_ZE.000,train/SxKLweLx_ZE.000.mp4
SxRNdq2nGN0.000,train/SxRNdq2nGN0.000.mp4
SxRNdq2nGN0.001,train/SxRNdq2nGN0.001.mp4
SxRNdq2nGN0.002,train/SxRNdq2nGN0.002.mp4
sY4urmZmhJA.002,train/sY4urmZmhJA.002.mp4
SyaRn3MHEIE.003,train/SyaRn3MHEIE.003.mp4
SyaRn3MHEIE.004,train/SyaRn3MHEIE.004.mp4
syAUKJMQWeo.001,train/syAUKJMQWeo.001.mp4
SYlV95nPTPs.001,train/SYlV95nPTPs.001.mp4
syTTeox8Yaw.002,train/syTTeox8Yaw.002.mp4
syTTeox8Yaw.003,train/syTTeox8Yaw.003.mp4
T-mK85acIOc.004,train/T-mK85acIOc.004.mp4
T-mK85acIOc.005,train/T-mK85acIOc.005.mp4
t0_DAgeU4nM.002,train/t0_DAgeU4nM.002.mp4
t0_DAgeU4nM.003,train/t0_DAgeU4nM.003.mp4
t0AupkXkkZw.001,train/t0AupkXkkZw.001.mp4
t0AupkXkkZw.003,train/t0AupkXkkZw.003.mp4
t0AupkXkkZw.004,train/t0AupkXkkZw.004.mp4
t0AupkXkkZw.005,train/t0AupkXkkZw.005.mp4
T0drx76OLAc.000,train/T0drx76OLAc.000.mp4
T1--98_78ns.003,train/T1--98_78ns.003.mp4
T1_6sVNHG70.000,train/T1_6sVNHG70.000.mp4
T1_6sVNHG70.001,train/T1_6sVNHG70.001.mp4
T1_6sVNHG70.005,train/T1_6sVNHG70.005.mp4
t1PKNXE-IiM.000,train/t1PKNXE-IiM.000.mp4
t1PKNXE-IiM.001,train/t1PKNXE-IiM.001.mp4
t1PKNXE-IiM.005,train/t1PKNXE-IiM.005.mp4
T1tJTwlGqOM.000,train/T1tJTwlGqOM.000.mp4
T1tJTwlGqOM.001,train/T1tJTwlGqOM.001.mp4
T1tJTwlGqOM.004,train/T1tJTwlGqOM.004.mp4
T1tJTwlGqOM.005,train/T1tJTwlGqOM.005.mp4
t30ERiF6b50.000,train/t30ERiF6b50.000.mp4
t30ERiF6b50.003,train/t30ERiF6b50.003.mp4
t3A2UMN3JeE.000,train/t3A2UMN3JeE.000.mp4
t3A2UMN3JeE.002,train/t3A2UMN3JeE.002.mp4
t3A2UMN3JeE.003,train/t3A2UMN3JeE.003.mp4
T3v3-2tvV0s.000,train/T3v3-2tvV0s.000.mp4
T4eZ81aJwJI.000,train/T4eZ81aJwJI.000.mp4
T4eZ81aJwJI.003,train/T4eZ81aJwJI.003.mp4
T4eZ81aJwJI.004,train/T4eZ81aJwJI.004.mp4
T4eZ81aJwJI.005,train/T4eZ81aJwJI.005.mp4
t6-ljEWQjW8.000,train/t6-ljEWQjW8.000.mp4
t6-ljEWQjW8.002,train/t6-ljEWQjW8.002.mp4
t6-ljEWQjW8.005,train/t6-ljEWQjW8.005.mp4
T6CMGXdPUTA.000,train/T6CMGXdPUTA.000.mp4
T6CMGXdPUTA.001,train/T6CMGXdPUTA.001.mp4
T6CMGXdPUTA.002,train/T6CMGXdPUTA.002.mp4
t899haDGi38.002,train/t899haDGi38.002.mp4
t899haDGi38.003,train/t899haDGi38.003.mp4
t899haDGi38.004,train/t899haDGi38.004.mp4
t899haDGi38.005,train/t899haDGi38.005.mp4
T8ibN-b3h7Y.001,train/T8ibN-b3h7Y.001.mp4
t9wFHk9TM-U.002,train/t9wFHk9TM-U.002.mp4
t9wFHk9TM-U.003,train/t9wFHk9TM-U.003.mp4
T9xSEBSaL7Q.003,train/T9xSEBSaL7Q.003.mp4
T_X16g5ExgE.005,train/T_X16g5ExgE.005.mp4
Tad9Q9OFjJw.002,train/Tad9Q9OFjJw.002.mp4
Tad9Q9OFjJw.003,train/Tad9Q9OFjJw.003.mp4
Tad9Q9OFjJw.004,train/Tad9Q9OFjJw.004.mp4
TaL5JleXDP8.003,train/TaL5JleXDP8.003.mp4
TaL5JleXDP8.005,train/TaL5JleXDP8.005.mp4
taSAaWKcmTw.000,train/taSAaWKcmTw.000.mp4
taSAaWKcmTw.002,train/taSAaWKcmTw.002.mp4
taSAaWKcmTw.004,train/taSAaWKcmTw.004.mp4
taSAaWKcmTw.005,train/taSAaWKcmTw.005.mp4
TaTMtWvSmu4.000,train/TaTMtWvSmu4.000.mp4
TaTMtWvSmu4.001,train/TaTMtWvSmu4.001.mp4
TaTMtWvSmu4.003,train/TaTMtWvSmu4.003.mp4
TaTMtWvSmu4.004,train/TaTMtWvSmu4.004.mp4
tBQlU4_cIS0.000,train/tBQlU4_cIS0.000.mp4
Tch2Bt9b8AY.001,train/Tch2Bt9b8AY.001.mp4
tcmYlyeqwuI.003,train/tcmYlyeqwuI.003.mp4
tcmYlyeqwuI.004,train/tcmYlyeqwuI.004.mp4
tCnfvBwWVKw.000,train/tCnfvBwWVKw.000.mp4
tCnfvBwWVKw.002,train/tCnfvBwWVKw.002.mp4
tCnfvBwWVKw.003,train/tCnfvBwWVKw.003.mp4
TCzYD74Xqe8.000,train/TCzYD74Xqe8.000.mp4
TCzYD74Xqe8.002,train/TCzYD74Xqe8.002.mp4
TD2jIXMD-SM.001,train/TD2jIXMD-SM.001.mp4
TD2jIXMD-SM.002,train/TD2jIXMD-SM.002.mp4
TD2jIXMD-SM.005,train/TD2jIXMD-SM.005.mp4
TD3H2DOSi1Y.001,train/TD3H2DOSi1Y.001.mp4
TEGJrmNFvXY.001,train/TEGJrmNFvXY.001.mp4
TEGJrmNFvXY.004,train/TEGJrmNFvXY.004.mp4
TeNC9wOhlXM.000,train/TeNC9wOhlXM.000.mp4
tepWDnvIuRg.001,train/tepWDnvIuRg.001.mp4
tepWDnvIuRg.002,train/tepWDnvIuRg.002.mp4
tepWDnvIuRg.003,train/tepWDnvIuRg.003.mp4
tepWDnvIuRg.004,train/tepWDnvIuRg.004.mp4
tepWDnvIuRg.005,train/tepWDnvIuRg.005.mp4
tEQEKN07KgQ.000,train/tEQEKN07KgQ.000.mp4
tEQEKN07KgQ.001,train/tEQEKN07KgQ.001.mp4
tEQEKN07KgQ.003,train/tEQEKN07KgQ.003.mp4
tEQEKN07KgQ.004,train/tEQEKN07KgQ.004.mp4
tEQEKN07KgQ.005,train/tEQEKN07KgQ.005.mp4
teRgvZ63_2I.001,train/teRgvZ63_2I.001.mp4
teRgvZ63_2I.003,train/teRgvZ63_2I.003.mp4
tg0i-zxvQXk.000,train/tg0i-zxvQXk.000.mp4
Tg8a_iNEamM.000,train/Tg8a_iNEamM.000.mp4
Tg8a_iNEamM.005,train/Tg8a_iNEamM.005.mp4
tGHOYmQHZUc.001,train/tGHOYmQHZUc.001.mp4
THO-md3eEkA.000,train/THO-md3eEkA.000.mp4
THO-md3eEkA.003,train/THO-md3eEkA.003.mp4
THO-md3eEkA.004,train/THO-md3eEkA.004.mp4
tHYxFw-7po8.001,train/tHYxFw-7po8.001.mp4
TiQF5QduRNE.003,train/TiQF5QduRNE.003.mp4
TIRrlL71dEQ.000,train/TIRrlL71dEQ.000.mp4
TIRrlL71dEQ.005,train/TIRrlL71dEQ.005.mp4
tiVKJWLzmk4.000,train/tiVKJWLzmk4.000.mp4
tiVKJWLzmk4.001,train/tiVKJWLzmk4.001.mp4
tiVKJWLzmk4.004,train/tiVKJWLzmk4.004.mp4
TJD__22fOr0.000,train/TJD__22fOr0.000.mp4
TJJJfJfj46M.001,train/TJJJfJfj46M.001.mp4
Tm44tg1zPwU.004,train/Tm44tg1zPwU.004.mp4
TmpP2fXeVtk.000,train/TmpP2fXeVtk.000.mp4
TmpP2fXeVtk.002,train/TmpP2fXeVtk.002.mp4
TmpP2fXeVtk.003,train/TmpP2fXeVtk.003.mp4
TmyDT-HC3qI.001,train/TmyDT-HC3qI.001.mp4
TmyDT-HC3qI.002,train/TmyDT-HC3qI.002.mp4
TNjEJGdqmH0.000,train/TNjEJGdqmH0.000.mp4
TNjEJGdqmH0.001,train/TNjEJGdqmH0.001.mp4
TNjEJGdqmH0.002,train/TNjEJGdqmH0.002.mp4
TNjEJGdqmH0.003,train/TNjEJGdqmH0.003.mp4
TNjEJGdqmH0.005,train/TNjEJGdqmH0.005.mp4
tNPLxKC38Xs.000,train/tNPLxKC38Xs.000.mp4
tNPLxKC38Xs.002,train/tNPLxKC38Xs.002.mp4
tNPLxKC38Xs.003,train/tNPLxKC38Xs.003.mp4
tNPLxKC38Xs.004,train/tNPLxKC38Xs.004.mp4
TNtcyfM9jak.000,train/TNtcyfM9jak.000.mp4
TNtcyfM9jak.001,train/TNtcyfM9jak.001.mp4
TNtcyfM9jak.002,train/TNtcyfM9jak.002.mp4
TNtcyfM9jak.003,train/TNtcyfM9jak.003.mp4
TNtcyfM9jak.005,train/TNtcyfM9jak.005.mp4
tOifNTq8jPw.005,train/tOifNTq8jPw.005.mp4
tomb22yfjTc.001,train/tomb22yfjTc.001.mp4
tomb22yfjTc.002,train/tomb22yfjTc.002.mp4
TPk6KiHuPag.000,train/TPk6KiHuPag.000.mp4
TPk6KiHuPag.001,train/TPk6KiHuPag.001.mp4
TPk6KiHuPag.003,train/TPk6KiHuPag.003.mp4
TPk6KiHuPag.004,train/TPk6KiHuPag.004.mp4
TPRQyuiNYmI.002,train/TPRQyuiNYmI.002.mp4
tPVSlH_VmZk.001,train/tPVSlH_VmZk.001.mp4
TQHzCznQ14Y.000,train/TQHzCznQ14Y.000.mp4
TQHzCznQ14Y.003,train/TQHzCznQ14Y.003.mp4
Tr3A7WODEuM.001,train/Tr3A7WODEuM.001.mp4
tS6bRcIIjDc.000,train/tS6bRcIIjDc.000.mp4
tS6bRcIIjDc.001,train/tS6bRcIIjDc.001.mp4
tS6bRcIIjDc.002,train/tS6bRcIIjDc.002.mp4
tS6bRcIIjDc.003,train/tS6bRcIIjDc.003.mp4
tS6bRcIIjDc.004,train/tS6bRcIIjDc.004.mp4
tS6bRcIIjDc.005,train/tS6bRcIIjDc.005.mp4
TSGpD2NBeCQ.002,train/TSGpD2NBeCQ.002.mp4
TTuysItuSdo.004,train/TTuysItuSdo.004.mp4
TTx4lC7LLcI.000,train/TTx4lC7LLcI.000.mp4
TTx4lC7LLcI.001,train/TTx4lC7LLcI.001.mp4
TUaOp5eIU2c.000,train/TUaOp5eIU2c.000.mp4
TUaOp5eIU2c.001,train/TUaOp5eIU2c.001.mp4
TUaOp5eIU2c.002,train/TUaOp5eIU2c.002.mp4
TUaOp5eIU2c.003,train/TUaOp5eIU2c.003.mp4
TursJyaFzqY.000,train/TursJyaFzqY.000.mp4
TursJyaFzqY.002,train/TursJyaFzqY.002.mp4
TursJyaFzqY.003,train/TursJyaFzqY.003.mp4
TursJyaFzqY.004,train/TursJyaFzqY.004.mp4
TursJyaFzqY.005,train/TursJyaFzqY.005.mp4
tutTFKP_fdg.000,train/tutTFKP_fdg.000.mp4
tutTFKP_fdg.005,train/tutTFKP_fdg.005.mp4
tvKUJujTUEo.001,train/tvKUJujTUEo.001.mp4
tvKUJujTUEo.003,train/tvKUJujTUEo.003.mp4
tvKUJujTUEo.004,train/tvKUJujTUEo.004.mp4
tvKUJujTUEo.005,train/tvKUJujTUEo.005.mp4
tw6lY2ptkvo.002,train/tw6lY2ptkvo.002.mp4
TWKKCoT4FTc.001,train/TWKKCoT4FTc.001.mp4
twmdh5zdvfg.000,train/twmdh5zdvfg.000.mp4
twO6ceVTuII.001,train/twO6ceVTuII.001.mp4
twO6ceVTuII.002,train/twO6ceVTuII.002.mp4
twO6ceVTuII.003,train/twO6ceVTuII.003.mp4
twO6ceVTuII.005,train/twO6ceVTuII.005.mp4
TwWDFpN3occ.001,train/TwWDFpN3occ.001.mp4
TwWDFpN3occ.002,train/TwWDFpN3occ.002.mp4
TwWDFpN3occ.003,train/TwWDFpN3occ.003.mp4
txU8yE9d-4k.001,train/txU8yE9d-4k.001.mp4
txU8yE9d-4k.003,train/txU8yE9d-4k.003.mp4
txU8yE9d-4k.005,train/txU8yE9d-4k.005.mp4
tYpxPqwle5k.005,train/tYpxPqwle5k.005.mp4
tZiRqu8joX8.003,train/tZiRqu8joX8.003.mp4
TzW_VxrCR30.002,train/TzW_VxrCR30.002.mp4
U-PRay-woXU.000,train/U-PRay-woXU.000.mp4
U-PRay-woXU.002,train/U-PRay-woXU.002.mp4
U-PRay-woXU.004,train/U-PRay-woXU.004.mp4
U-PRay-woXU.005,train/U-PRay-woXU.005.mp4
U-XrzfFzMkg.004,train/U-XrzfFzMkg.004.mp4
U-XrzfFzMkg.005,train/U-XrzfFzMkg.005.mp4
u0NIAbS0mDM.001,train/u0NIAbS0mDM.001.mp4
U22Jy0m5xSQ.001,train/U22Jy0m5xSQ.001.mp4
U22Jy0m5xSQ.005,train/U22Jy0m5xSQ.005.mp4
U2lT_RogJMM.001,train/U2lT_RogJMM.001.mp4
U2RemWUyjts.000,train/U2RemWUyjts.000.mp4
U2RemWUyjts.003,train/U2RemWUyjts.003.mp4
u2XbiBuuxyI.001,train/u2XbiBuuxyI.001.mp4
U3UaF1aFek4.001,train/U3UaF1aFek4.001.mp4
U3UaF1aFek4.002,train/U3UaF1aFek4.002.mp4
U3UaF1aFek4.005,train/U3UaF1aFek4.005.mp4
u50B6bIkN9g.000,train/u50B6bIkN9g.000.mp4
u50B6bIkN9g.002,train/u50B6bIkN9g.002.mp4
U9cidDFDTQE.001,train/U9cidDFDTQE.001.mp4
U9cidDFDTQE.003,train/U9cidDFDTQE.003.mp4
U9cidDFDTQE.004,train/U9cidDFDTQE.004.mp4
U9NlCSah83U.001,train/U9NlCSah83U.001.mp4
u9vOa9GdNcM.003,train/u9vOa9GdNcM.003.mp4
U_QQ8EuuWPg.000,train/U_QQ8EuuWPg.000.mp4
U_QQ8EuuWPg.001,train/U_QQ8EuuWPg.001.mp4
U_QQ8EuuWPg.002,train/U_QQ8EuuWPg.002.mp4
U_QQ8EuuWPg.003,train/U_QQ8EuuWPg.003.mp4
U_QQ8EuuWPg.005,train/U_QQ8EuuWPg.005.mp4
u_qvbRpm88k.002,train/u_qvbRpm88k.002.mp4
u_qvbRpm88k.005,train/u_qvbRpm88k.005.mp4
ua5c716lu5s.001,train/ua5c716lu5s.001.mp4
ua5c716lu5s.002,train/ua5c716lu5s.002.mp4
ua5c716lu5s.003,train/ua5c716lu5s.003.mp4
ua5c716lu5s.004,train/ua5c716lu5s.004.mp4
ua5c716lu5s.005,train/ua5c716lu5s.005.mp4
UA6UY69EVSI.000,train/UA6UY69EVSI.000.mp4
UA6UY69EVSI.002,train/UA6UY69EVSI.002.mp4
UA6UY69EVSI.004,train/UA6UY69EVSI.004.mp4
UANQntvIqVk.000,train/UANQntvIqVk.000.mp4
UANQntvIqVk.003,train/UANQntvIqVk.003.mp4
UANQntvIqVk.004,train/UANQntvIqVk.004.mp4
uATtAHyVSMM.002,train/uATtAHyVSMM.002.mp4
uATtAHyVSMM.003,train/uATtAHyVSMM.003.mp4
uATtAHyVSMM.005,train/uATtAHyVSMM.005.mp4
uCJNAX_b9mc.000,train/uCJNAX_b9mc.000.mp4
uCJNAX_b9mc.002,train/uCJNAX_b9mc.002.mp4
UCKiPkp4ZkA.000,train/UCKiPkp4ZkA.000.mp4
UcyjGGEBn30.001,train/UcyjGGEBn30.001.mp4
UcyjGGEBn30.004,train/UcyjGGEBn30.004.mp4
UcyjGGEBn30.005,train/UcyjGGEBn30.005.mp4
UD-8YYU7GZs.000,train/UD-8YYU7GZs.000.mp4
UD-8YYU7GZs.003,train/UD-8YYU7GZs.003.mp4
UD-8YYU7GZs.004,train/UD-8YYU7GZs.004.mp4
udn-L92wdn8.000,train/udn-L92wdn8.000.mp4
uE2U_Y7QrIw.000,train/uE2U_Y7QrIw.000.mp4
uE2U_Y7QrIw.002,train/uE2U_Y7QrIw.002.mp4
uE2U_Y7QrIw.003,train/uE2U_Y7QrIw.003.mp4
UEYKBC_SuzU.001,train/UEYKBC_SuzU.001.mp4
UEYKBC_SuzU.004,train/UEYKBC_SuzU.004.mp4
uf_sIIw4zxY.001,train/uf_sIIw4zxY.001.mp4
uf_sIIw4zxY.002,train/uf_sIIw4zxY.002.mp4
uf_sIIw4zxY.005,train/uf_sIIw4zxY.005.mp4
UGn9Q8Fe9jw.001,train/UGn9Q8Fe9jw.001.mp4
UGp1GNK0GWg.000,train/UGp1GNK0GWg.000.mp4
UGsr6Vnqf7I.003,train/UGsr6Vnqf7I.003.mp4
UGsr6Vnqf7I.004,train/UGsr6Vnqf7I.004.mp4
UhNyHUwo1SY.001,train/UhNyHUwo1SY.001.mp4
UhNyHUwo1SY.003,train/UhNyHUwo1SY.003.mp4
uHrP02iwW1o.000,train/uHrP02iwW1o.000.mp4
uHrP02iwW1o.002,train/uHrP02iwW1o.002.mp4
Ui1ajQU5Ib8.000,train/Ui1ajQU5Ib8.000.mp4
Ui1ajQU5Ib8.001,train/Ui1ajQU5Ib8.001.mp4
Ui1ajQU5Ib8.005,train/Ui1ajQU5Ib8.005.mp4
uifW-cV-iQo.002,train/uifW-cV-iQo.002.mp4
UipoC_HLOP0.001,train/UipoC_HLOP0.001.mp4
UipoC_HLOP0.003,train/UipoC_HLOP0.003.mp4
UipoC_HLOP0.004,train/UipoC_HLOP0.004.mp4
UjqpaK1HlKI.004,train/UjqpaK1HlKI.004.mp4
UjqpaK1HlKI.005,train/UjqpaK1HlKI.005.mp4
UKHSKkb0V1o.003,train/UKHSKkb0V1o.003.mp4
UKHSKkb0V1o.004,train/UKHSKkb0V1o.004.mp4
UKHSKkb0V1o.005,train/UKHSKkb0V1o.005.mp4
uKy7lHuMQ_o.000,train/uKy7lHuMQ_o.000.mp4
uKy7lHuMQ_o.002,train/uKy7lHuMQ_o.002.mp4
uMCRfie1lkc.001,train/uMCRfie1lkc.001.mp4
uMCRfie1lkc.002,train/uMCRfie1lkc.002.mp4
uMCRfie1lkc.003,train/uMCRfie1lkc.003.mp4
uMCRfie1lkc.004,train/uMCRfie1lkc.004.mp4
UMgeWS5r3IE.005,train/UMgeWS5r3IE.005.mp4
UMMhvyjgRnM.004,train/UMMhvyjgRnM.004.mp4
uNJpPYo5Qp4.002,train/uNJpPYo5Qp4.002.mp4
UoC_4qi_m9c.002,train/UoC_4qi_m9c.002.mp4
UoC_4qi_m9c.003,train/UoC_4qi_m9c.003.mp4
UOvgGSx9k_k.001,train/UOvgGSx9k_k.001.mp4
UOvgGSx9k_k.002,train/UOvgGSx9k_k.002.mp4
UOvgGSx9k_k.003,train/UOvgGSx9k_k.003.mp4
upgv7xmOb1I.001,train/upgv7xmOb1I.001.mp4
upgv7xmOb1I.002,train/upgv7xmOb1I.002.mp4
upgv7xmOb1I.003,train/upgv7xmOb1I.003.mp4
upgv7xmOb1I.004,train/upgv7xmOb1I.004.mp4
upgv7xmOb1I.005,train/upgv7xmOb1I.005.mp4
uqd_cEJMJ4o.003,train/uqd_cEJMJ4o.003.mp4
UQeuBvZNusI.000,train/UQeuBvZNusI.000.mp4
UQeuBvZNusI.001,train/UQeuBvZNusI.001.mp4
UQeuBvZNusI.003,train/UQeuBvZNusI.003.mp4
UqfFvPT9mEs.000,train/UqfFvPT9mEs.000.mp4
UrOamWOcOwQ.000,train/UrOamWOcOwQ.000.mp4
UrOamWOcOwQ.002,train/UrOamWOcOwQ.002.mp4
UrOamWOcOwQ.003,train/UrOamWOcOwQ.003.mp4
UrOamWOcOwQ.004,train/UrOamWOcOwQ.004.mp4
UrOamWOcOwQ.005,train/UrOamWOcOwQ.005.mp4
uRY3aJAaogw.001,train/uRY3aJAaogw.001.mp4
uRY3aJAaogw.002,train/uRY3aJAaogw.002.mp4
uRY3aJAaogw.003,train/uRY3aJAaogw.003.mp4
uRY3aJAaogw.005,train/uRY3aJAaogw.005.mp4
US4PxgfKDeA.000,train/US4PxgfKDeA.000.mp4
US4PxgfKDeA.003,train/US4PxgfKDeA.003.mp4
US4PxgfKDeA.004,train/US4PxgfKDeA.004.mp4
usG6pVxbQkw.000,train/usG6pVxbQkw.000.mp4
usG6pVxbQkw.001,train/usG6pVxbQkw.001.mp4
USicjVA1trA.003,train/USicjVA1trA.003.mp4
USicjVA1trA.004,train/USicjVA1trA.004.mp4
USicjVA1trA.005,train/USicjVA1trA.005.mp4
UsmwjNu3kgQ.001,train/UsmwjNu3kgQ.001.mp4
USO-o9dHJ3U.000,train/USO-o9dHJ3U.000.mp4
USO-o9dHJ3U.001,train/USO-o9dHJ3U.001.mp4
USO-o9dHJ3U.004,train/USO-o9dHJ3U.004.mp4
USO-o9dHJ3U.005,train/USO-o9dHJ3U.005.mp4
uStuc1OX0f0.000,train/uStuc1OX0f0.000.mp4
uTluOTPA7e4.001,train/uTluOTPA7e4.001.mp4
uTluOTPA7e4.002,train/uTluOTPA7e4.002.mp4
uTluOTPA7e4.003,train/uTluOTPA7e4.003.mp4
uTluOTPA7e4.004,train/uTluOTPA7e4.004.mp4
utv9RBNcL5w.000,train/utv9RBNcL5w.000.mp4
utv9RBNcL5w.005,train/utv9RBNcL5w.005.mp4
UtVo107m5lg.001,train/UtVo107m5lg.001.mp4
UtVo107m5lg.002,train/UtVo107m5lg.002.mp4
UtVo107m5lg.003,train/UtVo107m5lg.003.mp4
UtVo107m5lg.005,train/UtVo107m5lg.005.mp4
Uu-NbXUPr-A.000,train/Uu-NbXUPr-A.000.mp4
Uu-NbXUPr-A.001,train/Uu-NbXUPr-A.001.mp4
UVMEzA3yHsM.001,train/UVMEzA3yHsM.001.mp4
UVMEzA3yHsM.003,train/UVMEzA3yHsM.003.mp4
UVvBaGOxwRI.000,train/UVvBaGOxwRI.000.mp4
UvX6ctu2ObM.002,train/UvX6ctu2ObM.002.mp4
uwUkp63db18.001,train/uwUkp63db18.001.mp4
uwUkp63db18.002,train/uwUkp63db18.002.mp4
uwUkp63db18.003,train/uwUkp63db18.003.mp4
uwUkp63db18.004,train/uwUkp63db18.004.mp4
uwUkp63db18.005,train/uwUkp63db18.005.mp4
UWVOT3YPQH4.001,train/UWVOT3YPQH4.001.mp4
UWVOT3YPQH4.002,train/UWVOT3YPQH4.002.mp4
UWVOT3YPQH4.004,train/UWVOT3YPQH4.004.mp4
UWVOT3YPQH4.005,train/UWVOT3YPQH4.005.mp4
uwYQKM_STCw.002,train/uwYQKM_STCw.002.mp4
uwYQKM_STCw.005,train/uwYQKM_STCw.005.mp4
uxTxqewSuxg.000,train/uxTxqewSuxg.000.mp4
UzgW75Fd4jU.001,train/UzgW75Fd4jU.001.mp4
v0jtovM6Ajg.000,train/v0jtovM6Ajg.000.mp4
v0jtovM6Ajg.003,train/v0jtovM6Ajg.003.mp4
V1I40vVRk78.002,train/V1I40vVRk78.002.mp4
V1I40vVRk78.003,train/V1I40vVRk78.003.mp4
V1TjmLtgNm0.000,train/V1TjmLtgNm0.000.mp4
V1TjmLtgNm0.002,train/V1TjmLtgNm0.002.mp4
V1TjmLtgNm0.005,train/V1TjmLtgNm0.005.mp4
V2nvyZB-JNM.001,train/V2nvyZB-JNM.001.mp4
V2nvyZB-JNM.002,train/V2nvyZB-JNM.002.mp4
V2nvyZB-JNM.003,train/V2nvyZB-JNM.003.mp4
V2nvyZB-JNM.004,train/V2nvyZB-JNM.004.mp4
V4ibYU1O-YI.000,train/V4ibYU1O-YI.000.mp4
V4ibYU1O-YI.001,train/V4ibYU1O-YI.001.mp4
V4ibYU1O-YI.005,train/V4ibYU1O-YI.005.mp4
v68FyWS-Q9s.002,train/v68FyWS-Q9s.002.mp4
v68FyWS-Q9s.003,train/v68FyWS-Q9s.003.mp4
V7_h3URfSFY.000,train/V7_h3URfSFY.000.mp4
V7_h3URfSFY.003,train/V7_h3URfSFY.003.mp4
V7_h3URfSFY.005,train/V7_h3URfSFY.005.mp4
V8JaJ2IVG9E.004,train/V8JaJ2IVG9E.004.mp4
V8JaJ2IVG9E.005,train/V8JaJ2IVG9E.005.mp4
V8PSAROGbZM.004,train/V8PSAROGbZM.004.mp4
V8w2Lo5wxl8.000,train/V8w2Lo5wxl8.000.mp4
V8w2Lo5wxl8.001,train/V8w2Lo5wxl8.001.mp4
V8w2Lo5wxl8.004,train/V8w2Lo5wxl8.004.mp4
V9aMA9YLa2k.001,train/V9aMA9YLa2k.001.mp4
V9aMA9YLa2k.005,train/V9aMA9YLa2k.005.mp4
V9OuGDPnqHI.000,train/V9OuGDPnqHI.000.mp4
V9OuGDPnqHI.001,train/V9OuGDPnqHI.001.mp4
V9OuGDPnqHI.004,train/V9OuGDPnqHI.004.mp4
V9roK_mLM-w.000,train/V9roK_mLM-w.000.mp4
V9roK_mLM-w.002,train/V9roK_mLM-w.002.mp4
V9roK_mLM-w.003,train/V9roK_mLM-w.003.mp4
VA5XjOaBH0Y.000,train/VA5XjOaBH0Y.000.mp4
vAEqpUwBMJQ.001,train/vAEqpUwBMJQ.001.mp4
vAEqpUwBMJQ.003,train/vAEqpUwBMJQ.003.mp4
vAEqpUwBMJQ.004,train/vAEqpUwBMJQ.004.mp4
vAEqpUwBMJQ.005,train/vAEqpUwBMJQ.005.mp4
vAV6ovUKPDg.005,train/vAV6ovUKPDg.005.mp4
VAZLQqJa9rQ.001,train/VAZLQqJa9rQ.001.mp4
VAZLQqJa9rQ.002,train/VAZLQqJa9rQ.002.mp4
VAZLQqJa9rQ.003,train/VAZLQqJa9rQ.003.mp4
VAZLQqJa9rQ.004,train/VAZLQqJa9rQ.004.mp4
VbiUhNAdzus.000,train/VbiUhNAdzus.000.mp4
VbiUhNAdzus.002,train/VbiUhNAdzus.002.mp4
vCV-5LypZCs.005,train/vCV-5LypZCs.005.mp4
vCY4uvfrWXA.003,train/vCY4uvfrWXA.003.mp4
vCY4uvfrWXA.005,train/vCY4uvfrWXA.005.mp4
Vd9biSOZ5CI.001,train/Vd9biSOZ5CI.001.mp4
Vd9biSOZ5CI.002,train/Vd9biSOZ5CI.002.mp4
Vd9biSOZ5CI.003,train/Vd9biSOZ5CI.003.mp4
Vd9biSOZ5CI.004,train/Vd9biSOZ5CI.004.mp4
VDcYF-YQuWw.000,train/VDcYF-YQuWw.000.mp4
vE9XgQL7DGE.001,train/vE9XgQL7DGE.001.mp4
vE9XgQL7DGE.003,train/vE9XgQL7DGE.003.mp4
vE9XgQL7DGE.004,train/vE9XgQL7DGE.004.mp4
VForU0EmBr0.000,train/VForU0EmBr0.000.mp4
VForU0EmBr0.001,train/VForU0EmBr0.001.mp4
VForU0EmBr0.003,train/VForU0EmBr0.003.mp4
VForU0EmBr0.005,train/VForU0EmBr0.005.mp4
VGoAtKcKIe8.002,train/VGoAtKcKIe8.002.mp4
VGoAtKcKIe8.005,train/VGoAtKcKIe8.005.mp4
vHc0pnY9BoI.002,train/vHc0pnY9BoI.002.mp4
VhHnmeRABJw.003,train/VhHnmeRABJw.003.mp4
VhHnmeRABJw.005,train/VhHnmeRABJw.005.mp4
vHIBCKwJLEY.001,train/vHIBCKwJLEY.001.mp4
vHIBCKwJLEY.003,train/vHIBCKwJLEY.003.mp4
vHIBCKwJLEY.004,train/vHIBCKwJLEY.004.mp4
vHn6-GQAI_Y.001,train/vHn6-GQAI_Y.001.mp4
vHn6-GQAI_Y.003,train/vHn6-GQAI_Y.003.mp4
vHn6-GQAI_Y.004,train/vHn6-GQAI_Y.004.mp4
vhugKRUnd-c.000,train/vhugKRUnd-c.000.mp4
vhugKRUnd-c.001,train/vhugKRUnd-c.001.mp4
vhugKRUnd-c.004,train/vhugKRUnd-c.004.mp4
VIhStXxpAr0.000,train/VIhStXxpAr0.000.mp4
VIhStXxpAr0.001,train/VIhStXxpAr0.001.mp4
VIhStXxpAr0.003,train/VIhStXxpAr0.003.mp4
VIhStXxpAr0.004,train/VIhStXxpAr0.004.mp4
VIKk25Ozx40.000,train/VIKk25Ozx40.000.mp4
Vimaz7NzPIg.001,train/Vimaz7NzPIg.001.mp4
vIW7gDmhYMk.001,train/vIW7gDmhYMk.001.mp4
vIW7gDmhYMk.003,train/vIW7gDmhYMk.003.mp4
vIW7gDmhYMk.004,train/vIW7gDmhYMk.004.mp4
vIW7gDmhYMk.005,train/vIW7gDmhYMk.005.mp4
Vj-Cmtqv_qY.001,train/Vj-Cmtqv_qY.001.mp4
vJDx6TCX32M.000,train/vJDx6TCX32M.000.mp4
vJDx6TCX32M.001,train/vJDx6TCX32M.001.mp4
vJDx6TCX32M.004,train/vJDx6TCX32M.004.mp4
vJnjjy5DZN4.001,train/vJnjjy5DZN4.001.mp4
vJnjjy5DZN4.002,train/vJnjjy5DZN4.002.mp4
vJnjjy5DZN4.003,train/vJnjjy5DZN4.003.mp4
VJuVsi6G96s.000,train/VJuVsi6G96s.000.mp4
VJuVsi6G96s.002,train/VJuVsi6G96s.002.mp4
VjYqagJ4xt8.001,train/VjYqagJ4xt8.001.mp4
VjYqagJ4xt8.004,train/VjYqagJ4xt8.004.mp4
Vk3scj5vhd4.004,train/Vk3scj5vhd4.004.mp4
vLAHfIjmRMc.001,train/vLAHfIjmRMc.001.mp4
vLAHfIjmRMc.005,train/vLAHfIjmRMc.005.mp4
VM409fZmJE0.000,train/VM409fZmJE0.000.mp4
vMtF0akNUK4.000,train/vMtF0akNUK4.000.mp4
vMtF0akNUK4.001,train/vMtF0akNUK4.001.mp4
vMtF0akNUK4.002,train/vMtF0akNUK4.002.mp4
vMtF0akNUK4.004,train/vMtF0akNUK4.004.mp4
VmV8NIvVVkw.000,train/VmV8NIvVVkw.000.mp4
VmXZ2jMWuvk.001,train/VmXZ2jMWuvk.001.mp4
VmXZ2jMWuvk.004,train/VmXZ2jMWuvk.004.mp4
VmyIItgMzpE.002,train/VmyIItgMzpE.002.mp4
vNEs2yGe77s.000,train/vNEs2yGe77s.000.mp4
VNK6LQHh25w.000,train/VNK6LQHh25w.000.mp4
VNK6LQHh25w.004,train/VNK6LQHh25w.004.mp4
VnUkBYQkJms.002,train/VnUkBYQkJms.002.mp4
VnUkBYQkJms.003,train/VnUkBYQkJms.003.mp4
VnUkBYQkJms.004,train/VnUkBYQkJms.004.mp4
VnUkBYQkJms.005,train/VnUkBYQkJms.005.mp4
vNZJSHliTR4.001,train/vNZJSHliTR4.001.mp4
vo-Y5kgSBa8.000,train/vo-Y5kgSBa8.000.mp4
vo-Y5kgSBa8.002,train/vo-Y5kgSBa8.002.mp4
vo-Y5kgSBa8.003,train/vo-Y5kgSBa8.003.mp4
vo-Y5kgSBa8.005,train/vo-Y5kgSBa8.005.mp4
vOEQlAMABWM.000,train/vOEQlAMABWM.000.mp4
vOEQlAMABWM.001,train/vOEQlAMABWM.001.mp4
vOEQlAMABWM.003,train/vOEQlAMABWM.003.mp4
VOeVhXWK7-8.004,train/VOeVhXWK7-8.004.mp4
VOeVhXWK7-8.005,train/VOeVhXWK7-8.005.mp4
VOhsEbDjZ9E.001,train/VOhsEbDjZ9E.001.mp4
VoPuhcQc_mg.000,train/VoPuhcQc_mg.000.mp4
voSLxKtKr0Q.000,train/voSLxKtKr0Q.000.mp4
voSLxKtKr0Q.002,train/voSLxKtKr0Q.002.mp4
voSLxKtKr0Q.003,train/voSLxKtKr0Q.003.mp4
voSLxKtKr0Q.004,train/voSLxKtKr0Q.004.mp4
voSLxKtKr0Q.005,train/voSLxKtKr0Q.005.mp4
vOxgWKGNEYc.000,train/vOxgWKGNEYc.000.mp4
VoXh9utSIx8.000,train/VoXh9utSIx8.000.mp4
voXr6-ykd1w.000,train/voXr6-ykd1w.000.mp4
voXr6-ykd1w.002,train/voXr6-ykd1w.002.mp4
vP6TUda99tc.005,train/vP6TUda99tc.005.mp4
vp9p1osOaLI.002,train/vp9p1osOaLI.002.mp4
vp9p1osOaLI.003,train/vp9p1osOaLI.003.mp4
VPFrKx72gvo.001,train/VPFrKx72gvo.001.mp4
VPFrKx72gvo.002,train/VPFrKx72gvo.002.mp4
vQEZ5KF9I4E.003,train/vQEZ5KF9I4E.003.mp4
vQEZ5KF9I4E.004,train/vQEZ5KF9I4E.004.mp4
vqF65-bFHKM.003,train/vqF65-bFHKM.003.mp4
vqF65-bFHKM.004,train/vqF65-bFHKM.004.mp4
vqLtOsoNPnU.002,train/vqLtOsoNPnU.002.mp4
vqLtOsoNPnU.004,train/vqLtOsoNPnU.004.mp4
VQMizni7nY0.001,train/VQMizni7nY0.001.mp4
vr5FWHUkYRM.000,train/vr5FWHUkYRM.000.mp4
vr5FWHUkYRM.001,train/vr5FWHUkYRM.001.mp4
vR7YF7Zv5-Q.000,train/vR7YF7Zv5-Q.000.mp4
vR7YF7Zv5-Q.003,train/vR7YF7Zv5-Q.003.mp4
VRjJxTqOJyo.001,train/VRjJxTqOJyo.001.mp4
VRjJxTqOJyo.002,train/VRjJxTqOJyo.002.mp4
VRjJxTqOJyo.004,train/VRjJxTqOJyo.004.mp4
vrMlwwTLWIE.005,train/vrMlwwTLWIE.005.mp4
VsY6jAlvb9o.000,train/VsY6jAlvb9o.000.mp4
vtOEl_Mg0Io.000,train/vtOEl_Mg0Io.000.mp4
vtOEl_Mg0Io.004,train/vtOEl_Mg0Io.004.mp4
VTrqCDYHVqU.001,train/VTrqCDYHVqU.001.mp4
VTrqCDYHVqU.002,train/VTrqCDYHVqU.002.mp4
VTrqCDYHVqU.003,train/VTrqCDYHVqU.003.mp4
VTv4BAYgJpk.001,train/VTv4BAYgJpk.001.mp4
VTv4BAYgJpk.002,train/VTv4BAYgJpk.002.mp4
VTv4BAYgJpk.003,train/VTv4BAYgJpk.003.mp4
VTv4BAYgJpk.005,train/VTv4BAYgJpk.005.mp4
VtYPH6UsVnU.000,train/VtYPH6UsVnU.000.mp4
VtYPH6UsVnU.001,train/VtYPH6UsVnU.001.mp4
VtYPH6UsVnU.002,train/VtYPH6UsVnU.002.mp4
VtYPH6UsVnU.003,train/VtYPH6UsVnU.003.mp4
VtYPH6UsVnU.005,train/VtYPH6UsVnU.005.mp4
VuadgOz6T7s.000,train/VuadgOz6T7s.000.mp4
VuadgOz6T7s.001,train/VuadgOz6T7s.001.mp4
VuadgOz6T7s.002,train/VuadgOz6T7s.002.mp4
VUgKH9DIs-8.000,train/VUgKH9DIs-8.000.mp4
VUgKH9DIs-8.001,train/VUgKH9DIs-8.001.mp4
VUgKH9DIs-8.002,train/VUgKH9DIs-8.002.mp4
VUgKH9DIs-8.003,train/VUgKH9DIs-8.003.mp4
VUgKH9DIs-8.005,train/VUgKH9DIs-8.005.mp4
VugKq4gOi50.000,train/VugKq4gOi50.000.mp4
VugKq4gOi50.004,train/VugKq4gOi50.004.mp4
VugKq4gOi50.005,train/VugKq4gOi50.005.mp4
VUGWfw5PVLY.000,train/VUGWfw5PVLY.000.mp4
VUGWfw5PVLY.002,train/VUGWfw5PVLY.002.mp4
vUKex2msIEU.002,train/vUKex2msIEU.002.mp4
vUKex2msIEU.004,train/vUKex2msIEU.004.mp4
vUo6wnBOBpo.002,train/vUo6wnBOBpo.002.mp4
VuS938tAv-0.003,train/VuS938tAv-0.003.mp4
VvSk5m90xOs.000,train/VvSk5m90xOs.000.mp4
VvSk5m90xOs.002,train/VvSk5m90xOs.002.mp4
VvSk5m90xOs.003,train/VvSk5m90xOs.003.mp4
VvVigAr4hZc.003,train/VvVigAr4hZc.003.mp4
VxtZDXM0cuQ.001,train/VxtZDXM0cuQ.001.mp4
VxtZDXM0cuQ.002,train/VxtZDXM0cuQ.002.mp4
VxtZDXM0cuQ.005,train/VxtZDXM0cuQ.005.mp4
vxuBHsokOX4.005,train/vxuBHsokOX4.005.mp4
Vy-Lr_iM5qo.000,train/Vy-Lr_iM5qo.000.mp4
Vy-Lr_iM5qo.001,train/Vy-Lr_iM5qo.001.mp4
Vy-Lr_iM5qo.003,train/Vy-Lr_iM5qo.003.mp4
Vy-Lr_iM5qo.005,train/Vy-Lr_iM5qo.005.mp4
vYkHHVeNK_M.001,train/vYkHHVeNK_M.001.mp4
vYkHHVeNK_M.002,train/vYkHHVeNK_M.002.mp4
vYkHHVeNK_M.003,train/vYkHHVeNK_M.003.mp4
vYkHHVeNK_M.004,train/vYkHHVeNK_M.004.mp4
Vyktsh14Kww.005,train/Vyktsh14Kww.005.mp4
vYVqhg_VGP8.000,train/vYVqhg_VGP8.000.mp4
VZ6jhnbk-5g.001,train/VZ6jhnbk-5g.001.mp4
VZ6jhnbk-5g.002,train/VZ6jhnbk-5g.002.mp4
VZ6jhnbk-5g.003,train/VZ6jhnbk-5g.003.mp4
VZ6jhnbk-5g.004,train/VZ6jhnbk-5g.004.mp4
vZPLbzF0aSg.001,train/vZPLbzF0aSg.001.mp4
vZpneJlniAE.005,train/vZpneJlniAE.005.mp4
W0Ay5uul8j0.001,train/W0Ay5uul8j0.001.mp4
W0Ay5uul8j0.002,train/W0Ay5uul8j0.002.mp4
w0CQ55sKmck.002,train/w0CQ55sKmck.002.mp4
W0FCCk0a0tg.001,train/W0FCCk0a0tg.001.mp4
W0FCCk0a0tg.003,train/W0FCCk0a0tg.003.mp4
W0LRjSS9pVM.001,train/W0LRjSS9pVM.001.mp4
W0LRjSS9pVM.004,train/W0LRjSS9pVM.004.mp4
W2AB3UUyvwI.002,train/W2AB3UUyvwI.002.mp4
W2AB3UUyvwI.003,train/W2AB3UUyvwI.003.mp4
W2AB3UUyvwI.005,train/W2AB3UUyvwI.005.mp4
W2asVll3OSU.001,train/W2asVll3OSU.001.mp4
w2FKw8IhbFw.001,train/w2FKw8IhbFw.001.mp4
w4cZStXMUII.003,train/w4cZStXMUII.003.mp4
W4tz3plvvKI.003,train/W4tz3plvvKI.003.mp4
W7BbL3NZvrU.001,train/W7BbL3NZvrU.001.mp4
W7BbL3NZvrU.004,train/W7BbL3NZvrU.004.mp4
w7O2QJu2Wl4.004,train/w7O2QJu2Wl4.004.mp4
w7O2QJu2Wl4.005,train/w7O2QJu2Wl4.005.mp4
w7wPDiQkiA4.001,train/w7wPDiQkiA4.001.mp4
w7wPDiQkiA4.004,train/w7wPDiQkiA4.004.mp4
W8NkAXNboT0.000,train/W8NkAXNboT0.000.mp4
W8NkAXNboT0.002,train/W8NkAXNboT0.002.mp4
w989xx44UQI.000,train/w989xx44UQI.000.mp4
w989xx44UQI.001,train/w989xx44UQI.001.mp4
w989xx44UQI.003,train/w989xx44UQI.003.mp4
w989xx44UQI.004,train/w989xx44UQI.004.mp4
w_ExyXsnw2A.000,train/w_ExyXsnw2A.000.mp4
w_ExyXsnw2A.003,train/w_ExyXsnw2A.003.mp4
Wa-HX5jP3ew.001,train/Wa-HX5jP3ew.001.mp4
Wa-HX5jP3ew.002,train/Wa-HX5jP3ew.002.mp4
Wa-HX5jP3ew.003,train/Wa-HX5jP3ew.003.mp4
wAl_Pm7xG3A.001,train/wAl_Pm7xG3A.001.mp4
WATt9OOVZh8.001,train/WATt9OOVZh8.001.mp4
WATt9OOVZh8.002,train/WATt9OOVZh8.002.mp4
WATt9OOVZh8.004,train/WATt9OOVZh8.004.mp4
wBCSJVBr4ZE.004,train/wBCSJVBr4ZE.004.mp4
wBCSJVBr4ZE.005,train/wBCSJVBr4ZE.005.mp4
Wbd7QufjK_E.002,train/Wbd7QufjK_E.002.mp4
wBSf7anTC_g.004,train/wBSf7anTC_g.004.mp4
Wby2oMliGz0.000,train/Wby2oMliGz0.000.mp4
Wby2oMliGz0.002,train/Wby2oMliGz0.002.mp4
Wby2oMliGz0.003,train/Wby2oMliGz0.003.mp4
Wby2oMliGz0.004,train/Wby2oMliGz0.004.mp4
Wby2oMliGz0.005,train/Wby2oMliGz0.005.mp4
WCLkd1Fek0w.001,train/WCLkd1Fek0w.001.mp4
Wd0V4MNvqcg.000,train/Wd0V4MNvqcg.000.mp4
Wd0V4MNvqcg.001,train/Wd0V4MNvqcg.001.mp4
Wd0V4MNvqcg.002,train/Wd0V4MNvqcg.002.mp4
WD1WsbooU2w.001,train/WD1WsbooU2w.001.mp4
WD1WsbooU2w.002,train/WD1WsbooU2w.002.mp4
wdeOWVDSeLE.001,train/wdeOWVDSeLE.001.mp4
wdeOWVDSeLE.002,train/wdeOWVDSeLE.002.mp4
wDvZdcb00Bg.001,train/wDvZdcb00Bg.001.mp4
wDvZdcb00Bg.002,train/wDvZdcb00Bg.002.mp4
wDvZdcb00Bg.003,train/wDvZdcb00Bg.003.mp4
wDvZdcb00Bg.004,train/wDvZdcb00Bg.004.mp4
Wev85dXzVGM.000,train/Wev85dXzVGM.000.mp4
WfCSCxADlrg.002,train/WfCSCxADlrg.002.mp4
WfCSCxADlrg.004,train/WfCSCxADlrg.004.mp4
WfCSCxADlrg.005,train/WfCSCxADlrg.005.mp4
WfjLOieAwGY.002,train/WfjLOieAwGY.002.mp4
wFZJ3gTKwwM.002,train/wFZJ3gTKwwM.002.mp4
WfZodMIIGR0.000,train/WfZodMIIGR0.000.mp4
WGP2HLnoma0.001,train/WGP2HLnoma0.001.mp4
wJl7DbsbrDA.000,train/wJl7DbsbrDA.000.mp4
wJl7DbsbrDA.001,train/wJl7DbsbrDA.001.mp4
wJl7DbsbrDA.005,train/wJl7DbsbrDA.005.mp4
wK_ExIjn5Q8.002,train/wK_ExIjn5Q8.002.mp4
wK_ExIjn5Q8.004,train/wK_ExIjn5Q8.004.mp4
wK_ExIjn5Q8.005,train/wK_ExIjn5Q8.005.mp4
WkbvQZU475o.003,train/WkbvQZU475o.003.mp4
wm94g-5Cg5s.000,train/wm94g-5Cg5s.000.mp4
wm94g-5Cg5s.002,train/wm94g-5Cg5s.002.mp4
wm94g-5Cg5s.003,train/wm94g-5Cg5s.003.mp4
wm94g-5Cg5s.004,train/wm94g-5Cg5s.004.mp4
wm94g-5Cg5s.005,train/wm94g-5Cg5s.005.mp4
WMp0lsXbOqM.002,train/WMp0lsXbOqM.002.mp4
WMp0lsXbOqM.003,train/WMp0lsXbOqM.003.mp4
wNH5FmWVr-M.001,train/wNH5FmWVr-M.001.mp4
WosLI6krxUg.001,train/WosLI6krxUg.001.mp4
WosLI6krxUg.002,train/WosLI6krxUg.002.mp4
WOyix7rTgwI.001,train/WOyix7rTgwI.001.mp4
WpEZOSrENL0.002,train/WpEZOSrENL0.002.mp4
WpMPrPnk1po.000,train/WpMPrPnk1po.000.mp4
WQg0-M4Yn3s.000,train/WQg0-M4Yn3s.000.mp4
wr4dP9MuHME.004,train/wr4dP9MuHME.004.mp4
wr4dP9MuHME.005,train/wr4dP9MuHME.005.mp4
WRz1F6DqmRQ.000,train/WRz1F6DqmRQ.000.mp4
WRz1F6DqmRQ.002,train/WRz1F6DqmRQ.002.mp4
WRz1F6DqmRQ.004,train/WRz1F6DqmRQ.004.mp4
WRz1F6DqmRQ.005,train/WRz1F6DqmRQ.005.mp4
wsBrLt5coeM.000,train/wsBrLt5coeM.000.mp4
WT1YjeADatU.000,train/WT1YjeADatU.000.mp4
WT1YjeADatU.001,train/WT1YjeADatU.001.mp4
WT1YjeADatU.002,train/WT1YjeADatU.002.mp4
WT1YjeADatU.003,train/WT1YjeADatU.003.mp4
wTo1uZns2X8.000,train/wTo1uZns2X8.000.mp4
wTo1uZns2X8.001,train/wTo1uZns2X8.001.mp4
wTo1uZns2X8.003,train/wTo1uZns2X8.003.mp4
wTo1uZns2X8.005,train/wTo1uZns2X8.005.mp4
wTpb1CfMnVM.005,train/wTpb1CfMnVM.005.mp4
WTzDOt2GO1M.002,train/WTzDOt2GO1M.002.mp4
WTzDOt2GO1M.005,train/WTzDOt2GO1M.005.mp4
WU2_ELn71Rw.000,train/WU2_ELn71Rw.000.mp4
WuHLxhCSnGs.001,train/WuHLxhCSnGs.001.mp4
WuHLxhCSnGs.003,train/WuHLxhCSnGs.003.mp4
WuHLxhCSnGs.004,train/WuHLxhCSnGs.004.mp4
WuHLxhCSnGs.005,train/WuHLxhCSnGs.005.mp4
wuhoIm_jPc0.002,train/wuhoIm_jPc0.002.mp4
wuhoIm_jPc0.003,train/wuhoIm_jPc0.003.mp4
wuhoIm_jPc0.004,train/wuhoIm_jPc0.004.mp4
wuhoIm_jPc0.005,train/wuhoIm_jPc0.005.mp4
WuIKjBb7s4Q.000,train/WuIKjBb7s4Q.000.mp4
WuIKjBb7s4Q.002,train/WuIKjBb7s4Q.002.mp4
WuIKjBb7s4Q.003,train/WuIKjBb7s4Q.003.mp4
WuIKjBb7s4Q.004,train/WuIKjBb7s4Q.004.mp4
WuIKjBb7s4Q.005,train/WuIKjBb7s4Q.005.mp4
WUNXs4r_xCU.000,train/WUNXs4r_xCU.000.mp4
WUNXs4r_xCU.001,train/WUNXs4r_xCU.001.mp4
WUNXs4r_xCU.002,train/WUNXs4r_xCU.002.mp4
WUNXs4r_xCU.003,train/WUNXs4r_xCU.003.mp4
WUNXs4r_xCU.004,train/WUNXs4r_xCU.004.mp4
WuoQDp7pU24.001,train/WuoQDp7pU24.001.mp4
WuoQDp7pU24.002,train/WuoQDp7pU24.002.mp4
WuoQDp7pU24.003,train/WuoQDp7pU24.003.mp4
wVpjBxCirAQ.001,train/wVpjBxCirAQ.001.mp4
wVpjBxCirAQ.004,train/wVpjBxCirAQ.004.mp4
wVpjBxCirAQ.005,train/wVpjBxCirAQ.005.mp4
WWdCfiraNQk.003,train/WWdCfiraNQk.003.mp4
WwGca41TJVU.002,train/WwGca41TJVU.002.mp4
WwGca41TJVU.003,train/WwGca41TJVU.003.mp4
Wx_oe0SxD9w.000,train/Wx_oe0SxD9w.000.mp4
Wx_oe0SxD9w.001,train/Wx_oe0SxD9w.001.mp4
Wx_oe0SxD9w.002,train/Wx_oe0SxD9w.002.mp4
Wx_oe0SxD9w.003,train/Wx_oe0SxD9w.003.mp4
wxpXOLNwW1E.000,train/wxpXOLNwW1E.000.mp4
wxpXOLNwW1E.002,train/wxpXOLNwW1E.002.mp4
wy1szFSVpEI.002,train/wy1szFSVpEI.002.mp4
Wy4hWbeibhU.000,train/Wy4hWbeibhU.000.mp4
Wy4hWbeibhU.002,train/Wy4hWbeibhU.002.mp4
wYixHjntI-4.001,train/wYixHjntI-4.001.mp4
wYixHjntI-4.002,train/wYixHjntI-4.002.mp4
wYixHjntI-4.004,train/wYixHjntI-4.004.mp4
wYixHjntI-4.005,train/wYixHjntI-4.005.mp4
WyLqK6wzYLU.000,train/WyLqK6wzYLU.000.mp4
WyLqK6wzYLU.001,train/WyLqK6wzYLU.001.mp4
WYXRdYT4F0Q.003,train/WYXRdYT4F0Q.003.mp4
wYZJ2HXfvmQ.001,train/wYZJ2HXfvmQ.001.mp4
wYZJ2HXfvmQ.002,train/wYZJ2HXfvmQ.002.mp4
wYZJ2HXfvmQ.003,train/wYZJ2HXfvmQ.003.mp4
wYZJ2HXfvmQ.005,train/wYZJ2HXfvmQ.005.mp4
wzCdM6Fe_4A.001,train/wzCdM6Fe_4A.001.mp4
wzCdM6Fe_4A.003,train/wzCdM6Fe_4A.003.mp4
wzCdM6Fe_4A.004,train/wzCdM6Fe_4A.004.mp4
WZnLayQeIZ0.000,train/WZnLayQeIZ0.000.mp4
WZnLayQeIZ0.005,train/WZnLayQeIZ0.005.mp4
X-i_eQ48DBw.000,train/X-i_eQ48DBw.000.mp4
X-i_eQ48DBw.001,train/X-i_eQ48DBw.001.mp4
X-i_eQ48DBw.004,train/X-i_eQ48DBw.004.mp4
x0CZuHnJ0Hs.004,train/x0CZuHnJ0Hs.004.mp4
x0CZuHnJ0Hs.005,train/x0CZuHnJ0Hs.005.mp4
X1EjfXX3NTk.000,train/X1EjfXX3NTk.000.mp4
X1EjfXX3NTk.003,train/X1EjfXX3NTk.003.mp4
X1EjfXX3NTk.004,train/X1EjfXX3NTk.004.mp4
X4NG3EGtUvo.003,train/X4NG3EGtUvo.003.mp4
X4NG3EGtUvo.005,train/X4NG3EGtUvo.005.mp4
x57nEfACdXA.001,train/x57nEfACdXA.001.mp4
x57nEfACdXA.002,train/x57nEfACdXA.002.mp4
x57nEfACdXA.003,train/x57nEfACdXA.003.mp4
x57nEfACdXA.005,train/x57nEfACdXA.005.mp4
X5aKCrWf6a4.001,train/X5aKCrWf6a4.001.mp4
X5aKCrWf6a4.003,train/X5aKCrWf6a4.003.mp4
X5aKCrWf6a4.005,train/X5aKCrWf6a4.005.mp4
x6Tluj4dJTU.002,train/x6Tluj4dJTU.002.mp4
x6Tluj4dJTU.004,train/x6Tluj4dJTU.004.mp4
X7S71Som15M.001,train/X7S71Som15M.001.mp4
X7S71Som15M.002,train/X7S71Som15M.002.mp4
X8RfXbeIQvo.001,train/X8RfXbeIQvo.001.mp4
X9AEEGzWSU8.001,train/X9AEEGzWSU8.001.mp4
X9AEEGzWSU8.002,train/X9AEEGzWSU8.002.mp4
X9AEEGzWSU8.003,train/X9AEEGzWSU8.003.mp4
X9AEEGzWSU8.005,train/X9AEEGzWSU8.005.mp4
xA3GCTL5o-k.000,train/xA3GCTL5o-k.000.mp4
XAO4l8Ej-J8.003,train/XAO4l8Ej-J8.003.mp4
XAO4l8Ej-J8.005,train/XAO4l8Ej-J8.005.mp4
Xauhek9-iKA.001,train/Xauhek9-iKA.001.mp4
XB4JOAiEanw.000,train/XB4JOAiEanw.000.mp4
XB81sertsYU.000,train/XB81sertsYU.000.mp4
xbAb00tGeBQ.000,train/xbAb00tGeBQ.000.mp4
xBiI0Oo1vBw.000,train/xBiI0Oo1vBw.000.mp4
xBiI0Oo1vBw.005,train/xBiI0Oo1vBw.005.mp4
XbsA_lCKQLs.002,train/XbsA_lCKQLs.002.mp4
XbsA_lCKQLs.003,train/XbsA_lCKQLs.003.mp4
XbsA_lCKQLs.004,train/XbsA_lCKQLs.004.mp4
XcEFSi3uaJM.000,train/XcEFSi3uaJM.000.mp4
XcEFSi3uaJM.002,train/XcEFSi3uaJM.002.mp4
XcEFSi3uaJM.005,train/XcEFSi3uaJM.005.mp4
xcMwMi4fdis.001,train/xcMwMi4fdis.001.mp4
xcMwMi4fdis.002,train/xcMwMi4fdis.002.mp4
xcMwMi4fdis.005,train/xcMwMi4fdis.005.mp4
xcVy0l2nfV0.001,train/xcVy0l2nfV0.001.mp4
xDjhf8wrNWQ.001,train/xDjhf8wrNWQ.001.mp4
xDjhf8wrNWQ.003,train/xDjhf8wrNWQ.003.mp4
xDjhf8wrNWQ.004,train/xDjhf8wrNWQ.004.mp4
xDjhf8wrNWQ.005,train/xDjhf8wrNWQ.005.mp4
xe3l76e8yE4.001,train/xe3l76e8yE4.001.mp4
xeE08Vn-HXI.000,train/xeE08Vn-HXI.000.mp4
xeE08Vn-HXI.001,train/xeE08Vn-HXI.001.mp4
xEmwNv4OxGE.001,train/xEmwNv4OxGE.001.mp4
XEpdSMQfEOs.002,train/XEpdSMQfEOs.002.mp4
XEpdSMQfEOs.003,train/XEpdSMQfEOs.003.mp4
XEpdSMQfEOs.004,train/XEpdSMQfEOs.004.mp4
xerGtxpxW6Q.002,train/xerGtxpxW6Q.002.mp4
xerGtxpxW6Q.003,train/xerGtxpxW6Q.003.mp4
XfK7WZ3skUM.001,train/XfK7WZ3skUM.001.mp4
xfLVThCzEEk.000,train/xfLVThCzEEk.000.mp4
xfMOELCuN94.003,train/xfMOELCuN94.003.mp4
xfMOELCuN94.004,train/xfMOELCuN94.004.mp4
Xfmu-7JuDGg.000,train/Xfmu-7JuDGg.000.mp4
Xfmu-7JuDGg.001,train/Xfmu-7JuDGg.001.mp4
Xfmu-7JuDGg.002,train/Xfmu-7JuDGg.002.mp4
Xfmu-7JuDGg.004,train/Xfmu-7JuDGg.004.mp4
XFpzukISe6s.004,train/XFpzukISe6s.004.mp4
XFpzukISe6s.005,train/XFpzukISe6s.005.mp4
XFqLaKqrUHM.004,train/XFqLaKqrUHM.004.mp4
XfUqFt2amrM.000,train/XfUqFt2amrM.000.mp4
XfUqFt2amrM.002,train/XfUqFt2amrM.002.mp4
XfUqFt2amrM.003,train/XfUqFt2amrM.003.mp4
xGo_wImhwkQ.003,train/xGo_wImhwkQ.003.mp4
xgRqkTXmZko.000,train/xgRqkTXmZko.000.mp4
xgRqkTXmZko.001,train/xgRqkTXmZko.001.mp4
xgwiqo2AsCA.000,train/xgwiqo2AsCA.000.mp4
xgwiqo2AsCA.001,train/xgwiqo2AsCA.001.mp4
xgwiqo2AsCA.002,train/xgwiqo2AsCA.002.mp4
xHb5_bc1JOA.000,train/xHb5_bc1JOA.000.mp4
xHb5_bc1JOA.001,train/xHb5_bc1JOA.001.mp4
xHb5_bc1JOA.003,train/xHb5_bc1JOA.003.mp4
XhgDsQlEnuU.000,train/XhgDsQlEnuU.000.mp4
XhgDsQlEnuU.001,train/XhgDsQlEnuU.001.mp4
XhgDsQlEnuU.002,train/XhgDsQlEnuU.002.mp4
xHsh2Rg5ANU.000,train/xHsh2Rg5ANU.000.mp4
XJj34u5IzU0.002,train/XJj34u5IzU0.002.mp4
XJj34u5IzU0.003,train/XJj34u5IzU0.003.mp4
XJj34u5IzU0.004,train/XJj34u5IzU0.004.mp4
XkeSLRAftxA.001,train/XkeSLRAftxA.001.mp4
XkeSLRAftxA.004,train/XkeSLRAftxA.004.mp4
XkeSLRAftxA.005,train/XkeSLRAftxA.005.mp4
xLfLuyIQOJE.002,train/xLfLuyIQOJE.002.mp4
xLfLuyIQOJE.003,train/xLfLuyIQOJE.003.mp4
xLfLuyIQOJE.004,train/xLfLuyIQOJE.004.mp4
xLfLuyIQOJE.005,train/xLfLuyIQOJE.005.mp4
XLKNGnpTO9k.001,train/XLKNGnpTO9k.001.mp4
XLKNGnpTO9k.005,train/XLKNGnpTO9k.005.mp4
XLV7teADu3c.000,train/XLV7teADu3c.000.mp4
XLV7teADu3c.002,train/XLV7teADu3c.002.mp4
xmaC2XOhPaE.001,train/xmaC2XOhPaE.001.mp4
xmaC2XOhPaE.003,train/xmaC2XOhPaE.003.mp4
xmD4FKMq2rk.000,train/xmD4FKMq2rk.000.mp4
xmD4FKMq2rk.001,train/xmD4FKMq2rk.001.mp4
xmD4FKMq2rk.005,train/xmD4FKMq2rk.005.mp4
XmWA7zTJj-c.003,train/XmWA7zTJj-c.003.mp4
XN5vpJU3ifw.000,train/XN5vpJU3ifw.000.mp4
XN5vpJU3ifw.001,train/XN5vpJU3ifw.001.mp4
XN5vpJU3ifw.003,train/XN5vpJU3ifw.003.mp4
XN5vpJU3ifw.004,train/XN5vpJU3ifw.004.mp4
XN5vpJU3ifw.005,train/XN5vpJU3ifw.005.mp4
XNWN7ScxVIA.002,train/XNWN7ScxVIA.002.mp4
XOioICna1hc.001,train/XOioICna1hc.001.mp4
XOioICna1hc.004,train/XOioICna1hc.004.mp4
XOioICna1hc.005,train/XOioICna1hc.005.mp4
xotlPVnG05U.000,train/xotlPVnG05U.000.mp4
XoyQKsK7OtA.000,train/XoyQKsK7OtA.000.mp4
xP6i_WO1LCM.000,train/xP6i_WO1LCM.000.mp4
xpSCu7PgJts.000,train/xpSCu7PgJts.000.mp4
xpSCu7PgJts.004,train/xpSCu7PgJts.004.mp4
XPV4pavXh94.001,train/XPV4pavXh94.001.mp4
XPV4pavXh94.005,train/XPV4pavXh94.005.mp4
XpY-cxkbYdo.002,train/XpY-cxkbYdo.002.mp4
XQ3do4LDFv8.000,train/XQ3do4LDFv8.000.mp4
XQ3do4LDFv8.003,train/XQ3do4LDFv8.003.mp4
XQ3do4LDFv8.004,train/XQ3do4LDFv8.004.mp4
xqGyF2T3pso.000,train/xqGyF2T3pso.000.mp4
xqGyF2T3pso.001,train/xqGyF2T3pso.001.mp4
xqGyF2T3pso.002,train/xqGyF2T3pso.002.mp4
xQHmbJ_lPjY.001,train/xQHmbJ_lPjY.001.mp4
xQHmbJ_lPjY.003,train/xQHmbJ_lPjY.003.mp4
xQHmbJ_lPjY.005,train/xQHmbJ_lPjY.005.mp4
XQZ5M9oLkXw.001,train/XQZ5M9oLkXw.001.mp4
XQZ5M9oLkXw.003,train/XQZ5M9oLkXw.003.mp4
XQZ5M9oLkXw.005,train/XQZ5M9oLkXw.005.mp4
xRhUBifOWiI.000,train/xRhUBifOWiI.000.mp4
xRhUBifOWiI.001,train/xRhUBifOWiI.001.mp4
xRhUBifOWiI.003,train/xRhUBifOWiI.003.mp4
xRhUBifOWiI.004,train/xRhUBifOWiI.004.mp4
xRLaEoXAsjk.001,train/xRLaEoXAsjk.001.mp4
XRoSKIIFp9c.003,train/XRoSKIIFp9c.003.mp4
XRoSKIIFp9c.004,train/XRoSKIIFp9c.004.mp4
xrxAyO8pKUo.002,train/xrxAyO8pKUo.002.mp4
xrxAyO8pKUo.003,train/xrxAyO8pKUo.003.mp4
xsDABUrvs6w.001,train/xsDABUrvs6w.001.mp4
xsDABUrvs6w.002,train/xsDABUrvs6w.002.mp4
xsLvl2qGrxU.000,train/xsLvl2qGrxU.000.mp4
xsLvl2qGrxU.001,train/xsLvl2qGrxU.001.mp4
xsLvl2qGrxU.002,train/xsLvl2qGrxU.002.mp4
xsLvl2qGrxU.003,train/xsLvl2qGrxU.003.mp4
XT4rTk6-Etc.000,train/XT4rTk6-Etc.000.mp4
XT4rTk6-Etc.001,train/XT4rTk6-Etc.001.mp4
xtDw9TlWiww.000,train/xtDw9TlWiww.000.mp4
xtDw9TlWiww.002,train/xtDw9TlWiww.002.mp4
xUdaVBK1b8w.001,train/xUdaVBK1b8w.001.mp4
xun35caJTQI.002,train/xun35caJTQI.002.mp4
xun35caJTQI.003,train/xun35caJTQI.003.mp4
xun35caJTQI.005,train/xun35caJTQI.005.mp4
xVJDjbiIjTo.001,train/xVJDjbiIjTo.001.mp4
xvLi31p57oA.004,train/xvLi31p57oA.004.mp4
XvV4YdhpC2w.001,train/XvV4YdhpC2w.001.mp4
XvV4YdhpC2w.002,train/XvV4YdhpC2w.002.mp4
XvV4YdhpC2w.004,train/XvV4YdhpC2w.004.mp4
xX5Imr7UmaA.002,train/xX5Imr7UmaA.002.mp4
xyOq5SL0Evc.000,train/xyOq5SL0Evc.000.mp4
xyOq5SL0Evc.002,train/xyOq5SL0Evc.002.mp4
xyOq5SL0Evc.003,train/xyOq5SL0Evc.003.mp4
xyOq5SL0Evc.004,train/xyOq5SL0Evc.004.mp4
XYt6WL-l7do.001,train/XYt6WL-l7do.001.mp4
XYt6WL-l7do.002,train/XYt6WL-l7do.002.mp4
XYt6WL-l7do.004,train/XYt6WL-l7do.004.mp4
XYt6WL-l7do.005,train/XYt6WL-l7do.005.mp4
xyWpSrfFlQw.004,train/xyWpSrfFlQw.004.mp4
xZ9iwqHw7GY.002,train/xZ9iwqHw7GY.002.mp4
xZ9iwqHw7GY.003,train/xZ9iwqHw7GY.003.mp4
xZFZ0Mvjiuo.000,train/xZFZ0Mvjiuo.000.mp4
xZFZ0Mvjiuo.001,train/xZFZ0Mvjiuo.001.mp4
xZFZ0Mvjiuo.003,train/xZFZ0Mvjiuo.003.mp4
xZFZ0Mvjiuo.005,train/xZFZ0Mvjiuo.005.mp4
xzRYaxrhne8.002,train/xzRYaxrhne8.002.mp4
xzRYaxrhne8.003,train/xzRYaxrhne8.003.mp4
xzRYaxrhne8.004,train/xzRYaxrhne8.004.mp4
xzRYaxrhne8.005,train/xzRYaxrhne8.005.mp4
y--uBBy7ebM.000,train/y--uBBy7ebM.000.mp4
y--uBBy7ebM.002,train/y--uBBy7ebM.002.mp4
y--uBBy7ebM.004,train/y--uBBy7ebM.004.mp4
y--uBBy7ebM.005,train/y--uBBy7ebM.005.mp4
Y-_JeJoCjUo.001,train/Y-_JeJoCjUo.001.mp4
Y-_JeJoCjUo.005,train/Y-_JeJoCjUo.005.mp4
Y-YdRocu0os.001,train/Y-YdRocu0os.001.mp4
y0UCXXk9tlM.002,train/y0UCXXk9tlM.002.mp4
y0UCXXk9tlM.003,train/y0UCXXk9tlM.003.mp4
y0UCXXk9tlM.004,train/y0UCXXk9tlM.004.mp4
y0UCXXk9tlM.005,train/y0UCXXk9tlM.005.mp4
y1e8xPAaL9k.000,train/y1e8xPAaL9k.000.mp4
y1e8xPAaL9k.002,train/y1e8xPAaL9k.002.mp4
Y1LrgyCJtpU.000,train/Y1LrgyCJtpU.000.mp4
Y1LrgyCJtpU.001,train/Y1LrgyCJtpU.001.mp4
Y1LrgyCJtpU.002,train/Y1LrgyCJtpU.002.mp4
Y1LrgyCJtpU.003,train/Y1LrgyCJtpU.003.mp4
Y1LrgyCJtpU.005,train/Y1LrgyCJtpU.005.mp4
Y1LXjxAQihQ.004,train/Y1LXjxAQihQ.004.mp4
Y2An1KkoHzY.002,train/Y2An1KkoHzY.002.mp4
y2UF49ddapI.001,train/y2UF49ddapI.001.mp4
y2UF49ddapI.003,train/y2UF49ddapI.003.mp4
y4Ej1YSEQf0.000,train/y4Ej1YSEQf0.000.mp4
y4Ej1YSEQf0.002,train/y4Ej1YSEQf0.002.mp4
Y6iogSmj6FQ.002,train/Y6iogSmj6FQ.002.mp4
Y6iogSmj6FQ.003,train/Y6iogSmj6FQ.003.mp4
Y6iogSmj6FQ.005,train/Y6iogSmj6FQ.005.mp4
y6LC5kAJmHw.004,train/y6LC5kAJmHw.004.mp4
y6sy0HBe-Zs.000,train/y6sy0HBe-Zs.000.mp4
y6sy0HBe-Zs.005,train/y6sy0HBe-Zs.005.mp4
y7MEVu2nyes.000,train/y7MEVu2nyes.000.mp4
y7MEVu2nyes.001,train/y7MEVu2nyes.001.mp4
y7MEVu2nyes.003,train/y7MEVu2nyes.003.mp4
y7MEVu2nyes.004,train/y7MEVu2nyes.004.mp4
Y8gv_ZK3w4A.000,train/Y8gv_ZK3w4A.000.mp4
Y8gv_ZK3w4A.002,train/Y8gv_ZK3w4A.002.mp4
Y8gv_ZK3w4A.003,train/Y8gv_ZK3w4A.003.mp4
Y8gv_ZK3w4A.004,train/Y8gv_ZK3w4A.004.mp4
Y9WX7ucPP-o.000,train/Y9WX7ucPP-o.000.mp4
Y9WX7ucPP-o.002,train/Y9WX7ucPP-o.002.mp4
ya8Ec_yTai8.002,train/ya8Ec_yTai8.002.mp4
ya8Ec_yTai8.003,train/ya8Ec_yTai8.003.mp4
Ya9Szm73LfE.002,train/Ya9Szm73LfE.002.mp4
Ya9Szm73LfE.003,train/Ya9Szm73LfE.003.mp4
yAVnxsaTyuE.001,train/yAVnxsaTyuE.001.mp4
YbdJd16c3eo.004,train/YbdJd16c3eo.004.mp4
yBlPsPBRv5E.001,train/yBlPsPBRv5E.001.mp4
yBlPsPBRv5E.002,train/yBlPsPBRv5E.002.mp4
yBMuZWldxLk.001,train/yBMuZWldxLk.001.mp4
YBsKLg3GMrE.005,train/YBsKLg3GMrE.005.mp4
YbxdeEd7wq4.001,train/YbxdeEd7wq4.001.mp4
YC3X1DcnUrk.000,train/YC3X1DcnUrk.000.mp4
YC3X1DcnUrk.001,train/YC3X1DcnUrk.001.mp4
YC3X1DcnUrk.005,train/YC3X1DcnUrk.005.mp4
YdxS3f4HXaA.005,train/YdxS3f4HXaA.005.mp4
YEbaKrAxo5I.001,train/YEbaKrAxo5I.001.mp4
yEE9FoKWdpU.005,train/yEE9FoKWdpU.005.mp4
yEWy_vXTTJU.005,train/yEWy_vXTTJU.005.mp4
YF2QVn1fK1E.002,train/YF2QVn1fK1E.002.mp4
YF2QVn1fK1E.005,train/YF2QVn1fK1E.005.mp4
yftfxiDNXko.000,train/yftfxiDNXko.000.mp4
yftfxiDNXko.001,train/yftfxiDNXko.001.mp4
yftfxiDNXko.002,train/yftfxiDNXko.002.mp4
yftfxiDNXko.004,train/yftfxiDNXko.004.mp4
yFZ3eUD6Pqs.000,train/yFZ3eUD6Pqs.000.mp4
yFZ3eUD6Pqs.001,train/yFZ3eUD6Pqs.001.mp4
yFZ3eUD6Pqs.002,train/yFZ3eUD6Pqs.002.mp4
yFZ3eUD6Pqs.003,train/yFZ3eUD6Pqs.003.mp4
yFZ3eUD6Pqs.004,train/yFZ3eUD6Pqs.004.mp4
yFZ3eUD6Pqs.005,train/yFZ3eUD6Pqs.005.mp4
YGJ33FXzJO8.005,train/YGJ33FXzJO8.005.mp4
YGrCXe2-fVk.001,train/YGrCXe2-fVk.001.mp4
YGrCXe2-fVk.004,train/YGrCXe2-fVk.004.mp4
ygUEI08LgcM.002,train/ygUEI08LgcM.002.mp4
yHwuRYr5lxk.003,train/yHwuRYr5lxk.003.mp4
yHwuRYr5lxk.004,train/yHwuRYr5lxk.004.mp4
yHwuRYr5lxk.005,train/yHwuRYr5lxk.005.mp4
yIe7Rp54-bU.001,train/yIe7Rp54-bU.001.mp4
yIe7Rp54-bU.004,train/yIe7Rp54-bU.004.mp4
yIM5bal1VVs.000,train/yIM5bal1VVs.000.mp4
yIM5bal1VVs.003,train/yIM5bal1VVs.003.mp4
yIM5bal1VVs.004,train/yIM5bal1VVs.004.mp4
yIM5bal1VVs.005,train/yIM5bal1VVs.005.mp4
YiX6thczM1w.001,train/YiX6thczM1w.001.mp4
YiX6thczM1w.002,train/YiX6thczM1w.002.mp4
YiX6thczM1w.005,train/YiX6thczM1w.005.mp4
yj2Y1Y26rd4.001,train/yj2Y1Y26rd4.001.mp4
yj2Y1Y26rd4.002,train/yj2Y1Y26rd4.002.mp4
Yj36y7ELRZE.000,train/Yj36y7ELRZE.000.mp4
Yj36y7ELRZE.001,train/Yj36y7ELRZE.001.mp4
Yj36y7ELRZE.004,train/Yj36y7ELRZE.004.mp4
YJ5CINQ8v_E.000,train/YJ5CINQ8v_E.000.mp4
YJ5CINQ8v_E.001,train/YJ5CINQ8v_E.001.mp4
YJ5CINQ8v_E.005,train/YJ5CINQ8v_E.005.mp4
YjXUMygVw7U.002,train/YjXUMygVw7U.002.mp4
YjXUMygVw7U.005,train/YjXUMygVw7U.005.mp4
ykm4JTvlOCQ.000,train/ykm4JTvlOCQ.000.mp4
YliKljQIX2o.002,train/YliKljQIX2o.002.mp4
YliKljQIX2o.003,train/YliKljQIX2o.003.mp4
YliKljQIX2o.004,train/YliKljQIX2o.004.mp4
YLKPVl-M3Ck.000,train/YLKPVl-M3Ck.000.mp4
YLKPVl-M3Ck.001,train/YLKPVl-M3Ck.001.mp4
ymrFbEMNBME.001,train/ymrFbEMNBME.001.mp4
ymrFbEMNBME.004,train/ymrFbEMNBME.004.mp4
YN0Xd70SqEo.004,train/YN0Xd70SqEo.004.mp4
YNlhBpVk1tw.000,train/YNlhBpVk1tw.000.mp4
YNlhBpVk1tw.001,train/YNlhBpVk1tw.001.mp4
YNlhBpVk1tw.002,train/YNlhBpVk1tw.002.mp4
YNlhBpVk1tw.004,train/YNlhBpVk1tw.004.mp4
YocrYFLm4CM.000,train/YocrYFLm4CM.000.mp4
YocrYFLm4CM.002,train/YocrYFLm4CM.002.mp4
yOzHZOg95Ug.001,train/yOzHZOg95Ug.001.mp4
yOzHZOg95Ug.003,train/yOzHZOg95Ug.003.mp4
yOzHZOg95Ug.004,train/yOzHZOg95Ug.004.mp4
yOzHZOg95Ug.005,train/yOzHZOg95Ug.005.mp4
yozI_jvMrTw.004,train/yozI_jvMrTw.004.mp4
yozI_jvMrTw.005,train/yozI_jvMrTw.005.mp4
yp-tfq1NxBk.003,train/yp-tfq1NxBk.003.mp4
YP7N98ECZaI.001,train/YP7N98ECZaI.001.mp4
YP7N98ECZaI.002,train/YP7N98ECZaI.002.mp4
YP7N98ECZaI.003,train/YP7N98ECZaI.003.mp4
YP7N98ECZaI.004,train/YP7N98ECZaI.004.mp4
YP7N98ECZaI.005,train/YP7N98ECZaI.005.mp4
YPMffqhP0C8.000,train/YPMffqhP0C8.000.mp4
YPMffqhP0C8.001,train/YPMffqhP0C8.001.mp4
YPMffqhP0C8.002,train/YPMffqhP0C8.002.mp4
YPMffqhP0C8.004,train/YPMffqhP0C8.004.mp4
YPnuq0tDDqk.000,train/YPnuq0tDDqk.000.mp4
YPnuq0tDDqk.003,train/YPnuq0tDDqk.003.mp4
yrToGVRf27U.003,train/yrToGVRf27U.003.mp4
yrToGVRf27U.004,train/yrToGVRf27U.004.mp4
yRVvI1x2DBI.002,train/yRVvI1x2DBI.002.mp4
yRVvI1x2DBI.004,train/yRVvI1x2DBI.004.mp4
yRVvI1x2DBI.005,train/yRVvI1x2DBI.005.mp4
YryBLVZgJj0.001,train/YryBLVZgJj0.001.mp4
YryBLVZgJj0.003,train/YryBLVZgJj0.003.mp4
YryBLVZgJj0.005,train/YryBLVZgJj0.005.mp4
ySEeioc339E.002,train/ySEeioc339E.002.mp4
ySEeioc339E.003,train/ySEeioc339E.003.mp4
ySEeioc339E.004,train/ySEeioc339E.004.mp4
YucM3Zzvekg.001,train/YucM3Zzvekg.001.mp4
yuE25dFTn2o.000,train/yuE25dFTn2o.000.mp4
yuE25dFTn2o.001,train/yuE25dFTn2o.001.mp4
yUESJPS0wS8.000,train/yUESJPS0wS8.000.mp4
yUESJPS0wS8.002,train/yUESJPS0wS8.002.mp4
yUESJPS0wS8.004,train/yUESJPS0wS8.004.mp4
YuoLr4xDvbE.000,train/YuoLr4xDvbE.000.mp4
YuoLr4xDvbE.002,train/YuoLr4xDvbE.002.mp4
YuoLr4xDvbE.004,train/YuoLr4xDvbE.004.mp4
YuoLr4xDvbE.005,train/YuoLr4xDvbE.005.mp4
yVSfQZGt1co.001,train/yVSfQZGt1co.001.mp4
yVSfQZGt1co.004,train/yVSfQZGt1co.004.mp4
ywefrPdzz0U.000,train/ywefrPdzz0U.000.mp4
YwsVpkumbJc.002,train/YwsVpkumbJc.002.mp4
YXz6s1XNOLs.000,train/YXz6s1XNOLs.000.mp4
YXz6s1XNOLs.002,train/YXz6s1XNOLs.002.mp4
YXz6s1XNOLs.004,train/YXz6s1XNOLs.004.mp4
YXz6s1XNOLs.005,train/YXz6s1XNOLs.005.mp4
YygvfVxOWP8.000,train/YygvfVxOWP8.000.mp4
YygvfVxOWP8.005,train/YygvfVxOWP8.005.mp4
YyHOKFYDZ5Y.002,train/YyHOKFYDZ5Y.002.mp4
YyHOKFYDZ5Y.004,train/YyHOKFYDZ5Y.004.mp4
YyHOKFYDZ5Y.005,train/YyHOKFYDZ5Y.005.mp4
YyYDxAyV_Aw.003,train/YyYDxAyV_Aw.003.mp4
YzcZY1mUZfc.000,train/YzcZY1mUZfc.000.mp4
YzcZY1mUZfc.001,train/YzcZY1mUZfc.001.mp4
YzcZY1mUZfc.002,train/YzcZY1mUZfc.002.mp4
YzcZY1mUZfc.003,train/YzcZY1mUZfc.003.mp4
YzcZY1mUZfc.004,train/YzcZY1mUZfc.004.mp4
YzcZY1mUZfc.005,train/YzcZY1mUZfc.005.mp4
yzgA9oAEgI4.002,train/yzgA9oAEgI4.002.mp4
yzgA9oAEgI4.003,train/yzgA9oAEgI4.003.mp4
YzNbGMNr3z0.001,train/YzNbGMNr3z0.001.mp4
YZp79VcnY0w.001,train/YZp79VcnY0w.001.mp4
YZp79VcnY0w.002,train/YZp79VcnY0w.002.mp4
YZp79VcnY0w.004,train/YZp79VcnY0w.004.mp4
Z-CIdOjWcKc.001,train/Z-CIdOjWcKc.001.mp4
z-CV743owek.001,train/z-CV743owek.001.mp4
z-CV743owek.003,train/z-CV743owek.003.mp4
z-CV743owek.005,train/z-CV743owek.005.mp4
z3DO3tdrsnQ.000,train/z3DO3tdrsnQ.000.mp4
z3DO3tdrsnQ.001,train/z3DO3tdrsnQ.001.mp4
Z3E1jkaNRKs.000,train/Z3E1jkaNRKs.000.mp4
Z3E1jkaNRKs.001,train/Z3E1jkaNRKs.001.mp4
Z3E1jkaNRKs.003,train/Z3E1jkaNRKs.003.mp4
Z3FdUfZLHyw.000,train/Z3FdUfZLHyw.000.mp4
Z3FdUfZLHyw.001,train/Z3FdUfZLHyw.001.mp4
Z3FdUfZLHyw.002,train/Z3FdUfZLHyw.002.mp4
Z3FdUfZLHyw.004,train/Z3FdUfZLHyw.004.mp4
Z3FdUfZLHyw.005,train/Z3FdUfZLHyw.005.mp4
z54OqeICELg.000,train/z54OqeICELg.000.mp4
z54OqeICELg.001,train/z54OqeICELg.001.mp4
z54OqeICELg.004,train/z54OqeICELg.004.mp4
z54OqeICELg.005,train/z54OqeICELg.005.mp4
Z5S5uGXkNuc.001,train/Z5S5uGXkNuc.001.mp4
Z5S5uGXkNuc.002,train/Z5S5uGXkNuc.002.mp4
Z5S5uGXkNuc.004,train/Z5S5uGXkNuc.004.mp4
Z6vQQvro86Y.001,train/Z6vQQvro86Y.001.mp4
Z6vQQvro86Y.002,train/Z6vQQvro86Y.002.mp4
Z6vQQvro86Y.004,train/Z6vQQvro86Y.004.mp4
Z6vQQvro86Y.005,train/Z6vQQvro86Y.005.mp4
z82YEuBU8mA.003,train/z82YEuBU8mA.003.mp4
Z9GzSxQHKSI.001,train/Z9GzSxQHKSI.001.mp4
Z9GzSxQHKSI.004,train/Z9GzSxQHKSI.004.mp4
Z_STuUHKQTg.002,train/Z_STuUHKQTg.002.mp4
Z_STuUHKQTg.003,train/Z_STuUHKQTg.003.mp4
Z_STuUHKQTg.004,train/Z_STuUHKQTg.004.mp4
z_W8_j7CB2A.000,train/z_W8_j7CB2A.000.mp4
z_W8_j7CB2A.001,train/z_W8_j7CB2A.001.mp4
za14O68VN3E.001,train/za14O68VN3E.001.mp4
ZaihsIQZCx8.002,train/ZaihsIQZCx8.002.mp4
ZaihsIQZCx8.003,train/ZaihsIQZCx8.003.mp4
ZCLfVue6xAg.001,train/ZCLfVue6xAg.001.mp4
ZCLfVue6xAg.002,train/ZCLfVue6xAg.002.mp4
ZCLfVue6xAg.003,train/ZCLfVue6xAg.003.mp4
ZCLfVue6xAg.005,train/ZCLfVue6xAg.005.mp4
zDSpbDg6WB8.002,train/zDSpbDg6WB8.002.mp4
ZeGT9pSG734.002,train/ZeGT9pSG734.002.mp4
ZeGT9pSG734.003,train/ZeGT9pSG734.003.mp4
ZeGT9pSG734.004,train/ZeGT9pSG734.004.mp4
zeUC7e-4w1E.003,train/zeUC7e-4w1E.003.mp4
zeUC7e-4w1E.005,train/zeUC7e-4w1E.005.mp4
zEyRyTnIw5I.001,train/zEyRyTnIw5I.001.mp4
zEyRyTnIw5I.005,train/zEyRyTnIw5I.005.mp4
zF3Uk2OAJAE.001,train/zF3Uk2OAJAE.001.mp4
zF46tAI2PQc.004,train/zF46tAI2PQc.004.mp4
zF46tAI2PQc.005,train/zF46tAI2PQc.005.mp4
ZFOb9zsgLLY.003,train/ZFOb9zsgLLY.003.mp4
zFVjcb45pjI.002,train/zFVjcb45pjI.002.mp4
zFVjcb45pjI.003,train/zFVjcb45pjI.003.mp4
ZgFh3JPMs3Q.001,train/ZgFh3JPMs3Q.001.mp4
ZgFh3JPMs3Q.002,train/ZgFh3JPMs3Q.002.mp4
ZgFh3JPMs3Q.003,train/ZgFh3JPMs3Q.003.mp4
ZGox7tevC6A.004,train/ZGox7tevC6A.004.mp4
ZGox7tevC6A.005,train/ZGox7tevC6A.005.mp4
zH9pTx5_ZwY.003,train/zH9pTx5_ZwY.003.mp4
zH9pTx5_ZwY.004,train/zH9pTx5_ZwY.004.mp4
ZhPQrqxo2mw.000,train/ZhPQrqxo2mw.000.mp4
ZhPQrqxo2mw.004,train/ZhPQrqxo2mw.004.mp4
ZhPQrqxo2mw.005,train/ZhPQrqxo2mw.005.mp4
ZHya-p83XPQ.002,train/ZHya-p83XPQ.002.mp4
Zi7QHI_5ipU.000,train/Zi7QHI_5ipU.000.mp4
Zi7QHI_5ipU.004,train/Zi7QHI_5ipU.004.mp4
Zi7QHI_5ipU.005,train/Zi7QHI_5ipU.005.mp4
ZIk7N-xHvF4.000,train/ZIk7N-xHvF4.000.mp4
ZIk7N-xHvF4.002,train/ZIk7N-xHvF4.002.mp4
ZIk7N-xHvF4.003,train/ZIk7N-xHvF4.003.mp4
ZIk7N-xHvF4.004,train/ZIk7N-xHvF4.004.mp4
ZiKxJbVI5_g.000,train/ZiKxJbVI5_g.000.mp4
ZiKxJbVI5_g.001,train/ZiKxJbVI5_g.001.mp4
ZiKxJbVI5_g.002,train/ZiKxJbVI5_g.002.mp4
ZiKxJbVI5_g.004,train/ZiKxJbVI5_g.004.mp4
ZIyfXdCxN9E.000,train/ZIyfXdCxN9E.000.mp4
zJEnT19uoPY.000,train/zJEnT19uoPY.000.mp4
zJEnT19uoPY.001,train/zJEnT19uoPY.001.mp4
zJEnT19uoPY.004,train/zJEnT19uoPY.004.mp4
zJEnT19uoPY.005,train/zJEnT19uoPY.005.mp4
zJR7w4DABGU.002,train/zJR7w4DABGU.002.mp4
ZkypeQdzgvQ.000,train/ZkypeQdzgvQ.000.mp4
ZkypeQdzgvQ.002,train/ZkypeQdzgvQ.002.mp4
ZkypeQdzgvQ.003,train/ZkypeQdzgvQ.003.mp4
ZkypeQdzgvQ.004,train/ZkypeQdzgvQ.004.mp4
ZlcINjtdkQQ.000,train/ZlcINjtdkQQ.000.mp4
ZlcINjtdkQQ.001,train/ZlcINjtdkQQ.001.mp4
zMXfMcqpPwQ.001,train/zMXfMcqpPwQ.001.mp4
zMXfMcqpPwQ.002,train/zMXfMcqpPwQ.002.mp4
zMXfMcqpPwQ.005,train/zMXfMcqpPwQ.005.mp4
zMXIf66PPhU.001,train/zMXIf66PPhU.001.mp4
zMXIf66PPhU.002,train/zMXIf66PPhU.002.mp4
zMXIf66PPhU.004,train/zMXIf66PPhU.004.mp4
zNHM8iNyTO4.005,train/zNHM8iNyTO4.005.mp4
Znixev2a1AI.000,train/Znixev2a1AI.000.mp4
Znixev2a1AI.001,train/Znixev2a1AI.001.mp4
Znixev2a1AI.004,train/Znixev2a1AI.004.mp4
ZNJFmNiWC4I.000,train/ZNJFmNiWC4I.000.mp4
ZNJFmNiWC4I.001,train/ZNJFmNiWC4I.001.mp4
ZNJFmNiWC4I.003,train/ZNJFmNiWC4I.003.mp4
ZNJFmNiWC4I.005,train/ZNJFmNiWC4I.005.mp4
zNmuwZkaeVg.001,train/zNmuwZkaeVg.001.mp4
zNmuwZkaeVg.002,train/zNmuwZkaeVg.002.mp4
ZNRfeL8nPfw.000,train/ZNRfeL8nPfw.000.mp4
ZNRfeL8nPfw.001,train/ZNRfeL8nPfw.001.mp4
ZNRfeL8nPfw.003,train/ZNRfeL8nPfw.003.mp4
ZNRfeL8nPfw.004,train/ZNRfeL8nPfw.004.mp4
ZNRfeL8nPfw.005,train/ZNRfeL8nPfw.005.mp4
ZNymNgd5EuQ.000,train/ZNymNgd5EuQ.000.mp4
ZNymNgd5EuQ.004,train/ZNymNgd5EuQ.004.mp4
ZO5JoyVTat8.000,train/ZO5JoyVTat8.000.mp4
ZO5JoyVTat8.001,train/ZO5JoyVTat8.001.mp4
ZO5JoyVTat8.002,train/ZO5JoyVTat8.002.mp4
ZO5JoyVTat8.004,train/ZO5JoyVTat8.004.mp4
ZO5JoyVTat8.005,train/ZO5JoyVTat8.005.mp4
ZoHY-rWJsyw.000,train/ZoHY-rWJsyw.000.mp4
ZoHY-rWJsyw.001,train/ZoHY-rWJsyw.001.mp4
ZoHY-rWJsyw.004,train/ZoHY-rWJsyw.004.mp4
zpLiIVF0x7U.000,train/zpLiIVF0x7U.000.mp4
ZqbJIM7rmO8.001,train/ZqbJIM7rmO8.001.mp4
ZqbJIM7rmO8.003,train/ZqbJIM7rmO8.003.mp4
ZqbJIM7rmO8.005,train/ZqbJIM7rmO8.005.mp4
zqpXz9h41jg.000,train/zqpXz9h41jg.000.mp4
zqpXz9h41jg.002,train/zqpXz9h41jg.002.mp4
zqpXz9h41jg.005,train/zqpXz9h41jg.005.mp4
zrbcY4TMVyc.000,train/zrbcY4TMVyc.000.mp4
zrdxHERn628.003,train/zrdxHERn628.003.mp4
zRevZ94Rxjc.004,train/zRevZ94Rxjc.004.mp4
zRiS2gIUc9s.000,train/zRiS2gIUc9s.000.mp4
zRiS2gIUc9s.001,train/zRiS2gIUc9s.001.mp4
ZRl_k6DzTeI.000,train/ZRl_k6DzTeI.000.mp4
ZRl_k6DzTeI.001,train/ZRl_k6DzTeI.001.mp4
ZRl_k6DzTeI.004,train/ZRl_k6DzTeI.004.mp4
ZRrduU1CXqU.001,train/ZRrduU1CXqU.001.mp4
ZRrduU1CXqU.002,train/ZRrduU1CXqU.002.mp4
ZRrduU1CXqU.003,train/ZRrduU1CXqU.003.mp4
ZRrduU1CXqU.004,train/ZRrduU1CXqU.004.mp4
ZRrduU1CXqU.005,train/ZRrduU1CXqU.005.mp4
ZT7cEiaYGp8.000,train/ZT7cEiaYGp8.000.mp4
zT_s9X21gAE.001,train/zT_s9X21gAE.001.mp4
zT_s9X21gAE.003,train/zT_s9X21gAE.003.mp4
zT_s9X21gAE.004,train/zT_s9X21gAE.004.mp4
zT_s9X21gAE.005,train/zT_s9X21gAE.005.mp4
ztyBhnjtrz0.000,train/ztyBhnjtrz0.000.mp4
ztyBhnjtrz0.001,train/ztyBhnjtrz0.001.mp4
ztyBhnjtrz0.002,train/ztyBhnjtrz0.002.mp4
ztyBhnjtrz0.003,train/ztyBhnjtrz0.003.mp4
ztyBhnjtrz0.004,train/ztyBhnjtrz0.004.mp4
zupxsNi2er8.002,train/zupxsNi2er8.002.mp4
zupxsNi2er8.004,train/zupxsNi2er8.004.mp4
zupxsNi2er8.005,train/zupxsNi2er8.005.mp4
Zvdh8ym1Yrg.001,train/Zvdh8ym1Yrg.001.mp4
Zvdh8ym1Yrg.003,train/Zvdh8ym1Yrg.003.mp4
Zvdh8ym1Yrg.004,train/Zvdh8ym1Yrg.004.mp4
Zvdh8ym1Yrg.005,train/Zvdh8ym1Yrg.005.mp4
zvX4fNj0uxk.001,train/zvX4fNj0uxk.001.mp4
zvX4fNj0uxk.003,train/zvX4fNj0uxk.003.mp4
zvX4fNj0uxk.004,train/zvX4fNj0uxk.004.mp4
ZvxUUh2wN7s.002,train/ZvxUUh2wN7s.002.mp4
zwO2zBdbCb4.002,train/zwO2zBdbCb4.002.mp4
Zwu5Y5r3Lrs.001,train/Zwu5Y5r3Lrs.001.mp4
Zwu5Y5r3Lrs.003,train/Zwu5Y5r3Lrs.003.mp4
ZX3okNzASCs.000,train/ZX3okNzASCs.000.mp4
ZX3okNzASCs.002,train/ZX3okNzASCs.002.mp4
ZXeO5dRFrj0.001,train/ZXeO5dRFrj0.001.mp4
ZXeO5dRFrj0.005,train/ZXeO5dRFrj0.005.mp4
zxuPCshTSOs.002,train/zxuPCshTSOs.002.mp4
zxuPCshTSOs.005,train/zxuPCshTSOs.005.mp4
zY0J9qKEekE.004,train/zY0J9qKEekE.004.mp4
Zy9Xg3TdZJk.001,train/Zy9Xg3TdZJk.001.mp4
zyGz_H1UTnQ.003,train/zyGz_H1UTnQ.003.mp4
ZYrFfvp7_Mo.000,train/ZYrFfvp7_Mo.000.mp4
